[0m02:27:06.428339 [debug] [MainThread]: Sending event: {'category': 'dbt', 'action': 'invocation', 'label': 'start', 'context': [<snowplow_tracker.self_describing_json.SelfDescribingJson object at 0x7f12c88511c0>, <snowplow_tracker.self_describing_json.SelfDescribingJson object at 0x7f12c76fdac0>, <snowplow_tracker.self_describing_json.SelfDescribingJson object at 0x7f12c7460bc0>]}


============================== 02:27:06.441036 | 21611871-3e2c-43b6-98ed-77fec1a04202 ==============================
[0m02:27:06.441036 [info ] [MainThread]: Running with dbt=1.9.0
[0m02:27:06.442749 [debug] [MainThread]: running dbt with arguments {'printer_width': '80', 'indirect_selection': 'eager', 'write_json': 'True', 'log_cache_events': 'False', 'partial_parse': 'True', 'cache_selected_only': 'False', 'profiles_dir': '/root/.dbt', 'version_check': 'True', 'debug': 'False', 'log_path': '/usr/app/lab9/logs', 'fail_fast': 'False', 'warn_error': 'None', 'use_colors': 'True', 'use_experimental_parser': 'False', 'no_print': 'None', 'quiet': 'False', 'empty': 'None', 'log_format': 'default', 'invocation_command': 'dbt debug', 'warn_error_options': 'WarnErrorOptions(include=[], exclude=[])', 'introspect': 'True', 'target_path': 'None', 'static_parser': 'True', 'send_anonymous_usage_stats': 'True'}
[0m02:27:06.471989 [info ] [MainThread]: dbt version: 1.9.0
[0m02:27:06.473871 [info ] [MainThread]: python version: 3.12.4
[0m02:27:06.475149 [info ] [MainThread]: python path: /usr/local/bin/python
[0m02:27:06.476364 [info ] [MainThread]: os info: Linux-5.15.167.4-microsoft-standard-WSL2-x86_64-with-glibc2.31
[0m02:27:06.556241 [info ] [MainThread]: Using profiles dir at /root/.dbt
[0m02:27:06.557843 [info ] [MainThread]: Using profiles.yml file at /root/.dbt/profiles.yml
[0m02:27:06.559010 [info ] [MainThread]: Using dbt_project.yml file at /usr/app/lab9/dbt_project.yml
[0m02:27:06.560430 [info ] [MainThread]: adapter type: postgres
[0m02:27:06.561498 [info ] [MainThread]: adapter version: 1.9.0
[0m02:27:06.675925 [info ] [MainThread]: Configuration:
[0m02:27:06.677501 [info ] [MainThread]:   profiles.yml file [[32mOK found and valid[0m]
[0m02:27:06.679078 [info ] [MainThread]:   dbt_project.yml file [[32mOK found and valid[0m]
[0m02:27:06.680652 [info ] [MainThread]: Required dependencies:
[0m02:27:06.682380 [debug] [MainThread]: Executing "git --help"
[0m02:27:06.700089 [debug] [MainThread]: STDOUT: "b"usage: git [--version] [--help] [-C <path>] [-c <name>=<value>]\n           [--exec-path[=<path>]] [--html-path] [--man-path] [--info-path]\n           [-p | --paginate | -P | --no-pager] [--no-replace-objects] [--bare]\n           [--git-dir=<path>] [--work-tree=<path>] [--namespace=<name>]\n           <command> [<args>]\n\nThese are common Git commands used in various situations:\n\nstart a working area (see also: git help tutorial)\n   clone             Clone a repository into a new directory\n   init              Create an empty Git repository or reinitialize an existing one\n\nwork on the current change (see also: git help everyday)\n   add               Add file contents to the index\n   mv                Move or rename a file, a directory, or a symlink\n   restore           Restore working tree files\n   rm                Remove files from the working tree and from the index\n   sparse-checkout   Initialize and modify the sparse-checkout\n\nexamine the history and state (see also: git help revisions)\n   bisect            Use binary search to find the commit that introduced a bug\n   diff              Show changes between commits, commit and working tree, etc\n   grep              Print lines matching a pattern\n   log               Show commit logs\n   show              Show various types of objects\n   status            Show the working tree status\n\ngrow, mark and tweak your common history\n   branch            List, create, or delete branches\n   commit            Record changes to the repository\n   merge             Join two or more development histories together\n   rebase            Reapply commits on top of another base tip\n   reset             Reset current HEAD to the specified state\n   switch            Switch branches\n   tag               Create, list, delete or verify a tag object signed with GPG\n\ncollaborate (see also: git help workflows)\n   fetch             Download objects and refs from another repository\n   pull              Fetch from and integrate with another repository or a local branch\n   push              Update remote refs along with associated objects\n\n'git help -a' and 'git help -g' list available subcommands and some\nconcept guides. See 'git help <command>' or 'git help <concept>'\nto read about a specific subcommand or concept.\nSee 'git help git' for an overview of the system.\n""
[0m02:27:06.701562 [debug] [MainThread]: STDERR: "b''"
[0m02:27:06.702671 [info ] [MainThread]:  - git [[32mOK found[0m]

[0m02:27:06.704054 [info ] [MainThread]: Connection:
[0m02:27:06.705361 [info ] [MainThread]:   host: postgres
[0m02:27:06.706624 [info ] [MainThread]:   port: 5432
[0m02:27:06.707832 [info ] [MainThread]:   user: dw_user
[0m02:27:06.709493 [info ] [MainThread]:   database: lab9
[0m02:27:06.711224 [info ] [MainThread]:   schema: dbt
[0m02:27:06.712918 [info ] [MainThread]:   connect_timeout: 10
[0m02:27:06.714420 [info ] [MainThread]:   role: None
[0m02:27:06.716040 [info ] [MainThread]:   search_path: None
[0m02:27:06.717745 [info ] [MainThread]:   keepalives_idle: 0
[0m02:27:06.719328 [info ] [MainThread]:   sslmode: None
[0m02:27:06.720874 [info ] [MainThread]:   sslcert: None
[0m02:27:06.722669 [info ] [MainThread]:   sslkey: None
[0m02:27:06.724192 [info ] [MainThread]:   sslrootcert: None
[0m02:27:06.726260 [info ] [MainThread]:   application_name: dbt
[0m02:27:06.729063 [info ] [MainThread]:   retries: 1
[0m02:27:06.731970 [info ] [MainThread]: Registered adapter: postgres=1.9.0
[0m02:27:06.827592 [debug] [MainThread]: Acquiring new postgres connection 'debug'
[0m02:27:06.909003 [debug] [MainThread]: Using postgres connection "debug"
[0m02:27:06.910668 [debug] [MainThread]: On debug: select 1 as id
[0m02:27:06.912038 [debug] [MainThread]: Opening a new connection, currently in state init
[0m02:27:06.936638 [debug] [MainThread]: SQL status: SELECT 1 in 0.024 seconds
[0m02:27:06.938925 [debug] [MainThread]: On debug: Close
[0m02:27:06.940258 [info ] [MainThread]:   Connection test: [[32mOK connection ok[0m]

[0m02:27:06.941899 [info ] [MainThread]: [32mAll checks passed![0m
[0m02:27:06.950471 [debug] [MainThread]: Resource report: {"command_name": "debug", "command_success": true, "command_wall_clock_time": 0.66578114, "process_in_blocks": "7568", "process_kernel_time": 0.197515, "process_mem_max_rss": "101508", "process_out_blocks": "72", "process_user_time": 1.81714}
[0m02:27:06.952067 [debug] [MainThread]: Command `dbt debug` succeeded at 02:27:06.951912 after 0.67 seconds
[0m02:27:06.953343 [debug] [MainThread]: Connection 'debug' was properly closed.
[0m02:27:06.954648 [debug] [MainThread]: Sending event: {'category': 'dbt', 'action': 'invocation', 'label': 'end', 'context': [<snowplow_tracker.self_describing_json.SelfDescribingJson object at 0x7f12c758d2b0>, <snowplow_tracker.self_describing_json.SelfDescribingJson object at 0x7f12c77fa180>, <snowplow_tracker.self_describing_json.SelfDescribingJson object at 0x7f12c92a0bc0>]}
[0m02:27:06.955882 [debug] [MainThread]: Flushing usage events
[0m02:27:08.037776 [debug] [MainThread]: An error was encountered while trying to flush usage events
[0m02:27:17.413063 [debug] [MainThread]: Sending event: {'category': 'dbt', 'action': 'invocation', 'label': 'start', 'context': [<snowplow_tracker.self_describing_json.SelfDescribingJson object at 0x7f4abb8cd2e0>, <snowplow_tracker.self_describing_json.SelfDescribingJson object at 0x7f4abd3a88c0>, <snowplow_tracker.self_describing_json.SelfDescribingJson object at 0x7f4abb7ba840>]}


============================== 02:27:17.417698 | 45272fca-2d4f-4efa-a8c5-c635c90894c1 ==============================
[0m02:27:17.417698 [info ] [MainThread]: Running with dbt=1.9.0
[0m02:27:17.419299 [debug] [MainThread]: running dbt with arguments {'printer_width': '80', 'indirect_selection': 'eager', 'write_json': 'True', 'log_cache_events': 'False', 'partial_parse': 'True', 'cache_selected_only': 'False', 'profiles_dir': '/root/.dbt', 'version_check': 'True', 'debug': 'False', 'log_path': '/usr/app/lab9/logs', 'warn_error': 'None', 'fail_fast': 'False', 'use_colors': 'True', 'use_experimental_parser': 'False', 'empty': 'None', 'quiet': 'False', 'no_print': 'None', 'warn_error_options': 'WarnErrorOptions(include=[], exclude=[])', 'static_parser': 'True', 'introspect': 'True', 'invocation_command': 'dbt seed --full-refresh', 'target_path': 'None', 'log_format': 'default', 'send_anonymous_usage_stats': 'True'}
[0m02:27:17.664287 [debug] [MainThread]: Sending event: {'category': 'dbt', 'action': 'project_id', 'label': '45272fca-2d4f-4efa-a8c5-c635c90894c1', 'context': [<snowplow_tracker.self_describing_json.SelfDescribingJson object at 0x7f4abb2ee4e0>]}
[0m02:27:17.747666 [debug] [MainThread]: Sending event: {'category': 'dbt', 'action': 'adapter_info', 'label': '45272fca-2d4f-4efa-a8c5-c635c90894c1', 'context': [<snowplow_tracker.self_describing_json.SelfDescribingJson object at 0x7f4abc67ff50>]}
[0m02:27:17.749662 [info ] [MainThread]: Registered adapter: postgres=1.9.0
[0m02:27:17.857188 [debug] [MainThread]: checksum: c99e828bba267739642b5a3ce85f17518764ea526e0e6c4fdc649171c1a66bff, vars: {}, profile: , target: , version: 1.9.0
[0m02:27:17.861079 [info ] [MainThread]: Unable to do partial parsing because saved manifest not found. Starting full parse.
[0m02:27:17.862711 [debug] [MainThread]: Sending event: {'category': 'dbt', 'action': 'partial_parser', 'label': '45272fca-2d4f-4efa-a8c5-c635c90894c1', 'context': [<snowplow_tracker.self_describing_json.SelfDescribingJson object at 0x7f4ab9ae2030>]}
[0m02:27:19.707482 [warn ] [MainThread]: [[33mWARNING[0m]: Configuration paths exist in your dbt_project.yml file which do not apply to any resources.
There are 1 unused configuration paths:
- snapshots.lab9
[0m02:27:19.787885 [debug] [MainThread]: Sending event: {'category': 'dbt', 'action': 'load_project', 'label': '45272fca-2d4f-4efa-a8c5-c635c90894c1', 'context': [<snowplow_tracker.self_describing_json.SelfDescribingJson object at 0x7f4a9bcdd970>]}
[0m02:27:19.902630 [debug] [MainThread]: Wrote artifact WritableManifest to /usr/app/lab9/target/manifest.json
[0m02:27:19.911034 [debug] [MainThread]: Wrote artifact SemanticManifest to /usr/app/lab9/target/semantic_manifest.json
[0m02:27:19.953154 [debug] [MainThread]: Sending event: {'category': 'dbt', 'action': 'resource_counts', 'label': '45272fca-2d4f-4efa-a8c5-c635c90894c1', 'context': [<snowplow_tracker.self_describing_json.SelfDescribingJson object at 0x7f4a9bc423f0>]}
[0m02:27:19.954449 [info ] [MainThread]: Found 15 models, 3 data tests, 2 seeds, 429 macros
[0m02:27:19.955701 [debug] [MainThread]: Sending event: {'category': 'dbt', 'action': 'runnable_timing', 'label': '45272fca-2d4f-4efa-a8c5-c635c90894c1', 'context': [<snowplow_tracker.self_describing_json.SelfDescribingJson object at 0x7f4a9bd233e0>]}
[0m02:27:19.959387 [info ] [MainThread]: 
[0m02:27:19.960700 [info ] [MainThread]: Concurrency: 4 threads (target='dev')
[0m02:27:19.962153 [info ] [MainThread]: 
[0m02:27:19.963937 [debug] [MainThread]: Acquiring new postgres connection 'master'
[0m02:27:19.969935 [debug] [ThreadPool]: Acquiring new postgres connection 'list_lab9'
[0m02:27:20.010788 [debug] [ThreadPool]: Using postgres connection "list_lab9"
[0m02:27:20.012253 [debug] [ThreadPool]: On list_lab9: /* {"app": "dbt", "dbt_version": "1.9.0", "profile_name": "lab9", "target_name": "dev", "connection_name": "list_lab9"} */

    select distinct nspname from pg_namespace
  
[0m02:27:20.013324 [debug] [ThreadPool]: Opening a new connection, currently in state init
[0m02:27:20.021712 [debug] [ThreadPool]: SQL status: SELECT 4 in 0.008 seconds
[0m02:27:20.024152 [debug] [ThreadPool]: On list_lab9: Close
[0m02:27:20.025805 [debug] [ThreadPool]: Re-using an available connection from the pool (formerly list_lab9, now create_lab9_dbt)
[0m02:27:20.026891 [debug] [ThreadPool]: Creating schema "database: "lab9"
schema: "dbt"
"
[0m02:27:20.032891 [debug] [ThreadPool]: Using postgres connection "create_lab9_dbt"
[0m02:27:20.033968 [debug] [ThreadPool]: On create_lab9_dbt: BEGIN
[0m02:27:20.034987 [debug] [ThreadPool]: Opening a new connection, currently in state closed
[0m02:27:20.041553 [debug] [ThreadPool]: SQL status: BEGIN in 0.006 seconds
[0m02:27:20.042972 [debug] [ThreadPool]: Using postgres connection "create_lab9_dbt"
[0m02:27:20.044078 [debug] [ThreadPool]: On create_lab9_dbt: /* {"app": "dbt", "dbt_version": "1.9.0", "profile_name": "lab9", "target_name": "dev", "connection_name": "create_lab9_dbt"} */
create schema if not exists "dbt"
[0m02:27:20.047000 [debug] [ThreadPool]: SQL status: CREATE SCHEMA in 0.002 seconds
[0m02:27:20.048943 [debug] [ThreadPool]: On create_lab9_dbt: COMMIT
[0m02:27:20.049844 [debug] [ThreadPool]: Using postgres connection "create_lab9_dbt"
[0m02:27:20.050890 [debug] [ThreadPool]: On create_lab9_dbt: COMMIT
[0m02:27:20.053376 [debug] [ThreadPool]: SQL status: COMMIT in 0.001 seconds
[0m02:27:20.054538 [debug] [ThreadPool]: On create_lab9_dbt: Close
[0m02:27:20.058113 [debug] [ThreadPool]: Re-using an available connection from the pool (formerly create_lab9_dbt, now list_lab9_dbt_intermediate)
[0m02:27:20.058833 [debug] [ThreadPool]: Acquiring new postgres connection 'list_lab9_dbt_staging'
[0m02:27:20.059562 [debug] [ThreadPool]: Acquiring new postgres connection 'list_lab9_dbt_marts'
[0m02:27:20.060416 [debug] [ThreadPool]: Acquiring new postgres connection 'list_lab9_dbt'
[0m02:27:20.066477 [debug] [ThreadPool]: Using postgres connection "list_lab9_dbt_intermediate"
[0m02:27:20.070374 [debug] [ThreadPool]: Using postgres connection "list_lab9_dbt_staging"
[0m02:27:20.072951 [debug] [ThreadPool]: Using postgres connection "list_lab9_dbt_marts"
[0m02:27:20.075695 [debug] [ThreadPool]: Using postgres connection "list_lab9_dbt"
[0m02:27:20.076825 [debug] [ThreadPool]: On list_lab9_dbt_intermediate: BEGIN
[0m02:27:20.077925 [debug] [ThreadPool]: On list_lab9_dbt_staging: BEGIN
[0m02:27:20.078925 [debug] [ThreadPool]: On list_lab9_dbt_marts: BEGIN
[0m02:27:20.079979 [debug] [ThreadPool]: On list_lab9_dbt: BEGIN
[0m02:27:20.080953 [debug] [ThreadPool]: Opening a new connection, currently in state closed
[0m02:27:20.082003 [debug] [ThreadPool]: Opening a new connection, currently in state init
[0m02:27:20.083127 [debug] [ThreadPool]: Opening a new connection, currently in state init
[0m02:27:20.084154 [debug] [ThreadPool]: Opening a new connection, currently in state init
[0m02:27:20.091061 [debug] [ThreadPool]: SQL status: BEGIN in 0.010 seconds
[0m02:27:20.091618 [debug] [ThreadPool]: SQL status: BEGIN in 0.010 seconds
[0m02:27:20.092406 [debug] [ThreadPool]: SQL status: BEGIN in 0.009 seconds
[0m02:27:20.092828 [debug] [ThreadPool]: Using postgres connection "list_lab9_dbt_intermediate"
[0m02:27:20.093680 [debug] [ThreadPool]: SQL status: BEGIN in 0.009 seconds
[0m02:27:20.094294 [debug] [ThreadPool]: Using postgres connection "list_lab9_dbt_staging"
[0m02:27:20.095371 [debug] [ThreadPool]: Using postgres connection "list_lab9_dbt_marts"
[0m02:27:20.096415 [debug] [ThreadPool]: On list_lab9_dbt_intermediate: /* {"app": "dbt", "dbt_version": "1.9.0", "profile_name": "lab9", "target_name": "dev", "connection_name": "list_lab9_dbt_intermediate"} */
select
      'lab9' as database,
      tablename as name,
      schemaname as schema,
      'table' as type
    from pg_tables
    where schemaname ilike 'dbt_intermediate'
    union all
    select
      'lab9' as database,
      viewname as name,
      schemaname as schema,
      'view' as type
    from pg_views
    where schemaname ilike 'dbt_intermediate'
    union all
    select
      'lab9' as database,
      matviewname as name,
      schemaname as schema,
      'materialized_view' as type
    from pg_matviews
    where schemaname ilike 'dbt_intermediate'
  
[0m02:27:20.097420 [debug] [ThreadPool]: Using postgres connection "list_lab9_dbt"
[0m02:27:20.098424 [debug] [ThreadPool]: On list_lab9_dbt_staging: /* {"app": "dbt", "dbt_version": "1.9.0", "profile_name": "lab9", "target_name": "dev", "connection_name": "list_lab9_dbt_staging"} */
select
      'lab9' as database,
      tablename as name,
      schemaname as schema,
      'table' as type
    from pg_tables
    where schemaname ilike 'dbt_staging'
    union all
    select
      'lab9' as database,
      viewname as name,
      schemaname as schema,
      'view' as type
    from pg_views
    where schemaname ilike 'dbt_staging'
    union all
    select
      'lab9' as database,
      matviewname as name,
      schemaname as schema,
      'materialized_view' as type
    from pg_matviews
    where schemaname ilike 'dbt_staging'
  
[0m02:27:20.099777 [debug] [ThreadPool]: On list_lab9_dbt_marts: /* {"app": "dbt", "dbt_version": "1.9.0", "profile_name": "lab9", "target_name": "dev", "connection_name": "list_lab9_dbt_marts"} */
select
      'lab9' as database,
      tablename as name,
      schemaname as schema,
      'table' as type
    from pg_tables
    where schemaname ilike 'dbt_marts'
    union all
    select
      'lab9' as database,
      viewname as name,
      schemaname as schema,
      'view' as type
    from pg_views
    where schemaname ilike 'dbt_marts'
    union all
    select
      'lab9' as database,
      matviewname as name,
      schemaname as schema,
      'materialized_view' as type
    from pg_matviews
    where schemaname ilike 'dbt_marts'
  
[0m02:27:20.101753 [debug] [ThreadPool]: On list_lab9_dbt: /* {"app": "dbt", "dbt_version": "1.9.0", "profile_name": "lab9", "target_name": "dev", "connection_name": "list_lab9_dbt"} */
select
      'lab9' as database,
      tablename as name,
      schemaname as schema,
      'table' as type
    from pg_tables
    where schemaname ilike 'dbt'
    union all
    select
      'lab9' as database,
      viewname as name,
      schemaname as schema,
      'view' as type
    from pg_views
    where schemaname ilike 'dbt'
    union all
    select
      'lab9' as database,
      matviewname as name,
      schemaname as schema,
      'materialized_view' as type
    from pg_matviews
    where schemaname ilike 'dbt'
  
[0m02:27:20.104387 [debug] [ThreadPool]: SQL status: SELECT 0 in 0.003 seconds
[0m02:27:20.105427 [debug] [ThreadPool]: SQL status: SELECT 0 in 0.003 seconds
[0m02:27:20.105922 [debug] [ThreadPool]: SQL status: SELECT 0 in 0.003 seconds
[0m02:27:20.107563 [debug] [ThreadPool]: On list_lab9_dbt_intermediate: ROLLBACK
[0m02:27:20.107970 [debug] [ThreadPool]: SQL status: SELECT 0 in 0.003 seconds
[0m02:27:20.109717 [debug] [ThreadPool]: On list_lab9_dbt_staging: ROLLBACK
[0m02:27:20.111754 [debug] [ThreadPool]: On list_lab9_dbt_marts: ROLLBACK
[0m02:27:20.113289 [debug] [ThreadPool]: On list_lab9_dbt_intermediate: Close
[0m02:27:20.115119 [debug] [ThreadPool]: On list_lab9_dbt: ROLLBACK
[0m02:27:20.116377 [debug] [ThreadPool]: On list_lab9_dbt_staging: Close
[0m02:27:20.117601 [debug] [ThreadPool]: On list_lab9_dbt_marts: Close
[0m02:27:20.119702 [debug] [ThreadPool]: On list_lab9_dbt: Close
[0m02:27:20.128867 [debug] [MainThread]: Using postgres connection "master"
[0m02:27:20.130442 [debug] [MainThread]: On master: BEGIN
[0m02:27:20.131538 [debug] [MainThread]: Opening a new connection, currently in state init
[0m02:27:20.137749 [debug] [MainThread]: SQL status: BEGIN in 0.006 seconds
[0m02:27:20.139016 [debug] [MainThread]: Using postgres connection "master"
[0m02:27:20.140005 [debug] [MainThread]: On master: /* {"app": "dbt", "dbt_version": "1.9.0", "profile_name": "lab9", "target_name": "dev", "connection_name": "master"} */
with relation as (
        select
            pg_rewrite.ev_class as class,
            pg_rewrite.oid as id
        from pg_rewrite
    ),
    class as (
        select
            oid as id,
            relname as name,
            relnamespace as schema,
            relkind as kind
        from pg_class
    ),
    dependency as (
        select distinct
            pg_depend.objid as id,
            pg_depend.refobjid as ref
        from pg_depend
    ),
    schema as (
        select
            pg_namespace.oid as id,
            pg_namespace.nspname as name
        from pg_namespace
        where nspname != 'information_schema' and nspname not like 'pg\_%'
    ),
    referenced as (
        select
            relation.id AS id,
            referenced_class.name ,
            referenced_class.schema ,
            referenced_class.kind
        from relation
        join class as referenced_class on relation.class=referenced_class.id
        where referenced_class.kind in ('r', 'v', 'm')
    ),
    relationships as (
        select
            referenced.name as referenced_name,
            referenced.schema as referenced_schema_id,
            dependent_class.name as dependent_name,
            dependent_class.schema as dependent_schema_id,
            referenced.kind as kind
        from referenced
        join dependency on referenced.id=dependency.id
        join class as dependent_class on dependency.ref=dependent_class.id
        where
            (referenced.name != dependent_class.name or
             referenced.schema != dependent_class.schema)
    )

    select
        referenced_schema.name as referenced_schema,
        relationships.referenced_name as referenced_name,
        dependent_schema.name as dependent_schema,
        relationships.dependent_name as dependent_name
    from relationships
    join schema as dependent_schema on relationships.dependent_schema_id=dependent_schema.id
    join schema as referenced_schema on relationships.referenced_schema_id=referenced_schema.id
    group by referenced_schema, referenced_name, dependent_schema, dependent_name
    order by referenced_schema, referenced_name, dependent_schema, dependent_name;
[0m02:27:20.143751 [debug] [MainThread]: SQL status: SELECT 0 in 0.003 seconds
[0m02:27:20.146660 [debug] [MainThread]: Sending event: {'category': 'dbt', 'action': 'runnable_timing', 'label': '45272fca-2d4f-4efa-a8c5-c635c90894c1', 'context': [<snowplow_tracker.self_describing_json.SelfDescribingJson object at 0x7f4a9bcdeed0>]}
[0m02:27:20.148245 [debug] [MainThread]: On master: ROLLBACK
[0m02:27:20.149634 [debug] [MainThread]: Using postgres connection "master"
[0m02:27:20.150735 [debug] [MainThread]: On master: BEGIN
[0m02:27:20.152284 [debug] [MainThread]: SQL status: BEGIN in 0.000 seconds
[0m02:27:20.153448 [debug] [MainThread]: On master: COMMIT
[0m02:27:20.154545 [debug] [MainThread]: Using postgres connection "master"
[0m02:27:20.155622 [debug] [MainThread]: On master: COMMIT
[0m02:27:20.156654 [debug] [MainThread]: SQL status: COMMIT in 0.000 seconds
[0m02:27:20.157760 [debug] [MainThread]: On master: Close
[0m02:27:20.162567 [debug] [Thread-1 (]: Began running node seed.lab9.coffee_sales_scd_new
[0m02:27:20.163062 [debug] [Thread-2 (]: Began running node seed.lab9.province_region_mapping_v2
[0m02:27:20.164104 [info ] [Thread-1 (]: 1 of 2 START seed file dbt.coffee_sales_scd_new ................................ [RUN]
[0m02:27:20.165525 [info ] [Thread-2 (]: 2 of 2 START seed file dbt.province_region_mapping_v2 .......................... [RUN]
[0m02:27:20.167689 [debug] [Thread-1 (]: Re-using an available connection from the pool (formerly list_lab9_dbt, now seed.lab9.coffee_sales_scd_new)
[0m02:27:20.169370 [debug] [Thread-2 (]: Re-using an available connection from the pool (formerly list_lab9_dbt_marts, now seed.lab9.province_region_mapping_v2)
[0m02:27:20.170653 [debug] [Thread-1 (]: Began compiling node seed.lab9.coffee_sales_scd_new
[0m02:27:20.171985 [debug] [Thread-2 (]: Began compiling node seed.lab9.province_region_mapping_v2
[0m02:27:20.173155 [debug] [Thread-1 (]: Began executing node seed.lab9.coffee_sales_scd_new
[0m02:27:20.174170 [debug] [Thread-2 (]: Began executing node seed.lab9.province_region_mapping_v2
[0m02:27:20.223877 [debug] [Thread-1 (]: Using postgres connection "seed.lab9.coffee_sales_scd_new"
[0m02:27:20.224971 [debug] [Thread-2 (]: Using postgres connection "seed.lab9.province_region_mapping_v2"
[0m02:27:20.225910 [debug] [Thread-1 (]: On seed.lab9.coffee_sales_scd_new: BEGIN
[0m02:27:20.227089 [debug] [Thread-2 (]: On seed.lab9.province_region_mapping_v2: BEGIN
[0m02:27:20.228449 [debug] [Thread-1 (]: Opening a new connection, currently in state closed
[0m02:27:20.229573 [debug] [Thread-2 (]: Opening a new connection, currently in state closed
[0m02:27:20.236913 [debug] [Thread-1 (]: SQL status: BEGIN in 0.008 seconds
[0m02:27:20.237332 [debug] [Thread-2 (]: SQL status: BEGIN in 0.008 seconds
[0m02:27:20.238227 [debug] [Thread-1 (]: Using postgres connection "seed.lab9.coffee_sales_scd_new"
[0m02:27:20.239365 [debug] [Thread-2 (]: Using postgres connection "seed.lab9.province_region_mapping_v2"
[0m02:27:20.240330 [debug] [Thread-1 (]: On seed.lab9.coffee_sales_scd_new: /* {"app": "dbt", "dbt_version": "1.9.0", "profile_name": "lab9", "target_name": "dev", "node_id": "seed.lab9.coffee_sales_scd_new"} */

    create table "lab9"."dbt"."coffee_sales_scd_new" ("sale_id" integer,"invoice_number" text,"sale_date" date,"customer_code" text,"customer_name" text,"gender" text,"birth_year" integer,"province" text,"product_code" text,"product_name" text,"category" text,"size" text,"unit_price" integer,"quantity" integer,"revenue" float8,"store_code" text,"store_name" text,"staff_code" text,"staff_name" text,"position" text,"promo_code" text,"promo_desc" text,"points_redeemed" integer)
  
[0m02:27:20.241430 [debug] [Thread-2 (]: On seed.lab9.province_region_mapping_v2: /* {"app": "dbt", "dbt_version": "1.9.0", "profile_name": "lab9", "target_name": "dev", "node_id": "seed.lab9.province_region_mapping_v2"} */

    create table "lab9"."dbt"."province_region_mapping_v2" ("province_name" text,"region_name" text)
  
[0m02:27:20.252668 [debug] [Thread-1 (]: SQL status: CREATE TABLE in 0.010 seconds
[0m02:27:20.265308 [debug] [Thread-2 (]: SQL status: CREATE TABLE in 0.022 seconds
[0m02:27:20.316319 [debug] [Thread-2 (]: Using postgres connection "seed.lab9.province_region_mapping_v2"
[0m02:27:20.333808 [debug] [Thread-2 (]: On seed.lab9.province_region_mapping_v2: 
          insert into "lab9"."dbt"."province_region_mapping_v2" ("province_name", "region_name") values
          (%s,%s),(%s,%s),(%s,%s),(%s,%s),(%s,%s),(%s,%s),(%s,%s),(%s,%s),(%s,%s),(%s,%s),(%s,%s),(%s,%s),(%s,%s),(%s,%s),(%s,%s),(%s,%s),(%s,%s),(%s,%s),(%s,%s),(%s,%s),(%s,%s),(%s,%s),(%s,%s),(%s,%s),(%s,%s),(%s,%s),(%s,%s),(%s,%s),(%s,%s),(%s,%s),(%s,%s),(%s,%s),(%s,%s),(%s,%s),(%s,%s),(%s,%s),(%s,%s),(%s,%s),(%s,%s),(%s,%s),(%s,%s),(%s,%s),(%s,%s),(%s,%s),(%s,%s),(%s,%s),(%s,%s),(%s,%s),(%s,%s),(%s,%...
[0m02:27:20.358022 [debug] [Thread-2 (]: SQL status: INSERT 0 77 in 0.006 seconds
[0m02:27:20.387990 [debug] [Thread-2 (]: Writing runtime SQL for node "seed.lab9.province_region_mapping_v2"
[0m02:27:20.536061 [debug] [Thread-2 (]: On seed.lab9.province_region_mapping_v2: COMMIT
[0m02:27:20.549713 [debug] [Thread-1 (]: Using postgres connection "seed.lab9.coffee_sales_scd_new"
[0m02:27:20.550277 [debug] [Thread-2 (]: Using postgres connection "seed.lab9.province_region_mapping_v2"
[0m02:27:20.551709 [debug] [Thread-1 (]: On seed.lab9.coffee_sales_scd_new: 
          insert into "lab9"."dbt"."coffee_sales_scd_new" ("sale_id", "invoice_number", "sale_date", "customer_code", "customer_name", "gender", "birth_year", "province", "product_code", "product_name", "category", "size", "unit_price", "quantity", "revenue", "store_code", "store_name", "staff_code", "staff_name", "position", "promo_code", "promo_desc", "points_redeemed") values
          (%s,%s,%s,%s,%s,%s,%s,%s,%s,%s,%s,%s,%s,%s,%s,%s,%s,%s,%s,%s,%s,%s,%s),(%s,%s,%s,%s,%s,%s,%s,%s,%s,%s,%s,%s,%s,%s,%s,%s...
[0m02:27:20.552933 [debug] [Thread-2 (]: On seed.lab9.province_region_mapping_v2: COMMIT
[0m02:27:20.559625 [debug] [Thread-2 (]: SQL status: COMMIT in 0.002 seconds
[0m02:27:20.560486 [debug] [Thread-1 (]: SQL status: INSERT 0 80 in 0.006 seconds
[0m02:27:20.563373 [debug] [Thread-2 (]: On seed.lab9.province_region_mapping_v2: Close
[0m02:27:20.565048 [debug] [Thread-1 (]: Writing runtime SQL for node "seed.lab9.coffee_sales_scd_new"
[0m02:27:20.569425 [debug] [Thread-2 (]: Sending event: {'category': 'dbt', 'action': 'run_model', 'label': '45272fca-2d4f-4efa-a8c5-c635c90894c1', 'context': [<snowplow_tracker.self_describing_json.SelfDescribingJson object at 0x7f4abc028800>]}
[0m02:27:20.570994 [info ] [Thread-2 (]: 2 of 2 OK loaded seed file dbt.province_region_mapping_v2 ...................... [[32mCREATE 77[0m in 0.40s]
[0m02:27:20.573300 [debug] [Thread-2 (]: Finished running node seed.lab9.province_region_mapping_v2
[0m02:27:20.579501 [debug] [Thread-1 (]: On seed.lab9.coffee_sales_scd_new: COMMIT
[0m02:27:20.580887 [debug] [Thread-1 (]: Using postgres connection "seed.lab9.coffee_sales_scd_new"
[0m02:27:20.582330 [debug] [Thread-1 (]: On seed.lab9.coffee_sales_scd_new: COMMIT
[0m02:27:20.585253 [debug] [Thread-1 (]: SQL status: COMMIT in 0.002 seconds
[0m02:27:20.587671 [debug] [Thread-1 (]: On seed.lab9.coffee_sales_scd_new: Close
[0m02:27:20.589455 [debug] [Thread-1 (]: Sending event: {'category': 'dbt', 'action': 'run_model', 'label': '45272fca-2d4f-4efa-a8c5-c635c90894c1', 'context': [<snowplow_tracker.self_describing_json.SelfDescribingJson object at 0x7f4a9af52240>]}
[0m02:27:20.592116 [info ] [Thread-1 (]: 1 of 2 OK loaded seed file dbt.coffee_sales_scd_new ............................ [[32mCREATE 80[0m in 0.42s]
[0m02:27:20.593804 [debug] [Thread-1 (]: Finished running node seed.lab9.coffee_sales_scd_new
[0m02:27:20.597395 [debug] [MainThread]: Using postgres connection "master"
[0m02:27:20.598977 [debug] [MainThread]: On master: BEGIN
[0m02:27:20.599869 [debug] [MainThread]: Opening a new connection, currently in state closed
[0m02:27:20.607218 [debug] [MainThread]: SQL status: BEGIN in 0.007 seconds
[0m02:27:20.608761 [debug] [MainThread]: On master: COMMIT
[0m02:27:20.610010 [debug] [MainThread]: Using postgres connection "master"
[0m02:27:20.611330 [debug] [MainThread]: On master: COMMIT
[0m02:27:20.613119 [debug] [MainThread]: SQL status: COMMIT in 0.000 seconds
[0m02:27:20.614280 [debug] [MainThread]: On master: Close
[0m02:27:20.615826 [debug] [MainThread]: Connection 'master' was properly closed.
[0m02:27:20.617104 [debug] [MainThread]: Connection 'list_lab9_dbt_intermediate' was properly closed.
[0m02:27:20.618071 [debug] [MainThread]: Connection 'list_lab9_dbt_staging' was properly closed.
[0m02:27:20.618974 [debug] [MainThread]: Connection 'seed.lab9.province_region_mapping_v2' was properly closed.
[0m02:27:20.619898 [debug] [MainThread]: Connection 'seed.lab9.coffee_sales_scd_new' was properly closed.
[0m02:27:20.621059 [info ] [MainThread]: 
[0m02:27:20.622047 [info ] [MainThread]: Finished running 2 seeds in 0 hours 0 minutes and 0.66 seconds (0.66s).
[0m02:27:20.624050 [debug] [MainThread]: Command end result
[0m02:27:20.664397 [debug] [MainThread]: Wrote artifact WritableManifest to /usr/app/lab9/target/manifest.json
[0m02:27:20.670018 [debug] [MainThread]: Wrote artifact SemanticManifest to /usr/app/lab9/target/semantic_manifest.json
[0m02:27:20.680085 [debug] [MainThread]: Wrote artifact RunExecutionResult to /usr/app/lab9/target/run_results.json
[0m02:27:20.681128 [info ] [MainThread]: 
[0m02:27:20.682559 [info ] [MainThread]: [32mCompleted successfully[0m
[0m02:27:20.683683 [info ] [MainThread]: 
[0m02:27:20.684858 [info ] [MainThread]: Done. PASS=2 WARN=0 ERROR=0 SKIP=0 TOTAL=2
[0m02:27:20.686840 [debug] [MainThread]: Resource report: {"command_name": "seed", "command_success": true, "command_wall_clock_time": 3.413135, "process_in_blocks": "2872", "process_kernel_time": 0.340776, "process_mem_max_rss": "116680", "process_out_blocks": "112", "process_user_time": 4.089317}
[0m02:27:20.688107 [debug] [MainThread]: Command `dbt seed` succeeded at 02:27:20.687958 after 3.41 seconds
[0m02:27:20.689208 [debug] [MainThread]: Sending event: {'category': 'dbt', 'action': 'invocation', 'label': 'end', 'context': [<snowplow_tracker.self_describing_json.SelfDescribingJson object at 0x7f4abb4c4d70>, <snowplow_tracker.self_describing_json.SelfDescribingJson object at 0x7f4abb9a7da0>, <snowplow_tracker.self_describing_json.SelfDescribingJson object at 0x7f4a9b086330>]}
[0m02:27:20.690357 [debug] [MainThread]: Flushing usage events
[0m02:27:21.896761 [debug] [MainThread]: An error was encountered while trying to flush usage events
[0m02:27:50.327212 [debug] [MainThread]: Sending event: {'category': 'dbt', 'action': 'invocation', 'label': 'start', 'context': [<snowplow_tracker.self_describing_json.SelfDescribingJson object at 0x7fca1eb03170>, <snowplow_tracker.self_describing_json.SelfDescribingJson object at 0x7fca1e7223c0>, <snowplow_tracker.self_describing_json.SelfDescribingJson object at 0x7fca1eb006b0>]}


============================== 02:27:50.331443 | e1387dfb-e115-4c1c-9315-ac1570be0ddd ==============================
[0m02:27:50.331443 [info ] [MainThread]: Running with dbt=1.9.0
[0m02:27:50.333080 [debug] [MainThread]: running dbt with arguments {'printer_width': '80', 'indirect_selection': 'eager', 'log_cache_events': 'False', 'write_json': 'True', 'partial_parse': 'True', 'cache_selected_only': 'False', 'profiles_dir': '/root/.dbt', 'version_check': 'True', 'debug': 'False', 'log_path': '/usr/app/lab9/logs', 'fail_fast': 'False', 'warn_error': 'None', 'use_colors': 'True', 'use_experimental_parser': 'False', 'empty': 'False', 'quiet': 'False', 'no_print': 'None', 'warn_error_options': 'WarnErrorOptions(include=[], exclude=[])', 'introspect': 'True', 'static_parser': 'True', 'invocation_command': 'dbt run --select staging', 'target_path': 'None', 'log_format': 'default', 'send_anonymous_usage_stats': 'True'}
[0m02:27:50.531403 [debug] [MainThread]: Sending event: {'category': 'dbt', 'action': 'project_id', 'label': 'e1387dfb-e115-4c1c-9315-ac1570be0ddd', 'context': [<snowplow_tracker.self_describing_json.SelfDescribingJson object at 0x7fca1c64f230>]}
[0m02:27:50.596635 [debug] [MainThread]: Sending event: {'category': 'dbt', 'action': 'adapter_info', 'label': 'e1387dfb-e115-4c1c-9315-ac1570be0ddd', 'context': [<snowplow_tracker.self_describing_json.SelfDescribingJson object at 0x7fca1c6ca510>]}
[0m02:27:50.598582 [info ] [MainThread]: Registered adapter: postgres=1.9.0
[0m02:27:50.711179 [debug] [MainThread]: checksum: c99e828bba267739642b5a3ce85f17518764ea526e0e6c4fdc649171c1a66bff, vars: {}, profile: , target: , version: 1.9.0
[0m02:27:51.113819 [debug] [MainThread]: Partial parsing enabled: 0 files deleted, 0 files added, 2 files changed.
[0m02:27:51.115407 [debug] [MainThread]: Partial parsing: updated file: lab9://models/staging/stg_province_region.sql
[0m02:27:51.116651 [debug] [MainThread]: Partial parsing: updated file: lab9://models/staging/stg_coffee_sales.sql
[0m02:27:51.395919 [warn ] [MainThread]: [[33mWARNING[0m]: Configuration paths exist in your dbt_project.yml file which do not apply to any resources.
There are 1 unused configuration paths:
- snapshots.lab9
[0m02:27:51.404091 [debug] [MainThread]: Sending event: {'category': 'dbt', 'action': 'load_project', 'label': 'e1387dfb-e115-4c1c-9315-ac1570be0ddd', 'context': [<snowplow_tracker.self_describing_json.SelfDescribingJson object at 0x7fca1c21a870>]}
[0m02:27:51.509474 [debug] [MainThread]: Wrote artifact WritableManifest to /usr/app/lab9/target/manifest.json
[0m02:27:51.516002 [debug] [MainThread]: Wrote artifact SemanticManifest to /usr/app/lab9/target/semantic_manifest.json
[0m02:27:51.540296 [debug] [MainThread]: Sending event: {'category': 'dbt', 'action': 'resource_counts', 'label': 'e1387dfb-e115-4c1c-9315-ac1570be0ddd', 'context': [<snowplow_tracker.self_describing_json.SelfDescribingJson object at 0x7fca1c339e50>]}
[0m02:27:51.541531 [info ] [MainThread]: Found 15 models, 3 data tests, 2 seeds, 429 macros
[0m02:27:51.542684 [debug] [MainThread]: Sending event: {'category': 'dbt', 'action': 'runnable_timing', 'label': 'e1387dfb-e115-4c1c-9315-ac1570be0ddd', 'context': [<snowplow_tracker.self_describing_json.SelfDescribingJson object at 0x7fca1c2fccb0>]}
[0m02:27:51.545626 [info ] [MainThread]: 
[0m02:27:51.546967 [info ] [MainThread]: Concurrency: 4 threads (target='dev')
[0m02:27:51.548287 [info ] [MainThread]: 
[0m02:27:51.550096 [debug] [MainThread]: Acquiring new postgres connection 'master'
[0m02:27:51.556752 [debug] [ThreadPool]: Acquiring new postgres connection 'list_lab9'
[0m02:27:51.597243 [debug] [ThreadPool]: Using postgres connection "list_lab9"
[0m02:27:51.598554 [debug] [ThreadPool]: On list_lab9: /* {"app": "dbt", "dbt_version": "1.9.0", "profile_name": "lab9", "target_name": "dev", "connection_name": "list_lab9"} */

    select distinct nspname from pg_namespace
  
[0m02:27:51.599562 [debug] [ThreadPool]: Opening a new connection, currently in state init
[0m02:27:51.606995 [debug] [ThreadPool]: SQL status: SELECT 5 in 0.007 seconds
[0m02:27:51.609392 [debug] [ThreadPool]: On list_lab9: Close
[0m02:27:51.610972 [debug] [ThreadPool]: Re-using an available connection from the pool (formerly list_lab9, now create_lab9_dbt_staging)
[0m02:27:51.612181 [debug] [ThreadPool]: Creating schema "database: "lab9"
schema: "dbt_staging"
"
[0m02:27:51.617815 [debug] [ThreadPool]: Using postgres connection "create_lab9_dbt_staging"
[0m02:27:51.618760 [debug] [ThreadPool]: On create_lab9_dbt_staging: BEGIN
[0m02:27:51.619914 [debug] [ThreadPool]: Opening a new connection, currently in state closed
[0m02:27:51.626592 [debug] [ThreadPool]: SQL status: BEGIN in 0.007 seconds
[0m02:27:51.627966 [debug] [ThreadPool]: Using postgres connection "create_lab9_dbt_staging"
[0m02:27:51.629029 [debug] [ThreadPool]: On create_lab9_dbt_staging: /* {"app": "dbt", "dbt_version": "1.9.0", "profile_name": "lab9", "target_name": "dev", "connection_name": "create_lab9_dbt_staging"} */
create schema if not exists "dbt_staging"
[0m02:27:51.630609 [debug] [ThreadPool]: SQL status: CREATE SCHEMA in 0.000 seconds
[0m02:27:51.632300 [debug] [ThreadPool]: On create_lab9_dbt_staging: COMMIT
[0m02:27:51.633159 [debug] [ThreadPool]: Using postgres connection "create_lab9_dbt_staging"
[0m02:27:51.634151 [debug] [ThreadPool]: On create_lab9_dbt_staging: COMMIT
[0m02:27:51.636900 [debug] [ThreadPool]: SQL status: COMMIT in 0.002 seconds
[0m02:27:51.638036 [debug] [ThreadPool]: On create_lab9_dbt_staging: Close
[0m02:27:51.641652 [debug] [ThreadPool]: Re-using an available connection from the pool (formerly create_lab9_dbt_staging, now list_lab9_dbt)
[0m02:27:51.642473 [debug] [ThreadPool]: Acquiring new postgres connection 'list_lab9_dbt_staging'
[0m02:27:51.643166 [debug] [ThreadPool]: Acquiring new postgres connection 'list_lab9_dbt_intermediate'
[0m02:27:51.643854 [debug] [ThreadPool]: Acquiring new postgres connection 'list_lab9_dbt_marts'
[0m02:27:51.649868 [debug] [ThreadPool]: Using postgres connection "list_lab9_dbt"
[0m02:27:51.652119 [debug] [ThreadPool]: Using postgres connection "list_lab9_dbt_staging"
[0m02:27:51.654670 [debug] [ThreadPool]: Using postgres connection "list_lab9_dbt_intermediate"
[0m02:27:51.657096 [debug] [ThreadPool]: Using postgres connection "list_lab9_dbt_marts"
[0m02:27:51.658309 [debug] [ThreadPool]: On list_lab9_dbt: BEGIN
[0m02:27:51.659211 [debug] [ThreadPool]: On list_lab9_dbt_staging: BEGIN
[0m02:27:51.660252 [debug] [ThreadPool]: On list_lab9_dbt_intermediate: BEGIN
[0m02:27:51.661333 [debug] [ThreadPool]: On list_lab9_dbt_marts: BEGIN
[0m02:27:51.662346 [debug] [ThreadPool]: Opening a new connection, currently in state closed
[0m02:27:51.663155 [debug] [ThreadPool]: Opening a new connection, currently in state init
[0m02:27:51.664209 [debug] [ThreadPool]: Opening a new connection, currently in state init
[0m02:27:51.665142 [debug] [ThreadPool]: Opening a new connection, currently in state init
[0m02:27:51.671908 [debug] [ThreadPool]: SQL status: BEGIN in 0.009 seconds
[0m02:27:51.672808 [debug] [ThreadPool]: SQL status: BEGIN in 0.010 seconds
[0m02:27:51.673629 [debug] [ThreadPool]: SQL status: BEGIN in 0.009 seconds
[0m02:27:51.674127 [debug] [ThreadPool]: Using postgres connection "list_lab9_dbt"
[0m02:27:51.674588 [debug] [ThreadPool]: SQL status: BEGIN in 0.009 seconds
[0m02:27:51.675481 [debug] [ThreadPool]: Using postgres connection "list_lab9_dbt_staging"
[0m02:27:51.676504 [debug] [ThreadPool]: Using postgres connection "list_lab9_dbt_intermediate"
[0m02:27:51.677896 [debug] [ThreadPool]: On list_lab9_dbt: /* {"app": "dbt", "dbt_version": "1.9.0", "profile_name": "lab9", "target_name": "dev", "connection_name": "list_lab9_dbt"} */
select
      'lab9' as database,
      tablename as name,
      schemaname as schema,
      'table' as type
    from pg_tables
    where schemaname ilike 'dbt'
    union all
    select
      'lab9' as database,
      viewname as name,
      schemaname as schema,
      'view' as type
    from pg_views
    where schemaname ilike 'dbt'
    union all
    select
      'lab9' as database,
      matviewname as name,
      schemaname as schema,
      'materialized_view' as type
    from pg_matviews
    where schemaname ilike 'dbt'
  
[0m02:27:51.679038 [debug] [ThreadPool]: Using postgres connection "list_lab9_dbt_marts"
[0m02:27:51.680105 [debug] [ThreadPool]: On list_lab9_dbt_staging: /* {"app": "dbt", "dbt_version": "1.9.0", "profile_name": "lab9", "target_name": "dev", "connection_name": "list_lab9_dbt_staging"} */
select
      'lab9' as database,
      tablename as name,
      schemaname as schema,
      'table' as type
    from pg_tables
    where schemaname ilike 'dbt_staging'
    union all
    select
      'lab9' as database,
      viewname as name,
      schemaname as schema,
      'view' as type
    from pg_views
    where schemaname ilike 'dbt_staging'
    union all
    select
      'lab9' as database,
      matviewname as name,
      schemaname as schema,
      'materialized_view' as type
    from pg_matviews
    where schemaname ilike 'dbt_staging'
  
[0m02:27:51.681146 [debug] [ThreadPool]: On list_lab9_dbt_intermediate: /* {"app": "dbt", "dbt_version": "1.9.0", "profile_name": "lab9", "target_name": "dev", "connection_name": "list_lab9_dbt_intermediate"} */
select
      'lab9' as database,
      tablename as name,
      schemaname as schema,
      'table' as type
    from pg_tables
    where schemaname ilike 'dbt_intermediate'
    union all
    select
      'lab9' as database,
      viewname as name,
      schemaname as schema,
      'view' as type
    from pg_views
    where schemaname ilike 'dbt_intermediate'
    union all
    select
      'lab9' as database,
      matviewname as name,
      schemaname as schema,
      'materialized_view' as type
    from pg_matviews
    where schemaname ilike 'dbt_intermediate'
  
[0m02:27:51.682997 [debug] [ThreadPool]: On list_lab9_dbt_marts: /* {"app": "dbt", "dbt_version": "1.9.0", "profile_name": "lab9", "target_name": "dev", "connection_name": "list_lab9_dbt_marts"} */
select
      'lab9' as database,
      tablename as name,
      schemaname as schema,
      'table' as type
    from pg_tables
    where schemaname ilike 'dbt_marts'
    union all
    select
      'lab9' as database,
      viewname as name,
      schemaname as schema,
      'view' as type
    from pg_views
    where schemaname ilike 'dbt_marts'
    union all
    select
      'lab9' as database,
      matviewname as name,
      schemaname as schema,
      'materialized_view' as type
    from pg_matviews
    where schemaname ilike 'dbt_marts'
  
[0m02:27:51.685043 [debug] [ThreadPool]: SQL status: SELECT 2 in 0.003 seconds
[0m02:27:51.688357 [debug] [ThreadPool]: On list_lab9_dbt: ROLLBACK
[0m02:27:51.688846 [debug] [ThreadPool]: SQL status: SELECT 0 in 0.005 seconds
[0m02:27:51.689247 [debug] [ThreadPool]: SQL status: SELECT 0 in 0.003 seconds
[0m02:27:51.689661 [debug] [ThreadPool]: SQL status: SELECT 0 in 0.005 seconds
[0m02:27:51.690459 [debug] [ThreadPool]: On list_lab9_dbt: Close
[0m02:27:51.692346 [debug] [ThreadPool]: On list_lab9_dbt_staging: ROLLBACK
[0m02:27:51.694695 [debug] [ThreadPool]: On list_lab9_dbt_marts: ROLLBACK
[0m02:27:51.696725 [debug] [ThreadPool]: On list_lab9_dbt_intermediate: ROLLBACK
[0m02:27:51.699518 [debug] [ThreadPool]: On list_lab9_dbt_staging: Close
[0m02:27:51.700556 [debug] [ThreadPool]: On list_lab9_dbt_marts: Close
[0m02:27:51.701548 [debug] [ThreadPool]: On list_lab9_dbt_intermediate: Close
[0m02:27:51.710097 [debug] [MainThread]: Using postgres connection "master"
[0m02:27:51.711310 [debug] [MainThread]: On master: BEGIN
[0m02:27:51.712460 [debug] [MainThread]: Opening a new connection, currently in state init
[0m02:27:51.718330 [debug] [MainThread]: SQL status: BEGIN in 0.006 seconds
[0m02:27:51.719635 [debug] [MainThread]: Using postgres connection "master"
[0m02:27:51.720896 [debug] [MainThread]: On master: /* {"app": "dbt", "dbt_version": "1.9.0", "profile_name": "lab9", "target_name": "dev", "connection_name": "master"} */
with relation as (
        select
            pg_rewrite.ev_class as class,
            pg_rewrite.oid as id
        from pg_rewrite
    ),
    class as (
        select
            oid as id,
            relname as name,
            relnamespace as schema,
            relkind as kind
        from pg_class
    ),
    dependency as (
        select distinct
            pg_depend.objid as id,
            pg_depend.refobjid as ref
        from pg_depend
    ),
    schema as (
        select
            pg_namespace.oid as id,
            pg_namespace.nspname as name
        from pg_namespace
        where nspname != 'information_schema' and nspname not like 'pg\_%'
    ),
    referenced as (
        select
            relation.id AS id,
            referenced_class.name ,
            referenced_class.schema ,
            referenced_class.kind
        from relation
        join class as referenced_class on relation.class=referenced_class.id
        where referenced_class.kind in ('r', 'v', 'm')
    ),
    relationships as (
        select
            referenced.name as referenced_name,
            referenced.schema as referenced_schema_id,
            dependent_class.name as dependent_name,
            dependent_class.schema as dependent_schema_id,
            referenced.kind as kind
        from referenced
        join dependency on referenced.id=dependency.id
        join class as dependent_class on dependency.ref=dependent_class.id
        where
            (referenced.name != dependent_class.name or
             referenced.schema != dependent_class.schema)
    )

    select
        referenced_schema.name as referenced_schema,
        relationships.referenced_name as referenced_name,
        dependent_schema.name as dependent_schema,
        relationships.dependent_name as dependent_name
    from relationships
    join schema as dependent_schema on relationships.dependent_schema_id=dependent_schema.id
    join schema as referenced_schema on relationships.referenced_schema_id=referenced_schema.id
    group by referenced_schema, referenced_name, dependent_schema, dependent_name
    order by referenced_schema, referenced_name, dependent_schema, dependent_name;
[0m02:27:51.725119 [debug] [MainThread]: SQL status: SELECT 0 in 0.003 seconds
[0m02:27:51.727431 [debug] [MainThread]: Sending event: {'category': 'dbt', 'action': 'runnable_timing', 'label': 'e1387dfb-e115-4c1c-9315-ac1570be0ddd', 'context': [<snowplow_tracker.self_describing_json.SelfDescribingJson object at 0x7fca1c67fd70>]}
[0m02:27:51.728620 [debug] [MainThread]: On master: ROLLBACK
[0m02:27:51.729881 [debug] [MainThread]: Using postgres connection "master"
[0m02:27:51.730972 [debug] [MainThread]: On master: BEGIN
[0m02:27:51.732450 [debug] [MainThread]: SQL status: BEGIN in 0.000 seconds
[0m02:27:51.733558 [debug] [MainThread]: On master: COMMIT
[0m02:27:51.734693 [debug] [MainThread]: Using postgres connection "master"
[0m02:27:51.735713 [debug] [MainThread]: On master: COMMIT
[0m02:27:51.736848 [debug] [MainThread]: SQL status: COMMIT in 0.000 seconds
[0m02:27:51.737992 [debug] [MainThread]: On master: Close
[0m02:27:51.742562 [debug] [Thread-1 (]: Began running node model.lab9.stg_coffee_sales
[0m02:27:51.743070 [debug] [Thread-2 (]: Began running node model.lab9.stg_province_region
[0m02:27:51.744190 [info ] [Thread-1 (]: 1 of 2 START sql view model dbt_staging.stg_coffee_sales ....................... [RUN]
[0m02:27:51.745438 [info ] [Thread-2 (]: 2 of 2 START sql view model dbt_staging.stg_province_region .................... [RUN]
[0m02:27:51.746824 [debug] [Thread-1 (]: Re-using an available connection from the pool (formerly list_lab9_dbt_intermediate, now model.lab9.stg_coffee_sales)
[0m02:27:51.748061 [debug] [Thread-2 (]: Re-using an available connection from the pool (formerly list_lab9_dbt_marts, now model.lab9.stg_province_region)
[0m02:27:51.749109 [debug] [Thread-1 (]: Began compiling node model.lab9.stg_coffee_sales
[0m02:27:51.750126 [debug] [Thread-2 (]: Began compiling node model.lab9.stg_province_region
[0m02:27:51.760525 [debug] [Thread-1 (]: Writing injected SQL for node "model.lab9.stg_coffee_sales"
[0m02:27:51.763665 [debug] [Thread-2 (]: Writing injected SQL for node "model.lab9.stg_province_region"
[0m02:27:51.779015 [debug] [Thread-2 (]: Began executing node model.lab9.stg_province_region
[0m02:27:51.786344 [debug] [Thread-1 (]: Began executing node model.lab9.stg_coffee_sales
[0m02:27:51.833448 [debug] [Thread-1 (]: Writing runtime sql for node "model.lab9.stg_coffee_sales"
[0m02:27:51.836335 [debug] [Thread-2 (]: Writing runtime sql for node "model.lab9.stg_province_region"
[0m02:27:51.848198 [debug] [Thread-1 (]: Using postgres connection "model.lab9.stg_coffee_sales"
[0m02:27:51.849627 [debug] [Thread-1 (]: On model.lab9.stg_coffee_sales: BEGIN
[0m02:27:51.850665 [debug] [Thread-2 (]: Using postgres connection "model.lab9.stg_province_region"
[0m02:27:51.851380 [debug] [Thread-1 (]: Opening a new connection, currently in state closed
[0m02:27:51.852692 [debug] [Thread-2 (]: On model.lab9.stg_province_region: BEGIN
[0m02:27:51.854972 [debug] [Thread-2 (]: Opening a new connection, currently in state closed
[0m02:27:51.859673 [debug] [Thread-1 (]: SQL status: BEGIN in 0.008 seconds
[0m02:27:51.861060 [debug] [Thread-1 (]: Using postgres connection "model.lab9.stg_coffee_sales"
[0m02:27:51.861996 [debug] [Thread-2 (]: SQL status: BEGIN in 0.007 seconds
[0m02:27:51.862761 [debug] [Thread-1 (]: On model.lab9.stg_coffee_sales: /* {"app": "dbt", "dbt_version": "1.9.0", "profile_name": "lab9", "target_name": "dev", "node_id": "model.lab9.stg_coffee_sales"} */

  create view "lab9"."dbt_staging"."stg_coffee_sales__dbt_tmp"
    
    
  as (
    with source as (select * from "lab9"."dbt"."coffee_sales_scd_new")
select
  sale_id::bigint as sale_id, invoice_number, sale_date::date as sale_date,
  customer_code, customer_name, gender, birth_year::int as birth_year,
  province, product_code, product_name, category, size,
  unit_price::numeric(12,2) as unit_price, quantity::int as quantity,
  revenue::numeric(18,2) as revenue,
  store_code, store_name, staff_code, staff_name, position,
  nullif(promo_code,'') as promo_code,
  nullif(promo_desc,'') as promo_desc,
  coalesce(points_redeemed,0)::int as points_redeemed
from source
  );
[0m02:27:51.863941 [debug] [Thread-2 (]: Using postgres connection "model.lab9.stg_province_region"
[0m02:27:51.865986 [debug] [Thread-2 (]: On model.lab9.stg_province_region: /* {"app": "dbt", "dbt_version": "1.9.0", "profile_name": "lab9", "target_name": "dev", "node_id": "model.lab9.stg_province_region"} */

  create view "lab9"."dbt_staging"."stg_province_region__dbt_tmp"
    
    
  as (
    select province_name, region_name
from "lab9"."dbt"."province_region_mapping_v2"
  );
[0m02:27:51.868666 [debug] [Thread-2 (]: SQL status: CREATE VIEW in 0.001 seconds
[0m02:27:51.869195 [debug] [Thread-1 (]: SQL status: CREATE VIEW in 0.004 seconds
[0m02:27:51.877098 [debug] [Thread-2 (]: Using postgres connection "model.lab9.stg_province_region"
[0m02:27:51.881429 [debug] [Thread-1 (]: Using postgres connection "model.lab9.stg_coffee_sales"
[0m02:27:51.882784 [debug] [Thread-2 (]: On model.lab9.stg_province_region: /* {"app": "dbt", "dbt_version": "1.9.0", "profile_name": "lab9", "target_name": "dev", "node_id": "model.lab9.stg_province_region"} */
alter table "lab9"."dbt_staging"."stg_province_region__dbt_tmp" rename to "stg_province_region"
[0m02:27:51.884075 [debug] [Thread-1 (]: On model.lab9.stg_coffee_sales: /* {"app": "dbt", "dbt_version": "1.9.0", "profile_name": "lab9", "target_name": "dev", "node_id": "model.lab9.stg_coffee_sales"} */
alter table "lab9"."dbt_staging"."stg_coffee_sales__dbt_tmp" rename to "stg_coffee_sales"
[0m02:27:51.886367 [debug] [Thread-2 (]: SQL status: ALTER TABLE in 0.001 seconds
[0m02:27:51.886839 [debug] [Thread-1 (]: SQL status: ALTER TABLE in 0.001 seconds
[0m02:27:51.903800 [debug] [Thread-2 (]: On model.lab9.stg_province_region: COMMIT
[0m02:27:51.905784 [debug] [Thread-1 (]: On model.lab9.stg_coffee_sales: COMMIT
[0m02:27:51.906988 [debug] [Thread-2 (]: Using postgres connection "model.lab9.stg_province_region"
[0m02:27:51.908066 [debug] [Thread-1 (]: Using postgres connection "model.lab9.stg_coffee_sales"
[0m02:27:51.909162 [debug] [Thread-2 (]: On model.lab9.stg_province_region: COMMIT
[0m02:27:51.910208 [debug] [Thread-1 (]: On model.lab9.stg_coffee_sales: COMMIT
[0m02:27:51.913449 [debug] [Thread-2 (]: SQL status: COMMIT in 0.002 seconds
[0m02:27:51.914399 [debug] [Thread-1 (]: SQL status: COMMIT in 0.002 seconds
[0m02:27:51.920843 [debug] [Thread-2 (]: Applying DROP to: "lab9"."dbt_staging"."stg_province_region__dbt_backup"
[0m02:27:51.923741 [debug] [Thread-1 (]: Applying DROP to: "lab9"."dbt_staging"."stg_coffee_sales__dbt_backup"
[0m02:27:51.929978 [debug] [Thread-2 (]: Using postgres connection "model.lab9.stg_province_region"
[0m02:27:51.931136 [debug] [Thread-1 (]: Using postgres connection "model.lab9.stg_coffee_sales"
[0m02:27:51.932307 [debug] [Thread-2 (]: On model.lab9.stg_province_region: /* {"app": "dbt", "dbt_version": "1.9.0", "profile_name": "lab9", "target_name": "dev", "node_id": "model.lab9.stg_province_region"} */
drop view if exists "lab9"."dbt_staging"."stg_province_region__dbt_backup" cascade
[0m02:27:51.933356 [debug] [Thread-1 (]: On model.lab9.stg_coffee_sales: /* {"app": "dbt", "dbt_version": "1.9.0", "profile_name": "lab9", "target_name": "dev", "node_id": "model.lab9.stg_coffee_sales"} */
drop view if exists "lab9"."dbt_staging"."stg_coffee_sales__dbt_backup" cascade
[0m02:27:51.935581 [debug] [Thread-2 (]: SQL status: DROP VIEW in 0.001 seconds
[0m02:27:51.935954 [debug] [Thread-1 (]: SQL status: DROP VIEW in 0.001 seconds
[0m02:27:51.938888 [debug] [Thread-2 (]: On model.lab9.stg_province_region: Close
[0m02:27:51.941066 [debug] [Thread-1 (]: On model.lab9.stg_coffee_sales: Close
[0m02:27:51.943872 [debug] [Thread-2 (]: Sending event: {'category': 'dbt', 'action': 'run_model', 'label': 'e1387dfb-e115-4c1c-9315-ac1570be0ddd', 'context': [<snowplow_tracker.self_describing_json.SelfDescribingJson object at 0x7fca1e92e210>]}
[0m02:27:51.944836 [debug] [Thread-1 (]: Sending event: {'category': 'dbt', 'action': 'run_model', 'label': 'e1387dfb-e115-4c1c-9315-ac1570be0ddd', 'context': [<snowplow_tracker.self_describing_json.SelfDescribingJson object at 0x7fca19a92f00>]}
[0m02:27:51.945964 [info ] [Thread-2 (]: 2 of 2 OK created sql view model dbt_staging.stg_province_region ............... [[32mCREATE VIEW[0m in 0.19s]
[0m02:27:51.947354 [info ] [Thread-1 (]: 1 of 2 OK created sql view model dbt_staging.stg_coffee_sales .................. [[32mCREATE VIEW[0m in 0.20s]
[0m02:27:51.948791 [debug] [Thread-2 (]: Finished running node model.lab9.stg_province_region
[0m02:27:51.950232 [debug] [Thread-1 (]: Finished running node model.lab9.stg_coffee_sales
[0m02:27:51.953977 [debug] [MainThread]: Using postgres connection "master"
[0m02:27:51.954948 [debug] [MainThread]: On master: BEGIN
[0m02:27:51.955917 [debug] [MainThread]: Opening a new connection, currently in state closed
[0m02:27:51.963239 [debug] [MainThread]: SQL status: BEGIN in 0.007 seconds
[0m02:27:51.964540 [debug] [MainThread]: On master: COMMIT
[0m02:27:51.965680 [debug] [MainThread]: Using postgres connection "master"
[0m02:27:51.966951 [debug] [MainThread]: On master: COMMIT
[0m02:27:51.968631 [debug] [MainThread]: SQL status: COMMIT in 0.000 seconds
[0m02:27:51.970102 [debug] [MainThread]: On master: Close
[0m02:27:51.971822 [debug] [MainThread]: Connection 'master' was properly closed.
[0m02:27:51.973160 [debug] [MainThread]: Connection 'list_lab9_dbt' was properly closed.
[0m02:27:51.974326 [debug] [MainThread]: Connection 'list_lab9_dbt_staging' was properly closed.
[0m02:27:51.975441 [debug] [MainThread]: Connection 'model.lab9.stg_coffee_sales' was properly closed.
[0m02:27:51.976445 [debug] [MainThread]: Connection 'model.lab9.stg_province_region' was properly closed.
[0m02:27:51.977924 [info ] [MainThread]: 
[0m02:27:51.979153 [info ] [MainThread]: Finished running 2 view models in 0 hours 0 minutes and 0.43 seconds (0.43s).
[0m02:27:51.981097 [debug] [MainThread]: Command end result
[0m02:27:52.024683 [debug] [MainThread]: Wrote artifact WritableManifest to /usr/app/lab9/target/manifest.json
[0m02:27:52.031144 [debug] [MainThread]: Wrote artifact SemanticManifest to /usr/app/lab9/target/semantic_manifest.json
[0m02:27:52.041971 [debug] [MainThread]: Wrote artifact RunExecutionResult to /usr/app/lab9/target/run_results.json
[0m02:27:52.043178 [info ] [MainThread]: 
[0m02:27:52.044309 [info ] [MainThread]: [32mCompleted successfully[0m
[0m02:27:52.045533 [info ] [MainThread]: 
[0m02:27:52.046957 [info ] [MainThread]: Done. PASS=2 WARN=0 ERROR=0 SKIP=0 TOTAL=2
[0m02:27:52.049393 [debug] [MainThread]: Resource report: {"command_name": "run", "command_success": true, "command_wall_clock_time": 1.8432845, "process_in_blocks": "0", "process_kernel_time": 0.292762, "process_mem_max_rss": "112724", "process_out_blocks": "0", "process_user_time": 2.42286}
[0m02:27:52.050868 [debug] [MainThread]: Command `dbt run` succeeded at 02:27:52.050722 after 1.84 seconds
[0m02:27:52.051843 [debug] [MainThread]: Sending event: {'category': 'dbt', 'action': 'invocation', 'label': 'end', 'context': [<snowplow_tracker.self_describing_json.SelfDescribingJson object at 0x7fca1e1434a0>, <snowplow_tracker.self_describing_json.SelfDescribingJson object at 0x7fca1e7d7ec0>, <snowplow_tracker.self_describing_json.SelfDescribingJson object at 0x7fca1e7b1370>]}
[0m02:27:52.052862 [debug] [MainThread]: Flushing usage events
[0m02:27:53.043954 [debug] [MainThread]: An error was encountered while trying to flush usage events
[0m02:29:32.565689 [debug] [MainThread]: Sending event: {'category': 'dbt', 'action': 'invocation', 'label': 'start', 'context': [<snowplow_tracker.self_describing_json.SelfDescribingJson object at 0x7fe5751ad0a0>, <snowplow_tracker.self_describing_json.SelfDescribingJson object at 0x7fe575d71280>, <snowplow_tracker.self_describing_json.SelfDescribingJson object at 0x7fe575563f80>]}


============================== 02:29:32.569646 | ef7039a4-f4ab-4262-ba0d-af5b9872351c ==============================
[0m02:29:32.569646 [info ] [MainThread]: Running with dbt=1.9.0
[0m02:29:32.571154 [debug] [MainThread]: running dbt with arguments {'printer_width': '80', 'indirect_selection': 'eager', 'log_cache_events': 'False', 'write_json': 'True', 'partial_parse': 'True', 'cache_selected_only': 'False', 'warn_error': 'None', 'version_check': 'True', 'fail_fast': 'False', 'log_path': '/usr/app/lab9/logs', 'debug': 'False', 'profiles_dir': '/root/.dbt', 'use_colors': 'True', 'use_experimental_parser': 'False', 'empty': 'False', 'quiet': 'False', 'no_print': 'None', 'log_format': 'default', 'invocation_command': 'dbt run --select dim_region dim_province dim_store dim_category dim_product dim_position dim_staff dim_promotion dim_date', 'static_parser': 'True', 'introspect': 'True', 'target_path': 'None', 'warn_error_options': 'WarnErrorOptions(include=[], exclude=[])', 'send_anonymous_usage_stats': 'True'}
[0m02:29:32.749044 [debug] [MainThread]: Sending event: {'category': 'dbt', 'action': 'project_id', 'label': 'ef7039a4-f4ab-4262-ba0d-af5b9872351c', 'context': [<snowplow_tracker.self_describing_json.SelfDescribingJson object at 0x7fe5738b7fb0>]}
[0m02:29:32.812127 [debug] [MainThread]: Sending event: {'category': 'dbt', 'action': 'adapter_info', 'label': 'ef7039a4-f4ab-4262-ba0d-af5b9872351c', 'context': [<snowplow_tracker.self_describing_json.SelfDescribingJson object at 0x7fe576089f40>]}
[0m02:29:32.814247 [info ] [MainThread]: Registered adapter: postgres=1.9.0
[0m02:29:32.893115 [debug] [MainThread]: checksum: c99e828bba267739642b5a3ce85f17518764ea526e0e6c4fdc649171c1a66bff, vars: {}, profile: , target: , version: 1.9.0
[0m02:29:33.297001 [debug] [MainThread]: Partial parsing enabled: 0 files deleted, 0 files added, 9 files changed.
[0m02:29:33.298553 [debug] [MainThread]: Partial parsing: updated file: lab9://models/marts/dim_staff.sql
[0m02:29:33.299685 [debug] [MainThread]: Partial parsing: updated file: lab9://models/marts/dim_store.sql
[0m02:29:33.300654 [debug] [MainThread]: Partial parsing: updated file: lab9://models/marts/dim_product.sql
[0m02:29:33.301664 [debug] [MainThread]: Partial parsing: updated file: lab9://models/marts/dim_category.sql
[0m02:29:33.302578 [debug] [MainThread]: Partial parsing: updated file: lab9://models/marts/dim_date.sql
[0m02:29:33.303605 [debug] [MainThread]: Partial parsing: updated file: lab9://models/marts/dim_province.sql
[0m02:29:33.304560 [debug] [MainThread]: Partial parsing: updated file: lab9://models/marts/dim_position.sql
[0m02:29:33.305439 [debug] [MainThread]: Partial parsing: updated file: lab9://models/marts/dim_region.sql
[0m02:29:33.306369 [debug] [MainThread]: Partial parsing: updated file: lab9://models/marts/dim_promotion.sql
[0m02:29:33.611252 [warn ] [MainThread]: [[33mWARNING[0m]: Configuration paths exist in your dbt_project.yml file which do not apply to any resources.
There are 1 unused configuration paths:
- snapshots.lab9
[0m02:29:33.618182 [debug] [MainThread]: Sending event: {'category': 'dbt', 'action': 'load_project', 'label': 'ef7039a4-f4ab-4262-ba0d-af5b9872351c', 'context': [<snowplow_tracker.self_describing_json.SelfDescribingJson object at 0x7fe5734e6a50>]}
[0m02:29:33.732907 [debug] [MainThread]: Wrote artifact WritableManifest to /usr/app/lab9/target/manifest.json
[0m02:29:33.740344 [debug] [MainThread]: Wrote artifact SemanticManifest to /usr/app/lab9/target/semantic_manifest.json
[0m02:29:33.764589 [debug] [MainThread]: Sending event: {'category': 'dbt', 'action': 'resource_counts', 'label': 'ef7039a4-f4ab-4262-ba0d-af5b9872351c', 'context': [<snowplow_tracker.self_describing_json.SelfDescribingJson object at 0x7fe573418a40>]}
[0m02:29:33.765887 [info ] [MainThread]: Found 15 models, 3 data tests, 2 seeds, 429 macros
[0m02:29:33.767249 [debug] [MainThread]: Sending event: {'category': 'dbt', 'action': 'runnable_timing', 'label': 'ef7039a4-f4ab-4262-ba0d-af5b9872351c', 'context': [<snowplow_tracker.self_describing_json.SelfDescribingJson object at 0x7fe5737e7710>]}
[0m02:29:33.772074 [info ] [MainThread]: 
[0m02:29:33.773515 [info ] [MainThread]: Concurrency: 4 threads (target='dev')
[0m02:29:33.774962 [info ] [MainThread]: 
[0m02:29:33.776892 [debug] [MainThread]: Acquiring new postgres connection 'master'
[0m02:29:33.783887 [debug] [ThreadPool]: Acquiring new postgres connection 'list_lab9'
[0m02:29:33.826852 [debug] [ThreadPool]: Using postgres connection "list_lab9"
[0m02:29:33.828200 [debug] [ThreadPool]: On list_lab9: /* {"app": "dbt", "dbt_version": "1.9.0", "profile_name": "lab9", "target_name": "dev", "connection_name": "list_lab9"} */

    select distinct nspname from pg_namespace
  
[0m02:29:33.829223 [debug] [ThreadPool]: Opening a new connection, currently in state init
[0m02:29:33.837399 [debug] [ThreadPool]: SQL status: SELECT 6 in 0.008 seconds
[0m02:29:33.839943 [debug] [ThreadPool]: On list_lab9: Close
[0m02:29:33.841675 [debug] [ThreadPool]: Re-using an available connection from the pool (formerly list_lab9, now create_lab9_dbt_marts)
[0m02:29:33.842919 [debug] [ThreadPool]: Creating schema "database: "lab9"
schema: "dbt_marts"
"
[0m02:29:33.849228 [debug] [ThreadPool]: Using postgres connection "create_lab9_dbt_marts"
[0m02:29:33.850598 [debug] [ThreadPool]: On create_lab9_dbt_marts: BEGIN
[0m02:29:33.851862 [debug] [ThreadPool]: Opening a new connection, currently in state closed
[0m02:29:33.858146 [debug] [ThreadPool]: SQL status: BEGIN in 0.006 seconds
[0m02:29:33.859518 [debug] [ThreadPool]: Using postgres connection "create_lab9_dbt_marts"
[0m02:29:33.860545 [debug] [ThreadPool]: On create_lab9_dbt_marts: /* {"app": "dbt", "dbt_version": "1.9.0", "profile_name": "lab9", "target_name": "dev", "connection_name": "create_lab9_dbt_marts"} */
create schema if not exists "dbt_marts"
[0m02:29:33.862021 [debug] [ThreadPool]: SQL status: CREATE SCHEMA in 0.001 seconds
[0m02:29:33.864221 [debug] [ThreadPool]: On create_lab9_dbt_marts: COMMIT
[0m02:29:33.865464 [debug] [ThreadPool]: Using postgres connection "create_lab9_dbt_marts"
[0m02:29:33.866550 [debug] [ThreadPool]: On create_lab9_dbt_marts: COMMIT
[0m02:29:33.869132 [debug] [ThreadPool]: SQL status: COMMIT in 0.001 seconds
[0m02:29:33.870222 [debug] [ThreadPool]: On create_lab9_dbt_marts: Close
[0m02:29:33.873944 [debug] [ThreadPool]: Re-using an available connection from the pool (formerly create_lab9_dbt_marts, now list_lab9_dbt)
[0m02:29:33.874706 [debug] [ThreadPool]: Acquiring new postgres connection 'list_lab9_dbt_intermediate'
[0m02:29:33.875403 [debug] [ThreadPool]: Acquiring new postgres connection 'list_lab9_dbt_marts'
[0m02:29:33.875944 [debug] [ThreadPool]: Acquiring new postgres connection 'list_lab9_dbt_staging'
[0m02:29:33.881649 [debug] [ThreadPool]: Using postgres connection "list_lab9_dbt"
[0m02:29:33.883950 [debug] [ThreadPool]: Using postgres connection "list_lab9_dbt_intermediate"
[0m02:29:33.886417 [debug] [ThreadPool]: Using postgres connection "list_lab9_dbt_marts"
[0m02:29:33.889019 [debug] [ThreadPool]: Using postgres connection "list_lab9_dbt_staging"
[0m02:29:33.889976 [debug] [ThreadPool]: On list_lab9_dbt: BEGIN
[0m02:29:33.891147 [debug] [ThreadPool]: On list_lab9_dbt_intermediate: BEGIN
[0m02:29:33.892220 [debug] [ThreadPool]: On list_lab9_dbt_marts: BEGIN
[0m02:29:33.893219 [debug] [ThreadPool]: On list_lab9_dbt_staging: BEGIN
[0m02:29:33.894221 [debug] [ThreadPool]: Opening a new connection, currently in state closed
[0m02:29:33.895200 [debug] [ThreadPool]: Opening a new connection, currently in state init
[0m02:29:33.896264 [debug] [ThreadPool]: Opening a new connection, currently in state init
[0m02:29:33.897398 [debug] [ThreadPool]: Opening a new connection, currently in state init
[0m02:29:33.904953 [debug] [ThreadPool]: SQL status: BEGIN in 0.011 seconds
[0m02:29:33.905485 [debug] [ThreadPool]: SQL status: BEGIN in 0.010 seconds
[0m02:29:33.905852 [debug] [ThreadPool]: SQL status: BEGIN in 0.010 seconds
[0m02:29:33.906571 [debug] [ThreadPool]: SQL status: BEGIN in 0.009 seconds
[0m02:29:33.906889 [debug] [ThreadPool]: Using postgres connection "list_lab9_dbt"
[0m02:29:33.907914 [debug] [ThreadPool]: Using postgres connection "list_lab9_dbt_intermediate"
[0m02:29:33.908957 [debug] [ThreadPool]: Using postgres connection "list_lab9_dbt_marts"
[0m02:29:33.910008 [debug] [ThreadPool]: Using postgres connection "list_lab9_dbt_staging"
[0m02:29:33.910982 [debug] [ThreadPool]: On list_lab9_dbt: /* {"app": "dbt", "dbt_version": "1.9.0", "profile_name": "lab9", "target_name": "dev", "connection_name": "list_lab9_dbt"} */
select
      'lab9' as database,
      tablename as name,
      schemaname as schema,
      'table' as type
    from pg_tables
    where schemaname ilike 'dbt'
    union all
    select
      'lab9' as database,
      viewname as name,
      schemaname as schema,
      'view' as type
    from pg_views
    where schemaname ilike 'dbt'
    union all
    select
      'lab9' as database,
      matviewname as name,
      schemaname as schema,
      'materialized_view' as type
    from pg_matviews
    where schemaname ilike 'dbt'
  
[0m02:29:33.912125 [debug] [ThreadPool]: On list_lab9_dbt_intermediate: /* {"app": "dbt", "dbt_version": "1.9.0", "profile_name": "lab9", "target_name": "dev", "connection_name": "list_lab9_dbt_intermediate"} */
select
      'lab9' as database,
      tablename as name,
      schemaname as schema,
      'table' as type
    from pg_tables
    where schemaname ilike 'dbt_intermediate'
    union all
    select
      'lab9' as database,
      viewname as name,
      schemaname as schema,
      'view' as type
    from pg_views
    where schemaname ilike 'dbt_intermediate'
    union all
    select
      'lab9' as database,
      matviewname as name,
      schemaname as schema,
      'materialized_view' as type
    from pg_matviews
    where schemaname ilike 'dbt_intermediate'
  
[0m02:29:33.913338 [debug] [ThreadPool]: On list_lab9_dbt_marts: /* {"app": "dbt", "dbt_version": "1.9.0", "profile_name": "lab9", "target_name": "dev", "connection_name": "list_lab9_dbt_marts"} */
select
      'lab9' as database,
      tablename as name,
      schemaname as schema,
      'table' as type
    from pg_tables
    where schemaname ilike 'dbt_marts'
    union all
    select
      'lab9' as database,
      viewname as name,
      schemaname as schema,
      'view' as type
    from pg_views
    where schemaname ilike 'dbt_marts'
    union all
    select
      'lab9' as database,
      matviewname as name,
      schemaname as schema,
      'materialized_view' as type
    from pg_matviews
    where schemaname ilike 'dbt_marts'
  
[0m02:29:33.914416 [debug] [ThreadPool]: On list_lab9_dbt_staging: /* {"app": "dbt", "dbt_version": "1.9.0", "profile_name": "lab9", "target_name": "dev", "connection_name": "list_lab9_dbt_staging"} */
select
      'lab9' as database,
      tablename as name,
      schemaname as schema,
      'table' as type
    from pg_tables
    where schemaname ilike 'dbt_staging'
    union all
    select
      'lab9' as database,
      viewname as name,
      schemaname as schema,
      'view' as type
    from pg_views
    where schemaname ilike 'dbt_staging'
    union all
    select
      'lab9' as database,
      matviewname as name,
      schemaname as schema,
      'materialized_view' as type
    from pg_matviews
    where schemaname ilike 'dbt_staging'
  
[0m02:29:33.918033 [debug] [ThreadPool]: SQL status: SELECT 2 in 0.003 seconds
[0m02:29:33.918393 [debug] [ThreadPool]: SQL status: SELECT 0 in 0.002 seconds
[0m02:29:33.920472 [debug] [ThreadPool]: On list_lab9_dbt: ROLLBACK
[0m02:29:33.920901 [debug] [ThreadPool]: SQL status: SELECT 0 in 0.004 seconds
[0m02:29:33.921334 [debug] [ThreadPool]: SQL status: SELECT 2 in 0.004 seconds
[0m02:29:33.923318 [debug] [ThreadPool]: On list_lab9_dbt_intermediate: ROLLBACK
[0m02:29:33.924646 [debug] [ThreadPool]: On list_lab9_dbt: Close
[0m02:29:33.926307 [debug] [ThreadPool]: On list_lab9_dbt_marts: ROLLBACK
[0m02:29:33.928479 [debug] [ThreadPool]: On list_lab9_dbt_staging: ROLLBACK
[0m02:29:33.929764 [debug] [ThreadPool]: On list_lab9_dbt_intermediate: Close
[0m02:29:33.932284 [debug] [ThreadPool]: On list_lab9_dbt_marts: Close
[0m02:29:33.933191 [debug] [ThreadPool]: On list_lab9_dbt_staging: Close
[0m02:29:33.942229 [debug] [MainThread]: Using postgres connection "master"
[0m02:29:33.943362 [debug] [MainThread]: On master: BEGIN
[0m02:29:33.944282 [debug] [MainThread]: Opening a new connection, currently in state init
[0m02:29:33.950364 [debug] [MainThread]: SQL status: BEGIN in 0.006 seconds
[0m02:29:33.951596 [debug] [MainThread]: Using postgres connection "master"
[0m02:29:33.952820 [debug] [MainThread]: On master: /* {"app": "dbt", "dbt_version": "1.9.0", "profile_name": "lab9", "target_name": "dev", "connection_name": "master"} */
with relation as (
        select
            pg_rewrite.ev_class as class,
            pg_rewrite.oid as id
        from pg_rewrite
    ),
    class as (
        select
            oid as id,
            relname as name,
            relnamespace as schema,
            relkind as kind
        from pg_class
    ),
    dependency as (
        select distinct
            pg_depend.objid as id,
            pg_depend.refobjid as ref
        from pg_depend
    ),
    schema as (
        select
            pg_namespace.oid as id,
            pg_namespace.nspname as name
        from pg_namespace
        where nspname != 'information_schema' and nspname not like 'pg\_%'
    ),
    referenced as (
        select
            relation.id AS id,
            referenced_class.name ,
            referenced_class.schema ,
            referenced_class.kind
        from relation
        join class as referenced_class on relation.class=referenced_class.id
        where referenced_class.kind in ('r', 'v', 'm')
    ),
    relationships as (
        select
            referenced.name as referenced_name,
            referenced.schema as referenced_schema_id,
            dependent_class.name as dependent_name,
            dependent_class.schema as dependent_schema_id,
            referenced.kind as kind
        from referenced
        join dependency on referenced.id=dependency.id
        join class as dependent_class on dependency.ref=dependent_class.id
        where
            (referenced.name != dependent_class.name or
             referenced.schema != dependent_class.schema)
    )

    select
        referenced_schema.name as referenced_schema,
        relationships.referenced_name as referenced_name,
        dependent_schema.name as dependent_schema,
        relationships.dependent_name as dependent_name
    from relationships
    join schema as dependent_schema on relationships.dependent_schema_id=dependent_schema.id
    join schema as referenced_schema on relationships.referenced_schema_id=referenced_schema.id
    group by referenced_schema, referenced_name, dependent_schema, dependent_name
    order by referenced_schema, referenced_name, dependent_schema, dependent_name;
[0m02:29:33.957347 [debug] [MainThread]: SQL status: SELECT 2 in 0.003 seconds
[0m02:29:33.960267 [debug] [MainThread]: Sending event: {'category': 'dbt', 'action': 'runnable_timing', 'label': 'ef7039a4-f4ab-4262-ba0d-af5b9872351c', 'context': [<snowplow_tracker.self_describing_json.SelfDescribingJson object at 0x7fe5738b7e30>]}
[0m02:29:33.961448 [debug] [MainThread]: On master: ROLLBACK
[0m02:29:33.962736 [debug] [MainThread]: Using postgres connection "master"
[0m02:29:33.963628 [debug] [MainThread]: On master: BEGIN
[0m02:29:33.965056 [debug] [MainThread]: SQL status: BEGIN in 0.000 seconds
[0m02:29:33.966035 [debug] [MainThread]: On master: COMMIT
[0m02:29:33.967104 [debug] [MainThread]: Using postgres connection "master"
[0m02:29:33.968083 [debug] [MainThread]: On master: COMMIT
[0m02:29:33.969289 [debug] [MainThread]: SQL status: COMMIT in 0.000 seconds
[0m02:29:33.970259 [debug] [MainThread]: On master: Close
[0m02:29:33.973869 [debug] [Thread-1 (]: Began running node model.lab9.dim_category
[0m02:29:33.974421 [debug] [Thread-2 (]: Began running node model.lab9.dim_date
[0m02:29:33.974963 [debug] [Thread-3 (]: Began running node model.lab9.dim_position
[0m02:29:33.975437 [debug] [Thread-4 (]: Began running node model.lab9.dim_promotion
[0m02:29:33.976309 [info ] [Thread-1 (]: 1 of 9 START sql table model dbt_marts.dim_category ............................ [RUN]
[0m02:29:33.977821 [info ] [Thread-2 (]: 2 of 9 START sql table model dbt_marts.dim_date ................................ [RUN]
[0m02:29:33.979767 [info ] [Thread-3 (]: 3 of 9 START sql table model dbt_marts.dim_position ............................ [RUN]
[0m02:29:33.981244 [info ] [Thread-4 (]: 4 of 9 START sql table model dbt_marts.dim_promotion ........................... [RUN]
[0m02:29:33.982600 [debug] [Thread-1 (]: Re-using an available connection from the pool (formerly list_lab9_dbt_staging, now model.lab9.dim_category)
[0m02:29:33.984125 [debug] [Thread-2 (]: Re-using an available connection from the pool (formerly list_lab9_dbt_marts, now model.lab9.dim_date)
[0m02:29:33.985509 [debug] [Thread-3 (]: Re-using an available connection from the pool (formerly list_lab9_dbt_intermediate, now model.lab9.dim_position)
[0m02:29:33.986697 [debug] [Thread-4 (]: Re-using an available connection from the pool (formerly list_lab9_dbt, now model.lab9.dim_promotion)
[0m02:29:33.987848 [debug] [Thread-1 (]: Began compiling node model.lab9.dim_category
[0m02:29:33.989179 [debug] [Thread-2 (]: Began compiling node model.lab9.dim_date
[0m02:29:33.990301 [debug] [Thread-3 (]: Began compiling node model.lab9.dim_position
[0m02:29:33.991674 [debug] [Thread-4 (]: Began compiling node model.lab9.dim_promotion
[0m02:29:34.003784 [debug] [Thread-1 (]: Writing injected SQL for node "model.lab9.dim_category"
[0m02:29:34.007197 [debug] [Thread-2 (]: Writing injected SQL for node "model.lab9.dim_date"
[0m02:29:34.010593 [debug] [Thread-3 (]: Writing injected SQL for node "model.lab9.dim_position"
[0m02:29:34.014046 [debug] [Thread-4 (]: Writing injected SQL for node "model.lab9.dim_promotion"
[0m02:29:34.023166 [debug] [Thread-1 (]: Began executing node model.lab9.dim_category
[0m02:29:34.029924 [debug] [Thread-2 (]: Began executing node model.lab9.dim_date
[0m02:29:34.070326 [debug] [Thread-4 (]: Began executing node model.lab9.dim_promotion
[0m02:29:34.070848 [debug] [Thread-3 (]: Began executing node model.lab9.dim_position
[0m02:29:34.074661 [debug] [Thread-1 (]: Writing runtime sql for node "model.lab9.dim_category"
[0m02:29:34.078702 [debug] [Thread-2 (]: Writing runtime sql for node "model.lab9.dim_date"
[0m02:29:34.082806 [debug] [Thread-4 (]: Writing runtime sql for node "model.lab9.dim_promotion"
[0m02:29:34.086700 [debug] [Thread-3 (]: Writing runtime sql for node "model.lab9.dim_position"
[0m02:29:34.096466 [debug] [Thread-2 (]: Using postgres connection "model.lab9.dim_date"
[0m02:29:34.097833 [debug] [Thread-2 (]: On model.lab9.dim_date: BEGIN
[0m02:29:34.098551 [debug] [Thread-3 (]: Using postgres connection "model.lab9.dim_position"
[0m02:29:34.099625 [debug] [Thread-2 (]: Opening a new connection, currently in state closed
[0m02:29:34.100123 [debug] [Thread-4 (]: Using postgres connection "model.lab9.dim_promotion"
[0m02:29:34.101078 [debug] [Thread-3 (]: On model.lab9.dim_position: BEGIN
[0m02:29:34.103107 [debug] [Thread-1 (]: Using postgres connection "model.lab9.dim_category"
[0m02:29:34.104290 [debug] [Thread-4 (]: On model.lab9.dim_promotion: BEGIN
[0m02:29:34.105716 [debug] [Thread-3 (]: Opening a new connection, currently in state closed
[0m02:29:34.107201 [debug] [Thread-1 (]: On model.lab9.dim_category: BEGIN
[0m02:29:34.108414 [debug] [Thread-4 (]: Opening a new connection, currently in state closed
[0m02:29:34.110483 [debug] [Thread-2 (]: SQL status: BEGIN in 0.011 seconds
[0m02:29:34.110982 [debug] [Thread-1 (]: Opening a new connection, currently in state closed
[0m02:29:34.113369 [debug] [Thread-2 (]: Using postgres connection "model.lab9.dim_date"
[0m02:29:34.115544 [debug] [Thread-2 (]: On model.lab9.dim_date: /* {"app": "dbt", "dbt_version": "1.9.0", "profile_name": "lab9", "target_name": "dev", "node_id": "model.lab9.dim_date"} */

  
    

  create  table "lab9"."dbt_marts"."dim_date__dbt_tmp"
  
  
    as
  
  (
    
select distinct
  to_char(sale_date,'YYYYMMDD')::int as date_key,
  sale_date,
  extract(year from sale_date)::int as year,
  extract(month from sale_date)::int as month,
  extract(quarter from sale_date)::int as quarter
from "lab9"."dbt_staging"."stg_coffee_sales"
  );
  
[0m02:29:34.116690 [debug] [Thread-3 (]: SQL status: BEGIN in 0.011 seconds
[0m02:29:34.118009 [debug] [Thread-3 (]: Using postgres connection "model.lab9.dim_position"
[0m02:29:34.118929 [debug] [Thread-4 (]: SQL status: BEGIN in 0.010 seconds
[0m02:29:34.119666 [debug] [Thread-3 (]: On model.lab9.dim_position: /* {"app": "dbt", "dbt_version": "1.9.0", "profile_name": "lab9", "target_name": "dev", "node_id": "model.lab9.dim_position"} */

  
    

  create  table "lab9"."dbt_marts"."dim_position__dbt_tmp"
  
  
    as
  
  (
    
select distinct md5(position) as position_key, position
from "lab9"."dbt_staging"."stg_coffee_sales"
  );
  
[0m02:29:34.120121 [debug] [Thread-1 (]: SQL status: BEGIN in 0.009 seconds
[0m02:29:34.120966 [debug] [Thread-4 (]: Using postgres connection "model.lab9.dim_promotion"
[0m02:29:34.121926 [debug] [Thread-2 (]: SQL status: SELECT 29 in 0.005 seconds
[0m02:29:34.122999 [debug] [Thread-1 (]: Using postgres connection "model.lab9.dim_category"
[0m02:29:34.123893 [debug] [Thread-4 (]: On model.lab9.dim_promotion: /* {"app": "dbt", "dbt_version": "1.9.0", "profile_name": "lab9", "target_name": "dev", "node_id": "model.lab9.dim_promotion"} */

  
    

  create  table "lab9"."dbt_marts"."dim_promotion__dbt_tmp"
  
  
    as
  
  (
    
select distinct
  md5(promo_code) as promo_key, promo_code, promo_desc
from "lab9"."dbt_staging"."stg_coffee_sales"
where promo_code is not null
  );
  
[0m02:29:34.130210 [debug] [Thread-3 (]: SQL status: SELECT 2 in 0.008 seconds
[0m02:29:34.131794 [debug] [Thread-2 (]: Using postgres connection "model.lab9.dim_date"
[0m02:29:34.132648 [debug] [Thread-1 (]: On model.lab9.dim_category: /* {"app": "dbt", "dbt_version": "1.9.0", "profile_name": "lab9", "target_name": "dev", "node_id": "model.lab9.dim_category"} */

  
    

  create  table "lab9"."dbt_marts"."dim_category__dbt_tmp"
  
  
    as
  
  (
    
select distinct md5(category) as category_key, category as category_name
from "lab9"."dbt_staging"."stg_coffee_sales"
  );
  
[0m02:29:34.138516 [debug] [Thread-3 (]: Using postgres connection "model.lab9.dim_position"
[0m02:29:34.139727 [debug] [Thread-2 (]: On model.lab9.dim_date: /* {"app": "dbt", "dbt_version": "1.9.0", "profile_name": "lab9", "target_name": "dev", "node_id": "model.lab9.dim_date"} */
alter table "lab9"."dbt_marts"."dim_date__dbt_tmp" rename to "dim_date"
[0m02:29:34.140261 [debug] [Thread-4 (]: SQL status: SELECT 2 in 0.006 seconds
[0m02:29:34.141989 [debug] [Thread-3 (]: On model.lab9.dim_position: /* {"app": "dbt", "dbt_version": "1.9.0", "profile_name": "lab9", "target_name": "dev", "node_id": "model.lab9.dim_position"} */
alter table "lab9"."dbt_marts"."dim_position__dbt_tmp" rename to "dim_position"
[0m02:29:34.143621 [debug] [Thread-2 (]: SQL status: ALTER TABLE in 0.000 seconds
[0m02:29:34.147265 [debug] [Thread-4 (]: Using postgres connection "model.lab9.dim_promotion"
[0m02:29:34.147693 [debug] [Thread-1 (]: SQL status: SELECT 3 in 0.006 seconds
[0m02:29:34.148977 [debug] [Thread-3 (]: SQL status: ALTER TABLE in 0.000 seconds
[0m02:29:34.168343 [debug] [Thread-2 (]: On model.lab9.dim_date: COMMIT
[0m02:29:34.169139 [debug] [Thread-4 (]: On model.lab9.dim_promotion: /* {"app": "dbt", "dbt_version": "1.9.0", "profile_name": "lab9", "target_name": "dev", "node_id": "model.lab9.dim_promotion"} */
alter table "lab9"."dbt_marts"."dim_promotion__dbt_tmp" rename to "dim_promotion"
[0m02:29:34.172972 [debug] [Thread-1 (]: Using postgres connection "model.lab9.dim_category"
[0m02:29:34.175256 [debug] [Thread-3 (]: On model.lab9.dim_position: COMMIT
[0m02:29:34.176498 [debug] [Thread-2 (]: Using postgres connection "model.lab9.dim_date"
[0m02:29:34.178064 [debug] [Thread-4 (]: SQL status: ALTER TABLE in 0.000 seconds
[0m02:29:34.178666 [debug] [Thread-1 (]: On model.lab9.dim_category: /* {"app": "dbt", "dbt_version": "1.9.0", "profile_name": "lab9", "target_name": "dev", "node_id": "model.lab9.dim_category"} */
alter table "lab9"."dbt_marts"."dim_category__dbt_tmp" rename to "dim_category"
[0m02:29:34.179677 [debug] [Thread-3 (]: Using postgres connection "model.lab9.dim_position"
[0m02:29:34.180555 [debug] [Thread-2 (]: On model.lab9.dim_date: COMMIT
[0m02:29:34.182657 [debug] [Thread-4 (]: On model.lab9.dim_promotion: COMMIT
[0m02:29:34.184151 [debug] [Thread-1 (]: SQL status: ALTER TABLE in 0.000 seconds
[0m02:29:34.184850 [debug] [Thread-3 (]: On model.lab9.dim_position: COMMIT
[0m02:29:34.186770 [debug] [Thread-4 (]: Using postgres connection "model.lab9.dim_promotion"
[0m02:29:34.187284 [debug] [Thread-2 (]: SQL status: COMMIT in 0.001 seconds
[0m02:29:34.189646 [debug] [Thread-1 (]: On model.lab9.dim_category: COMMIT
[0m02:29:34.191415 [debug] [Thread-4 (]: On model.lab9.dim_promotion: COMMIT
[0m02:29:34.192383 [debug] [Thread-3 (]: SQL status: COMMIT in 0.002 seconds
[0m02:29:34.198924 [debug] [Thread-2 (]: Applying DROP to: "lab9"."dbt_marts"."dim_date__dbt_backup"
[0m02:29:34.199860 [debug] [Thread-1 (]: Using postgres connection "model.lab9.dim_category"
[0m02:29:34.203694 [debug] [Thread-3 (]: Applying DROP to: "lab9"."dbt_marts"."dim_position__dbt_backup"
[0m02:29:34.204095 [debug] [Thread-4 (]: SQL status: COMMIT in 0.003 seconds
[0m02:29:34.210344 [debug] [Thread-2 (]: Using postgres connection "model.lab9.dim_date"
[0m02:29:34.211302 [debug] [Thread-1 (]: On model.lab9.dim_category: COMMIT
[0m02:29:34.212734 [debug] [Thread-3 (]: Using postgres connection "model.lab9.dim_position"
[0m02:29:34.215832 [debug] [Thread-4 (]: Applying DROP to: "lab9"."dbt_marts"."dim_promotion__dbt_backup"
[0m02:29:34.217011 [debug] [Thread-2 (]: On model.lab9.dim_date: /* {"app": "dbt", "dbt_version": "1.9.0", "profile_name": "lab9", "target_name": "dev", "node_id": "model.lab9.dim_date"} */
drop table if exists "lab9"."dbt_marts"."dim_date__dbt_backup" cascade
[0m02:29:34.218726 [debug] [Thread-3 (]: On model.lab9.dim_position: /* {"app": "dbt", "dbt_version": "1.9.0", "profile_name": "lab9", "target_name": "dev", "node_id": "model.lab9.dim_position"} */
drop table if exists "lab9"."dbt_marts"."dim_position__dbt_backup" cascade
[0m02:29:34.219405 [debug] [Thread-1 (]: SQL status: COMMIT in 0.001 seconds
[0m02:29:34.220345 [debug] [Thread-4 (]: Using postgres connection "model.lab9.dim_promotion"
[0m02:29:34.221851 [debug] [Thread-2 (]: SQL status: DROP TABLE in 0.000 seconds
[0m02:29:34.222917 [debug] [Thread-3 (]: SQL status: DROP TABLE in 0.000 seconds
[0m02:29:34.225731 [debug] [Thread-1 (]: Applying DROP to: "lab9"."dbt_marts"."dim_category__dbt_backup"
[0m02:29:34.227141 [debug] [Thread-4 (]: On model.lab9.dim_promotion: /* {"app": "dbt", "dbt_version": "1.9.0", "profile_name": "lab9", "target_name": "dev", "node_id": "model.lab9.dim_promotion"} */
drop table if exists "lab9"."dbt_marts"."dim_promotion__dbt_backup" cascade
[0m02:29:34.230542 [debug] [Thread-2 (]: On model.lab9.dim_date: Close
[0m02:29:34.232828 [debug] [Thread-3 (]: On model.lab9.dim_position: Close
[0m02:29:34.234290 [debug] [Thread-1 (]: Using postgres connection "model.lab9.dim_category"
[0m02:29:34.235796 [debug] [Thread-4 (]: SQL status: DROP TABLE in 0.000 seconds
[0m02:29:34.237934 [debug] [Thread-2 (]: Sending event: {'category': 'dbt', 'action': 'run_model', 'label': 'ef7039a4-f4ab-4262-ba0d-af5b9872351c', 'context': [<snowplow_tracker.self_describing_json.SelfDescribingJson object at 0x7fe576da64e0>]}
[0m02:29:34.238767 [debug] [Thread-3 (]: Sending event: {'category': 'dbt', 'action': 'run_model', 'label': 'ef7039a4-f4ab-4262-ba0d-af5b9872351c', 'context': [<snowplow_tracker.self_describing_json.SelfDescribingJson object at 0x7fe570ee1fa0>]}
[0m02:29:34.239521 [debug] [Thread-1 (]: On model.lab9.dim_category: /* {"app": "dbt", "dbt_version": "1.9.0", "profile_name": "lab9", "target_name": "dev", "node_id": "model.lab9.dim_category"} */
drop table if exists "lab9"."dbt_marts"."dim_category__dbt_backup" cascade
[0m02:29:34.241832 [debug] [Thread-4 (]: On model.lab9.dim_promotion: Close
[0m02:29:34.243325 [info ] [Thread-2 (]: 2 of 9 OK created sql table model dbt_marts.dim_date ........................... [[32mSELECT 29[0m in 0.25s]
[0m02:29:34.245012 [info ] [Thread-3 (]: 3 of 9 OK created sql table model dbt_marts.dim_position ....................... [[32mSELECT 2[0m in 0.25s]
[0m02:29:34.246701 [debug] [Thread-1 (]: SQL status: DROP TABLE in 0.000 seconds
[0m02:29:34.247772 [debug] [Thread-4 (]: Sending event: {'category': 'dbt', 'action': 'run_model', 'label': 'ef7039a4-f4ab-4262-ba0d-af5b9872351c', 'context': [<snowplow_tracker.self_describing_json.SelfDescribingJson object at 0x7fe570ebffb0>]}
[0m02:29:34.248905 [debug] [Thread-2 (]: Finished running node model.lab9.dim_date
[0m02:29:34.250132 [debug] [Thread-3 (]: Finished running node model.lab9.dim_position
[0m02:29:34.252285 [debug] [Thread-1 (]: On model.lab9.dim_category: Close
[0m02:29:34.253691 [info ] [Thread-4 (]: 4 of 9 OK created sql table model dbt_marts.dim_promotion ...................... [[32mSELECT 2[0m in 0.26s]
[0m02:29:34.254962 [debug] [Thread-2 (]: Began running node model.lab9.dim_region
[0m02:29:34.256757 [debug] [Thread-3 (]: Began running node model.lab9.dim_staff
[0m02:29:34.257867 [debug] [Thread-1 (]: Sending event: {'category': 'dbt', 'action': 'run_model', 'label': 'ef7039a4-f4ab-4262-ba0d-af5b9872351c', 'context': [<snowplow_tracker.self_describing_json.SelfDescribingJson object at 0x7fe571013890>]}
[0m02:29:34.259120 [debug] [Thread-4 (]: Finished running node model.lab9.dim_promotion
[0m02:29:34.260477 [info ] [Thread-2 (]: 5 of 9 START sql table model dbt_marts.dim_region .............................. [RUN]
[0m02:29:34.261841 [info ] [Thread-3 (]: 6 of 9 START sql table model dbt_marts.dim_staff ............................... [RUN]
[0m02:29:34.263406 [info ] [Thread-1 (]: 1 of 9 OK created sql table model dbt_marts.dim_category ....................... [[32mSELECT 3[0m in 0.28s]
[0m02:29:34.266070 [debug] [Thread-2 (]: Re-using an available connection from the pool (formerly model.lab9.dim_date, now model.lab9.dim_region)
[0m02:29:34.268449 [debug] [Thread-3 (]: Re-using an available connection from the pool (formerly model.lab9.dim_position, now model.lab9.dim_staff)
[0m02:29:34.270371 [debug] [Thread-1 (]: Finished running node model.lab9.dim_category
[0m02:29:34.271978 [debug] [Thread-2 (]: Began compiling node model.lab9.dim_region
[0m02:29:34.273497 [debug] [Thread-3 (]: Began compiling node model.lab9.dim_staff
[0m02:29:34.275155 [debug] [Thread-4 (]: Began running node model.lab9.dim_product
[0m02:29:34.278733 [debug] [Thread-2 (]: Writing injected SQL for node "model.lab9.dim_region"
[0m02:29:34.283801 [debug] [Thread-3 (]: Writing injected SQL for node "model.lab9.dim_staff"
[0m02:29:34.285919 [info ] [Thread-4 (]: 7 of 9 START sql table model dbt_marts.dim_product ............................. [RUN]
[0m02:29:34.289561 [debug] [Thread-4 (]: Re-using an available connection from the pool (formerly model.lab9.dim_promotion, now model.lab9.dim_product)
[0m02:29:34.291097 [debug] [Thread-4 (]: Began compiling node model.lab9.dim_product
[0m02:29:34.296028 [debug] [Thread-4 (]: Writing injected SQL for node "model.lab9.dim_product"
[0m02:29:34.297912 [debug] [Thread-3 (]: Began executing node model.lab9.dim_staff
[0m02:29:34.298337 [debug] [Thread-2 (]: Began executing node model.lab9.dim_region
[0m02:29:34.304080 [debug] [Thread-3 (]: Writing runtime sql for node "model.lab9.dim_staff"
[0m02:29:34.310925 [debug] [Thread-4 (]: Began executing node model.lab9.dim_product
[0m02:29:34.313338 [debug] [Thread-2 (]: Writing runtime sql for node "model.lab9.dim_region"
[0m02:29:34.319008 [debug] [Thread-4 (]: Writing runtime sql for node "model.lab9.dim_product"
[0m02:29:34.324068 [debug] [Thread-3 (]: Using postgres connection "model.lab9.dim_staff"
[0m02:29:34.325418 [debug] [Thread-3 (]: On model.lab9.dim_staff: BEGIN
[0m02:29:34.325910 [debug] [Thread-2 (]: Using postgres connection "model.lab9.dim_region"
[0m02:29:34.327055 [debug] [Thread-3 (]: Opening a new connection, currently in state closed
[0m02:29:34.328217 [debug] [Thread-4 (]: Using postgres connection "model.lab9.dim_product"
[0m02:29:34.328818 [debug] [Thread-2 (]: On model.lab9.dim_region: BEGIN
[0m02:29:34.330913 [debug] [Thread-4 (]: On model.lab9.dim_product: BEGIN
[0m02:29:34.332026 [debug] [Thread-2 (]: Opening a new connection, currently in state closed
[0m02:29:34.333461 [debug] [Thread-4 (]: Opening a new connection, currently in state closed
[0m02:29:34.336587 [debug] [Thread-3 (]: SQL status: BEGIN in 0.009 seconds
[0m02:29:34.338126 [debug] [Thread-3 (]: Using postgres connection "model.lab9.dim_staff"
[0m02:29:34.339320 [debug] [Thread-3 (]: On model.lab9.dim_staff: /* {"app": "dbt", "dbt_version": "1.9.0", "profile_name": "lab9", "target_name": "dev", "node_id": "model.lab9.dim_staff"} */

  
    

  create  table "lab9"."dbt_marts"."dim_staff__dbt_tmp"
  
  
    as
  
  (
    
select distinct
  md5(s.staff_code) as staff_key,
  s.staff_code, s.staff_name, p.position_key
from "lab9"."dbt_staging"."stg_coffee_sales" s
join "lab9"."dbt_marts"."dim_position" p on p.position=s.position
  );
  
[0m02:29:34.340295 [debug] [Thread-2 (]: SQL status: BEGIN in 0.008 seconds
[0m02:29:34.341225 [debug] [Thread-4 (]: SQL status: BEGIN in 0.008 seconds
[0m02:29:34.342222 [debug] [Thread-2 (]: Using postgres connection "model.lab9.dim_region"
[0m02:29:34.343271 [debug] [Thread-4 (]: Using postgres connection "model.lab9.dim_product"
[0m02:29:34.344337 [debug] [Thread-2 (]: On model.lab9.dim_region: /* {"app": "dbt", "dbt_version": "1.9.0", "profile_name": "lab9", "target_name": "dev", "node_id": "model.lab9.dim_region"} */

  
    

  create  table "lab9"."dbt_marts"."dim_region__dbt_tmp"
  
  
    as
  
  (
    
select distinct
  md5(region_name) as region_key,
  region_name
from "lab9"."dbt_staging"."stg_province_region"
  );
  
[0m02:29:34.345493 [debug] [Thread-4 (]: On model.lab9.dim_product: /* {"app": "dbt", "dbt_version": "1.9.0", "profile_name": "lab9", "target_name": "dev", "node_id": "model.lab9.dim_product"} */

  
    

  create  table "lab9"."dbt_marts"."dim_product__dbt_tmp"
  
  
    as
  
  (
    
select distinct
  md5(concat_ws('|',s.product_code,s.size)) as product_key,
  s.product_code, s.product_name, c.category_key, s.size, s.unit_price
from "lab9"."dbt_staging"."stg_coffee_sales" s
join "lab9"."dbt_marts"."dim_category" c on c.category_name=s.category
  );
  
[0m02:29:34.347448 [debug] [Thread-3 (]: SQL status: SELECT 6 in 0.006 seconds
[0m02:29:34.351556 [debug] [Thread-3 (]: Using postgres connection "model.lab9.dim_staff"
[0m02:29:34.352551 [debug] [Thread-2 (]: SQL status: SELECT 6 in 0.006 seconds
[0m02:29:34.353013 [debug] [Thread-3 (]: On model.lab9.dim_staff: /* {"app": "dbt", "dbt_version": "1.9.0", "profile_name": "lab9", "target_name": "dev", "node_id": "model.lab9.dim_staff"} */
alter table "lab9"."dbt_marts"."dim_staff__dbt_tmp" rename to "dim_staff"
[0m02:29:34.357289 [debug] [Thread-2 (]: Using postgres connection "model.lab9.dim_region"
[0m02:29:34.357714 [debug] [Thread-4 (]: SQL status: SELECT 10 in 0.010 seconds
[0m02:29:34.359126 [debug] [Thread-3 (]: SQL status: ALTER TABLE in 0.000 seconds
[0m02:29:34.359685 [debug] [Thread-2 (]: On model.lab9.dim_region: /* {"app": "dbt", "dbt_version": "1.9.0", "profile_name": "lab9", "target_name": "dev", "node_id": "model.lab9.dim_region"} */
alter table "lab9"."dbt_marts"."dim_region__dbt_tmp" rename to "dim_region"
[0m02:29:34.363513 [debug] [Thread-4 (]: Using postgres connection "model.lab9.dim_product"
[0m02:29:34.365986 [debug] [Thread-3 (]: On model.lab9.dim_staff: COMMIT
[0m02:29:34.367566 [debug] [Thread-2 (]: SQL status: ALTER TABLE in 0.000 seconds
[0m02:29:34.368197 [debug] [Thread-4 (]: On model.lab9.dim_product: /* {"app": "dbt", "dbt_version": "1.9.0", "profile_name": "lab9", "target_name": "dev", "node_id": "model.lab9.dim_product"} */
alter table "lab9"."dbt_marts"."dim_product__dbt_tmp" rename to "dim_product"
[0m02:29:34.369295 [debug] [Thread-3 (]: Using postgres connection "model.lab9.dim_staff"
[0m02:29:34.371654 [debug] [Thread-2 (]: On model.lab9.dim_region: COMMIT
[0m02:29:34.373226 [debug] [Thread-4 (]: SQL status: ALTER TABLE in 0.000 seconds
[0m02:29:34.373776 [debug] [Thread-3 (]: On model.lab9.dim_staff: COMMIT
[0m02:29:34.374684 [debug] [Thread-2 (]: Using postgres connection "model.lab9.dim_region"
[0m02:29:34.376857 [debug] [Thread-4 (]: On model.lab9.dim_product: COMMIT
[0m02:29:34.378604 [debug] [Thread-2 (]: On model.lab9.dim_region: COMMIT
[0m02:29:34.379210 [debug] [Thread-3 (]: SQL status: COMMIT in 0.001 seconds
[0m02:29:34.379896 [debug] [Thread-4 (]: Using postgres connection "model.lab9.dim_product"
[0m02:29:34.383851 [debug] [Thread-3 (]: Applying DROP to: "lab9"."dbt_marts"."dim_staff__dbt_backup"
[0m02:29:34.384295 [debug] [Thread-2 (]: SQL status: COMMIT in 0.003 seconds
[0m02:29:34.385258 [debug] [Thread-4 (]: On model.lab9.dim_product: COMMIT
[0m02:29:34.386555 [debug] [Thread-3 (]: Using postgres connection "model.lab9.dim_staff"
[0m02:29:34.389390 [debug] [Thread-2 (]: Applying DROP to: "lab9"."dbt_marts"."dim_region__dbt_backup"
[0m02:29:34.391272 [debug] [Thread-3 (]: On model.lab9.dim_staff: /* {"app": "dbt", "dbt_version": "1.9.0", "profile_name": "lab9", "target_name": "dev", "node_id": "model.lab9.dim_staff"} */
drop table if exists "lab9"."dbt_marts"."dim_staff__dbt_backup" cascade
[0m02:29:34.391929 [debug] [Thread-4 (]: SQL status: COMMIT in 0.001 seconds
[0m02:29:34.393160 [debug] [Thread-2 (]: Using postgres connection "model.lab9.dim_region"
[0m02:29:34.394573 [debug] [Thread-3 (]: SQL status: DROP TABLE in 0.000 seconds
[0m02:29:34.397315 [debug] [Thread-4 (]: Applying DROP to: "lab9"."dbt_marts"."dim_product__dbt_backup"
[0m02:29:34.398479 [debug] [Thread-2 (]: On model.lab9.dim_region: /* {"app": "dbt", "dbt_version": "1.9.0", "profile_name": "lab9", "target_name": "dev", "node_id": "model.lab9.dim_region"} */
drop table if exists "lab9"."dbt_marts"."dim_region__dbt_backup" cascade
[0m02:29:34.400648 [debug] [Thread-3 (]: On model.lab9.dim_staff: Close
[0m02:29:34.402142 [debug] [Thread-4 (]: Using postgres connection "model.lab9.dim_product"
[0m02:29:34.403640 [debug] [Thread-2 (]: SQL status: DROP TABLE in 0.000 seconds
[0m02:29:34.404612 [debug] [Thread-3 (]: Sending event: {'category': 'dbt', 'action': 'run_model', 'label': 'ef7039a4-f4ab-4262-ba0d-af5b9872351c', 'context': [<snowplow_tracker.self_describing_json.SelfDescribingJson object at 0x7fe57059b350>]}
[0m02:29:34.405565 [debug] [Thread-4 (]: On model.lab9.dim_product: /* {"app": "dbt", "dbt_version": "1.9.0", "profile_name": "lab9", "target_name": "dev", "node_id": "model.lab9.dim_product"} */
drop table if exists "lab9"."dbt_marts"."dim_product__dbt_backup" cascade
[0m02:29:34.407752 [debug] [Thread-2 (]: On model.lab9.dim_region: Close
[0m02:29:34.409323 [info ] [Thread-3 (]: 6 of 9 OK created sql table model dbt_marts.dim_staff .......................... [[32mSELECT 6[0m in 0.14s]
[0m02:29:34.411032 [debug] [Thread-4 (]: SQL status: DROP TABLE in 0.001 seconds
[0m02:29:34.411990 [debug] [Thread-2 (]: Sending event: {'category': 'dbt', 'action': 'run_model', 'label': 'ef7039a4-f4ab-4262-ba0d-af5b9872351c', 'context': [<snowplow_tracker.self_describing_json.SelfDescribingJson object at 0x7fe570f56120>]}
[0m02:29:34.413098 [debug] [Thread-3 (]: Finished running node model.lab9.dim_staff
[0m02:29:34.415356 [debug] [Thread-4 (]: On model.lab9.dim_product: Close
[0m02:29:34.416693 [info ] [Thread-2 (]: 5 of 9 OK created sql table model dbt_marts.dim_region ......................... [[32mSELECT 6[0m in 0.15s]
[0m02:29:34.419039 [debug] [Thread-4 (]: Sending event: {'category': 'dbt', 'action': 'run_model', 'label': 'ef7039a4-f4ab-4262-ba0d-af5b9872351c', 'context': [<snowplow_tracker.self_describing_json.SelfDescribingJson object at 0x7fe570fc1f10>]}
[0m02:29:34.420357 [debug] [Thread-2 (]: Finished running node model.lab9.dim_region
[0m02:29:34.421849 [info ] [Thread-4 (]: 7 of 9 OK created sql table model dbt_marts.dim_product ........................ [[32mSELECT 10[0m in 0.13s]
[0m02:29:34.423559 [debug] [Thread-1 (]: Began running node model.lab9.dim_province
[0m02:29:34.424629 [debug] [Thread-4 (]: Finished running node model.lab9.dim_product
[0m02:29:34.426134 [info ] [Thread-1 (]: 8 of 9 START sql table model dbt_marts.dim_province ............................ [RUN]
[0m02:29:34.428887 [debug] [Thread-1 (]: Re-using an available connection from the pool (formerly model.lab9.dim_category, now model.lab9.dim_province)
[0m02:29:34.430578 [debug] [Thread-1 (]: Began compiling node model.lab9.dim_province
[0m02:29:34.437742 [debug] [Thread-1 (]: Writing injected SQL for node "model.lab9.dim_province"
[0m02:29:34.450815 [debug] [Thread-1 (]: Began executing node model.lab9.dim_province
[0m02:29:34.457408 [debug] [Thread-1 (]: Writing runtime sql for node "model.lab9.dim_province"
[0m02:29:34.469734 [debug] [Thread-1 (]: Using postgres connection "model.lab9.dim_province"
[0m02:29:34.471690 [debug] [Thread-1 (]: On model.lab9.dim_province: BEGIN
[0m02:29:34.472999 [debug] [Thread-1 (]: Opening a new connection, currently in state closed
[0m02:29:34.480701 [debug] [Thread-1 (]: SQL status: BEGIN in 0.007 seconds
[0m02:29:34.483272 [debug] [Thread-1 (]: Using postgres connection "model.lab9.dim_province"
[0m02:29:34.485400 [debug] [Thread-1 (]: On model.lab9.dim_province: /* {"app": "dbt", "dbt_version": "1.9.0", "profile_name": "lab9", "target_name": "dev", "node_id": "model.lab9.dim_province"} */

  
    

  create  table "lab9"."dbt_marts"."dim_province__dbt_tmp"
  
  
    as
  
  (
    
select
  md5(p.province_name) as province_key,
  p.province_name,
  r.region_key
from "lab9"."dbt_staging"."stg_province_region" p
join "lab9"."dbt_marts"."dim_region" r on r.region_name=p.region_name
  );
  
[0m02:29:34.495095 [debug] [Thread-1 (]: SQL status: SELECT 77 in 0.008 seconds
[0m02:29:34.500107 [debug] [Thread-1 (]: Using postgres connection "model.lab9.dim_province"
[0m02:29:34.501476 [debug] [Thread-1 (]: On model.lab9.dim_province: /* {"app": "dbt", "dbt_version": "1.9.0", "profile_name": "lab9", "target_name": "dev", "node_id": "model.lab9.dim_province"} */
alter table "lab9"."dbt_marts"."dim_province__dbt_tmp" rename to "dim_province"
[0m02:29:34.503351 [debug] [Thread-1 (]: SQL status: ALTER TABLE in 0.001 seconds
[0m02:29:34.505940 [debug] [Thread-1 (]: On model.lab9.dim_province: COMMIT
[0m02:29:34.507053 [debug] [Thread-1 (]: Using postgres connection "model.lab9.dim_province"
[0m02:29:34.508258 [debug] [Thread-1 (]: On model.lab9.dim_province: COMMIT
[0m02:29:34.510940 [debug] [Thread-1 (]: SQL status: COMMIT in 0.002 seconds
[0m02:29:34.516142 [debug] [Thread-1 (]: Applying DROP to: "lab9"."dbt_marts"."dim_province__dbt_backup"
[0m02:29:34.517665 [debug] [Thread-1 (]: Using postgres connection "model.lab9.dim_province"
[0m02:29:34.518830 [debug] [Thread-1 (]: On model.lab9.dim_province: /* {"app": "dbt", "dbt_version": "1.9.0", "profile_name": "lab9", "target_name": "dev", "node_id": "model.lab9.dim_province"} */
drop table if exists "lab9"."dbt_marts"."dim_province__dbt_backup" cascade
[0m02:29:34.520197 [debug] [Thread-1 (]: SQL status: DROP TABLE in 0.000 seconds
[0m02:29:34.522319 [debug] [Thread-1 (]: On model.lab9.dim_province: Close
[0m02:29:34.523752 [debug] [Thread-1 (]: Sending event: {'category': 'dbt', 'action': 'run_model', 'label': 'ef7039a4-f4ab-4262-ba0d-af5b9872351c', 'context': [<snowplow_tracker.self_describing_json.SelfDescribingJson object at 0x7fe57057aba0>]}
[0m02:29:34.525132 [info ] [Thread-1 (]: 8 of 9 OK created sql table model dbt_marts.dim_province ....................... [[32mSELECT 77[0m in 0.10s]
[0m02:29:34.526602 [debug] [Thread-1 (]: Finished running node model.lab9.dim_province
[0m02:29:34.528659 [debug] [Thread-2 (]: Began running node model.lab9.dim_store
[0m02:29:34.529911 [info ] [Thread-2 (]: 9 of 9 START sql table model dbt_marts.dim_store ............................... [RUN]
[0m02:29:34.531238 [debug] [Thread-2 (]: Re-using an available connection from the pool (formerly model.lab9.dim_region, now model.lab9.dim_store)
[0m02:29:34.532360 [debug] [Thread-2 (]: Began compiling node model.lab9.dim_store
[0m02:29:34.536546 [debug] [Thread-2 (]: Writing injected SQL for node "model.lab9.dim_store"
[0m02:29:34.544953 [debug] [Thread-2 (]: Began executing node model.lab9.dim_store
[0m02:29:34.549732 [debug] [Thread-2 (]: Writing runtime sql for node "model.lab9.dim_store"
[0m02:29:34.560209 [debug] [Thread-2 (]: Using postgres connection "model.lab9.dim_store"
[0m02:29:34.561367 [debug] [Thread-2 (]: On model.lab9.dim_store: BEGIN
[0m02:29:34.562589 [debug] [Thread-2 (]: Opening a new connection, currently in state closed
[0m02:29:34.568913 [debug] [Thread-2 (]: SQL status: BEGIN in 0.006 seconds
[0m02:29:34.570193 [debug] [Thread-2 (]: Using postgres connection "model.lab9.dim_store"
[0m02:29:34.571177 [debug] [Thread-2 (]: On model.lab9.dim_store: /* {"app": "dbt", "dbt_version": "1.9.0", "profile_name": "lab9", "target_name": "dev", "node_id": "model.lab9.dim_store"} */

  
    

  create  table "lab9"."dbt_marts"."dim_store__dbt_tmp"
  
  
    as
  
  (
    
select distinct
  md5(s.store_code) as store_key,
  s.store_code, s.store_name, p.province_key
from "lab9"."dbt_staging"."stg_coffee_sales" s
join "lab9"."dbt_marts"."dim_province" p on p.province_name=s.province
  );
  
[0m02:29:34.578784 [debug] [Thread-2 (]: SQL status: SELECT 6 in 0.007 seconds
[0m02:29:34.582797 [debug] [Thread-2 (]: Using postgres connection "model.lab9.dim_store"
[0m02:29:34.583841 [debug] [Thread-2 (]: On model.lab9.dim_store: /* {"app": "dbt", "dbt_version": "1.9.0", "profile_name": "lab9", "target_name": "dev", "node_id": "model.lab9.dim_store"} */
alter table "lab9"."dbt_marts"."dim_store__dbt_tmp" rename to "dim_store"
[0m02:29:34.585428 [debug] [Thread-2 (]: SQL status: ALTER TABLE in 0.000 seconds
[0m02:29:34.587937 [debug] [Thread-2 (]: On model.lab9.dim_store: COMMIT
[0m02:29:34.588980 [debug] [Thread-2 (]: Using postgres connection "model.lab9.dim_store"
[0m02:29:34.590052 [debug] [Thread-2 (]: On model.lab9.dim_store: COMMIT
[0m02:29:34.592889 [debug] [Thread-2 (]: SQL status: COMMIT in 0.002 seconds
[0m02:29:34.596258 [debug] [Thread-2 (]: Applying DROP to: "lab9"."dbt_marts"."dim_store__dbt_backup"
[0m02:29:34.597712 [debug] [Thread-2 (]: Using postgres connection "model.lab9.dim_store"
[0m02:29:34.598655 [debug] [Thread-2 (]: On model.lab9.dim_store: /* {"app": "dbt", "dbt_version": "1.9.0", "profile_name": "lab9", "target_name": "dev", "node_id": "model.lab9.dim_store"} */
drop table if exists "lab9"."dbt_marts"."dim_store__dbt_backup" cascade
[0m02:29:34.600084 [debug] [Thread-2 (]: SQL status: DROP TABLE in 0.000 seconds
[0m02:29:34.602243 [debug] [Thread-2 (]: On model.lab9.dim_store: Close
[0m02:29:34.603597 [debug] [Thread-2 (]: Sending event: {'category': 'dbt', 'action': 'run_model', 'label': 'ef7039a4-f4ab-4262-ba0d-af5b9872351c', 'context': [<snowplow_tracker.self_describing_json.SelfDescribingJson object at 0x7fe570f91d90>]}
[0m02:29:34.604920 [info ] [Thread-2 (]: 9 of 9 OK created sql table model dbt_marts.dim_store .......................... [[32mSELECT 6[0m in 0.07s]
[0m02:29:34.606358 [debug] [Thread-2 (]: Finished running node model.lab9.dim_store
[0m02:29:34.609761 [debug] [MainThread]: Using postgres connection "master"
[0m02:29:34.610884 [debug] [MainThread]: On master: BEGIN
[0m02:29:34.611863 [debug] [MainThread]: Opening a new connection, currently in state closed
[0m02:29:34.617809 [debug] [MainThread]: SQL status: BEGIN in 0.006 seconds
[0m02:29:34.618976 [debug] [MainThread]: On master: COMMIT
[0m02:29:34.619958 [debug] [MainThread]: Using postgres connection "master"
[0m02:29:34.620922 [debug] [MainThread]: On master: COMMIT
[0m02:29:34.622344 [debug] [MainThread]: SQL status: COMMIT in 0.000 seconds
[0m02:29:34.623532 [debug] [MainThread]: On master: Close
[0m02:29:34.625282 [debug] [MainThread]: Connection 'master' was properly closed.
[0m02:29:34.626392 [debug] [MainThread]: Connection 'model.lab9.dim_product' was properly closed.
[0m02:29:34.627482 [debug] [MainThread]: Connection 'model.lab9.dim_staff' was properly closed.
[0m02:29:34.628369 [debug] [MainThread]: Connection 'model.lab9.dim_store' was properly closed.
[0m02:29:34.629346 [debug] [MainThread]: Connection 'model.lab9.dim_province' was properly closed.
[0m02:29:34.630821 [info ] [MainThread]: 
[0m02:29:34.632722 [info ] [MainThread]: Finished running 9 table models in 0 hours 0 minutes and 0.85 seconds (0.85s).
[0m02:29:34.635828 [debug] [MainThread]: Command end result
[0m02:29:34.742776 [debug] [MainThread]: Wrote artifact WritableManifest to /usr/app/lab9/target/manifest.json
[0m02:29:34.749233 [debug] [MainThread]: Wrote artifact SemanticManifest to /usr/app/lab9/target/semantic_manifest.json
[0m02:29:34.760412 [debug] [MainThread]: Wrote artifact RunExecutionResult to /usr/app/lab9/target/run_results.json
[0m02:29:34.761510 [info ] [MainThread]: 
[0m02:29:34.762695 [info ] [MainThread]: [32mCompleted successfully[0m
[0m02:29:34.763930 [info ] [MainThread]: 
[0m02:29:34.765135 [info ] [MainThread]: Done. PASS=9 WARN=0 ERROR=0 SKIP=0 TOTAL=9
[0m02:29:34.767590 [debug] [MainThread]: Resource report: {"command_name": "run", "command_success": true, "command_wall_clock_time": 2.3239505, "process_in_blocks": "0", "process_kernel_time": 0.341153, "process_mem_max_rss": "114316", "process_out_blocks": "0", "process_user_time": 2.588753}
[0m02:29:34.769217 [debug] [MainThread]: Command `dbt run` succeeded at 02:29:34.769046 after 2.33 seconds
[0m02:29:34.770291 [debug] [MainThread]: Sending event: {'category': 'dbt', 'action': 'invocation', 'label': 'end', 'context': [<snowplow_tracker.self_describing_json.SelfDescribingJson object at 0x7fe5751ad0a0>, <snowplow_tracker.self_describing_json.SelfDescribingJson object at 0x7fe575958ec0>, <snowplow_tracker.self_describing_json.SelfDescribingJson object at 0x7fe570f39d00>]}
[0m02:29:34.771353 [debug] [MainThread]: Flushing usage events
[0m02:29:36.088240 [debug] [MainThread]: An error was encountered while trying to flush usage events
[0m02:30:45.342590 [debug] [MainThread]: Sending event: {'category': 'dbt', 'action': 'invocation', 'label': 'start', 'context': [<snowplow_tracker.self_describing_json.SelfDescribingJson object at 0x7f442caba030>, <snowplow_tracker.self_describing_json.SelfDescribingJson object at 0x7f442f2f1ca0>, <snowplow_tracker.self_describing_json.SelfDescribingJson object at 0x7f442cb1a660>]}


============================== 02:30:45.347836 | 8645c4f2-142b-4d5f-8b63-abc49cae0a99 ==============================
[0m02:30:45.347836 [info ] [MainThread]: Running with dbt=1.9.0
[0m02:30:45.349958 [debug] [MainThread]: running dbt with arguments {'printer_width': '80', 'indirect_selection': 'eager', 'log_cache_events': 'False', 'write_json': 'True', 'partial_parse': 'True', 'cache_selected_only': 'False', 'warn_error': 'None', 'version_check': 'True', 'debug': 'False', 'log_path': '/usr/app/lab9/logs', 'fail_fast': 'False', 'profiles_dir': '/root/.dbt', 'use_colors': 'True', 'use_experimental_parser': 'False', 'no_print': 'None', 'quiet': 'False', 'empty': 'False', 'warn_error_options': 'WarnErrorOptions(include=[], exclude=[])', 'invocation_command': "dbt run --select int_customer_source --vars {'load_batch': 'initial'}", 'log_format': 'default', 'introspect': 'True', 'target_path': 'None', 'static_parser': 'True', 'send_anonymous_usage_stats': 'True'}
[0m02:30:45.600746 [debug] [MainThread]: Sending event: {'category': 'dbt', 'action': 'project_id', 'label': '8645c4f2-142b-4d5f-8b63-abc49cae0a99', 'context': [<snowplow_tracker.self_describing_json.SelfDescribingJson object at 0x7f442e337440>]}
[0m02:30:45.679610 [debug] [MainThread]: Sending event: {'category': 'dbt', 'action': 'adapter_info', 'label': '8645c4f2-142b-4d5f-8b63-abc49cae0a99', 'context': [<snowplow_tracker.self_describing_json.SelfDescribingJson object at 0x7f442c614fe0>]}
[0m02:30:45.681556 [info ] [MainThread]: Registered adapter: postgres=1.9.0
[0m02:30:45.782478 [debug] [MainThread]: checksum: 7b04af403bf2aeb3df8cafda10c329bfccbd9d03498262178a0c87e0e69e199e, vars: {'load_batch': 'initial'}, profile: , target: , version: 1.9.0
[0m02:30:45.919216 [info ] [MainThread]: Unable to do partial parsing because config vars, config profile, or config target have changed
[0m02:30:45.920864 [debug] [MainThread]: previous checksum: 7b04af403bf2aeb3df8cafda10c329bfccbd9d03498262178a0c87e0e69e199e, current checksum: c99e828bba267739642b5a3ce85f17518764ea526e0e6c4fdc649171c1a66bff
[0m02:30:45.922199 [debug] [MainThread]: Sending event: {'category': 'dbt', 'action': 'partial_parser', 'label': '8645c4f2-142b-4d5f-8b63-abc49cae0a99', 'context': [<snowplow_tracker.self_describing_json.SelfDescribingJson object at 0x7f442aba4800>]}
[0m02:30:48.210448 [debug] [MainThread]: Sending event: {'category': 'dbt', 'action': 'load_project', 'label': '8645c4f2-142b-4d5f-8b63-abc49cae0a99', 'context': [<snowplow_tracker.self_describing_json.SelfDescribingJson object at 0x7f4428ec2900>]}
[0m02:30:48.326429 [debug] [MainThread]: Wrote artifact WritableManifest to /usr/app/lab9/target/manifest.json
[0m02:30:48.334032 [debug] [MainThread]: Wrote artifact SemanticManifest to /usr/app/lab9/target/semantic_manifest.json
[0m02:30:48.358744 [debug] [MainThread]: Sending event: {'category': 'dbt', 'action': 'resource_counts', 'label': '8645c4f2-142b-4d5f-8b63-abc49cae0a99', 'context': [<snowplow_tracker.self_describing_json.SelfDescribingJson object at 0x7f4428daf3b0>]}
[0m02:30:48.359994 [info ] [MainThread]: Found 15 models, 1 snapshot, 3 data tests, 2 seeds, 429 macros
[0m02:30:48.361258 [debug] [MainThread]: Sending event: {'category': 'dbt', 'action': 'runnable_timing', 'label': '8645c4f2-142b-4d5f-8b63-abc49cae0a99', 'context': [<snowplow_tracker.self_describing_json.SelfDescribingJson object at 0x7f442ad628d0>]}
[0m02:30:48.365138 [info ] [MainThread]: 
[0m02:30:48.366753 [info ] [MainThread]: Concurrency: 4 threads (target='dev')
[0m02:30:48.368189 [info ] [MainThread]: 
[0m02:30:48.370130 [debug] [MainThread]: Acquiring new postgres connection 'master'
[0m02:30:48.372425 [debug] [ThreadPool]: Acquiring new postgres connection 'list_lab9'
[0m02:30:48.413721 [debug] [ThreadPool]: Using postgres connection "list_lab9"
[0m02:30:48.415297 [debug] [ThreadPool]: On list_lab9: /* {"app": "dbt", "dbt_version": "1.9.0", "profile_name": "lab9", "target_name": "dev", "connection_name": "list_lab9"} */

    select distinct nspname from pg_namespace
  
[0m02:30:48.416491 [debug] [ThreadPool]: Opening a new connection, currently in state init
[0m02:30:48.424154 [debug] [ThreadPool]: SQL status: SELECT 7 in 0.008 seconds
[0m02:30:48.426493 [debug] [ThreadPool]: On list_lab9: Close
[0m02:30:48.428129 [debug] [ThreadPool]: Re-using an available connection from the pool (formerly list_lab9, now create_lab9_dbt_intermediate)
[0m02:30:48.429320 [debug] [ThreadPool]: Creating schema "database: "lab9"
schema: "dbt_intermediate"
"
[0m02:30:48.435133 [debug] [ThreadPool]: Using postgres connection "create_lab9_dbt_intermediate"
[0m02:30:48.436199 [debug] [ThreadPool]: On create_lab9_dbt_intermediate: BEGIN
[0m02:30:48.437285 [debug] [ThreadPool]: Opening a new connection, currently in state closed
[0m02:30:48.443725 [debug] [ThreadPool]: SQL status: BEGIN in 0.006 seconds
[0m02:30:48.444963 [debug] [ThreadPool]: Using postgres connection "create_lab9_dbt_intermediate"
[0m02:30:48.446084 [debug] [ThreadPool]: On create_lab9_dbt_intermediate: /* {"app": "dbt", "dbt_version": "1.9.0", "profile_name": "lab9", "target_name": "dev", "connection_name": "create_lab9_dbt_intermediate"} */
create schema if not exists "dbt_intermediate"
[0m02:30:48.447562 [debug] [ThreadPool]: SQL status: CREATE SCHEMA in 0.000 seconds
[0m02:30:48.449283 [debug] [ThreadPool]: On create_lab9_dbt_intermediate: COMMIT
[0m02:30:48.450275 [debug] [ThreadPool]: Using postgres connection "create_lab9_dbt_intermediate"
[0m02:30:48.451225 [debug] [ThreadPool]: On create_lab9_dbt_intermediate: COMMIT
[0m02:30:48.453679 [debug] [ThreadPool]: SQL status: COMMIT in 0.002 seconds
[0m02:30:48.454621 [debug] [ThreadPool]: On create_lab9_dbt_intermediate: Close
[0m02:30:48.461327 [debug] [ThreadPool]: Re-using an available connection from the pool (formerly create_lab9_dbt_intermediate, now list_lab9_snapshots)
[0m02:30:48.463366 [debug] [ThreadPool]: Acquiring new postgres connection 'list_lab9_dbt'
[0m02:30:48.464348 [debug] [ThreadPool]: Acquiring new postgres connection 'list_lab9_dbt_intermediate'
[0m02:30:48.467164 [debug] [ThreadPool]: Acquiring new postgres connection 'list_lab9_dbt_staging'
[0m02:30:48.473178 [debug] [ThreadPool]: Using postgres connection "list_lab9_snapshots"
[0m02:30:48.475653 [debug] [ThreadPool]: Using postgres connection "list_lab9_dbt"
[0m02:30:48.478175 [debug] [ThreadPool]: Using postgres connection "list_lab9_dbt_intermediate"
[0m02:30:48.480634 [debug] [ThreadPool]: Using postgres connection "list_lab9_dbt_staging"
[0m02:30:48.481895 [debug] [ThreadPool]: On list_lab9_snapshots: BEGIN
[0m02:30:48.482892 [debug] [ThreadPool]: On list_lab9_dbt: BEGIN
[0m02:30:48.483966 [debug] [ThreadPool]: On list_lab9_dbt_intermediate: BEGIN
[0m02:30:48.485128 [debug] [ThreadPool]: On list_lab9_dbt_staging: BEGIN
[0m02:30:48.486156 [debug] [ThreadPool]: Opening a new connection, currently in state closed
[0m02:30:48.487181 [debug] [ThreadPool]: Opening a new connection, currently in state init
[0m02:30:48.488177 [debug] [ThreadPool]: Opening a new connection, currently in state init
[0m02:30:48.489065 [debug] [ThreadPool]: Opening a new connection, currently in state init
[0m02:30:48.496137 [debug] [ThreadPool]: SQL status: BEGIN in 0.010 seconds
[0m02:30:48.496598 [debug] [ThreadPool]: SQL status: BEGIN in 0.009 seconds
[0m02:30:48.497330 [debug] [ThreadPool]: SQL status: BEGIN in 0.009 seconds
[0m02:30:48.497742 [debug] [ThreadPool]: Using postgres connection "list_lab9_snapshots"
[0m02:30:48.498111 [debug] [ThreadPool]: SQL status: BEGIN in 0.009 seconds
[0m02:30:48.499234 [debug] [ThreadPool]: Using postgres connection "list_lab9_dbt"
[0m02:30:48.500408 [debug] [ThreadPool]: Using postgres connection "list_lab9_dbt_intermediate"
[0m02:30:48.501336 [debug] [ThreadPool]: On list_lab9_snapshots: /* {"app": "dbt", "dbt_version": "1.9.0", "profile_name": "lab9", "target_name": "dev", "connection_name": "list_lab9_snapshots"} */
select
      'lab9' as database,
      tablename as name,
      schemaname as schema,
      'table' as type
    from pg_tables
    where schemaname ilike 'snapshots'
    union all
    select
      'lab9' as database,
      viewname as name,
      schemaname as schema,
      'view' as type
    from pg_views
    where schemaname ilike 'snapshots'
    union all
    select
      'lab9' as database,
      matviewname as name,
      schemaname as schema,
      'materialized_view' as type
    from pg_matviews
    where schemaname ilike 'snapshots'
  
[0m02:30:48.502217 [debug] [ThreadPool]: Using postgres connection "list_lab9_dbt_staging"
[0m02:30:48.503492 [debug] [ThreadPool]: On list_lab9_dbt: /* {"app": "dbt", "dbt_version": "1.9.0", "profile_name": "lab9", "target_name": "dev", "connection_name": "list_lab9_dbt"} */
select
      'lab9' as database,
      tablename as name,
      schemaname as schema,
      'table' as type
    from pg_tables
    where schemaname ilike 'dbt'
    union all
    select
      'lab9' as database,
      viewname as name,
      schemaname as schema,
      'view' as type
    from pg_views
    where schemaname ilike 'dbt'
    union all
    select
      'lab9' as database,
      matviewname as name,
      schemaname as schema,
      'materialized_view' as type
    from pg_matviews
    where schemaname ilike 'dbt'
  
[0m02:30:48.504537 [debug] [ThreadPool]: On list_lab9_dbt_intermediate: /* {"app": "dbt", "dbt_version": "1.9.0", "profile_name": "lab9", "target_name": "dev", "connection_name": "list_lab9_dbt_intermediate"} */
select
      'lab9' as database,
      tablename as name,
      schemaname as schema,
      'table' as type
    from pg_tables
    where schemaname ilike 'dbt_intermediate'
    union all
    select
      'lab9' as database,
      viewname as name,
      schemaname as schema,
      'view' as type
    from pg_views
    where schemaname ilike 'dbt_intermediate'
    union all
    select
      'lab9' as database,
      matviewname as name,
      schemaname as schema,
      'materialized_view' as type
    from pg_matviews
    where schemaname ilike 'dbt_intermediate'
  
[0m02:30:48.506377 [debug] [ThreadPool]: On list_lab9_dbt_staging: /* {"app": "dbt", "dbt_version": "1.9.0", "profile_name": "lab9", "target_name": "dev", "connection_name": "list_lab9_dbt_staging"} */
select
      'lab9' as database,
      tablename as name,
      schemaname as schema,
      'table' as type
    from pg_tables
    where schemaname ilike 'dbt_staging'
    union all
    select
      'lab9' as database,
      viewname as name,
      schemaname as schema,
      'view' as type
    from pg_views
    where schemaname ilike 'dbt_staging'
    union all
    select
      'lab9' as database,
      matviewname as name,
      schemaname as schema,
      'materialized_view' as type
    from pg_matviews
    where schemaname ilike 'dbt_staging'
  
[0m02:30:48.508119 [debug] [ThreadPool]: SQL status: SELECT 0 in 0.002 seconds
[0m02:30:48.511118 [debug] [ThreadPool]: On list_lab9_snapshots: ROLLBACK
[0m02:30:48.511571 [debug] [ThreadPool]: SQL status: SELECT 2 in 0.004 seconds
[0m02:30:48.511944 [debug] [ThreadPool]: SQL status: SELECT 0 in 0.003 seconds
[0m02:30:48.512298 [debug] [ThreadPool]: SQL status: SELECT 2 in 0.003 seconds
[0m02:30:48.513263 [debug] [ThreadPool]: On list_lab9_snapshots: Close
[0m02:30:48.515120 [debug] [ThreadPool]: On list_lab9_dbt: ROLLBACK
[0m02:30:48.516973 [debug] [ThreadPool]: On list_lab9_dbt_intermediate: ROLLBACK
[0m02:30:48.518857 [debug] [ThreadPool]: On list_lab9_dbt_staging: ROLLBACK
[0m02:30:48.520352 [debug] [ThreadPool]: Re-using an available connection from the pool (formerly list_lab9_snapshots, now list_lab9_dbt_marts)
[0m02:30:48.521283 [debug] [ThreadPool]: On list_lab9_dbt: Close
[0m02:30:48.522150 [debug] [ThreadPool]: On list_lab9_dbt_intermediate: Close
[0m02:30:48.523190 [debug] [ThreadPool]: On list_lab9_dbt_staging: Close
[0m02:30:48.525862 [debug] [ThreadPool]: Using postgres connection "list_lab9_dbt_marts"
[0m02:30:48.530616 [debug] [ThreadPool]: On list_lab9_dbt_marts: BEGIN
[0m02:30:48.531556 [debug] [ThreadPool]: Opening a new connection, currently in state closed
[0m02:30:48.537818 [debug] [ThreadPool]: SQL status: BEGIN in 0.006 seconds
[0m02:30:48.538913 [debug] [ThreadPool]: Using postgres connection "list_lab9_dbt_marts"
[0m02:30:48.539900 [debug] [ThreadPool]: On list_lab9_dbt_marts: /* {"app": "dbt", "dbt_version": "1.9.0", "profile_name": "lab9", "target_name": "dev", "connection_name": "list_lab9_dbt_marts"} */
select
      'lab9' as database,
      tablename as name,
      schemaname as schema,
      'table' as type
    from pg_tables
    where schemaname ilike 'dbt_marts'
    union all
    select
      'lab9' as database,
      viewname as name,
      schemaname as schema,
      'view' as type
    from pg_views
    where schemaname ilike 'dbt_marts'
    union all
    select
      'lab9' as database,
      matviewname as name,
      schemaname as schema,
      'materialized_view' as type
    from pg_matviews
    where schemaname ilike 'dbt_marts'
  
[0m02:30:48.543340 [debug] [ThreadPool]: SQL status: SELECT 9 in 0.002 seconds
[0m02:30:48.545901 [debug] [ThreadPool]: On list_lab9_dbt_marts: ROLLBACK
[0m02:30:48.546938 [debug] [ThreadPool]: On list_lab9_dbt_marts: Close
[0m02:30:48.555600 [debug] [MainThread]: Using postgres connection "master"
[0m02:30:48.556816 [debug] [MainThread]: On master: BEGIN
[0m02:30:48.557903 [debug] [MainThread]: Opening a new connection, currently in state init
[0m02:30:48.564283 [debug] [MainThread]: SQL status: BEGIN in 0.006 seconds
[0m02:30:48.565582 [debug] [MainThread]: Using postgres connection "master"
[0m02:30:48.566572 [debug] [MainThread]: On master: /* {"app": "dbt", "dbt_version": "1.9.0", "profile_name": "lab9", "target_name": "dev", "connection_name": "master"} */
with relation as (
        select
            pg_rewrite.ev_class as class,
            pg_rewrite.oid as id
        from pg_rewrite
    ),
    class as (
        select
            oid as id,
            relname as name,
            relnamespace as schema,
            relkind as kind
        from pg_class
    ),
    dependency as (
        select distinct
            pg_depend.objid as id,
            pg_depend.refobjid as ref
        from pg_depend
    ),
    schema as (
        select
            pg_namespace.oid as id,
            pg_namespace.nspname as name
        from pg_namespace
        where nspname != 'information_schema' and nspname not like 'pg\_%'
    ),
    referenced as (
        select
            relation.id AS id,
            referenced_class.name ,
            referenced_class.schema ,
            referenced_class.kind
        from relation
        join class as referenced_class on relation.class=referenced_class.id
        where referenced_class.kind in ('r', 'v', 'm')
    ),
    relationships as (
        select
            referenced.name as referenced_name,
            referenced.schema as referenced_schema_id,
            dependent_class.name as dependent_name,
            dependent_class.schema as dependent_schema_id,
            referenced.kind as kind
        from referenced
        join dependency on referenced.id=dependency.id
        join class as dependent_class on dependency.ref=dependent_class.id
        where
            (referenced.name != dependent_class.name or
             referenced.schema != dependent_class.schema)
    )

    select
        referenced_schema.name as referenced_schema,
        relationships.referenced_name as referenced_name,
        dependent_schema.name as dependent_schema,
        relationships.dependent_name as dependent_name
    from relationships
    join schema as dependent_schema on relationships.dependent_schema_id=dependent_schema.id
    join schema as referenced_schema on relationships.referenced_schema_id=referenced_schema.id
    group by referenced_schema, referenced_name, dependent_schema, dependent_name
    order by referenced_schema, referenced_name, dependent_schema, dependent_name;
[0m02:30:48.572098 [debug] [MainThread]: SQL status: SELECT 2 in 0.004 seconds
[0m02:30:48.574933 [debug] [MainThread]: Sending event: {'category': 'dbt', 'action': 'runnable_timing', 'label': '8645c4f2-142b-4d5f-8b63-abc49cae0a99', 'context': [<snowplow_tracker.self_describing_json.SelfDescribingJson object at 0x7f442908f6e0>]}
[0m02:30:48.576125 [debug] [MainThread]: On master: ROLLBACK
[0m02:30:48.577537 [debug] [MainThread]: Using postgres connection "master"
[0m02:30:48.578524 [debug] [MainThread]: On master: BEGIN
[0m02:30:48.579827 [debug] [MainThread]: SQL status: BEGIN in 0.000 seconds
[0m02:30:48.580733 [debug] [MainThread]: On master: COMMIT
[0m02:30:48.581582 [debug] [MainThread]: Using postgres connection "master"
[0m02:30:48.582442 [debug] [MainThread]: On master: COMMIT
[0m02:30:48.583704 [debug] [MainThread]: SQL status: COMMIT in 0.000 seconds
[0m02:30:48.584630 [debug] [MainThread]: On master: Close
[0m02:30:48.588153 [debug] [Thread-1 (]: Began running node model.lab9.int_customer_source
[0m02:30:48.589609 [info ] [Thread-1 (]: 1 of 1 START sql view model dbt_intermediate.int_customer_source ............... [RUN]
[0m02:30:48.590993 [debug] [Thread-1 (]: Re-using an available connection from the pool (formerly list_lab9_dbt_marts, now model.lab9.int_customer_source)
[0m02:30:48.592223 [debug] [Thread-1 (]: Began compiling node model.lab9.int_customer_source
[0m02:30:48.601720 [debug] [Thread-1 (]: Writing injected SQL for node "model.lab9.int_customer_source"
[0m02:30:48.616558 [debug] [Thread-1 (]: Began executing node model.lab9.int_customer_source
[0m02:30:48.654200 [debug] [Thread-1 (]: Writing runtime sql for node "model.lab9.int_customer_source"
[0m02:30:48.667517 [debug] [Thread-1 (]: Using postgres connection "model.lab9.int_customer_source"
[0m02:30:48.668689 [debug] [Thread-1 (]: On model.lab9.int_customer_source: BEGIN
[0m02:30:48.669657 [debug] [Thread-1 (]: Opening a new connection, currently in state closed
[0m02:30:48.676280 [debug] [Thread-1 (]: SQL status: BEGIN in 0.007 seconds
[0m02:30:48.677659 [debug] [Thread-1 (]: Using postgres connection "model.lab9.int_customer_source"
[0m02:30:48.678806 [debug] [Thread-1 (]: On model.lab9.int_customer_source: /* {"app": "dbt", "dbt_version": "1.9.0", "profile_name": "lab9", "target_name": "dev", "node_id": "model.lab9.int_customer_source"} */

  create view "lab9"."dbt_intermediate"."int_customer_source__dbt_tmp"
    
    
  as (
    with batch as (
  select *
  from "lab9"."dbt_staging"."stg_coffee_sales"
  
  where sale_date < date '2031-04-15'
  
), ranked as (
  select
    customer_code, customer_name, gender, birth_year,
    sale_date as source_change_date,
    row_number() over (
      partition by customer_code, customer_name
      order by sale_date, sale_id
    ) as rn
  from batch
)
select customer_code, customer_name, gender, birth_year, source_change_date
from ranked
where rn=1
  );
[0m02:30:48.682233 [debug] [Thread-1 (]: SQL status: CREATE VIEW in 0.002 seconds
[0m02:30:48.689277 [debug] [Thread-1 (]: Using postgres connection "model.lab9.int_customer_source"
[0m02:30:48.690571 [debug] [Thread-1 (]: On model.lab9.int_customer_source: /* {"app": "dbt", "dbt_version": "1.9.0", "profile_name": "lab9", "target_name": "dev", "node_id": "model.lab9.int_customer_source"} */
alter table "lab9"."dbt_intermediate"."int_customer_source__dbt_tmp" rename to "int_customer_source"
[0m02:30:48.692121 [debug] [Thread-1 (]: SQL status: ALTER TABLE in 0.000 seconds
[0m02:30:48.707178 [debug] [Thread-1 (]: On model.lab9.int_customer_source: COMMIT
[0m02:30:48.708566 [debug] [Thread-1 (]: Using postgres connection "model.lab9.int_customer_source"
[0m02:30:48.709616 [debug] [Thread-1 (]: On model.lab9.int_customer_source: COMMIT
[0m02:30:48.712756 [debug] [Thread-1 (]: SQL status: COMMIT in 0.002 seconds
[0m02:30:48.721509 [debug] [Thread-1 (]: Applying DROP to: "lab9"."dbt_intermediate"."int_customer_source__dbt_backup"
[0m02:30:48.727387 [debug] [Thread-1 (]: Using postgres connection "model.lab9.int_customer_source"
[0m02:30:48.728552 [debug] [Thread-1 (]: On model.lab9.int_customer_source: /* {"app": "dbt", "dbt_version": "1.9.0", "profile_name": "lab9", "target_name": "dev", "node_id": "model.lab9.int_customer_source"} */
drop view if exists "lab9"."dbt_intermediate"."int_customer_source__dbt_backup" cascade
[0m02:30:48.730117 [debug] [Thread-1 (]: SQL status: DROP VIEW in 0.000 seconds
[0m02:30:48.733151 [debug] [Thread-1 (]: On model.lab9.int_customer_source: Close
[0m02:30:48.735883 [debug] [Thread-1 (]: Sending event: {'category': 'dbt', 'action': 'run_model', 'label': '8645c4f2-142b-4d5f-8b63-abc49cae0a99', 'context': [<snowplow_tracker.self_describing_json.SelfDescribingJson object at 0x7f442d23a1e0>]}
[0m02:30:48.737180 [info ] [Thread-1 (]: 1 of 1 OK created sql view model dbt_intermediate.int_customer_source .......... [[32mCREATE VIEW[0m in 0.14s]
[0m02:30:48.738703 [debug] [Thread-1 (]: Finished running node model.lab9.int_customer_source
[0m02:30:48.741811 [debug] [MainThread]: Using postgres connection "master"
[0m02:30:48.742882 [debug] [MainThread]: On master: BEGIN
[0m02:30:48.743953 [debug] [MainThread]: Opening a new connection, currently in state closed
[0m02:30:48.750111 [debug] [MainThread]: SQL status: BEGIN in 0.006 seconds
[0m02:30:48.751189 [debug] [MainThread]: On master: COMMIT
[0m02:30:48.752083 [debug] [MainThread]: Using postgres connection "master"
[0m02:30:48.753057 [debug] [MainThread]: On master: COMMIT
[0m02:30:48.754294 [debug] [MainThread]: SQL status: COMMIT in 0.000 seconds
[0m02:30:48.755650 [debug] [MainThread]: On master: Close
[0m02:30:48.757153 [debug] [MainThread]: Connection 'master' was properly closed.
[0m02:30:48.758176 [debug] [MainThread]: Connection 'model.lab9.int_customer_source' was properly closed.
[0m02:30:48.759154 [debug] [MainThread]: Connection 'list_lab9_dbt' was properly closed.
[0m02:30:48.760308 [debug] [MainThread]: Connection 'list_lab9_dbt_intermediate' was properly closed.
[0m02:30:48.761281 [debug] [MainThread]: Connection 'list_lab9_dbt_staging' was properly closed.
[0m02:30:48.762356 [info ] [MainThread]: 
[0m02:30:48.763845 [info ] [MainThread]: Finished running 1 view model in 0 hours 0 minutes and 0.39 seconds (0.39s).
[0m02:30:48.766586 [debug] [MainThread]: Command end result
[0m02:30:48.812178 [debug] [MainThread]: Wrote artifact WritableManifest to /usr/app/lab9/target/manifest.json
[0m02:30:48.818721 [debug] [MainThread]: Wrote artifact SemanticManifest to /usr/app/lab9/target/semantic_manifest.json
[0m02:30:48.830600 [debug] [MainThread]: Wrote artifact RunExecutionResult to /usr/app/lab9/target/run_results.json
[0m02:30:48.831846 [info ] [MainThread]: 
[0m02:30:48.833349 [info ] [MainThread]: [32mCompleted successfully[0m
[0m02:30:48.834879 [info ] [MainThread]: 
[0m02:30:48.836515 [info ] [MainThread]: Done. PASS=1 WARN=0 ERROR=0 SKIP=0 TOTAL=1
[0m02:30:48.838785 [debug] [MainThread]: Resource report: {"command_name": "run", "command_success": true, "command_wall_clock_time": 3.6349566, "process_in_blocks": "0", "process_kernel_time": 0.292428, "process_mem_max_rss": "115024", "process_out_blocks": "0", "process_user_time": 4.366261}
[0m02:30:48.840381 [debug] [MainThread]: Command `dbt run` succeeded at 02:30:48.840147 after 3.64 seconds
[0m02:30:48.841695 [debug] [MainThread]: Sending event: {'category': 'dbt', 'action': 'invocation', 'label': 'end', 'context': [<snowplow_tracker.self_describing_json.SelfDescribingJson object at 0x7f442c782810>, <snowplow_tracker.self_describing_json.SelfDescribingJson object at 0x7f442a9f6ea0>, <snowplow_tracker.self_describing_json.SelfDescribingJson object at 0x7f442c656e40>]}
[0m02:30:48.842929 [debug] [MainThread]: Flushing usage events
[0m02:30:49.952646 [debug] [MainThread]: An error was encountered while trying to flush usage events
[0m02:30:58.531785 [debug] [MainThread]: Sending event: {'category': 'dbt', 'action': 'invocation', 'label': 'start', 'context': [<snowplow_tracker.self_describing_json.SelfDescribingJson object at 0x7f4f6dbe23f0>, <snowplow_tracker.self_describing_json.SelfDescribingJson object at 0x7f4f6dbe2300>, <snowplow_tracker.self_describing_json.SelfDescribingJson object at 0x7f4f6db58bf0>]}


============================== 02:30:58.536102 | f1e4cee4-c34c-4750-9d09-59c9da65c73e ==============================
[0m02:30:58.536102 [info ] [MainThread]: Running with dbt=1.9.0
[0m02:30:58.537921 [debug] [MainThread]: running dbt with arguments {'printer_width': '80', 'indirect_selection': 'eager', 'write_json': 'True', 'log_cache_events': 'False', 'partial_parse': 'True', 'cache_selected_only': 'False', 'warn_error': 'None', 'fail_fast': 'False', 'profiles_dir': '/root/.dbt', 'log_path': '/usr/app/lab9/logs', 'version_check': 'True', 'debug': 'False', 'use_colors': 'True', 'use_experimental_parser': 'False', 'empty': 'False', 'quiet': 'False', 'no_print': 'None', 'warn_error_options': 'WarnErrorOptions(include=[], exclude=[])', 'static_parser': 'True', 'invocation_command': "dbt snapshot --select snap_customer_scd --vars {'load_batch': 'initial'}", 'introspect': 'True', 'target_path': 'None', 'log_format': 'default', 'send_anonymous_usage_stats': 'True'}
[0m02:30:58.727777 [debug] [MainThread]: Sending event: {'category': 'dbt', 'action': 'project_id', 'label': 'f1e4cee4-c34c-4750-9d09-59c9da65c73e', 'context': [<snowplow_tracker.self_describing_json.SelfDescribingJson object at 0x7f4f6d2dc830>]}
[0m02:30:58.793840 [debug] [MainThread]: Sending event: {'category': 'dbt', 'action': 'adapter_info', 'label': 'f1e4cee4-c34c-4750-9d09-59c9da65c73e', 'context': [<snowplow_tracker.self_describing_json.SelfDescribingJson object at 0x7f4f6d495880>]}
[0m02:30:58.795829 [info ] [MainThread]: Registered adapter: postgres=1.9.0
[0m02:30:58.877803 [debug] [MainThread]: checksum: 7b04af403bf2aeb3df8cafda10c329bfccbd9d03498262178a0c87e0e69e199e, vars: {'load_batch': 'initial'}, profile: , target: , version: 1.9.0
[0m02:30:59.342971 [debug] [MainThread]: Partial parsing enabled: 0 files deleted, 0 files added, 0 files changed.
[0m02:30:59.344464 [debug] [MainThread]: Partial parsing enabled, no changes found, skipping parsing
[0m02:30:59.418382 [debug] [MainThread]: Sending event: {'category': 'dbt', 'action': 'load_project', 'label': 'f1e4cee4-c34c-4750-9d09-59c9da65c73e', 'context': [<snowplow_tracker.self_describing_json.SelfDescribingJson object at 0x7f4f6d7d9b80>]}
[0m02:30:59.535207 [debug] [MainThread]: Wrote artifact WritableManifest to /usr/app/lab9/target/manifest.json
[0m02:30:59.541734 [debug] [MainThread]: Wrote artifact SemanticManifest to /usr/app/lab9/target/semantic_manifest.json
[0m02:30:59.567669 [debug] [MainThread]: Sending event: {'category': 'dbt', 'action': 'resource_counts', 'label': 'f1e4cee4-c34c-4750-9d09-59c9da65c73e', 'context': [<snowplow_tracker.self_describing_json.SelfDescribingJson object at 0x7f4f6b746180>]}
[0m02:30:59.569050 [info ] [MainThread]: Found 15 models, 1 snapshot, 3 data tests, 2 seeds, 429 macros
[0m02:30:59.570357 [debug] [MainThread]: Sending event: {'category': 'dbt', 'action': 'runnable_timing', 'label': 'f1e4cee4-c34c-4750-9d09-59c9da65c73e', 'context': [<snowplow_tracker.self_describing_json.SelfDescribingJson object at 0x7f4f6d495d90>]}
[0m02:30:59.573529 [info ] [MainThread]: 
[0m02:30:59.574830 [info ] [MainThread]: Concurrency: 4 threads (target='dev')
[0m02:30:59.576454 [info ] [MainThread]: 
[0m02:30:59.578453 [debug] [MainThread]: Acquiring new postgres connection 'master'
[0m02:30:59.580764 [debug] [ThreadPool]: Acquiring new postgres connection 'list_lab9'
[0m02:30:59.625535 [debug] [ThreadPool]: Using postgres connection "list_lab9"
[0m02:30:59.626986 [debug] [ThreadPool]: On list_lab9: /* {"app": "dbt", "dbt_version": "1.9.0", "profile_name": "lab9", "target_name": "dev", "connection_name": "list_lab9"} */

    select distinct nspname from pg_namespace
  
[0m02:30:59.628138 [debug] [ThreadPool]: Opening a new connection, currently in state init
[0m02:30:59.637091 [debug] [ThreadPool]: SQL status: SELECT 8 in 0.009 seconds
[0m02:30:59.640022 [debug] [ThreadPool]: On list_lab9: Close
[0m02:30:59.641833 [debug] [ThreadPool]: Re-using an available connection from the pool (formerly list_lab9, now create_lab9_snapshots)
[0m02:30:59.643028 [debug] [ThreadPool]: Creating schema "database: "lab9"
schema: "snapshots"
"
[0m02:30:59.649044 [debug] [ThreadPool]: Using postgres connection "create_lab9_snapshots"
[0m02:30:59.650115 [debug] [ThreadPool]: On create_lab9_snapshots: BEGIN
[0m02:30:59.651164 [debug] [ThreadPool]: Opening a new connection, currently in state closed
[0m02:30:59.657389 [debug] [ThreadPool]: SQL status: BEGIN in 0.006 seconds
[0m02:30:59.658869 [debug] [ThreadPool]: Using postgres connection "create_lab9_snapshots"
[0m02:30:59.660029 [debug] [ThreadPool]: On create_lab9_snapshots: /* {"app": "dbt", "dbt_version": "1.9.0", "profile_name": "lab9", "target_name": "dev", "connection_name": "create_lab9_snapshots"} */
create schema if not exists "snapshots"
[0m02:30:59.661776 [debug] [ThreadPool]: SQL status: CREATE SCHEMA in 0.001 seconds
[0m02:30:59.663536 [debug] [ThreadPool]: On create_lab9_snapshots: COMMIT
[0m02:30:59.664481 [debug] [ThreadPool]: Using postgres connection "create_lab9_snapshots"
[0m02:30:59.665535 [debug] [ThreadPool]: On create_lab9_snapshots: COMMIT
[0m02:30:59.668403 [debug] [ThreadPool]: SQL status: COMMIT in 0.002 seconds
[0m02:30:59.669234 [debug] [ThreadPool]: On create_lab9_snapshots: Close
[0m02:30:59.676200 [debug] [ThreadPool]: Re-using an available connection from the pool (formerly create_lab9_snapshots, now list_lab9_snapshots)
[0m02:30:59.676950 [debug] [ThreadPool]: Acquiring new postgres connection 'list_lab9_dbt_intermediate'
[0m02:30:59.677549 [debug] [ThreadPool]: Acquiring new postgres connection 'list_lab9_dbt'
[0m02:30:59.678235 [debug] [ThreadPool]: Acquiring new postgres connection 'list_lab9_dbt_marts'
[0m02:30:59.685097 [debug] [ThreadPool]: Using postgres connection "list_lab9_snapshots"
[0m02:30:59.688531 [debug] [ThreadPool]: Using postgres connection "list_lab9_dbt_intermediate"
[0m02:30:59.691303 [debug] [ThreadPool]: Using postgres connection "list_lab9_dbt"
[0m02:30:59.694092 [debug] [ThreadPool]: Using postgres connection "list_lab9_dbt_marts"
[0m02:30:59.695214 [debug] [ThreadPool]: On list_lab9_snapshots: BEGIN
[0m02:30:59.696377 [debug] [ThreadPool]: On list_lab9_dbt_intermediate: BEGIN
[0m02:30:59.697439 [debug] [ThreadPool]: On list_lab9_dbt: BEGIN
[0m02:30:59.698495 [debug] [ThreadPool]: On list_lab9_dbt_marts: BEGIN
[0m02:30:59.699500 [debug] [ThreadPool]: Opening a new connection, currently in state closed
[0m02:30:59.700370 [debug] [ThreadPool]: Opening a new connection, currently in state init
[0m02:30:59.701378 [debug] [ThreadPool]: Opening a new connection, currently in state init
[0m02:30:59.702281 [debug] [ThreadPool]: Opening a new connection, currently in state init
[0m02:30:59.709553 [debug] [ThreadPool]: SQL status: BEGIN in 0.010 seconds
[0m02:30:59.710006 [debug] [ThreadPool]: SQL status: BEGIN in 0.010 seconds
[0m02:30:59.710734 [debug] [ThreadPool]: SQL status: BEGIN in 0.009 seconds
[0m02:30:59.711092 [debug] [ThreadPool]: Using postgres connection "list_lab9_snapshots"
[0m02:30:59.711425 [debug] [ThreadPool]: SQL status: BEGIN in 0.009 seconds
[0m02:30:59.712500 [debug] [ThreadPool]: Using postgres connection "list_lab9_dbt_intermediate"
[0m02:30:59.713656 [debug] [ThreadPool]: Using postgres connection "list_lab9_dbt"
[0m02:30:59.714762 [debug] [ThreadPool]: On list_lab9_snapshots: /* {"app": "dbt", "dbt_version": "1.9.0", "profile_name": "lab9", "target_name": "dev", "connection_name": "list_lab9_snapshots"} */
select
      'lab9' as database,
      tablename as name,
      schemaname as schema,
      'table' as type
    from pg_tables
    where schemaname ilike 'snapshots'
    union all
    select
      'lab9' as database,
      viewname as name,
      schemaname as schema,
      'view' as type
    from pg_views
    where schemaname ilike 'snapshots'
    union all
    select
      'lab9' as database,
      matviewname as name,
      schemaname as schema,
      'materialized_view' as type
    from pg_matviews
    where schemaname ilike 'snapshots'
  
[0m02:30:59.715789 [debug] [ThreadPool]: Using postgres connection "list_lab9_dbt_marts"
[0m02:30:59.716873 [debug] [ThreadPool]: On list_lab9_dbt_intermediate: /* {"app": "dbt", "dbt_version": "1.9.0", "profile_name": "lab9", "target_name": "dev", "connection_name": "list_lab9_dbt_intermediate"} */
select
      'lab9' as database,
      tablename as name,
      schemaname as schema,
      'table' as type
    from pg_tables
    where schemaname ilike 'dbt_intermediate'
    union all
    select
      'lab9' as database,
      viewname as name,
      schemaname as schema,
      'view' as type
    from pg_views
    where schemaname ilike 'dbt_intermediate'
    union all
    select
      'lab9' as database,
      matviewname as name,
      schemaname as schema,
      'materialized_view' as type
    from pg_matviews
    where schemaname ilike 'dbt_intermediate'
  
[0m02:30:59.717925 [debug] [ThreadPool]: On list_lab9_dbt: /* {"app": "dbt", "dbt_version": "1.9.0", "profile_name": "lab9", "target_name": "dev", "connection_name": "list_lab9_dbt"} */
select
      'lab9' as database,
      tablename as name,
      schemaname as schema,
      'table' as type
    from pg_tables
    where schemaname ilike 'dbt'
    union all
    select
      'lab9' as database,
      viewname as name,
      schemaname as schema,
      'view' as type
    from pg_views
    where schemaname ilike 'dbt'
    union all
    select
      'lab9' as database,
      matviewname as name,
      schemaname as schema,
      'materialized_view' as type
    from pg_matviews
    where schemaname ilike 'dbt'
  
[0m02:30:59.719674 [debug] [ThreadPool]: On list_lab9_dbt_marts: /* {"app": "dbt", "dbt_version": "1.9.0", "profile_name": "lab9", "target_name": "dev", "connection_name": "list_lab9_dbt_marts"} */
select
      'lab9' as database,
      tablename as name,
      schemaname as schema,
      'table' as type
    from pg_tables
    where schemaname ilike 'dbt_marts'
    union all
    select
      'lab9' as database,
      viewname as name,
      schemaname as schema,
      'view' as type
    from pg_views
    where schemaname ilike 'dbt_marts'
    union all
    select
      'lab9' as database,
      matviewname as name,
      schemaname as schema,
      'materialized_view' as type
    from pg_matviews
    where schemaname ilike 'dbt_marts'
  
[0m02:30:59.721681 [debug] [ThreadPool]: SQL status: SELECT 0 in 0.003 seconds
[0m02:30:59.724556 [debug] [ThreadPool]: On list_lab9_snapshots: ROLLBACK
[0m02:30:59.724965 [debug] [ThreadPool]: SQL status: SELECT 1 in 0.004 seconds
[0m02:30:59.725388 [debug] [ThreadPool]: SQL status: SELECT 2 in 0.004 seconds
[0m02:30:59.725756 [debug] [ThreadPool]: SQL status: SELECT 9 in 0.003 seconds
[0m02:30:59.726561 [debug] [ThreadPool]: On list_lab9_snapshots: Close
[0m02:30:59.728618 [debug] [ThreadPool]: On list_lab9_dbt_intermediate: ROLLBACK
[0m02:30:59.730861 [debug] [ThreadPool]: On list_lab9_dbt: ROLLBACK
[0m02:30:59.733294 [debug] [ThreadPool]: On list_lab9_dbt_marts: ROLLBACK
[0m02:30:59.734770 [debug] [ThreadPool]: Re-using an available connection from the pool (formerly list_lab9_snapshots, now list_lab9_dbt_staging)
[0m02:30:59.735868 [debug] [ThreadPool]: On list_lab9_dbt_intermediate: Close
[0m02:30:59.736826 [debug] [ThreadPool]: On list_lab9_dbt: Close
[0m02:30:59.737847 [debug] [ThreadPool]: On list_lab9_dbt_marts: Close
[0m02:30:59.740357 [debug] [ThreadPool]: Using postgres connection "list_lab9_dbt_staging"
[0m02:30:59.747173 [debug] [ThreadPool]: On list_lab9_dbt_staging: BEGIN
[0m02:30:59.748250 [debug] [ThreadPool]: Opening a new connection, currently in state closed
[0m02:30:59.754156 [debug] [ThreadPool]: SQL status: BEGIN in 0.006 seconds
[0m02:30:59.755434 [debug] [ThreadPool]: Using postgres connection "list_lab9_dbt_staging"
[0m02:30:59.756412 [debug] [ThreadPool]: On list_lab9_dbt_staging: /* {"app": "dbt", "dbt_version": "1.9.0", "profile_name": "lab9", "target_name": "dev", "connection_name": "list_lab9_dbt_staging"} */
select
      'lab9' as database,
      tablename as name,
      schemaname as schema,
      'table' as type
    from pg_tables
    where schemaname ilike 'dbt_staging'
    union all
    select
      'lab9' as database,
      viewname as name,
      schemaname as schema,
      'view' as type
    from pg_views
    where schemaname ilike 'dbt_staging'
    union all
    select
      'lab9' as database,
      matviewname as name,
      schemaname as schema,
      'materialized_view' as type
    from pg_matviews
    where schemaname ilike 'dbt_staging'
  
[0m02:30:59.759642 [debug] [ThreadPool]: SQL status: SELECT 2 in 0.002 seconds
[0m02:30:59.762130 [debug] [ThreadPool]: On list_lab9_dbt_staging: ROLLBACK
[0m02:30:59.763285 [debug] [ThreadPool]: On list_lab9_dbt_staging: Close
[0m02:30:59.771226 [debug] [MainThread]: Using postgres connection "master"
[0m02:30:59.772423 [debug] [MainThread]: On master: BEGIN
[0m02:30:59.773409 [debug] [MainThread]: Opening a new connection, currently in state init
[0m02:30:59.779819 [debug] [MainThread]: SQL status: BEGIN in 0.006 seconds
[0m02:30:59.781430 [debug] [MainThread]: Using postgres connection "master"
[0m02:30:59.782480 [debug] [MainThread]: On master: /* {"app": "dbt", "dbt_version": "1.9.0", "profile_name": "lab9", "target_name": "dev", "connection_name": "master"} */
with relation as (
        select
            pg_rewrite.ev_class as class,
            pg_rewrite.oid as id
        from pg_rewrite
    ),
    class as (
        select
            oid as id,
            relname as name,
            relnamespace as schema,
            relkind as kind
        from pg_class
    ),
    dependency as (
        select distinct
            pg_depend.objid as id,
            pg_depend.refobjid as ref
        from pg_depend
    ),
    schema as (
        select
            pg_namespace.oid as id,
            pg_namespace.nspname as name
        from pg_namespace
        where nspname != 'information_schema' and nspname not like 'pg\_%'
    ),
    referenced as (
        select
            relation.id AS id,
            referenced_class.name ,
            referenced_class.schema ,
            referenced_class.kind
        from relation
        join class as referenced_class on relation.class=referenced_class.id
        where referenced_class.kind in ('r', 'v', 'm')
    ),
    relationships as (
        select
            referenced.name as referenced_name,
            referenced.schema as referenced_schema_id,
            dependent_class.name as dependent_name,
            dependent_class.schema as dependent_schema_id,
            referenced.kind as kind
        from referenced
        join dependency on referenced.id=dependency.id
        join class as dependent_class on dependency.ref=dependent_class.id
        where
            (referenced.name != dependent_class.name or
             referenced.schema != dependent_class.schema)
    )

    select
        referenced_schema.name as referenced_schema,
        relationships.referenced_name as referenced_name,
        dependent_schema.name as dependent_schema,
        relationships.dependent_name as dependent_name
    from relationships
    join schema as dependent_schema on relationships.dependent_schema_id=dependent_schema.id
    join schema as referenced_schema on relationships.referenced_schema_id=referenced_schema.id
    group by referenced_schema, referenced_name, dependent_schema, dependent_name
    order by referenced_schema, referenced_name, dependent_schema, dependent_name;
[0m02:30:59.788144 [debug] [MainThread]: SQL status: SELECT 3 in 0.005 seconds
[0m02:30:59.791631 [debug] [MainThread]: Sending event: {'category': 'dbt', 'action': 'runnable_timing', 'label': 'f1e4cee4-c34c-4750-9d09-59c9da65c73e', 'context': [<snowplow_tracker.self_describing_json.SelfDescribingJson object at 0x7f4f6d33fc50>]}
[0m02:30:59.792873 [debug] [MainThread]: On master: ROLLBACK
[0m02:30:59.794122 [debug] [MainThread]: Using postgres connection "master"
[0m02:30:59.795013 [debug] [MainThread]: On master: BEGIN
[0m02:30:59.796478 [debug] [MainThread]: SQL status: BEGIN in 0.000 seconds
[0m02:30:59.797680 [debug] [MainThread]: On master: COMMIT
[0m02:30:59.798733 [debug] [MainThread]: Using postgres connection "master"
[0m02:30:59.799761 [debug] [MainThread]: On master: COMMIT
[0m02:30:59.800964 [debug] [MainThread]: SQL status: COMMIT in 0.000 seconds
[0m02:30:59.801974 [debug] [MainThread]: On master: Close
[0m02:30:59.807018 [debug] [Thread-1 (]: Began running node snapshot.lab9.snap_customer_scd
[0m02:30:59.808578 [info ] [Thread-1 (]: 1 of 1 START snapshot snapshots.snap_customer_scd .............................. [RUN]
[0m02:30:59.809925 [debug] [Thread-1 (]: Re-using an available connection from the pool (formerly list_lab9_dbt_staging, now snapshot.lab9.snap_customer_scd)
[0m02:30:59.811075 [debug] [Thread-1 (]: Began compiling node snapshot.lab9.snap_customer_scd
[0m02:30:59.820792 [debug] [Thread-1 (]: Began executing node snapshot.lab9.snap_customer_scd
[0m02:30:59.898635 [debug] [Thread-1 (]: Using postgres connection "snapshot.lab9.snap_customer_scd"
[0m02:30:59.900244 [debug] [Thread-1 (]: On snapshot.lab9.snap_customer_scd: /* {"app": "dbt", "dbt_version": "1.9.0", "profile_name": "lab9", "target_name": "dev", "node_id": "snapshot.lab9.snap_customer_scd"} */
select * from (
        
    

    select *,
        md5(coalesce(cast(customer_code as varchar ), '')
         || '|' || coalesce(cast(now()::timestamp without time zone as varchar ), '')
        ) as dbt_scd_id,
        now()::timestamp without time zone as dbt_updated_at,
        now()::timestamp without time zone as dbt_valid_from,
        
  
  coalesce(nullif(now()::timestamp without time zone, now()::timestamp without time zone), null)
  as dbt_valid_to
from (
        

select * from "lab9"."dbt_intermediate"."int_customer_source"
    ) sbq



    ) as __dbt_sbq
    where false
    limit 0

[0m02:30:59.901847 [debug] [Thread-1 (]: Opening a new connection, currently in state closed
[0m02:30:59.910204 [debug] [Thread-1 (]: SQL status: SELECT 0 in 0.008 seconds
[0m02:30:59.914393 [debug] [Thread-1 (]: Using postgres connection "snapshot.lab9.snap_customer_scd"
[0m02:30:59.915444 [debug] [Thread-1 (]: On snapshot.lab9.snap_customer_scd: /* {"app": "dbt", "dbt_version": "1.9.0", "profile_name": "lab9", "target_name": "dev", "node_id": "snapshot.lab9.snap_customer_scd"} */
select * from (
        select now()::timestamp without time zone as dbt_snapshot_time
    ) as __dbt_sbq
    where false
    limit 0

[0m02:30:59.916674 [debug] [Thread-1 (]: SQL status: SELECT 0 in 0.000 seconds
[0m02:30:59.917654 [debug] [Thread-1 (]: Writing runtime sql for node "snapshot.lab9.snap_customer_scd"
[0m02:30:59.927153 [debug] [Thread-1 (]: Using postgres connection "snapshot.lab9.snap_customer_scd"
[0m02:30:59.928277 [debug] [Thread-1 (]: On snapshot.lab9.snap_customer_scd: BEGIN
[0m02:30:59.929560 [debug] [Thread-1 (]: SQL status: BEGIN in 0.000 seconds
[0m02:30:59.930573 [debug] [Thread-1 (]: Using postgres connection "snapshot.lab9.snap_customer_scd"
[0m02:30:59.931569 [debug] [Thread-1 (]: On snapshot.lab9.snap_customer_scd: /* {"app": "dbt", "dbt_version": "1.9.0", "profile_name": "lab9", "target_name": "dev", "node_id": "snapshot.lab9.snap_customer_scd"} */

      
  
    

  create  table "lab9"."snapshots"."snap_customer_scd"
  
  
    as
  
  (
    
    

    select *,
        md5(coalesce(cast(customer_code as varchar ), '')
         || '|' || coalesce(cast(now()::timestamp without time zone as varchar ), '')
        ) as dbt_scd_id,
        now()::timestamp without time zone as dbt_updated_at,
        now()::timestamp without time zone as dbt_valid_from,
        
  
  coalesce(nullif(now()::timestamp without time zone, now()::timestamp without time zone), null)
  as dbt_valid_to
from (
        

select * from "lab9"."dbt_intermediate"."int_customer_source"
    ) sbq



  );
  
  
[0m02:30:59.940014 [debug] [Thread-1 (]: SQL status: SELECT 10 in 0.007 seconds
[0m02:30:59.958791 [debug] [Thread-1 (]: On snapshot.lab9.snap_customer_scd: COMMIT
[0m02:30:59.960226 [debug] [Thread-1 (]: Using postgres connection "snapshot.lab9.snap_customer_scd"
[0m02:30:59.961430 [debug] [Thread-1 (]: On snapshot.lab9.snap_customer_scd: COMMIT
[0m02:30:59.964488 [debug] [Thread-1 (]: SQL status: COMMIT in 0.002 seconds
[0m02:30:59.967483 [debug] [Thread-1 (]: On snapshot.lab9.snap_customer_scd: Close
[0m02:30:59.970080 [debug] [Thread-1 (]: Sending event: {'category': 'dbt', 'action': 'run_model', 'label': 'f1e4cee4-c34c-4750-9d09-59c9da65c73e', 'context': [<snowplow_tracker.self_describing_json.SelfDescribingJson object at 0x7f4f6f18e630>]}
[0m02:30:59.971903 [info ] [Thread-1 (]: 1 of 1 OK snapshotted snapshots.snap_customer_scd .............................. [[32mSELECT 10[0m in 0.16s]
[0m02:30:59.973441 [debug] [Thread-1 (]: Finished running node snapshot.lab9.snap_customer_scd
[0m02:30:59.976355 [debug] [MainThread]: Using postgres connection "master"
[0m02:30:59.977463 [debug] [MainThread]: On master: BEGIN
[0m02:30:59.978616 [debug] [MainThread]: Opening a new connection, currently in state closed
[0m02:30:59.985410 [debug] [MainThread]: SQL status: BEGIN in 0.007 seconds
[0m02:30:59.986898 [debug] [MainThread]: On master: COMMIT
[0m02:30:59.988066 [debug] [MainThread]: Using postgres connection "master"
[0m02:30:59.989567 [debug] [MainThread]: On master: COMMIT
[0m02:30:59.990879 [debug] [MainThread]: SQL status: COMMIT in 0.000 seconds
[0m02:30:59.991927 [debug] [MainThread]: On master: Close
[0m02:30:59.993274 [debug] [MainThread]: Connection 'master' was properly closed.
[0m02:30:59.994386 [debug] [MainThread]: Connection 'snapshot.lab9.snap_customer_scd' was properly closed.
[0m02:30:59.995533 [debug] [MainThread]: Connection 'list_lab9_dbt_intermediate' was properly closed.
[0m02:30:59.996520 [debug] [MainThread]: Connection 'list_lab9_dbt' was properly closed.
[0m02:30:59.997523 [debug] [MainThread]: Connection 'list_lab9_dbt_marts' was properly closed.
[0m02:30:59.998536 [info ] [MainThread]: 
[0m02:30:59.999924 [info ] [MainThread]: Finished running 1 snapshot in 0 hours 0 minutes and 0.42 seconds (0.42s).
[0m02:31:00.002347 [debug] [MainThread]: Command end result
[0m02:31:00.047242 [debug] [MainThread]: Wrote artifact WritableManifest to /usr/app/lab9/target/manifest.json
[0m02:31:00.053417 [debug] [MainThread]: Wrote artifact SemanticManifest to /usr/app/lab9/target/semantic_manifest.json
[0m02:31:00.065054 [debug] [MainThread]: Wrote artifact RunExecutionResult to /usr/app/lab9/target/run_results.json
[0m02:31:00.066216 [info ] [MainThread]: 
[0m02:31:00.067618 [info ] [MainThread]: [32mCompleted successfully[0m
[0m02:31:00.068902 [info ] [MainThread]: 
[0m02:31:00.070324 [info ] [MainThread]: Done. PASS=1 WARN=0 ERROR=0 SKIP=0 TOTAL=1
[0m02:31:00.072300 [debug] [MainThread]: Resource report: {"command_name": "snapshot", "command_success": true, "command_wall_clock_time": 1.6581243, "process_in_blocks": "8", "process_kernel_time": 0.222111, "process_mem_max_rss": "110192", "process_out_blocks": "0", "process_user_time": 2.200926}
[0m02:31:00.073574 [debug] [MainThread]: Command `dbt snapshot` succeeded at 02:31:00.073441 after 1.66 seconds
[0m02:31:00.074663 [debug] [MainThread]: Sending event: {'category': 'dbt', 'action': 'invocation', 'label': 'end', 'context': [<snowplow_tracker.self_describing_json.SelfDescribingJson object at 0x7f4f6e035010>, <snowplow_tracker.self_describing_json.SelfDescribingJson object at 0x7f4f6bbe1730>, <snowplow_tracker.self_describing_json.SelfDescribingJson object at 0x7f4f6def43b0>]}
[0m02:31:00.075721 [debug] [MainThread]: Flushing usage events
[0m02:31:01.081494 [debug] [MainThread]: An error was encountered while trying to flush usage events
[0m02:31:07.611193 [debug] [MainThread]: Sending event: {'category': 'dbt', 'action': 'invocation', 'label': 'start', 'context': [<snowplow_tracker.self_describing_json.SelfDescribingJson object at 0x7fcbbba48290>, <snowplow_tracker.self_describing_json.SelfDescribingJson object at 0x7fcbb9a6f3b0>, <snowplow_tracker.self_describing_json.SelfDescribingJson object at 0x7fcbba610f80>]}


============================== 02:31:07.615469 | 82190445-d26e-4256-a285-219777bd1116 ==============================
[0m02:31:07.615469 [info ] [MainThread]: Running with dbt=1.9.0
[0m02:31:07.617042 [debug] [MainThread]: running dbt with arguments {'printer_width': '80', 'indirect_selection': 'eager', 'log_cache_events': 'False', 'write_json': 'True', 'partial_parse': 'True', 'cache_selected_only': 'False', 'warn_error': 'None', 'fail_fast': 'False', 'version_check': 'True', 'log_path': '/usr/app/lab9/logs', 'profiles_dir': '/root/.dbt', 'debug': 'False', 'use_colors': 'True', 'use_experimental_parser': 'False', 'no_print': 'None', 'quiet': 'False', 'empty': 'False', 'warn_error_options': 'WarnErrorOptions(include=[], exclude=[])', 'static_parser': 'True', 'log_format': 'default', 'invocation_command': "dbt run --select dim_customer int_sales_batch fct_sales --vars {'load_batch': 'initial'}", 'target_path': 'None', 'introspect': 'True', 'send_anonymous_usage_stats': 'True'}
[0m02:31:07.810125 [debug] [MainThread]: Sending event: {'category': 'dbt', 'action': 'project_id', 'label': '82190445-d26e-4256-a285-219777bd1116', 'context': [<snowplow_tracker.self_describing_json.SelfDescribingJson object at 0x7fcbb9ac8cb0>]}
[0m02:31:07.876376 [debug] [MainThread]: Sending event: {'category': 'dbt', 'action': 'adapter_info', 'label': '82190445-d26e-4256-a285-219777bd1116', 'context': [<snowplow_tracker.self_describing_json.SelfDescribingJson object at 0x7fcbb9c6bf20>]}
[0m02:31:07.878388 [info ] [MainThread]: Registered adapter: postgres=1.9.0
[0m02:31:07.960627 [debug] [MainThread]: checksum: 7b04af403bf2aeb3df8cafda10c329bfccbd9d03498262178a0c87e0e69e199e, vars: {'load_batch': 'initial'}, profile: , target: , version: 1.9.0
[0m02:31:08.439004 [debug] [MainThread]: Partial parsing enabled: 0 files deleted, 0 files added, 0 files changed.
[0m02:31:08.440405 [debug] [MainThread]: Partial parsing enabled, no changes found, skipping parsing
[0m02:31:08.515889 [debug] [MainThread]: Sending event: {'category': 'dbt', 'action': 'load_project', 'label': '82190445-d26e-4256-a285-219777bd1116', 'context': [<snowplow_tracker.self_describing_json.SelfDescribingJson object at 0x7fcbb8157ef0>]}
[0m02:31:08.648243 [debug] [MainThread]: Wrote artifact WritableManifest to /usr/app/lab9/target/manifest.json
[0m02:31:08.656047 [debug] [MainThread]: Wrote artifact SemanticManifest to /usr/app/lab9/target/semantic_manifest.json
[0m02:31:08.685998 [debug] [MainThread]: Sending event: {'category': 'dbt', 'action': 'resource_counts', 'label': '82190445-d26e-4256-a285-219777bd1116', 'context': [<snowplow_tracker.self_describing_json.SelfDescribingJson object at 0x7fcbb7cdda60>]}
[0m02:31:08.687763 [info ] [MainThread]: Found 15 models, 1 snapshot, 3 data tests, 2 seeds, 429 macros
[0m02:31:08.689249 [debug] [MainThread]: Sending event: {'category': 'dbt', 'action': 'runnable_timing', 'label': '82190445-d26e-4256-a285-219777bd1116', 'context': [<snowplow_tracker.self_describing_json.SelfDescribingJson object at 0x7fcbb817bce0>]}
[0m02:31:08.693752 [info ] [MainThread]: 
[0m02:31:08.695619 [info ] [MainThread]: Concurrency: 4 threads (target='dev')
[0m02:31:08.697437 [info ] [MainThread]: 
[0m02:31:08.699687 [debug] [MainThread]: Acquiring new postgres connection 'master'
[0m02:31:08.707024 [debug] [ThreadPool]: Acquiring new postgres connection 'list_lab9'
[0m02:31:08.708014 [debug] [ThreadPool]: Acquiring new postgres connection 'list_lab9'
[0m02:31:08.759386 [debug] [ThreadPool]: Using postgres connection "list_lab9"
[0m02:31:08.760076 [debug] [ThreadPool]: Using postgres connection "list_lab9"
[0m02:31:08.761447 [debug] [ThreadPool]: On list_lab9: /* {"app": "dbt", "dbt_version": "1.9.0", "profile_name": "lab9", "target_name": "dev", "connection_name": "list_lab9"} */

    select distinct nspname from pg_namespace
  
[0m02:31:08.762550 [debug] [ThreadPool]: On list_lab9: /* {"app": "dbt", "dbt_version": "1.9.0", "profile_name": "lab9", "target_name": "dev", "connection_name": "list_lab9"} */

    select distinct nspname from pg_namespace
  
[0m02:31:08.763639 [debug] [ThreadPool]: Opening a new connection, currently in state init
[0m02:31:08.764543 [debug] [ThreadPool]: Opening a new connection, currently in state init
[0m02:31:08.773939 [debug] [ThreadPool]: SQL status: SELECT 9 in 0.009 seconds
[0m02:31:08.774426 [debug] [ThreadPool]: SQL status: SELECT 9 in 0.011 seconds
[0m02:31:08.776598 [debug] [ThreadPool]: On list_lab9: Close
[0m02:31:08.778856 [debug] [ThreadPool]: On list_lab9: Close
[0m02:31:08.783481 [debug] [ThreadPool]: Re-using an available connection from the pool (formerly list_lab9, now list_lab9_dbt_intermediate)
[0m02:31:08.784241 [debug] [ThreadPool]: Re-using an available connection from the pool (formerly list_lab9, now list_lab9_snapshots)
[0m02:31:08.784988 [debug] [ThreadPool]: Acquiring new postgres connection 'list_lab9_dbt_marts'
[0m02:31:08.785737 [debug] [ThreadPool]: Acquiring new postgres connection 'list_lab9_dbt_staging'
[0m02:31:08.791805 [debug] [ThreadPool]: Using postgres connection "list_lab9_dbt_intermediate"
[0m02:31:08.795433 [debug] [ThreadPool]: Using postgres connection "list_lab9_snapshots"
[0m02:31:08.798059 [debug] [ThreadPool]: Using postgres connection "list_lab9_dbt_marts"
[0m02:31:08.800764 [debug] [ThreadPool]: Using postgres connection "list_lab9_dbt_staging"
[0m02:31:08.801835 [debug] [ThreadPool]: On list_lab9_dbt_intermediate: BEGIN
[0m02:31:08.803048 [debug] [ThreadPool]: On list_lab9_snapshots: BEGIN
[0m02:31:08.804090 [debug] [ThreadPool]: On list_lab9_dbt_marts: BEGIN
[0m02:31:08.805024 [debug] [ThreadPool]: On list_lab9_dbt_staging: BEGIN
[0m02:31:08.805925 [debug] [ThreadPool]: Opening a new connection, currently in state closed
[0m02:31:08.807128 [debug] [ThreadPool]: Opening a new connection, currently in state closed
[0m02:31:08.808302 [debug] [ThreadPool]: Opening a new connection, currently in state init
[0m02:31:08.809219 [debug] [ThreadPool]: Opening a new connection, currently in state init
[0m02:31:08.816202 [debug] [ThreadPool]: SQL status: BEGIN in 0.010 seconds
[0m02:31:08.816831 [debug] [ThreadPool]: SQL status: BEGIN in 0.010 seconds
[0m02:31:08.817631 [debug] [ThreadPool]: SQL status: BEGIN in 0.009 seconds
[0m02:31:08.818014 [debug] [ThreadPool]: Using postgres connection "list_lab9_dbt_intermediate"
[0m02:31:08.818949 [debug] [ThreadPool]: SQL status: BEGIN in 0.010 seconds
[0m02:31:08.819589 [debug] [ThreadPool]: Using postgres connection "list_lab9_snapshots"
[0m02:31:08.820536 [debug] [ThreadPool]: Using postgres connection "list_lab9_dbt_marts"
[0m02:31:08.821550 [debug] [ThreadPool]: On list_lab9_dbt_intermediate: /* {"app": "dbt", "dbt_version": "1.9.0", "profile_name": "lab9", "target_name": "dev", "connection_name": "list_lab9_dbt_intermediate"} */
select
      'lab9' as database,
      tablename as name,
      schemaname as schema,
      'table' as type
    from pg_tables
    where schemaname ilike 'dbt_intermediate'
    union all
    select
      'lab9' as database,
      viewname as name,
      schemaname as schema,
      'view' as type
    from pg_views
    where schemaname ilike 'dbt_intermediate'
    union all
    select
      'lab9' as database,
      matviewname as name,
      schemaname as schema,
      'materialized_view' as type
    from pg_matviews
    where schemaname ilike 'dbt_intermediate'
  
[0m02:31:08.822688 [debug] [ThreadPool]: Using postgres connection "list_lab9_dbt_staging"
[0m02:31:08.823879 [debug] [ThreadPool]: On list_lab9_snapshots: /* {"app": "dbt", "dbt_version": "1.9.0", "profile_name": "lab9", "target_name": "dev", "connection_name": "list_lab9_snapshots"} */
select
      'lab9' as database,
      tablename as name,
      schemaname as schema,
      'table' as type
    from pg_tables
    where schemaname ilike 'snapshots'
    union all
    select
      'lab9' as database,
      viewname as name,
      schemaname as schema,
      'view' as type
    from pg_views
    where schemaname ilike 'snapshots'
    union all
    select
      'lab9' as database,
      matviewname as name,
      schemaname as schema,
      'materialized_view' as type
    from pg_matviews
    where schemaname ilike 'snapshots'
  
[0m02:31:08.824969 [debug] [ThreadPool]: On list_lab9_dbt_marts: /* {"app": "dbt", "dbt_version": "1.9.0", "profile_name": "lab9", "target_name": "dev", "connection_name": "list_lab9_dbt_marts"} */
select
      'lab9' as database,
      tablename as name,
      schemaname as schema,
      'table' as type
    from pg_tables
    where schemaname ilike 'dbt_marts'
    union all
    select
      'lab9' as database,
      viewname as name,
      schemaname as schema,
      'view' as type
    from pg_views
    where schemaname ilike 'dbt_marts'
    union all
    select
      'lab9' as database,
      matviewname as name,
      schemaname as schema,
      'materialized_view' as type
    from pg_matviews
    where schemaname ilike 'dbt_marts'
  
[0m02:31:08.826831 [debug] [ThreadPool]: On list_lab9_dbt_staging: /* {"app": "dbt", "dbt_version": "1.9.0", "profile_name": "lab9", "target_name": "dev", "connection_name": "list_lab9_dbt_staging"} */
select
      'lab9' as database,
      tablename as name,
      schemaname as schema,
      'table' as type
    from pg_tables
    where schemaname ilike 'dbt_staging'
    union all
    select
      'lab9' as database,
      viewname as name,
      schemaname as schema,
      'view' as type
    from pg_views
    where schemaname ilike 'dbt_staging'
    union all
    select
      'lab9' as database,
      matviewname as name,
      schemaname as schema,
      'materialized_view' as type
    from pg_matviews
    where schemaname ilike 'dbt_staging'
  
[0m02:31:08.828651 [debug] [ThreadPool]: SQL status: SELECT 1 in 0.003 seconds
[0m02:31:08.831866 [debug] [ThreadPool]: On list_lab9_dbt_intermediate: ROLLBACK
[0m02:31:08.832262 [debug] [ThreadPool]: SQL status: SELECT 1 in 0.004 seconds
[0m02:31:08.832641 [debug] [ThreadPool]: SQL status: SELECT 9 in 0.004 seconds
[0m02:31:08.832951 [debug] [ThreadPool]: SQL status: SELECT 2 in 0.003 seconds
[0m02:31:08.833661 [debug] [ThreadPool]: On list_lab9_dbt_intermediate: Close
[0m02:31:08.835541 [debug] [ThreadPool]: On list_lab9_snapshots: ROLLBACK
[0m02:31:08.837789 [debug] [ThreadPool]: On list_lab9_dbt_marts: ROLLBACK
[0m02:31:08.840117 [debug] [ThreadPool]: On list_lab9_dbt_staging: ROLLBACK
[0m02:31:08.841635 [debug] [ThreadPool]: Re-using an available connection from the pool (formerly list_lab9_dbt_intermediate, now list_lab9_dbt)
[0m02:31:08.842995 [debug] [ThreadPool]: On list_lab9_snapshots: Close
[0m02:31:08.844052 [debug] [ThreadPool]: On list_lab9_dbt_marts: Close
[0m02:31:08.845118 [debug] [ThreadPool]: On list_lab9_dbt_staging: Close
[0m02:31:08.847845 [debug] [ThreadPool]: Using postgres connection "list_lab9_dbt"
[0m02:31:08.853863 [debug] [ThreadPool]: On list_lab9_dbt: BEGIN
[0m02:31:08.854827 [debug] [ThreadPool]: Opening a new connection, currently in state closed
[0m02:31:08.860975 [debug] [ThreadPool]: SQL status: BEGIN in 0.006 seconds
[0m02:31:08.862286 [debug] [ThreadPool]: Using postgres connection "list_lab9_dbt"
[0m02:31:08.863408 [debug] [ThreadPool]: On list_lab9_dbt: /* {"app": "dbt", "dbt_version": "1.9.0", "profile_name": "lab9", "target_name": "dev", "connection_name": "list_lab9_dbt"} */
select
      'lab9' as database,
      tablename as name,
      schemaname as schema,
      'table' as type
    from pg_tables
    where schemaname ilike 'dbt'
    union all
    select
      'lab9' as database,
      viewname as name,
      schemaname as schema,
      'view' as type
    from pg_views
    where schemaname ilike 'dbt'
    union all
    select
      'lab9' as database,
      matviewname as name,
      schemaname as schema,
      'materialized_view' as type
    from pg_matviews
    where schemaname ilike 'dbt'
  
[0m02:31:08.866729 [debug] [ThreadPool]: SQL status: SELECT 2 in 0.002 seconds
[0m02:31:08.869153 [debug] [ThreadPool]: On list_lab9_dbt: ROLLBACK
[0m02:31:08.870238 [debug] [ThreadPool]: On list_lab9_dbt: Close
[0m02:31:08.877418 [debug] [MainThread]: Using postgres connection "master"
[0m02:31:08.878564 [debug] [MainThread]: On master: BEGIN
[0m02:31:08.879628 [debug] [MainThread]: Opening a new connection, currently in state init
[0m02:31:08.885836 [debug] [MainThread]: SQL status: BEGIN in 0.006 seconds
[0m02:31:08.887029 [debug] [MainThread]: Using postgres connection "master"
[0m02:31:08.888114 [debug] [MainThread]: On master: /* {"app": "dbt", "dbt_version": "1.9.0", "profile_name": "lab9", "target_name": "dev", "connection_name": "master"} */
with relation as (
        select
            pg_rewrite.ev_class as class,
            pg_rewrite.oid as id
        from pg_rewrite
    ),
    class as (
        select
            oid as id,
            relname as name,
            relnamespace as schema,
            relkind as kind
        from pg_class
    ),
    dependency as (
        select distinct
            pg_depend.objid as id,
            pg_depend.refobjid as ref
        from pg_depend
    ),
    schema as (
        select
            pg_namespace.oid as id,
            pg_namespace.nspname as name
        from pg_namespace
        where nspname != 'information_schema' and nspname not like 'pg\_%'
    ),
    referenced as (
        select
            relation.id AS id,
            referenced_class.name ,
            referenced_class.schema ,
            referenced_class.kind
        from relation
        join class as referenced_class on relation.class=referenced_class.id
        where referenced_class.kind in ('r', 'v', 'm')
    ),
    relationships as (
        select
            referenced.name as referenced_name,
            referenced.schema as referenced_schema_id,
            dependent_class.name as dependent_name,
            dependent_class.schema as dependent_schema_id,
            referenced.kind as kind
        from referenced
        join dependency on referenced.id=dependency.id
        join class as dependent_class on dependency.ref=dependent_class.id
        where
            (referenced.name != dependent_class.name or
             referenced.schema != dependent_class.schema)
    )

    select
        referenced_schema.name as referenced_schema,
        relationships.referenced_name as referenced_name,
        dependent_schema.name as dependent_schema,
        relationships.dependent_name as dependent_name
    from relationships
    join schema as dependent_schema on relationships.dependent_schema_id=dependent_schema.id
    join schema as referenced_schema on relationships.referenced_schema_id=referenced_schema.id
    group by referenced_schema, referenced_name, dependent_schema, dependent_name
    order by referenced_schema, referenced_name, dependent_schema, dependent_name;
[0m02:31:08.894072 [debug] [MainThread]: SQL status: SELECT 3 in 0.005 seconds
[0m02:31:08.897266 [debug] [MainThread]: Sending event: {'category': 'dbt', 'action': 'runnable_timing', 'label': '82190445-d26e-4256-a285-219777bd1116', 'context': [<snowplow_tracker.self_describing_json.SelfDescribingJson object at 0x7fcbb994f590>]}
[0m02:31:08.898550 [debug] [MainThread]: On master: ROLLBACK
[0m02:31:08.899805 [debug] [MainThread]: Using postgres connection "master"
[0m02:31:08.900743 [debug] [MainThread]: On master: BEGIN
[0m02:31:08.901971 [debug] [MainThread]: SQL status: BEGIN in 0.000 seconds
[0m02:31:08.903018 [debug] [MainThread]: On master: COMMIT
[0m02:31:08.903976 [debug] [MainThread]: Using postgres connection "master"
[0m02:31:08.905016 [debug] [MainThread]: On master: COMMIT
[0m02:31:08.906171 [debug] [MainThread]: SQL status: COMMIT in 0.000 seconds
[0m02:31:08.907249 [debug] [MainThread]: On master: Close
[0m02:31:08.912154 [debug] [Thread-1 (]: Began running node model.lab9.dim_customer
[0m02:31:08.912763 [debug] [Thread-2 (]: Began running node model.lab9.int_sales_batch
[0m02:31:08.913921 [info ] [Thread-1 (]: 1 of 3 START sql table model dbt_marts.dim_customer ............................ [RUN]
[0m02:31:08.915214 [info ] [Thread-2 (]: 2 of 3 START sql view model dbt_intermediate.int_sales_batch ................... [RUN]
[0m02:31:08.916763 [debug] [Thread-1 (]: Re-using an available connection from the pool (formerly list_lab9_dbt, now model.lab9.dim_customer)
[0m02:31:08.918037 [debug] [Thread-2 (]: Re-using an available connection from the pool (formerly list_lab9_dbt_staging, now model.lab9.int_sales_batch)
[0m02:31:08.919349 [debug] [Thread-1 (]: Began compiling node model.lab9.dim_customer
[0m02:31:08.920360 [debug] [Thread-2 (]: Began compiling node model.lab9.int_sales_batch
[0m02:31:08.930372 [debug] [Thread-1 (]: Writing injected SQL for node "model.lab9.dim_customer"
[0m02:31:08.935147 [debug] [Thread-2 (]: Writing injected SQL for node "model.lab9.int_sales_batch"
[0m02:31:08.942540 [debug] [Thread-1 (]: Began executing node model.lab9.dim_customer
[0m02:31:08.949340 [debug] [Thread-2 (]: Began executing node model.lab9.int_sales_batch
[0m02:31:09.001459 [debug] [Thread-2 (]: Writing runtime sql for node "model.lab9.int_sales_batch"
[0m02:31:09.004446 [debug] [Thread-1 (]: Writing runtime sql for node "model.lab9.dim_customer"
[0m02:31:09.012097 [debug] [Thread-1 (]: Using postgres connection "model.lab9.dim_customer"
[0m02:31:09.012686 [debug] [Thread-2 (]: Using postgres connection "model.lab9.int_sales_batch"
[0m02:31:09.013597 [debug] [Thread-1 (]: On model.lab9.dim_customer: BEGIN
[0m02:31:09.014962 [debug] [Thread-2 (]: On model.lab9.int_sales_batch: BEGIN
[0m02:31:09.016182 [debug] [Thread-1 (]: Opening a new connection, currently in state closed
[0m02:31:09.017192 [debug] [Thread-2 (]: Opening a new connection, currently in state closed
[0m02:31:09.024189 [debug] [Thread-1 (]: SQL status: BEGIN in 0.008 seconds
[0m02:31:09.024745 [debug] [Thread-2 (]: SQL status: BEGIN in 0.008 seconds
[0m02:31:09.025865 [debug] [Thread-1 (]: Using postgres connection "model.lab9.dim_customer"
[0m02:31:09.027026 [debug] [Thread-2 (]: Using postgres connection "model.lab9.int_sales_batch"
[0m02:31:09.028107 [debug] [Thread-1 (]: On model.lab9.dim_customer: /* {"app": "dbt", "dbt_version": "1.9.0", "profile_name": "lab9", "target_name": "dev", "node_id": "model.lab9.dim_customer"} */

  
    

  create  table "lab9"."dbt_marts"."dim_customer__dbt_tmp"
  
  
    as
  
  (
    

with versioned as (
  select
    customer_code, customer_name, gender, birth_year,
    source_change_date::date as start_date,
    lead(source_change_date::date) over (
      partition by customer_code
      order by source_change_date::date
    ) as next_start_date,
    dbt_valid_to
  from "lab9"."snapshots"."snap_customer_scd"
)
select
  md5(concat_ws('|',customer_code,start_date::text)) as customer_key,
  customer_code, customer_name, gender, birth_year, start_date,
  coalesce(next_start_date - 1,date '9999-12-31') as end_date,
  (dbt_valid_to is null) as is_current
from versioned
  );
  
[0m02:31:09.029393 [debug] [Thread-2 (]: On model.lab9.int_sales_batch: /* {"app": "dbt", "dbt_version": "1.9.0", "profile_name": "lab9", "target_name": "dev", "node_id": "model.lab9.int_sales_batch"} */

  create view "lab9"."dbt_intermediate"."int_sales_batch__dbt_tmp"
    
    
  as (
    select *
from "lab9"."dbt_staging"."stg_coffee_sales"

where sale_date < date '2031-04-15'

  );
[0m02:31:09.032949 [debug] [Thread-2 (]: SQL status: CREATE VIEW in 0.002 seconds
[0m02:31:09.042113 [debug] [Thread-2 (]: Using postgres connection "model.lab9.int_sales_batch"
[0m02:31:09.042574 [debug] [Thread-1 (]: SQL status: SELECT 10 in 0.012 seconds
[0m02:31:09.043427 [debug] [Thread-2 (]: On model.lab9.int_sales_batch: /* {"app": "dbt", "dbt_version": "1.9.0", "profile_name": "lab9", "target_name": "dev", "node_id": "model.lab9.int_sales_batch"} */
alter table "lab9"."dbt_intermediate"."int_sales_batch__dbt_tmp" rename to "int_sales_batch"
[0m02:31:09.046939 [debug] [Thread-1 (]: Using postgres connection "model.lab9.dim_customer"
[0m02:31:09.048848 [debug] [Thread-2 (]: SQL status: ALTER TABLE in 0.001 seconds
[0m02:31:09.049333 [debug] [Thread-1 (]: On model.lab9.dim_customer: /* {"app": "dbt", "dbt_version": "1.9.0", "profile_name": "lab9", "target_name": "dev", "node_id": "model.lab9.dim_customer"} */
alter table "lab9"."dbt_marts"."dim_customer__dbt_tmp" rename to "dim_customer"
[0m02:31:09.064738 [debug] [Thread-2 (]: On model.lab9.int_sales_batch: COMMIT
[0m02:31:09.065992 [debug] [Thread-1 (]: SQL status: ALTER TABLE in 0.001 seconds
[0m02:31:09.066695 [debug] [Thread-2 (]: Using postgres connection "model.lab9.int_sales_batch"
[0m02:31:09.072429 [debug] [Thread-1 (]: On model.lab9.dim_customer: COMMIT
[0m02:31:09.073591 [debug] [Thread-2 (]: On model.lab9.int_sales_batch: COMMIT
[0m02:31:09.074728 [debug] [Thread-1 (]: Using postgres connection "model.lab9.dim_customer"
[0m02:31:09.076491 [debug] [Thread-1 (]: On model.lab9.dim_customer: COMMIT
[0m02:31:09.077803 [debug] [Thread-2 (]: SQL status: COMMIT in 0.002 seconds
[0m02:31:09.078828 [debug] [Thread-1 (]: SQL status: COMMIT in 0.001 seconds
[0m02:31:09.085822 [debug] [Thread-2 (]: Applying DROP to: "lab9"."dbt_intermediate"."int_sales_batch__dbt_backup"
[0m02:31:09.089169 [debug] [Thread-1 (]: Applying DROP to: "lab9"."dbt_marts"."dim_customer__dbt_backup"
[0m02:31:09.096268 [debug] [Thread-2 (]: Using postgres connection "model.lab9.int_sales_batch"
[0m02:31:09.099679 [debug] [Thread-1 (]: Using postgres connection "model.lab9.dim_customer"
[0m02:31:09.100815 [debug] [Thread-2 (]: On model.lab9.int_sales_batch: /* {"app": "dbt", "dbt_version": "1.9.0", "profile_name": "lab9", "target_name": "dev", "node_id": "model.lab9.int_sales_batch"} */
drop view if exists "lab9"."dbt_intermediate"."int_sales_batch__dbt_backup" cascade
[0m02:31:09.101847 [debug] [Thread-1 (]: On model.lab9.dim_customer: /* {"app": "dbt", "dbt_version": "1.9.0", "profile_name": "lab9", "target_name": "dev", "node_id": "model.lab9.dim_customer"} */
drop table if exists "lab9"."dbt_marts"."dim_customer__dbt_backup" cascade
[0m02:31:09.103321 [debug] [Thread-2 (]: SQL status: DROP VIEW in 0.000 seconds
[0m02:31:09.104210 [debug] [Thread-1 (]: SQL status: DROP TABLE in 0.000 seconds
[0m02:31:09.107072 [debug] [Thread-2 (]: On model.lab9.int_sales_batch: Close
[0m02:31:09.109466 [debug] [Thread-1 (]: On model.lab9.dim_customer: Close
[0m02:31:09.112210 [debug] [Thread-2 (]: Sending event: {'category': 'dbt', 'action': 'run_model', 'label': '82190445-d26e-4256-a285-219777bd1116', 'context': [<snowplow_tracker.self_describing_json.SelfDescribingJson object at 0x7fcbbb74e660>]}
[0m02:31:09.113062 [debug] [Thread-1 (]: Sending event: {'category': 'dbt', 'action': 'run_model', 'label': '82190445-d26e-4256-a285-219777bd1116', 'context': [<snowplow_tracker.self_describing_json.SelfDescribingJson object at 0x7fcbb6757f50>]}
[0m02:31:09.114053 [info ] [Thread-2 (]: 2 of 3 OK created sql view model dbt_intermediate.int_sales_batch .............. [[32mCREATE VIEW[0m in 0.19s]
[0m02:31:09.115382 [info ] [Thread-1 (]: 1 of 3 OK created sql table model dbt_marts.dim_customer ....................... [[32mSELECT 10[0m in 0.20s]
[0m02:31:09.116891 [debug] [Thread-2 (]: Finished running node model.lab9.int_sales_batch
[0m02:31:09.118357 [debug] [Thread-1 (]: Finished running node model.lab9.dim_customer
[0m02:31:09.121536 [debug] [Thread-4 (]: Began running node model.lab9.fct_sales
[0m02:31:09.122827 [info ] [Thread-4 (]: 3 of 3 START sql incremental model dbt_marts.fct_sales ......................... [RUN]
[0m02:31:09.124492 [debug] [Thread-4 (]: Re-using an available connection from the pool (formerly list_lab9_snapshots, now model.lab9.fct_sales)
[0m02:31:09.126193 [debug] [Thread-4 (]: Began compiling node model.lab9.fct_sales
[0m02:31:09.137882 [debug] [Thread-4 (]: Writing injected SQL for node "model.lab9.fct_sales"
[0m02:31:09.147059 [debug] [Thread-4 (]: Began executing node model.lab9.fct_sales
[0m02:31:09.181145 [debug] [Thread-4 (]: Writing runtime sql for node "model.lab9.fct_sales"
[0m02:31:09.190177 [debug] [Thread-4 (]: Using postgres connection "model.lab9.fct_sales"
[0m02:31:09.191373 [debug] [Thread-4 (]: On model.lab9.fct_sales: BEGIN
[0m02:31:09.192486 [debug] [Thread-4 (]: Opening a new connection, currently in state closed
[0m02:31:09.199505 [debug] [Thread-4 (]: SQL status: BEGIN in 0.007 seconds
[0m02:31:09.200796 [debug] [Thread-4 (]: Using postgres connection "model.lab9.fct_sales"
[0m02:31:09.201741 [debug] [Thread-4 (]: On model.lab9.fct_sales: /* {"app": "dbt", "dbt_version": "1.9.0", "profile_name": "lab9", "target_name": "dev", "node_id": "model.lab9.fct_sales"} */

      
  
    

  create  table "lab9"."dbt_marts"."fct_sales"
  
  
    as
  
  (
    
select
  s.sale_id, s.invoice_number, d.date_key, c.customer_key,
  p.product_key, st.store_key, sf.staff_key, pr.promo_key,
  s.quantity, s.revenue, s.points_redeemed
from "lab9"."dbt_intermediate"."int_sales_batch" s
join "lab9"."dbt_marts"."dim_date" d on d.sale_date=s.sale_date
join "lab9"."dbt_marts"."dim_customer" c
  on c.customer_code=s.customer_code
 and s.sale_date between c.start_date and c.end_date
join "lab9"."dbt_marts"."dim_product" p on p.product_code=s.product_code and p.size=s.size
join "lab9"."dbt_marts"."dim_store" st on st.store_code=s.store_code
join "lab9"."dbt_marts"."dim_staff" sf on sf.staff_code=s.staff_code
left join "lab9"."dbt_marts"."dim_promotion" pr on pr.promo_code=s.promo_code

  );
  
  
[0m02:31:09.211781 [debug] [Thread-4 (]: SQL status: SELECT 40 in 0.009 seconds
[0m02:31:09.214745 [debug] [Thread-4 (]: On model.lab9.fct_sales: COMMIT
[0m02:31:09.215824 [debug] [Thread-4 (]: Using postgres connection "model.lab9.fct_sales"
[0m02:31:09.216783 [debug] [Thread-4 (]: On model.lab9.fct_sales: COMMIT
[0m02:31:09.219984 [debug] [Thread-4 (]: SQL status: COMMIT in 0.002 seconds
[0m02:31:09.221764 [debug] [Thread-4 (]: On model.lab9.fct_sales: Close
[0m02:31:09.223223 [debug] [Thread-4 (]: Sending event: {'category': 'dbt', 'action': 'run_model', 'label': '82190445-d26e-4256-a285-219777bd1116', 'context': [<snowplow_tracker.self_describing_json.SelfDescribingJson object at 0x7fcbb677af00>]}
[0m02:31:09.224683 [info ] [Thread-4 (]: 3 of 3 OK created sql incremental model dbt_marts.fct_sales .................... [[32mSELECT 40[0m in 0.10s]
[0m02:31:09.226153 [debug] [Thread-4 (]: Finished running node model.lab9.fct_sales
[0m02:31:09.229119 [debug] [MainThread]: Using postgres connection "master"
[0m02:31:09.230191 [debug] [MainThread]: On master: BEGIN
[0m02:31:09.231127 [debug] [MainThread]: Opening a new connection, currently in state closed
[0m02:31:09.237665 [debug] [MainThread]: SQL status: BEGIN in 0.006 seconds
[0m02:31:09.239645 [debug] [MainThread]: On master: COMMIT
[0m02:31:09.241006 [debug] [MainThread]: Using postgres connection "master"
[0m02:31:09.242351 [debug] [MainThread]: On master: COMMIT
[0m02:31:09.243647 [debug] [MainThread]: SQL status: COMMIT in 0.000 seconds
[0m02:31:09.244698 [debug] [MainThread]: On master: Close
[0m02:31:09.246088 [debug] [MainThread]: Connection 'master' was properly closed.
[0m02:31:09.247048 [debug] [MainThread]: Connection 'model.lab9.dim_customer' was properly closed.
[0m02:31:09.248314 [debug] [MainThread]: Connection 'model.lab9.fct_sales' was properly closed.
[0m02:31:09.249297 [debug] [MainThread]: Connection 'list_lab9_dbt_marts' was properly closed.
[0m02:31:09.250158 [debug] [MainThread]: Connection 'model.lab9.int_sales_batch' was properly closed.
[0m02:31:09.251156 [info ] [MainThread]: 
[0m02:31:09.252306 [info ] [MainThread]: Finished running 1 incremental model, 1 table model, 1 view model in 0 hours 0 minutes and 0.55 seconds (0.55s).
[0m02:31:09.254488 [debug] [MainThread]: Command end result
[0m02:31:09.298148 [debug] [MainThread]: Wrote artifact WritableManifest to /usr/app/lab9/target/manifest.json
[0m02:31:09.304956 [debug] [MainThread]: Wrote artifact SemanticManifest to /usr/app/lab9/target/semantic_manifest.json
[0m02:31:09.316103 [debug] [MainThread]: Wrote artifact RunExecutionResult to /usr/app/lab9/target/run_results.json
[0m02:31:09.317251 [info ] [MainThread]: 
[0m02:31:09.318691 [info ] [MainThread]: [32mCompleted successfully[0m
[0m02:31:09.320155 [info ] [MainThread]: 
[0m02:31:09.321765 [info ] [MainThread]: Done. PASS=3 WARN=0 ERROR=0 SKIP=0 TOTAL=3
[0m02:31:09.323877 [debug] [MainThread]: Resource report: {"command_name": "run", "command_success": true, "command_wall_clock_time": 1.8314662, "process_in_blocks": "0", "process_kernel_time": 0.36161, "process_mem_max_rss": "111832", "process_out_blocks": "0", "process_user_time": 2.129486}
[0m02:31:09.325289 [debug] [MainThread]: Command `dbt run` succeeded at 02:31:09.325120 after 1.83 seconds
[0m02:31:09.326354 [debug] [MainThread]: Sending event: {'category': 'dbt', 'action': 'invocation', 'label': 'end', 'context': [<snowplow_tracker.self_describing_json.SelfDescribingJson object at 0x7fcbba17e480>, <snowplow_tracker.self_describing_json.SelfDescribingJson object at 0x7fcbb99bbb60>, <snowplow_tracker.self_describing_json.SelfDescribingJson object at 0x7fcbba610f80>]}
[0m02:31:09.327546 [debug] [MainThread]: Flushing usage events
[0m02:31:10.350415 [debug] [MainThread]: An error was encountered while trying to flush usage events
[0m02:31:21.931970 [debug] [MainThread]: Sending event: {'category': 'dbt', 'action': 'invocation', 'label': 'start', 'context': [<snowplow_tracker.self_describing_json.SelfDescribingJson object at 0x7fcd33fea390>, <snowplow_tracker.self_describing_json.SelfDescribingJson object at 0x7fcd34120530>, <snowplow_tracker.self_describing_json.SelfDescribingJson object at 0x7fcd327a1130>]}


============================== 02:31:21.936030 | 3ba5c4db-6851-4f63-ab20-10a8905cf17e ==============================
[0m02:31:21.936030 [info ] [MainThread]: Running with dbt=1.9.0
[0m02:31:21.937392 [debug] [MainThread]: running dbt with arguments {'printer_width': '80', 'indirect_selection': 'eager', 'log_cache_events': 'False', 'write_json': 'True', 'partial_parse': 'True', 'cache_selected_only': 'False', 'profiles_dir': '/root/.dbt', 'fail_fast': 'False', 'warn_error': 'None', 'log_path': '/usr/app/lab9/logs', 'debug': 'False', 'version_check': 'True', 'use_colors': 'True', 'use_experimental_parser': 'False', 'empty': 'None', 'quiet': 'False', 'no_print': 'None', 'log_format': 'default', 'invocation_command': "dbt show --inline select count(*) as fact_rows from {{ ref('fct_sales') }}", 'introspect': 'True', 'static_parser': 'True', 'target_path': 'None', 'warn_error_options': 'WarnErrorOptions(include=[], exclude=[])', 'send_anonymous_usage_stats': 'True'}
[0m02:31:22.117898 [debug] [MainThread]: Sending event: {'category': 'dbt', 'action': 'project_id', 'label': '3ba5c4db-6851-4f63-ab20-10a8905cf17e', 'context': [<snowplow_tracker.self_describing_json.SelfDescribingJson object at 0x7fcd320fb740>]}
[0m02:31:22.184307 [debug] [MainThread]: Sending event: {'category': 'dbt', 'action': 'adapter_info', 'label': '3ba5c4db-6851-4f63-ab20-10a8905cf17e', 'context': [<snowplow_tracker.self_describing_json.SelfDescribingJson object at 0x7fcd30967890>]}
[0m02:31:22.204256 [info ] [MainThread]: Registered adapter: postgres=1.9.0
[0m02:31:22.294339 [debug] [MainThread]: checksum: c99e828bba267739642b5a3ce85f17518764ea526e0e6c4fdc649171c1a66bff, vars: {}, profile: , target: , version: 1.9.0
[0m02:31:22.428504 [info ] [MainThread]: Unable to do partial parsing because config vars, config profile, or config target have changed
[0m02:31:22.430124 [debug] [MainThread]: previous checksum: c99e828bba267739642b5a3ce85f17518764ea526e0e6c4fdc649171c1a66bff, current checksum: 7b04af403bf2aeb3df8cafda10c329bfccbd9d03498262178a0c87e0e69e199e
[0m02:31:22.431399 [debug] [MainThread]: Sending event: {'category': 'dbt', 'action': 'partial_parser', 'label': '3ba5c4db-6851-4f63-ab20-10a8905cf17e', 'context': [<snowplow_tracker.self_describing_json.SelfDescribingJson object at 0x7fcd32664110>]}
[0m02:31:24.348482 [debug] [MainThread]: Sending event: {'category': 'dbt', 'action': 'load_project', 'label': '3ba5c4db-6851-4f63-ab20-10a8905cf17e', 'context': [<snowplow_tracker.self_describing_json.SelfDescribingJson object at 0x7fcd2e966a50>]}
[0m02:31:24.487313 [debug] [MainThread]: Wrote artifact WritableManifest to /usr/app/lab9/target/manifest.json
[0m02:31:24.494403 [debug] [MainThread]: Wrote artifact SemanticManifest to /usr/app/lab9/target/semantic_manifest.json
[0m02:31:24.649316 [debug] [MainThread]: Sending event: {'category': 'dbt', 'action': 'resource_counts', 'label': '3ba5c4db-6851-4f63-ab20-10a8905cf17e', 'context': [<snowplow_tracker.self_describing_json.SelfDescribingJson object at 0x7fcd2ea0f4a0>]}
[0m02:31:24.650479 [info ] [MainThread]: Found 15 models, 1 snapshot, 3 data tests, 2 seeds, 1 sql operation, 429 macros
[0m02:31:24.651824 [debug] [MainThread]: Sending event: {'category': 'dbt', 'action': 'runnable_timing', 'label': '3ba5c4db-6851-4f63-ab20-10a8905cf17e', 'context': [<snowplow_tracker.self_describing_json.SelfDescribingJson object at 0x7fcd3312b050>]}
[0m02:31:24.655501 [info ] [MainThread]: 
[0m02:31:24.657153 [info ] [MainThread]: Concurrency: 4 threads (target='dev')
[0m02:31:24.658631 [info ] [MainThread]: 
[0m02:31:24.660230 [debug] [MainThread]: Acquiring new postgres connection 'master'
[0m02:31:24.667612 [debug] [ThreadPool]: Acquiring new postgres connection 'list_lab9_dbt'
[0m02:31:24.668612 [debug] [ThreadPool]: Acquiring new postgres connection 'list_lab9_dbt_staging'
[0m02:31:24.669716 [debug] [ThreadPool]: Acquiring new postgres connection 'list_lab9_snapshots'
[0m02:31:24.670718 [debug] [ThreadPool]: Acquiring new postgres connection 'list_lab9_dbt_intermediate'
[0m02:31:24.721496 [debug] [ThreadPool]: Using postgres connection "list_lab9_dbt"
[0m02:31:24.722003 [debug] [ThreadPool]: Using postgres connection "list_lab9_dbt_staging"
[0m02:31:24.722428 [debug] [ThreadPool]: Using postgres connection "list_lab9_snapshots"
[0m02:31:24.722782 [debug] [ThreadPool]: Using postgres connection "list_lab9_dbt_intermediate"
[0m02:31:24.723357 [debug] [ThreadPool]: On list_lab9_dbt: BEGIN
[0m02:31:24.724422 [debug] [ThreadPool]: On list_lab9_dbt_staging: BEGIN
[0m02:31:24.725457 [debug] [ThreadPool]: On list_lab9_snapshots: BEGIN
[0m02:31:24.726368 [debug] [ThreadPool]: On list_lab9_dbt_intermediate: BEGIN
[0m02:31:24.727454 [debug] [ThreadPool]: Opening a new connection, currently in state init
[0m02:31:24.728629 [debug] [ThreadPool]: Opening a new connection, currently in state init
[0m02:31:24.729621 [debug] [ThreadPool]: Opening a new connection, currently in state init
[0m02:31:24.730448 [debug] [ThreadPool]: Opening a new connection, currently in state init
[0m02:31:24.738434 [debug] [ThreadPool]: SQL status: BEGIN in 0.010 seconds
[0m02:31:24.738893 [debug] [ThreadPool]: SQL status: BEGIN in 0.011 seconds
[0m02:31:24.739258 [debug] [ThreadPool]: SQL status: BEGIN in 0.010 seconds
[0m02:31:24.739920 [debug] [ThreadPool]: SQL status: BEGIN in 0.009 seconds
[0m02:31:24.740263 [debug] [ThreadPool]: Using postgres connection "list_lab9_dbt_staging"
[0m02:31:24.741230 [debug] [ThreadPool]: Using postgres connection "list_lab9_dbt"
[0m02:31:24.742247 [debug] [ThreadPool]: Using postgres connection "list_lab9_snapshots"
[0m02:31:24.743382 [debug] [ThreadPool]: Using postgres connection "list_lab9_dbt_intermediate"
[0m02:31:24.744455 [debug] [ThreadPool]: On list_lab9_dbt_staging: /* {"app": "dbt", "dbt_version": "1.9.0", "profile_name": "lab9", "target_name": "dev", "connection_name": "list_lab9_dbt_staging"} */
select
      'lab9' as database,
      tablename as name,
      schemaname as schema,
      'table' as type
    from pg_tables
    where schemaname ilike 'dbt_staging'
    union all
    select
      'lab9' as database,
      viewname as name,
      schemaname as schema,
      'view' as type
    from pg_views
    where schemaname ilike 'dbt_staging'
    union all
    select
      'lab9' as database,
      matviewname as name,
      schemaname as schema,
      'materialized_view' as type
    from pg_matviews
    where schemaname ilike 'dbt_staging'
  
[0m02:31:24.745569 [debug] [ThreadPool]: On list_lab9_dbt: /* {"app": "dbt", "dbt_version": "1.9.0", "profile_name": "lab9", "target_name": "dev", "connection_name": "list_lab9_dbt"} */
select
      'lab9' as database,
      tablename as name,
      schemaname as schema,
      'table' as type
    from pg_tables
    where schemaname ilike 'dbt'
    union all
    select
      'lab9' as database,
      viewname as name,
      schemaname as schema,
      'view' as type
    from pg_views
    where schemaname ilike 'dbt'
    union all
    select
      'lab9' as database,
      matviewname as name,
      schemaname as schema,
      'materialized_view' as type
    from pg_matviews
    where schemaname ilike 'dbt'
  
[0m02:31:24.746651 [debug] [ThreadPool]: On list_lab9_snapshots: /* {"app": "dbt", "dbt_version": "1.9.0", "profile_name": "lab9", "target_name": "dev", "connection_name": "list_lab9_snapshots"} */
select
      'lab9' as database,
      tablename as name,
      schemaname as schema,
      'table' as type
    from pg_tables
    where schemaname ilike 'snapshots'
    union all
    select
      'lab9' as database,
      viewname as name,
      schemaname as schema,
      'view' as type
    from pg_views
    where schemaname ilike 'snapshots'
    union all
    select
      'lab9' as database,
      matviewname as name,
      schemaname as schema,
      'materialized_view' as type
    from pg_matviews
    where schemaname ilike 'snapshots'
  
[0m02:31:24.747649 [debug] [ThreadPool]: On list_lab9_dbt_intermediate: /* {"app": "dbt", "dbt_version": "1.9.0", "profile_name": "lab9", "target_name": "dev", "connection_name": "list_lab9_dbt_intermediate"} */
select
      'lab9' as database,
      tablename as name,
      schemaname as schema,
      'table' as type
    from pg_tables
    where schemaname ilike 'dbt_intermediate'
    union all
    select
      'lab9' as database,
      viewname as name,
      schemaname as schema,
      'view' as type
    from pg_views
    where schemaname ilike 'dbt_intermediate'
    union all
    select
      'lab9' as database,
      matviewname as name,
      schemaname as schema,
      'materialized_view' as type
    from pg_matviews
    where schemaname ilike 'dbt_intermediate'
  
[0m02:31:24.751929 [debug] [ThreadPool]: SQL status: SELECT 2 in 0.003 seconds
[0m02:31:24.752397 [debug] [ThreadPool]: SQL status: SELECT 2 in 0.004 seconds
[0m02:31:24.752812 [debug] [ThreadPool]: SQL status: SELECT 1 in 0.003 seconds
[0m02:31:24.753311 [debug] [ThreadPool]: SQL status: SELECT 2 in 0.002 seconds
[0m02:31:24.755006 [debug] [ThreadPool]: On list_lab9_dbt: ROLLBACK
[0m02:31:24.757190 [debug] [ThreadPool]: On list_lab9_dbt_staging: ROLLBACK
[0m02:31:24.759104 [debug] [ThreadPool]: On list_lab9_snapshots: ROLLBACK
[0m02:31:24.761156 [debug] [ThreadPool]: On list_lab9_dbt_intermediate: ROLLBACK
[0m02:31:24.762422 [debug] [ThreadPool]: On list_lab9_dbt: Close
[0m02:31:24.763412 [debug] [ThreadPool]: On list_lab9_dbt_staging: Close
[0m02:31:24.764315 [debug] [ThreadPool]: On list_lab9_snapshots: Close
[0m02:31:24.765404 [debug] [ThreadPool]: On list_lab9_dbt_intermediate: Close
[0m02:31:24.766697 [debug] [ThreadPool]: Re-using an available connection from the pool (formerly list_lab9_dbt, now list_lab9_dbt_marts)
[0m02:31:24.773368 [debug] [ThreadPool]: Using postgres connection "list_lab9_dbt_marts"
[0m02:31:24.774444 [debug] [ThreadPool]: On list_lab9_dbt_marts: BEGIN
[0m02:31:24.775675 [debug] [ThreadPool]: Opening a new connection, currently in state closed
[0m02:31:24.782019 [debug] [ThreadPool]: SQL status: BEGIN in 0.006 seconds
[0m02:31:24.783231 [debug] [ThreadPool]: Using postgres connection "list_lab9_dbt_marts"
[0m02:31:24.784390 [debug] [ThreadPool]: On list_lab9_dbt_marts: /* {"app": "dbt", "dbt_version": "1.9.0", "profile_name": "lab9", "target_name": "dev", "connection_name": "list_lab9_dbt_marts"} */
select
      'lab9' as database,
      tablename as name,
      schemaname as schema,
      'table' as type
    from pg_tables
    where schemaname ilike 'dbt_marts'
    union all
    select
      'lab9' as database,
      viewname as name,
      schemaname as schema,
      'view' as type
    from pg_views
    where schemaname ilike 'dbt_marts'
    union all
    select
      'lab9' as database,
      matviewname as name,
      schemaname as schema,
      'materialized_view' as type
    from pg_matviews
    where schemaname ilike 'dbt_marts'
  
[0m02:31:24.787681 [debug] [ThreadPool]: SQL status: SELECT 11 in 0.002 seconds
[0m02:31:24.790070 [debug] [ThreadPool]: On list_lab9_dbt_marts: ROLLBACK
[0m02:31:24.791150 [debug] [ThreadPool]: On list_lab9_dbt_marts: Close
[0m02:31:24.800326 [debug] [MainThread]: Using postgres connection "master"
[0m02:31:24.801431 [debug] [MainThread]: On master: BEGIN
[0m02:31:24.802463 [debug] [MainThread]: Opening a new connection, currently in state init
[0m02:31:24.809218 [debug] [MainThread]: SQL status: BEGIN in 0.007 seconds
[0m02:31:24.810543 [debug] [MainThread]: Using postgres connection "master"
[0m02:31:24.811749 [debug] [MainThread]: On master: /* {"app": "dbt", "dbt_version": "1.9.0", "profile_name": "lab9", "target_name": "dev", "connection_name": "master"} */
with relation as (
        select
            pg_rewrite.ev_class as class,
            pg_rewrite.oid as id
        from pg_rewrite
    ),
    class as (
        select
            oid as id,
            relname as name,
            relnamespace as schema,
            relkind as kind
        from pg_class
    ),
    dependency as (
        select distinct
            pg_depend.objid as id,
            pg_depend.refobjid as ref
        from pg_depend
    ),
    schema as (
        select
            pg_namespace.oid as id,
            pg_namespace.nspname as name
        from pg_namespace
        where nspname != 'information_schema' and nspname not like 'pg\_%'
    ),
    referenced as (
        select
            relation.id AS id,
            referenced_class.name ,
            referenced_class.schema ,
            referenced_class.kind
        from relation
        join class as referenced_class on relation.class=referenced_class.id
        where referenced_class.kind in ('r', 'v', 'm')
    ),
    relationships as (
        select
            referenced.name as referenced_name,
            referenced.schema as referenced_schema_id,
            dependent_class.name as dependent_name,
            dependent_class.schema as dependent_schema_id,
            referenced.kind as kind
        from referenced
        join dependency on referenced.id=dependency.id
        join class as dependent_class on dependency.ref=dependent_class.id
        where
            (referenced.name != dependent_class.name or
             referenced.schema != dependent_class.schema)
    )

    select
        referenced_schema.name as referenced_schema,
        relationships.referenced_name as referenced_name,
        dependent_schema.name as dependent_schema,
        relationships.dependent_name as dependent_name
    from relationships
    join schema as dependent_schema on relationships.dependent_schema_id=dependent_schema.id
    join schema as referenced_schema on relationships.referenced_schema_id=referenced_schema.id
    group by referenced_schema, referenced_name, dependent_schema, dependent_name
    order by referenced_schema, referenced_name, dependent_schema, dependent_name;
[0m02:31:24.818797 [debug] [MainThread]: SQL status: SELECT 4 in 0.006 seconds
[0m02:31:24.822178 [debug] [MainThread]: Sending event: {'category': 'dbt', 'action': 'runnable_timing', 'label': '3ba5c4db-6851-4f63-ab20-10a8905cf17e', 'context': [<snowplow_tracker.self_describing_json.SelfDescribingJson object at 0x7fcd3042c080>]}
[0m02:31:24.823336 [debug] [MainThread]: On master: ROLLBACK
[0m02:31:24.824477 [debug] [MainThread]: On master: Close
[0m02:31:24.829001 [debug] [Thread-1 (]: Began running node sql_operation.lab9.inline_query
[0m02:31:24.830258 [debug] [Thread-1 (]: Re-using an available connection from the pool (formerly list_lab9_dbt_marts, now sql_operation.lab9.inline_query)
[0m02:31:24.831402 [debug] [Thread-1 (]: Began compiling node sql_operation.lab9.inline_query
[0m02:31:24.839925 [debug] [Thread-1 (]: Writing injected SQL for node "sql_operation.lab9.inline_query"
[0m02:31:24.855535 [debug] [Thread-1 (]: Began executing node sql_operation.lab9.inline_query
[0m02:31:24.863436 [debug] [Thread-1 (]: Using postgres connection "sql_operation.lab9.inline_query"
[0m02:31:24.864698 [debug] [Thread-1 (]: On sql_operation.lab9.inline_query: /* {"app": "dbt", "dbt_version": "1.9.0", "profile_name": "lab9", "target_name": "dev", "node_id": "sql_operation.lab9.inline_query"} */

  
  select count(*) as fact_rows from "lab9"."dbt_marts"."fct_sales"
  
  limit 5

[0m02:31:24.865759 [debug] [Thread-1 (]: Opening a new connection, currently in state closed
[0m02:31:24.872496 [debug] [Thread-1 (]: SQL status: SELECT 1 in 0.007 seconds
[0m02:31:24.876018 [debug] [Thread-1 (]: On sql_operation.lab9.inline_query: Close
[0m02:31:24.877504 [debug] [Thread-1 (]: Finished running node sql_operation.lab9.inline_query
[0m02:31:24.880166 [debug] [MainThread]: Connection 'master' was properly closed.
[0m02:31:24.881100 [debug] [MainThread]: Connection 'sql_operation.lab9.inline_query' was properly closed.
[0m02:31:24.882024 [debug] [MainThread]: Connection 'list_lab9_dbt_staging' was properly closed.
[0m02:31:24.882992 [debug] [MainThread]: Connection 'list_lab9_snapshots' was properly closed.
[0m02:31:24.884090 [debug] [MainThread]: Connection 'list_lab9_dbt_intermediate' was properly closed.
[0m02:31:24.885509 [debug] [MainThread]: Command end result
[0m02:31:24.927564 [debug] [MainThread]: Wrote artifact WritableManifest to /usr/app/lab9/target/manifest.json
[0m02:31:24.933470 [debug] [MainThread]: Wrote artifact SemanticManifest to /usr/app/lab9/target/semantic_manifest.json
[0m02:31:24.945230 [debug] [MainThread]: Wrote artifact RunExecutionResult to /usr/app/lab9/target/run_results.json
[0m02:31:24.946560 [info ] [MainThread]: Previewing inline node:
| fact_rows |
| --------- |
|        40 |

[0m02:31:24.948520 [debug] [MainThread]: Resource report: {"command_name": "show", "command_success": true, "command_wall_clock_time": 3.1552205, "process_in_blocks": "16", "process_kernel_time": 0.350209, "process_mem_max_rss": "116668", "process_out_blocks": "0", "process_user_time": 3.752245}
[0m02:31:24.949820 [debug] [MainThread]: Command `dbt show` succeeded at 02:31:24.949685 after 3.16 seconds
[0m02:31:24.950839 [debug] [MainThread]: Sending event: {'category': 'dbt', 'action': 'invocation', 'label': 'end', 'context': [<snowplow_tracker.self_describing_json.SelfDescribingJson object at 0x7fcd323252e0>, <snowplow_tracker.self_describing_json.SelfDescribingJson object at 0x7fcd2e8969f0>, <snowplow_tracker.self_describing_json.SelfDescribingJson object at 0x7fcd2e7619d0>]}
[0m02:31:24.951883 [debug] [MainThread]: Flushing usage events
[0m02:31:26.076004 [debug] [MainThread]: An error was encountered while trying to flush usage events
[0m02:31:36.767666 [debug] [MainThread]: Sending event: {'category': 'dbt', 'action': 'invocation', 'label': 'start', 'context': [<snowplow_tracker.self_describing_json.SelfDescribingJson object at 0x7eff41e46330>, <snowplow_tracker.self_describing_json.SelfDescribingJson object at 0x7eff41cccbc0>, <snowplow_tracker.self_describing_json.SelfDescribingJson object at 0x7eff41ccc8c0>]}


============================== 02:31:36.772300 | a82b303a-7819-4609-86ef-c120225bf4b6 ==============================
[0m02:31:36.772300 [info ] [MainThread]: Running with dbt=1.9.0
[0m02:31:36.773769 [debug] [MainThread]: running dbt with arguments {'printer_width': '80', 'indirect_selection': 'eager', 'write_json': 'True', 'log_cache_events': 'False', 'partial_parse': 'True', 'cache_selected_only': 'False', 'warn_error': 'None', 'version_check': 'True', 'profiles_dir': '/root/.dbt', 'log_path': '/usr/app/lab9/logs', 'debug': 'False', 'fail_fast': 'False', 'use_colors': 'True', 'use_experimental_parser': 'False', 'no_print': 'None', 'quiet': 'False', 'empty': 'None', 'warn_error_options': 'WarnErrorOptions(include=[], exclude=[])', 'invocation_command': "dbt show --inline select count(*) as customer_rows from {{ ref('dim_customer') }}", 'introspect': 'True', 'log_format': 'default', 'target_path': 'None', 'static_parser': 'True', 'send_anonymous_usage_stats': 'True'}
[0m02:31:37.058270 [debug] [MainThread]: Sending event: {'category': 'dbt', 'action': 'project_id', 'label': 'a82b303a-7819-4609-86ef-c120225bf4b6', 'context': [<snowplow_tracker.self_describing_json.SelfDescribingJson object at 0x7eff3e6e1700>]}
[0m02:31:37.135922 [debug] [MainThread]: Sending event: {'category': 'dbt', 'action': 'adapter_info', 'label': 'a82b303a-7819-4609-86ef-c120225bf4b6', 'context': [<snowplow_tracker.self_describing_json.SelfDescribingJson object at 0x7eff400a8e00>]}
[0m02:31:37.158952 [info ] [MainThread]: Registered adapter: postgres=1.9.0
[0m02:31:37.276951 [debug] [MainThread]: checksum: c99e828bba267739642b5a3ce85f17518764ea526e0e6c4fdc649171c1a66bff, vars: {}, profile: , target: , version: 1.9.0
[0m02:31:37.925039 [debug] [MainThread]: Partial parsing enabled: 0 files deleted, 0 files added, 0 files changed.
[0m02:31:37.927775 [debug] [MainThread]: Partial parsing enabled, no changes found, skipping parsing
[0m02:31:38.046001 [debug] [MainThread]: Sending event: {'category': 'dbt', 'action': 'load_project', 'label': 'a82b303a-7819-4609-86ef-c120225bf4b6', 'context': [<snowplow_tracker.self_describing_json.SelfDescribingJson object at 0x7eff3ff77320>]}
[0m02:31:38.244944 [debug] [MainThread]: Wrote artifact WritableManifest to /usr/app/lab9/target/manifest.json
[0m02:31:38.255109 [debug] [MainThread]: Wrote artifact SemanticManifest to /usr/app/lab9/target/semantic_manifest.json
[0m02:31:38.557048 [debug] [MainThread]: Sending event: {'category': 'dbt', 'action': 'resource_counts', 'label': 'a82b303a-7819-4609-86ef-c120225bf4b6', 'context': [<snowplow_tracker.self_describing_json.SelfDescribingJson object at 0x7eff3e6b7710>]}
[0m02:31:38.559425 [info ] [MainThread]: Found 15 models, 1 snapshot, 3 data tests, 2 seeds, 1 sql operation, 429 macros
[0m02:31:38.561959 [debug] [MainThread]: Sending event: {'category': 'dbt', 'action': 'runnable_timing', 'label': 'a82b303a-7819-4609-86ef-c120225bf4b6', 'context': [<snowplow_tracker.self_describing_json.SelfDescribingJson object at 0x7eff3ffada90>]}
[0m02:31:38.569107 [info ] [MainThread]: 
[0m02:31:38.571509 [info ] [MainThread]: Concurrency: 4 threads (target='dev')
[0m02:31:38.574516 [info ] [MainThread]: 
[0m02:31:38.578059 [debug] [MainThread]: Acquiring new postgres connection 'master'
[0m02:31:38.591300 [debug] [ThreadPool]: Acquiring new postgres connection 'list_lab9_dbt_staging'
[0m02:31:38.592967 [debug] [ThreadPool]: Acquiring new postgres connection 'list_lab9_dbt_intermediate'
[0m02:31:38.594670 [debug] [ThreadPool]: Acquiring new postgres connection 'list_lab9_snapshots'
[0m02:31:38.597830 [debug] [ThreadPool]: Acquiring new postgres connection 'list_lab9_dbt'
[0m02:31:38.672554 [debug] [ThreadPool]: Using postgres connection "list_lab9_dbt_staging"
[0m02:31:38.673362 [debug] [ThreadPool]: Using postgres connection "list_lab9_dbt_intermediate"
[0m02:31:38.673889 [debug] [ThreadPool]: Using postgres connection "list_lab9_snapshots"
[0m02:31:38.674423 [debug] [ThreadPool]: Using postgres connection "list_lab9_dbt"
[0m02:31:38.675107 [debug] [ThreadPool]: On list_lab9_dbt_staging: BEGIN
[0m02:31:38.676181 [debug] [ThreadPool]: On list_lab9_dbt_intermediate: BEGIN
[0m02:31:38.677614 [debug] [ThreadPool]: On list_lab9_snapshots: BEGIN
[0m02:31:38.679622 [debug] [ThreadPool]: On list_lab9_dbt: BEGIN
[0m02:31:38.681117 [debug] [ThreadPool]: Opening a new connection, currently in state init
[0m02:31:38.682550 [debug] [ThreadPool]: Opening a new connection, currently in state init
[0m02:31:38.684087 [debug] [ThreadPool]: Opening a new connection, currently in state init
[0m02:31:38.686064 [debug] [ThreadPool]: Opening a new connection, currently in state init
[0m02:31:38.695780 [debug] [ThreadPool]: SQL status: BEGIN in 0.015 seconds
[0m02:31:38.696717 [debug] [ThreadPool]: SQL status: BEGIN in 0.014 seconds
[0m02:31:38.698822 [debug] [ThreadPool]: Using postgres connection "list_lab9_dbt_staging"
[0m02:31:38.700052 [debug] [ThreadPool]: SQL status: BEGIN in 0.016 seconds
[0m02:31:38.700482 [debug] [ThreadPool]: SQL status: BEGIN in 0.014 seconds
[0m02:31:38.701214 [debug] [ThreadPool]: Using postgres connection "list_lab9_dbt_intermediate"
[0m02:31:38.702974 [debug] [ThreadPool]: On list_lab9_dbt_staging: /* {"app": "dbt", "dbt_version": "1.9.0", "profile_name": "lab9", "target_name": "dev", "connection_name": "list_lab9_dbt_staging"} */
select
      'lab9' as database,
      tablename as name,
      schemaname as schema,
      'table' as type
    from pg_tables
    where schemaname ilike 'dbt_staging'
    union all
    select
      'lab9' as database,
      viewname as name,
      schemaname as schema,
      'view' as type
    from pg_views
    where schemaname ilike 'dbt_staging'
    union all
    select
      'lab9' as database,
      matviewname as name,
      schemaname as schema,
      'materialized_view' as type
    from pg_matviews
    where schemaname ilike 'dbt_staging'
  
[0m02:31:38.704420 [debug] [ThreadPool]: Using postgres connection "list_lab9_snapshots"
[0m02:31:38.705712 [debug] [ThreadPool]: Using postgres connection "list_lab9_dbt"
[0m02:31:38.707147 [debug] [ThreadPool]: On list_lab9_dbt_intermediate: /* {"app": "dbt", "dbt_version": "1.9.0", "profile_name": "lab9", "target_name": "dev", "connection_name": "list_lab9_dbt_intermediate"} */
select
      'lab9' as database,
      tablename as name,
      schemaname as schema,
      'table' as type
    from pg_tables
    where schemaname ilike 'dbt_intermediate'
    union all
    select
      'lab9' as database,
      viewname as name,
      schemaname as schema,
      'view' as type
    from pg_views
    where schemaname ilike 'dbt_intermediate'
    union all
    select
      'lab9' as database,
      matviewname as name,
      schemaname as schema,
      'materialized_view' as type
    from pg_matviews
    where schemaname ilike 'dbt_intermediate'
  
[0m02:31:38.709956 [debug] [ThreadPool]: On list_lab9_snapshots: /* {"app": "dbt", "dbt_version": "1.9.0", "profile_name": "lab9", "target_name": "dev", "connection_name": "list_lab9_snapshots"} */
select
      'lab9' as database,
      tablename as name,
      schemaname as schema,
      'table' as type
    from pg_tables
    where schemaname ilike 'snapshots'
    union all
    select
      'lab9' as database,
      viewname as name,
      schemaname as schema,
      'view' as type
    from pg_views
    where schemaname ilike 'snapshots'
    union all
    select
      'lab9' as database,
      matviewname as name,
      schemaname as schema,
      'materialized_view' as type
    from pg_matviews
    where schemaname ilike 'snapshots'
  
[0m02:31:38.711241 [debug] [ThreadPool]: On list_lab9_dbt: /* {"app": "dbt", "dbt_version": "1.9.0", "profile_name": "lab9", "target_name": "dev", "connection_name": "list_lab9_dbt"} */
select
      'lab9' as database,
      tablename as name,
      schemaname as schema,
      'table' as type
    from pg_tables
    where schemaname ilike 'dbt'
    union all
    select
      'lab9' as database,
      viewname as name,
      schemaname as schema,
      'view' as type
    from pg_views
    where schemaname ilike 'dbt'
    union all
    select
      'lab9' as database,
      matviewname as name,
      schemaname as schema,
      'materialized_view' as type
    from pg_matviews
    where schemaname ilike 'dbt'
  
[0m02:31:38.712397 [debug] [ThreadPool]: SQL status: SELECT 2 in 0.004 seconds
[0m02:31:38.717836 [debug] [ThreadPool]: On list_lab9_dbt_staging: ROLLBACK
[0m02:31:38.718529 [debug] [ThreadPool]: SQL status: SELECT 1 in 0.005 seconds
[0m02:31:38.718963 [debug] [ThreadPool]: SQL status: SELECT 2 in 0.004 seconds
[0m02:31:38.719411 [debug] [ThreadPool]: SQL status: SELECT 2 in 0.007 seconds
[0m02:31:38.721174 [debug] [ThreadPool]: On list_lab9_dbt_staging: Close
[0m02:31:38.723474 [debug] [ThreadPool]: On list_lab9_snapshots: ROLLBACK
[0m02:31:38.725752 [debug] [ThreadPool]: On list_lab9_dbt: ROLLBACK
[0m02:31:38.729095 [debug] [ThreadPool]: On list_lab9_dbt_intermediate: ROLLBACK
[0m02:31:38.730991 [debug] [ThreadPool]: Re-using an available connection from the pool (formerly list_lab9_dbt_staging, now list_lab9_dbt_marts)
[0m02:31:38.733432 [debug] [ThreadPool]: On list_lab9_snapshots: Close
[0m02:31:38.734796 [debug] [ThreadPool]: On list_lab9_dbt: Close
[0m02:31:38.735889 [debug] [ThreadPool]: On list_lab9_dbt_intermediate: Close
[0m02:31:38.739923 [debug] [ThreadPool]: Using postgres connection "list_lab9_dbt_marts"
[0m02:31:38.746483 [debug] [ThreadPool]: On list_lab9_dbt_marts: BEGIN
[0m02:31:38.747881 [debug] [ThreadPool]: Opening a new connection, currently in state closed
[0m02:31:38.754833 [debug] [ThreadPool]: SQL status: BEGIN in 0.007 seconds
[0m02:31:38.756577 [debug] [ThreadPool]: Using postgres connection "list_lab9_dbt_marts"
[0m02:31:38.758345 [debug] [ThreadPool]: On list_lab9_dbt_marts: /* {"app": "dbt", "dbt_version": "1.9.0", "profile_name": "lab9", "target_name": "dev", "connection_name": "list_lab9_dbt_marts"} */
select
      'lab9' as database,
      tablename as name,
      schemaname as schema,
      'table' as type
    from pg_tables
    where schemaname ilike 'dbt_marts'
    union all
    select
      'lab9' as database,
      viewname as name,
      schemaname as schema,
      'view' as type
    from pg_views
    where schemaname ilike 'dbt_marts'
    union all
    select
      'lab9' as database,
      matviewname as name,
      schemaname as schema,
      'materialized_view' as type
    from pg_matviews
    where schemaname ilike 'dbt_marts'
  
[0m02:31:38.762399 [debug] [ThreadPool]: SQL status: SELECT 11 in 0.003 seconds
[0m02:31:38.765485 [debug] [ThreadPool]: On list_lab9_dbt_marts: ROLLBACK
[0m02:31:38.767015 [debug] [ThreadPool]: On list_lab9_dbt_marts: Close
[0m02:31:38.777379 [debug] [MainThread]: Using postgres connection "master"
[0m02:31:38.778791 [debug] [MainThread]: On master: BEGIN
[0m02:31:38.780023 [debug] [MainThread]: Opening a new connection, currently in state init
[0m02:31:38.787520 [debug] [MainThread]: SQL status: BEGIN in 0.007 seconds
[0m02:31:38.789157 [debug] [MainThread]: Using postgres connection "master"
[0m02:31:38.790323 [debug] [MainThread]: On master: /* {"app": "dbt", "dbt_version": "1.9.0", "profile_name": "lab9", "target_name": "dev", "connection_name": "master"} */
with relation as (
        select
            pg_rewrite.ev_class as class,
            pg_rewrite.oid as id
        from pg_rewrite
    ),
    class as (
        select
            oid as id,
            relname as name,
            relnamespace as schema,
            relkind as kind
        from pg_class
    ),
    dependency as (
        select distinct
            pg_depend.objid as id,
            pg_depend.refobjid as ref
        from pg_depend
    ),
    schema as (
        select
            pg_namespace.oid as id,
            pg_namespace.nspname as name
        from pg_namespace
        where nspname != 'information_schema' and nspname not like 'pg\_%'
    ),
    referenced as (
        select
            relation.id AS id,
            referenced_class.name ,
            referenced_class.schema ,
            referenced_class.kind
        from relation
        join class as referenced_class on relation.class=referenced_class.id
        where referenced_class.kind in ('r', 'v', 'm')
    ),
    relationships as (
        select
            referenced.name as referenced_name,
            referenced.schema as referenced_schema_id,
            dependent_class.name as dependent_name,
            dependent_class.schema as dependent_schema_id,
            referenced.kind as kind
        from referenced
        join dependency on referenced.id=dependency.id
        join class as dependent_class on dependency.ref=dependent_class.id
        where
            (referenced.name != dependent_class.name or
             referenced.schema != dependent_class.schema)
    )

    select
        referenced_schema.name as referenced_schema,
        relationships.referenced_name as referenced_name,
        dependent_schema.name as dependent_schema,
        relationships.dependent_name as dependent_name
    from relationships
    join schema as dependent_schema on relationships.dependent_schema_id=dependent_schema.id
    join schema as referenced_schema on relationships.referenced_schema_id=referenced_schema.id
    group by referenced_schema, referenced_name, dependent_schema, dependent_name
    order by referenced_schema, referenced_name, dependent_schema, dependent_name;
[0m02:31:38.797704 [debug] [MainThread]: SQL status: SELECT 4 in 0.006 seconds
[0m02:31:38.802546 [debug] [MainThread]: Sending event: {'category': 'dbt', 'action': 'runnable_timing', 'label': 'a82b303a-7819-4609-86ef-c120225bf4b6', 'context': [<snowplow_tracker.self_describing_json.SelfDescribingJson object at 0x7eff41da4470>]}
[0m02:31:38.803977 [debug] [MainThread]: On master: ROLLBACK
[0m02:31:38.805805 [debug] [MainThread]: On master: Close
[0m02:31:38.809715 [debug] [Thread-1 (]: Began running node sql_operation.lab9.inline_query
[0m02:31:38.811351 [debug] [Thread-1 (]: Re-using an available connection from the pool (formerly list_lab9_dbt_marts, now sql_operation.lab9.inline_query)
[0m02:31:38.813045 [debug] [Thread-1 (]: Began compiling node sql_operation.lab9.inline_query
[0m02:31:38.822830 [debug] [Thread-1 (]: Writing injected SQL for node "sql_operation.lab9.inline_query"
[0m02:31:38.833562 [debug] [Thread-1 (]: Began executing node sql_operation.lab9.inline_query
[0m02:31:38.843573 [debug] [Thread-1 (]: Using postgres connection "sql_operation.lab9.inline_query"
[0m02:31:38.845172 [debug] [Thread-1 (]: On sql_operation.lab9.inline_query: /* {"app": "dbt", "dbt_version": "1.9.0", "profile_name": "lab9", "target_name": "dev", "node_id": "sql_operation.lab9.inline_query"} */

  
  select count(*) as customer_rows from "lab9"."dbt_marts"."dim_customer"
  
  limit 5

[0m02:31:38.846403 [debug] [Thread-1 (]: Opening a new connection, currently in state closed
[0m02:31:38.853941 [debug] [Thread-1 (]: SQL status: SELECT 1 in 0.007 seconds
[0m02:31:38.857730 [debug] [Thread-1 (]: On sql_operation.lab9.inline_query: Close
[0m02:31:38.859865 [debug] [Thread-1 (]: Finished running node sql_operation.lab9.inline_query
[0m02:31:38.863384 [debug] [MainThread]: Connection 'master' was properly closed.
[0m02:31:38.864523 [debug] [MainThread]: Connection 'sql_operation.lab9.inline_query' was properly closed.
[0m02:31:38.865839 [debug] [MainThread]: Connection 'list_lab9_dbt_intermediate' was properly closed.
[0m02:31:38.867344 [debug] [MainThread]: Connection 'list_lab9_snapshots' was properly closed.
[0m02:31:38.868456 [debug] [MainThread]: Connection 'list_lab9_dbt' was properly closed.
[0m02:31:38.870030 [debug] [MainThread]: Command end result
[0m02:31:38.919120 [debug] [MainThread]: Wrote artifact WritableManifest to /usr/app/lab9/target/manifest.json
[0m02:31:38.928330 [debug] [MainThread]: Wrote artifact SemanticManifest to /usr/app/lab9/target/semantic_manifest.json
[0m02:31:38.943437 [debug] [MainThread]: Wrote artifact RunExecutionResult to /usr/app/lab9/target/run_results.json
[0m02:31:38.945482 [info ] [MainThread]: Previewing inline node:
| customer_rows |
| ------------- |
|            10 |

[0m02:31:38.948580 [debug] [MainThread]: Resource report: {"command_name": "show", "command_success": true, "command_wall_clock_time": 2.322161, "process_in_blocks": "0", "process_kernel_time": 0.387125, "process_mem_max_rss": "109312", "process_out_blocks": "0", "process_user_time": 2.799215}
[0m02:31:38.951506 [debug] [MainThread]: Command `dbt show` succeeded at 02:31:38.950861 after 2.32 seconds
[0m02:31:38.953645 [debug] [MainThread]: Sending event: {'category': 'dbt', 'action': 'invocation', 'label': 'end', 'context': [<snowplow_tracker.self_describing_json.SelfDescribingJson object at 0x7eff40b9f200>, <snowplow_tracker.self_describing_json.SelfDescribingJson object at 0x7eff40b9cb60>, <snowplow_tracker.self_describing_json.SelfDescribingJson object at 0x7eff3e18e3f0>]}
[0m02:31:38.955239 [debug] [MainThread]: Flushing usage events
[0m02:31:40.070419 [debug] [MainThread]: An error was encountered while trying to flush usage events
[0m02:35:57.073341 [debug] [MainThread]: Sending event: {'category': 'dbt', 'action': 'invocation', 'label': 'start', 'context': [<snowplow_tracker.self_describing_json.SelfDescribingJson object at 0x7f3cf643de80>, <snowplow_tracker.self_describing_json.SelfDescribingJson object at 0x7f3cf5c892e0>, <snowplow_tracker.self_describing_json.SelfDescribingJson object at 0x7f3cf64fa840>]}


============================== 02:35:57.077266 | 32eab71e-07cb-4772-8e71-54eeb9b4b88e ==============================
[0m02:35:57.077266 [info ] [MainThread]: Running with dbt=1.9.0
[0m02:35:57.078795 [debug] [MainThread]: running dbt with arguments {'printer_width': '80', 'indirect_selection': 'eager', 'write_json': 'True', 'log_cache_events': 'False', 'partial_parse': 'True', 'cache_selected_only': 'False', 'warn_error': 'None', 'version_check': 'True', 'debug': 'False', 'log_path': '/usr/app/lab9/logs', 'fail_fast': 'False', 'profiles_dir': '/root/.dbt', 'use_colors': 'True', 'use_experimental_parser': 'False', 'no_print': 'None', 'quiet': 'False', 'empty': 'False', 'log_format': 'default', 'introspect': 'True', 'invocation_command': "dbt run --select int_customer_source --vars {'load_batch': 'incremental'}", 'static_parser': 'True', 'target_path': 'None', 'warn_error_options': 'WarnErrorOptions(include=[], exclude=[])', 'send_anonymous_usage_stats': 'True'}
[0m02:35:57.265153 [debug] [MainThread]: Sending event: {'category': 'dbt', 'action': 'project_id', 'label': '32eab71e-07cb-4772-8e71-54eeb9b4b88e', 'context': [<snowplow_tracker.self_describing_json.SelfDescribingJson object at 0x7f3cf41d5700>]}
[0m02:35:57.330857 [debug] [MainThread]: Sending event: {'category': 'dbt', 'action': 'adapter_info', 'label': '32eab71e-07cb-4772-8e71-54eeb9b4b88e', 'context': [<snowplow_tracker.self_describing_json.SelfDescribingJson object at 0x7f3cf5e2be00>]}
[0m02:35:57.333220 [info ] [MainThread]: Registered adapter: postgres=1.9.0
[0m02:35:57.414499 [debug] [MainThread]: checksum: 46392ca5037689b319481470edf442c57b77bdeecddef5845fccaaae749a723c, vars: {'load_batch': 'incremental'}, profile: , target: , version: 1.9.0
[0m02:35:57.568504 [info ] [MainThread]: Unable to do partial parsing because config vars, config profile, or config target have changed
[0m02:35:57.570094 [debug] [MainThread]: previous checksum: 46392ca5037689b319481470edf442c57b77bdeecddef5845fccaaae749a723c, current checksum: c99e828bba267739642b5a3ce85f17518764ea526e0e6c4fdc649171c1a66bff
[0m02:35:57.571605 [debug] [MainThread]: Sending event: {'category': 'dbt', 'action': 'partial_parser', 'label': '32eab71e-07cb-4772-8e71-54eeb9b4b88e', 'context': [<snowplow_tracker.self_describing_json.SelfDescribingJson object at 0x7f3cf3efc260>]}
[0m02:35:59.523907 [debug] [MainThread]: Sending event: {'category': 'dbt', 'action': 'load_project', 'label': '32eab71e-07cb-4772-8e71-54eeb9b4b88e', 'context': [<snowplow_tracker.self_describing_json.SelfDescribingJson object at 0x7f3cf5993200>]}
[0m02:35:59.737629 [debug] [MainThread]: Wrote artifact WritableManifest to /usr/app/lab9/target/manifest.json
[0m02:35:59.750996 [debug] [MainThread]: Wrote artifact SemanticManifest to /usr/app/lab9/target/semantic_manifest.json
[0m02:35:59.806252 [debug] [MainThread]: Sending event: {'category': 'dbt', 'action': 'resource_counts', 'label': '32eab71e-07cb-4772-8e71-54eeb9b4b88e', 'context': [<snowplow_tracker.self_describing_json.SelfDescribingJson object at 0x7f3cf21aaea0>]}
[0m02:35:59.808044 [info ] [MainThread]: Found 15 models, 1 snapshot, 3 data tests, 2 seeds, 429 macros
[0m02:35:59.809642 [debug] [MainThread]: Sending event: {'category': 'dbt', 'action': 'runnable_timing', 'label': '32eab71e-07cb-4772-8e71-54eeb9b4b88e', 'context': [<snowplow_tracker.self_describing_json.SelfDescribingJson object at 0x7f3cf41e3590>]}
[0m02:35:59.814246 [info ] [MainThread]: 
[0m02:35:59.816259 [info ] [MainThread]: Concurrency: 4 threads (target='dev')
[0m02:35:59.818888 [info ] [MainThread]: 
[0m02:35:59.821064 [debug] [MainThread]: Acquiring new postgres connection 'master'
[0m02:35:59.824480 [debug] [ThreadPool]: Acquiring new postgres connection 'list_lab9'
[0m02:35:59.882023 [debug] [ThreadPool]: Using postgres connection "list_lab9"
[0m02:35:59.884092 [debug] [ThreadPool]: On list_lab9: /* {"app": "dbt", "dbt_version": "1.9.0", "profile_name": "lab9", "target_name": "dev", "connection_name": "list_lab9"} */

    select distinct nspname from pg_namespace
  
[0m02:35:59.885749 [debug] [ThreadPool]: Opening a new connection, currently in state init
[0m02:35:59.894730 [debug] [ThreadPool]: SQL status: SELECT 9 in 0.009 seconds
[0m02:35:59.898030 [debug] [ThreadPool]: On list_lab9: Close
[0m02:35:59.907204 [debug] [ThreadPool]: Re-using an available connection from the pool (formerly list_lab9, now list_lab9_dbt_marts)
[0m02:35:59.908275 [debug] [ThreadPool]: Acquiring new postgres connection 'list_lab9_snapshots'
[0m02:35:59.909375 [debug] [ThreadPool]: Acquiring new postgres connection 'list_lab9_dbt_staging'
[0m02:35:59.911437 [debug] [ThreadPool]: Acquiring new postgres connection 'list_lab9_dbt_intermediate'
[0m02:35:59.921385 [debug] [ThreadPool]: Using postgres connection "list_lab9_dbt_marts"
[0m02:35:59.924429 [debug] [ThreadPool]: Using postgres connection "list_lab9_snapshots"
[0m02:35:59.927625 [debug] [ThreadPool]: Using postgres connection "list_lab9_dbt_staging"
[0m02:35:59.930889 [debug] [ThreadPool]: Using postgres connection "list_lab9_dbt_intermediate"
[0m02:35:59.932490 [debug] [ThreadPool]: On list_lab9_dbt_marts: BEGIN
[0m02:35:59.933999 [debug] [ThreadPool]: On list_lab9_snapshots: BEGIN
[0m02:35:59.935244 [debug] [ThreadPool]: On list_lab9_dbt_staging: BEGIN
[0m02:35:59.936543 [debug] [ThreadPool]: On list_lab9_dbt_intermediate: BEGIN
[0m02:35:59.937681 [debug] [ThreadPool]: Opening a new connection, currently in state closed
[0m02:35:59.943661 [debug] [ThreadPool]: Opening a new connection, currently in state init
[0m02:35:59.945577 [debug] [ThreadPool]: Opening a new connection, currently in state init
[0m02:35:59.947650 [debug] [ThreadPool]: Opening a new connection, currently in state init
[0m02:35:59.957523 [debug] [ThreadPool]: SQL status: BEGIN in 0.020 seconds
[0m02:35:59.958234 [debug] [ThreadPool]: SQL status: BEGIN in 0.015 seconds
[0m02:35:59.959820 [debug] [ThreadPool]: SQL status: BEGIN in 0.014 seconds
[0m02:35:59.960585 [debug] [ThreadPool]: Using postgres connection "list_lab9_dbt_marts"
[0m02:35:59.961844 [debug] [ThreadPool]: SQL status: BEGIN in 0.014 seconds
[0m02:35:59.963287 [debug] [ThreadPool]: Using postgres connection "list_lab9_snapshots"
[0m02:35:59.965404 [debug] [ThreadPool]: Using postgres connection "list_lab9_dbt_staging"
[0m02:35:59.966930 [debug] [ThreadPool]: On list_lab9_dbt_marts: /* {"app": "dbt", "dbt_version": "1.9.0", "profile_name": "lab9", "target_name": "dev", "connection_name": "list_lab9_dbt_marts"} */
select
      'lab9' as database,
      tablename as name,
      schemaname as schema,
      'table' as type
    from pg_tables
    where schemaname ilike 'dbt_marts'
    union all
    select
      'lab9' as database,
      viewname as name,
      schemaname as schema,
      'view' as type
    from pg_views
    where schemaname ilike 'dbt_marts'
    union all
    select
      'lab9' as database,
      matviewname as name,
      schemaname as schema,
      'materialized_view' as type
    from pg_matviews
    where schemaname ilike 'dbt_marts'
  
[0m02:35:59.968245 [debug] [ThreadPool]: Using postgres connection "list_lab9_dbt_intermediate"
[0m02:35:59.969554 [debug] [ThreadPool]: On list_lab9_snapshots: /* {"app": "dbt", "dbt_version": "1.9.0", "profile_name": "lab9", "target_name": "dev", "connection_name": "list_lab9_snapshots"} */
select
      'lab9' as database,
      tablename as name,
      schemaname as schema,
      'table' as type
    from pg_tables
    where schemaname ilike 'snapshots'
    union all
    select
      'lab9' as database,
      viewname as name,
      schemaname as schema,
      'view' as type
    from pg_views
    where schemaname ilike 'snapshots'
    union all
    select
      'lab9' as database,
      matviewname as name,
      schemaname as schema,
      'materialized_view' as type
    from pg_matviews
    where schemaname ilike 'snapshots'
  
[0m02:35:59.970849 [debug] [ThreadPool]: On list_lab9_dbt_staging: /* {"app": "dbt", "dbt_version": "1.9.0", "profile_name": "lab9", "target_name": "dev", "connection_name": "list_lab9_dbt_staging"} */
select
      'lab9' as database,
      tablename as name,
      schemaname as schema,
      'table' as type
    from pg_tables
    where schemaname ilike 'dbt_staging'
    union all
    select
      'lab9' as database,
      viewname as name,
      schemaname as schema,
      'view' as type
    from pg_views
    where schemaname ilike 'dbt_staging'
    union all
    select
      'lab9' as database,
      matviewname as name,
      schemaname as schema,
      'materialized_view' as type
    from pg_matviews
    where schemaname ilike 'dbt_staging'
  
[0m02:35:59.972726 [debug] [ThreadPool]: On list_lab9_dbt_intermediate: /* {"app": "dbt", "dbt_version": "1.9.0", "profile_name": "lab9", "target_name": "dev", "connection_name": "list_lab9_dbt_intermediate"} */
select
      'lab9' as database,
      tablename as name,
      schemaname as schema,
      'table' as type
    from pg_tables
    where schemaname ilike 'dbt_intermediate'
    union all
    select
      'lab9' as database,
      viewname as name,
      schemaname as schema,
      'view' as type
    from pg_views
    where schemaname ilike 'dbt_intermediate'
    union all
    select
      'lab9' as database,
      matviewname as name,
      schemaname as schema,
      'materialized_view' as type
    from pg_matviews
    where schemaname ilike 'dbt_intermediate'
  
[0m02:35:59.974942 [debug] [ThreadPool]: SQL status: SELECT 11 in 0.003 seconds
[0m02:35:59.978497 [debug] [ThreadPool]: On list_lab9_dbt_marts: ROLLBACK
[0m02:35:59.979091 [debug] [ThreadPool]: SQL status: SELECT 1 in 0.005 seconds
[0m02:35:59.979494 [debug] [ThreadPool]: SQL status: SELECT 2 in 0.004 seconds
[0m02:35:59.979975 [debug] [ThreadPool]: SQL status: SELECT 2 in 0.005 seconds
[0m02:35:59.981167 [debug] [ThreadPool]: On list_lab9_dbt_marts: Close
[0m02:35:59.983139 [debug] [ThreadPool]: On list_lab9_snapshots: ROLLBACK
[0m02:35:59.985448 [debug] [ThreadPool]: On list_lab9_dbt_intermediate: ROLLBACK
[0m02:35:59.987578 [debug] [ThreadPool]: On list_lab9_dbt_staging: ROLLBACK
[0m02:35:59.989387 [debug] [ThreadPool]: Re-using an available connection from the pool (formerly list_lab9_dbt_marts, now list_lab9_dbt)
[0m02:35:59.992286 [debug] [ThreadPool]: On list_lab9_snapshots: Close
[0m02:35:59.993369 [debug] [ThreadPool]: On list_lab9_dbt_intermediate: Close
[0m02:35:59.994468 [debug] [ThreadPool]: On list_lab9_dbt_staging: Close
[0m02:35:59.997077 [debug] [ThreadPool]: Using postgres connection "list_lab9_dbt"
[0m02:36:00.002594 [debug] [ThreadPool]: On list_lab9_dbt: BEGIN
[0m02:36:00.003924 [debug] [ThreadPool]: Opening a new connection, currently in state closed
[0m02:36:00.010720 [debug] [ThreadPool]: SQL status: BEGIN in 0.007 seconds
[0m02:36:00.012268 [debug] [ThreadPool]: Using postgres connection "list_lab9_dbt"
[0m02:36:00.013282 [debug] [ThreadPool]: On list_lab9_dbt: /* {"app": "dbt", "dbt_version": "1.9.0", "profile_name": "lab9", "target_name": "dev", "connection_name": "list_lab9_dbt"} */
select
      'lab9' as database,
      tablename as name,
      schemaname as schema,
      'table' as type
    from pg_tables
    where schemaname ilike 'dbt'
    union all
    select
      'lab9' as database,
      viewname as name,
      schemaname as schema,
      'view' as type
    from pg_views
    where schemaname ilike 'dbt'
    union all
    select
      'lab9' as database,
      matviewname as name,
      schemaname as schema,
      'materialized_view' as type
    from pg_matviews
    where schemaname ilike 'dbt'
  
[0m02:36:00.016814 [debug] [ThreadPool]: SQL status: SELECT 2 in 0.003 seconds
[0m02:36:00.019265 [debug] [ThreadPool]: On list_lab9_dbt: ROLLBACK
[0m02:36:00.020568 [debug] [ThreadPool]: On list_lab9_dbt: Close
[0m02:36:00.028965 [debug] [MainThread]: Using postgres connection "master"
[0m02:36:00.030410 [debug] [MainThread]: On master: BEGIN
[0m02:36:00.031426 [debug] [MainThread]: Opening a new connection, currently in state init
[0m02:36:00.038539 [debug] [MainThread]: SQL status: BEGIN in 0.007 seconds
[0m02:36:00.039802 [debug] [MainThread]: Using postgres connection "master"
[0m02:36:00.041065 [debug] [MainThread]: On master: /* {"app": "dbt", "dbt_version": "1.9.0", "profile_name": "lab9", "target_name": "dev", "connection_name": "master"} */
with relation as (
        select
            pg_rewrite.ev_class as class,
            pg_rewrite.oid as id
        from pg_rewrite
    ),
    class as (
        select
            oid as id,
            relname as name,
            relnamespace as schema,
            relkind as kind
        from pg_class
    ),
    dependency as (
        select distinct
            pg_depend.objid as id,
            pg_depend.refobjid as ref
        from pg_depend
    ),
    schema as (
        select
            pg_namespace.oid as id,
            pg_namespace.nspname as name
        from pg_namespace
        where nspname != 'information_schema' and nspname not like 'pg\_%'
    ),
    referenced as (
        select
            relation.id AS id,
            referenced_class.name ,
            referenced_class.schema ,
            referenced_class.kind
        from relation
        join class as referenced_class on relation.class=referenced_class.id
        where referenced_class.kind in ('r', 'v', 'm')
    ),
    relationships as (
        select
            referenced.name as referenced_name,
            referenced.schema as referenced_schema_id,
            dependent_class.name as dependent_name,
            dependent_class.schema as dependent_schema_id,
            referenced.kind as kind
        from referenced
        join dependency on referenced.id=dependency.id
        join class as dependent_class on dependency.ref=dependent_class.id
        where
            (referenced.name != dependent_class.name or
             referenced.schema != dependent_class.schema)
    )

    select
        referenced_schema.name as referenced_schema,
        relationships.referenced_name as referenced_name,
        dependent_schema.name as dependent_schema,
        relationships.dependent_name as dependent_name
    from relationships
    join schema as dependent_schema on relationships.dependent_schema_id=dependent_schema.id
    join schema as referenced_schema on relationships.referenced_schema_id=referenced_schema.id
    group by referenced_schema, referenced_name, dependent_schema, dependent_name
    order by referenced_schema, referenced_name, dependent_schema, dependent_name;
[0m02:36:00.048121 [debug] [MainThread]: SQL status: SELECT 4 in 0.006 seconds
[0m02:36:00.051709 [debug] [MainThread]: Sending event: {'category': 'dbt', 'action': 'runnable_timing', 'label': '32eab71e-07cb-4772-8e71-54eeb9b4b88e', 'context': [<snowplow_tracker.self_describing_json.SelfDescribingJson object at 0x7f3cf40a1a30>]}
[0m02:36:00.053178 [debug] [MainThread]: On master: ROLLBACK
[0m02:36:00.054507 [debug] [MainThread]: Using postgres connection "master"
[0m02:36:00.055578 [debug] [MainThread]: On master: BEGIN
[0m02:36:00.056834 [debug] [MainThread]: SQL status: BEGIN in 0.000 seconds
[0m02:36:00.057824 [debug] [MainThread]: On master: COMMIT
[0m02:36:00.058660 [debug] [MainThread]: Using postgres connection "master"
[0m02:36:00.059603 [debug] [MainThread]: On master: COMMIT
[0m02:36:00.060908 [debug] [MainThread]: SQL status: COMMIT in 0.000 seconds
[0m02:36:00.061688 [debug] [MainThread]: On master: Close
[0m02:36:00.065492 [debug] [Thread-1 (]: Began running node model.lab9.int_customer_source
[0m02:36:00.066855 [info ] [Thread-1 (]: 1 of 1 START sql view model dbt_intermediate.int_customer_source ............... [RUN]
[0m02:36:00.068252 [debug] [Thread-1 (]: Re-using an available connection from the pool (formerly list_lab9_dbt, now model.lab9.int_customer_source)
[0m02:36:00.069345 [debug] [Thread-1 (]: Began compiling node model.lab9.int_customer_source
[0m02:36:00.079045 [debug] [Thread-1 (]: Writing injected SQL for node "model.lab9.int_customer_source"
[0m02:36:00.089764 [debug] [Thread-1 (]: Began executing node model.lab9.int_customer_source
[0m02:36:00.129465 [debug] [Thread-1 (]: Writing runtime sql for node "model.lab9.int_customer_source"
[0m02:36:00.138869 [debug] [Thread-1 (]: Using postgres connection "model.lab9.int_customer_source"
[0m02:36:00.140223 [debug] [Thread-1 (]: On model.lab9.int_customer_source: BEGIN
[0m02:36:00.141502 [debug] [Thread-1 (]: Opening a new connection, currently in state closed
[0m02:36:00.148440 [debug] [Thread-1 (]: SQL status: BEGIN in 0.007 seconds
[0m02:36:00.149905 [debug] [Thread-1 (]: Using postgres connection "model.lab9.int_customer_source"
[0m02:36:00.151223 [debug] [Thread-1 (]: On model.lab9.int_customer_source: /* {"app": "dbt", "dbt_version": "1.9.0", "profile_name": "lab9", "target_name": "dev", "node_id": "model.lab9.int_customer_source"} */

  create view "lab9"."dbt_intermediate"."int_customer_source__dbt_tmp"
    
    
  as (
    with batch as (
  select *
  from "lab9"."dbt_staging"."stg_coffee_sales"
  
  where sale_date >= date '2031-04-15'
  
), ranked as (
  select
    customer_code, customer_name, gender, birth_year,
    sale_date as source_change_date,
    row_number() over (
      partition by customer_code, customer_name
      order by sale_date, sale_id
    ) as rn
  from batch
)
select customer_code, customer_name, gender, birth_year, source_change_date
from ranked
where rn=1
  );
[0m02:36:00.155098 [debug] [Thread-1 (]: SQL status: CREATE VIEW in 0.003 seconds
[0m02:36:00.163775 [debug] [Thread-1 (]: Using postgres connection "model.lab9.int_customer_source"
[0m02:36:00.165247 [debug] [Thread-1 (]: On model.lab9.int_customer_source: /* {"app": "dbt", "dbt_version": "1.9.0", "profile_name": "lab9", "target_name": "dev", "node_id": "model.lab9.int_customer_source"} */
alter table "lab9"."dbt_intermediate"."int_customer_source" rename to "int_customer_source__dbt_backup"
[0m02:36:00.166901 [debug] [Thread-1 (]: SQL status: ALTER TABLE in 0.000 seconds
[0m02:36:00.173114 [debug] [Thread-1 (]: Using postgres connection "model.lab9.int_customer_source"
[0m02:36:00.174446 [debug] [Thread-1 (]: On model.lab9.int_customer_source: /* {"app": "dbt", "dbt_version": "1.9.0", "profile_name": "lab9", "target_name": "dev", "node_id": "model.lab9.int_customer_source"} */
alter table "lab9"."dbt_intermediate"."int_customer_source__dbt_tmp" rename to "int_customer_source"
[0m02:36:00.176159 [debug] [Thread-1 (]: SQL status: ALTER TABLE in 0.001 seconds
[0m02:36:00.195071 [debug] [Thread-1 (]: On model.lab9.int_customer_source: COMMIT
[0m02:36:00.196528 [debug] [Thread-1 (]: Using postgres connection "model.lab9.int_customer_source"
[0m02:36:00.197682 [debug] [Thread-1 (]: On model.lab9.int_customer_source: COMMIT
[0m02:36:00.200425 [debug] [Thread-1 (]: SQL status: COMMIT in 0.001 seconds
[0m02:36:00.208602 [debug] [Thread-1 (]: Applying DROP to: "lab9"."dbt_intermediate"."int_customer_source__dbt_backup"
[0m02:36:00.216116 [debug] [Thread-1 (]: Using postgres connection "model.lab9.int_customer_source"
[0m02:36:00.217602 [debug] [Thread-1 (]: On model.lab9.int_customer_source: /* {"app": "dbt", "dbt_version": "1.9.0", "profile_name": "lab9", "target_name": "dev", "node_id": "model.lab9.int_customer_source"} */
drop view if exists "lab9"."dbt_intermediate"."int_customer_source__dbt_backup" cascade
[0m02:36:00.223979 [debug] [Thread-1 (]: SQL status: DROP VIEW in 0.005 seconds
[0m02:36:00.227996 [debug] [Thread-1 (]: On model.lab9.int_customer_source: Close
[0m02:36:00.230864 [debug] [Thread-1 (]: Sending event: {'category': 'dbt', 'action': 'run_model', 'label': '32eab71e-07cb-4772-8e71-54eeb9b4b88e', 'context': [<snowplow_tracker.self_describing_json.SelfDescribingJson object at 0x7f3cf643e330>]}
[0m02:36:00.232447 [info ] [Thread-1 (]: 1 of 1 OK created sql view model dbt_intermediate.int_customer_source .......... [[32mCREATE VIEW[0m in 0.16s]
[0m02:36:00.233808 [debug] [Thread-1 (]: Finished running node model.lab9.int_customer_source
[0m02:36:00.236892 [debug] [MainThread]: Using postgres connection "master"
[0m02:36:00.237963 [debug] [MainThread]: On master: BEGIN
[0m02:36:00.239025 [debug] [MainThread]: Opening a new connection, currently in state closed
[0m02:36:00.245324 [debug] [MainThread]: SQL status: BEGIN in 0.006 seconds
[0m02:36:00.246656 [debug] [MainThread]: On master: COMMIT
[0m02:36:00.247833 [debug] [MainThread]: Using postgres connection "master"
[0m02:36:00.248966 [debug] [MainThread]: On master: COMMIT
[0m02:36:00.250273 [debug] [MainThread]: SQL status: COMMIT in 0.000 seconds
[0m02:36:00.251316 [debug] [MainThread]: On master: Close
[0m02:36:00.252898 [debug] [MainThread]: Connection 'master' was properly closed.
[0m02:36:00.254320 [debug] [MainThread]: Connection 'model.lab9.int_customer_source' was properly closed.
[0m02:36:00.255842 [debug] [MainThread]: Connection 'list_lab9_snapshots' was properly closed.
[0m02:36:00.257027 [debug] [MainThread]: Connection 'list_lab9_dbt_staging' was properly closed.
[0m02:36:00.258227 [debug] [MainThread]: Connection 'list_lab9_dbt_intermediate' was properly closed.
[0m02:36:00.259556 [info ] [MainThread]: 
[0m02:36:00.261145 [info ] [MainThread]: Finished running 1 view model in 0 hours 0 minutes and 0.44 seconds (0.44s).
[0m02:36:00.263184 [debug] [MainThread]: Command end result
[0m02:36:00.308302 [debug] [MainThread]: Wrote artifact WritableManifest to /usr/app/lab9/target/manifest.json
[0m02:36:00.315683 [debug] [MainThread]: Wrote artifact SemanticManifest to /usr/app/lab9/target/semantic_manifest.json
[0m02:36:00.328142 [debug] [MainThread]: Wrote artifact RunExecutionResult to /usr/app/lab9/target/run_results.json
[0m02:36:00.329546 [info ] [MainThread]: 
[0m02:36:00.331068 [info ] [MainThread]: [32mCompleted successfully[0m
[0m02:36:00.332786 [info ] [MainThread]: 
[0m02:36:00.334296 [info ] [MainThread]: Done. PASS=1 WARN=0 ERROR=0 SKIP=0 TOTAL=1
[0m02:36:00.336476 [debug] [MainThread]: Resource report: {"command_name": "run", "command_success": true, "command_wall_clock_time": 3.3683393, "process_in_blocks": "0", "process_kernel_time": 0.233013, "process_mem_max_rss": "115012", "process_out_blocks": "0", "process_user_time": 3.859925}
[0m02:36:00.337905 [debug] [MainThread]: Command `dbt run` succeeded at 02:36:00.337762 after 3.37 seconds
[0m02:36:00.339004 [debug] [MainThread]: Sending event: {'category': 'dbt', 'action': 'invocation', 'label': 'end', 'context': [<snowplow_tracker.self_describing_json.SelfDescribingJson object at 0x7f3cf5c506e0>, <snowplow_tracker.self_describing_json.SelfDescribingJson object at 0x7f3cf5993200>, <snowplow_tracker.self_describing_json.SelfDescribingJson object at 0x7f3cf5f5b590>]}
[0m02:36:00.340128 [debug] [MainThread]: Flushing usage events
[0m02:36:01.428763 [debug] [MainThread]: An error was encountered while trying to flush usage events
[0m02:36:05.400162 [debug] [MainThread]: Sending event: {'category': 'dbt', 'action': 'invocation', 'label': 'start', 'context': [<snowplow_tracker.self_describing_json.SelfDescribingJson object at 0x7f4a878f9bb0>, <snowplow_tracker.self_describing_json.SelfDescribingJson object at 0x7f4a87ceb770>, <snowplow_tracker.self_describing_json.SelfDescribingJson object at 0x7f4a88e4cfe0>]}


============================== 02:36:05.404326 | d7e8e646-e187-4e4c-a743-eeb422f7ff8e ==============================
[0m02:36:05.404326 [info ] [MainThread]: Running with dbt=1.9.0
[0m02:36:05.405835 [debug] [MainThread]: running dbt with arguments {'printer_width': '80', 'indirect_selection': 'eager', 'write_json': 'True', 'log_cache_events': 'False', 'partial_parse': 'True', 'cache_selected_only': 'False', 'profiles_dir': '/root/.dbt', 'fail_fast': 'False', 'debug': 'False', 'log_path': '/usr/app/lab9/logs', 'warn_error': 'None', 'version_check': 'True', 'use_colors': 'True', 'use_experimental_parser': 'False', 'empty': 'False', 'quiet': 'False', 'no_print': 'None', 'log_format': 'default', 'introspect': 'True', 'warn_error_options': 'WarnErrorOptions(include=[], exclude=[])', 'static_parser': 'True', 'target_path': 'None', 'invocation_command': "dbt snapshot --select snap_customer_scd --vars {'load_batch': 'incremental'}", 'send_anonymous_usage_stats': 'True'}
[0m02:36:05.603474 [debug] [MainThread]: Sending event: {'category': 'dbt', 'action': 'project_id', 'label': 'd7e8e646-e187-4e4c-a743-eeb422f7ff8e', 'context': [<snowplow_tracker.self_describing_json.SelfDescribingJson object at 0x7f4a891773e0>]}
[0m02:36:05.676022 [debug] [MainThread]: Sending event: {'category': 'dbt', 'action': 'adapter_info', 'label': 'd7e8e646-e187-4e4c-a743-eeb422f7ff8e', 'context': [<snowplow_tracker.self_describing_json.SelfDescribingJson object at 0x7f4a87d7fa70>]}
[0m02:36:05.678233 [info ] [MainThread]: Registered adapter: postgres=1.9.0
[0m02:36:05.771289 [debug] [MainThread]: checksum: 46392ca5037689b319481470edf442c57b77bdeecddef5845fccaaae749a723c, vars: {'load_batch': 'incremental'}, profile: , target: , version: 1.9.0
[0m02:36:06.263448 [debug] [MainThread]: Partial parsing enabled: 0 files deleted, 0 files added, 0 files changed.
[0m02:36:06.265043 [debug] [MainThread]: Partial parsing enabled, no changes found, skipping parsing
[0m02:36:06.343943 [debug] [MainThread]: Sending event: {'category': 'dbt', 'action': 'load_project', 'label': 'd7e8e646-e187-4e4c-a743-eeb422f7ff8e', 'context': [<snowplow_tracker.self_describing_json.SelfDescribingJson object at 0x7f4a85b85b80>]}
[0m02:36:06.487275 [debug] [MainThread]: Wrote artifact WritableManifest to /usr/app/lab9/target/manifest.json
[0m02:36:06.496207 [debug] [MainThread]: Wrote artifact SemanticManifest to /usr/app/lab9/target/semantic_manifest.json
[0m02:36:06.525508 [debug] [MainThread]: Sending event: {'category': 'dbt', 'action': 'resource_counts', 'label': 'd7e8e646-e187-4e4c-a743-eeb422f7ff8e', 'context': [<snowplow_tracker.self_describing_json.SelfDescribingJson object at 0x7f4a858d1a00>]}
[0m02:36:06.527127 [info ] [MainThread]: Found 15 models, 1 snapshot, 3 data tests, 2 seeds, 429 macros
[0m02:36:06.528608 [debug] [MainThread]: Sending event: {'category': 'dbt', 'action': 'runnable_timing', 'label': 'd7e8e646-e187-4e4c-a743-eeb422f7ff8e', 'context': [<snowplow_tracker.self_describing_json.SelfDescribingJson object at 0x7f4a87414ce0>]}
[0m02:36:06.532149 [info ] [MainThread]: 
[0m02:36:06.533689 [info ] [MainThread]: Concurrency: 4 threads (target='dev')
[0m02:36:06.535428 [info ] [MainThread]: 
[0m02:36:06.537488 [debug] [MainThread]: Acquiring new postgres connection 'master'
[0m02:36:06.539501 [debug] [ThreadPool]: Acquiring new postgres connection 'list_lab9'
[0m02:36:06.597072 [debug] [ThreadPool]: Using postgres connection "list_lab9"
[0m02:36:06.598553 [debug] [ThreadPool]: On list_lab9: /* {"app": "dbt", "dbt_version": "1.9.0", "profile_name": "lab9", "target_name": "dev", "connection_name": "list_lab9"} */

    select distinct nspname from pg_namespace
  
[0m02:36:06.599628 [debug] [ThreadPool]: Opening a new connection, currently in state init
[0m02:36:06.608596 [debug] [ThreadPool]: SQL status: SELECT 9 in 0.009 seconds
[0m02:36:06.611093 [debug] [ThreadPool]: On list_lab9: Close
[0m02:36:06.619240 [debug] [ThreadPool]: Re-using an available connection from the pool (formerly list_lab9, now list_lab9_dbt_staging)
[0m02:36:06.620098 [debug] [ThreadPool]: Acquiring new postgres connection 'list_lab9_dbt'
[0m02:36:06.620988 [debug] [ThreadPool]: Acquiring new postgres connection 'list_lab9_dbt_marts'
[0m02:36:06.621853 [debug] [ThreadPool]: Acquiring new postgres connection 'list_lab9_dbt_intermediate'
[0m02:36:06.628475 [debug] [ThreadPool]: Using postgres connection "list_lab9_dbt_staging"
[0m02:36:06.631295 [debug] [ThreadPool]: Using postgres connection "list_lab9_dbt"
[0m02:36:06.635247 [debug] [ThreadPool]: Using postgres connection "list_lab9_dbt_marts"
[0m02:36:06.638009 [debug] [ThreadPool]: Using postgres connection "list_lab9_dbt_intermediate"
[0m02:36:06.639383 [debug] [ThreadPool]: On list_lab9_dbt_staging: BEGIN
[0m02:36:06.640793 [debug] [ThreadPool]: On list_lab9_dbt: BEGIN
[0m02:36:06.641904 [debug] [ThreadPool]: On list_lab9_dbt_marts: BEGIN
[0m02:36:06.643021 [debug] [ThreadPool]: On list_lab9_dbt_intermediate: BEGIN
[0m02:36:06.644069 [debug] [ThreadPool]: Opening a new connection, currently in state closed
[0m02:36:06.645060 [debug] [ThreadPool]: Opening a new connection, currently in state init
[0m02:36:06.646008 [debug] [ThreadPool]: Opening a new connection, currently in state init
[0m02:36:06.646991 [debug] [ThreadPool]: Opening a new connection, currently in state init
[0m02:36:06.654056 [debug] [ThreadPool]: SQL status: BEGIN in 0.010 seconds
[0m02:36:06.654598 [debug] [ThreadPool]: SQL status: BEGIN in 0.010 seconds
[0m02:36:06.655565 [debug] [ThreadPool]: SQL status: BEGIN in 0.010 seconds
[0m02:36:06.655974 [debug] [ThreadPool]: SQL status: BEGIN in 0.009 seconds
[0m02:36:06.656358 [debug] [ThreadPool]: Using postgres connection "list_lab9_dbt_staging"
[0m02:36:06.657707 [debug] [ThreadPool]: Using postgres connection "list_lab9_dbt"
[0m02:36:06.658821 [debug] [ThreadPool]: Using postgres connection "list_lab9_dbt_marts"
[0m02:36:06.659915 [debug] [ThreadPool]: Using postgres connection "list_lab9_dbt_intermediate"
[0m02:36:06.661071 [debug] [ThreadPool]: On list_lab9_dbt_staging: /* {"app": "dbt", "dbt_version": "1.9.0", "profile_name": "lab9", "target_name": "dev", "connection_name": "list_lab9_dbt_staging"} */
select
      'lab9' as database,
      tablename as name,
      schemaname as schema,
      'table' as type
    from pg_tables
    where schemaname ilike 'dbt_staging'
    union all
    select
      'lab9' as database,
      viewname as name,
      schemaname as schema,
      'view' as type
    from pg_views
    where schemaname ilike 'dbt_staging'
    union all
    select
      'lab9' as database,
      matviewname as name,
      schemaname as schema,
      'materialized_view' as type
    from pg_matviews
    where schemaname ilike 'dbt_staging'
  
[0m02:36:06.662198 [debug] [ThreadPool]: On list_lab9_dbt: /* {"app": "dbt", "dbt_version": "1.9.0", "profile_name": "lab9", "target_name": "dev", "connection_name": "list_lab9_dbt"} */
select
      'lab9' as database,
      tablename as name,
      schemaname as schema,
      'table' as type
    from pg_tables
    where schemaname ilike 'dbt'
    union all
    select
      'lab9' as database,
      viewname as name,
      schemaname as schema,
      'view' as type
    from pg_views
    where schemaname ilike 'dbt'
    union all
    select
      'lab9' as database,
      matviewname as name,
      schemaname as schema,
      'materialized_view' as type
    from pg_matviews
    where schemaname ilike 'dbt'
  
[0m02:36:06.663194 [debug] [ThreadPool]: On list_lab9_dbt_marts: /* {"app": "dbt", "dbt_version": "1.9.0", "profile_name": "lab9", "target_name": "dev", "connection_name": "list_lab9_dbt_marts"} */
select
      'lab9' as database,
      tablename as name,
      schemaname as schema,
      'table' as type
    from pg_tables
    where schemaname ilike 'dbt_marts'
    union all
    select
      'lab9' as database,
      viewname as name,
      schemaname as schema,
      'view' as type
    from pg_views
    where schemaname ilike 'dbt_marts'
    union all
    select
      'lab9' as database,
      matviewname as name,
      schemaname as schema,
      'materialized_view' as type
    from pg_matviews
    where schemaname ilike 'dbt_marts'
  
[0m02:36:06.664297 [debug] [ThreadPool]: On list_lab9_dbt_intermediate: /* {"app": "dbt", "dbt_version": "1.9.0", "profile_name": "lab9", "target_name": "dev", "connection_name": "list_lab9_dbt_intermediate"} */
select
      'lab9' as database,
      tablename as name,
      schemaname as schema,
      'table' as type
    from pg_tables
    where schemaname ilike 'dbt_intermediate'
    union all
    select
      'lab9' as database,
      viewname as name,
      schemaname as schema,
      'view' as type
    from pg_views
    where schemaname ilike 'dbt_intermediate'
    union all
    select
      'lab9' as database,
      matviewname as name,
      schemaname as schema,
      'materialized_view' as type
    from pg_matviews
    where schemaname ilike 'dbt_intermediate'
  
[0m02:36:06.668201 [debug] [ThreadPool]: SQL status: SELECT 2 in 0.003 seconds
[0m02:36:06.668715 [debug] [ThreadPool]: SQL status: SELECT 2 in 0.002 seconds
[0m02:36:06.669545 [debug] [ThreadPool]: SQL status: SELECT 11 in 0.003 seconds
[0m02:36:06.671241 [debug] [ThreadPool]: On list_lab9_dbt_staging: ROLLBACK
[0m02:36:06.671624 [debug] [ThreadPool]: SQL status: SELECT 2 in 0.004 seconds
[0m02:36:06.673650 [debug] [ThreadPool]: On list_lab9_dbt: ROLLBACK
[0m02:36:06.676573 [debug] [ThreadPool]: On list_lab9_dbt_marts: ROLLBACK
[0m02:36:06.678532 [debug] [ThreadPool]: On list_lab9_dbt_staging: Close
[0m02:36:06.680857 [debug] [ThreadPool]: On list_lab9_dbt_intermediate: ROLLBACK
[0m02:36:06.682241 [debug] [ThreadPool]: On list_lab9_dbt: Close
[0m02:36:06.683210 [debug] [ThreadPool]: On list_lab9_dbt_marts: Close
[0m02:36:06.684672 [debug] [ThreadPool]: Re-using an available connection from the pool (formerly list_lab9_dbt_staging, now list_lab9_snapshots)
[0m02:36:06.686234 [debug] [ThreadPool]: On list_lab9_dbt_intermediate: Close
[0m02:36:06.693481 [debug] [ThreadPool]: Using postgres connection "list_lab9_snapshots"
[0m02:36:06.696362 [debug] [ThreadPool]: On list_lab9_snapshots: BEGIN
[0m02:36:06.697433 [debug] [ThreadPool]: Opening a new connection, currently in state closed
[0m02:36:06.703900 [debug] [ThreadPool]: SQL status: BEGIN in 0.006 seconds
[0m02:36:06.705275 [debug] [ThreadPool]: Using postgres connection "list_lab9_snapshots"
[0m02:36:06.706242 [debug] [ThreadPool]: On list_lab9_snapshots: /* {"app": "dbt", "dbt_version": "1.9.0", "profile_name": "lab9", "target_name": "dev", "connection_name": "list_lab9_snapshots"} */
select
      'lab9' as database,
      tablename as name,
      schemaname as schema,
      'table' as type
    from pg_tables
    where schemaname ilike 'snapshots'
    union all
    select
      'lab9' as database,
      viewname as name,
      schemaname as schema,
      'view' as type
    from pg_views
    where schemaname ilike 'snapshots'
    union all
    select
      'lab9' as database,
      matviewname as name,
      schemaname as schema,
      'materialized_view' as type
    from pg_matviews
    where schemaname ilike 'snapshots'
  
[0m02:36:06.709675 [debug] [ThreadPool]: SQL status: SELECT 1 in 0.002 seconds
[0m02:36:06.712034 [debug] [ThreadPool]: On list_lab9_snapshots: ROLLBACK
[0m02:36:06.713266 [debug] [ThreadPool]: On list_lab9_snapshots: Close
[0m02:36:06.721082 [debug] [MainThread]: Using postgres connection "master"
[0m02:36:06.722442 [debug] [MainThread]: On master: BEGIN
[0m02:36:06.723670 [debug] [MainThread]: Opening a new connection, currently in state init
[0m02:36:06.730393 [debug] [MainThread]: SQL status: BEGIN in 0.007 seconds
[0m02:36:06.731712 [debug] [MainThread]: Using postgres connection "master"
[0m02:36:06.732847 [debug] [MainThread]: On master: /* {"app": "dbt", "dbt_version": "1.9.0", "profile_name": "lab9", "target_name": "dev", "connection_name": "master"} */
with relation as (
        select
            pg_rewrite.ev_class as class,
            pg_rewrite.oid as id
        from pg_rewrite
    ),
    class as (
        select
            oid as id,
            relname as name,
            relnamespace as schema,
            relkind as kind
        from pg_class
    ),
    dependency as (
        select distinct
            pg_depend.objid as id,
            pg_depend.refobjid as ref
        from pg_depend
    ),
    schema as (
        select
            pg_namespace.oid as id,
            pg_namespace.nspname as name
        from pg_namespace
        where nspname != 'information_schema' and nspname not like 'pg\_%'
    ),
    referenced as (
        select
            relation.id AS id,
            referenced_class.name ,
            referenced_class.schema ,
            referenced_class.kind
        from relation
        join class as referenced_class on relation.class=referenced_class.id
        where referenced_class.kind in ('r', 'v', 'm')
    ),
    relationships as (
        select
            referenced.name as referenced_name,
            referenced.schema as referenced_schema_id,
            dependent_class.name as dependent_name,
            dependent_class.schema as dependent_schema_id,
            referenced.kind as kind
        from referenced
        join dependency on referenced.id=dependency.id
        join class as dependent_class on dependency.ref=dependent_class.id
        where
            (referenced.name != dependent_class.name or
             referenced.schema != dependent_class.schema)
    )

    select
        referenced_schema.name as referenced_schema,
        relationships.referenced_name as referenced_name,
        dependent_schema.name as dependent_schema,
        relationships.dependent_name as dependent_name
    from relationships
    join schema as dependent_schema on relationships.dependent_schema_id=dependent_schema.id
    join schema as referenced_schema on relationships.referenced_schema_id=referenced_schema.id
    group by referenced_schema, referenced_name, dependent_schema, dependent_name
    order by referenced_schema, referenced_name, dependent_schema, dependent_name;
[0m02:36:06.739629 [debug] [MainThread]: SQL status: SELECT 4 in 0.006 seconds
[0m02:36:06.743026 [debug] [MainThread]: Sending event: {'category': 'dbt', 'action': 'runnable_timing', 'label': 'd7e8e646-e187-4e4c-a743-eeb422f7ff8e', 'context': [<snowplow_tracker.self_describing_json.SelfDescribingJson object at 0x7f4a84b5cec0>]}
[0m02:36:06.744132 [debug] [MainThread]: On master: ROLLBACK
[0m02:36:06.745377 [debug] [MainThread]: Using postgres connection "master"
[0m02:36:06.746395 [debug] [MainThread]: On master: BEGIN
[0m02:36:06.747717 [debug] [MainThread]: SQL status: BEGIN in 0.000 seconds
[0m02:36:06.748791 [debug] [MainThread]: On master: COMMIT
[0m02:36:06.749840 [debug] [MainThread]: Using postgres connection "master"
[0m02:36:06.750923 [debug] [MainThread]: On master: COMMIT
[0m02:36:06.752031 [debug] [MainThread]: SQL status: COMMIT in 0.000 seconds
[0m02:36:06.753033 [debug] [MainThread]: On master: Close
[0m02:36:06.756771 [debug] [Thread-1 (]: Began running node snapshot.lab9.snap_customer_scd
[0m02:36:06.758107 [info ] [Thread-1 (]: 1 of 1 START snapshot snapshots.snap_customer_scd .............................. [RUN]
[0m02:36:06.759463 [debug] [Thread-1 (]: Re-using an available connection from the pool (formerly list_lab9_snapshots, now snapshot.lab9.snap_customer_scd)
[0m02:36:06.760602 [debug] [Thread-1 (]: Began compiling node snapshot.lab9.snap_customer_scd
[0m02:36:06.771344 [debug] [Thread-1 (]: Began executing node snapshot.lab9.snap_customer_scd
[0m02:36:06.834093 [debug] [Thread-1 (]: Using postgres connection "snapshot.lab9.snap_customer_scd"
[0m02:36:06.835604 [debug] [Thread-1 (]: On snapshot.lab9.snap_customer_scd: /* {"app": "dbt", "dbt_version": "1.9.0", "profile_name": "lab9", "target_name": "dev", "node_id": "snapshot.lab9.snap_customer_scd"} */
select * from (
        select customer_name, gender, birth_year from (
                

select * from "lab9"."dbt_intermediate"."int_customer_source"
            ) subq
    ) as __dbt_sbq
    where false
    limit 0

    
[0m02:36:06.836831 [debug] [Thread-1 (]: Opening a new connection, currently in state closed
[0m02:36:06.844419 [debug] [Thread-1 (]: SQL status: SELECT 0 in 0.007 seconds
[0m02:36:06.858762 [debug] [Thread-1 (]: Using postgres connection "snapshot.lab9.snap_customer_scd"
[0m02:36:06.860198 [debug] [Thread-1 (]: On snapshot.lab9.snap_customer_scd: BEGIN
[0m02:36:06.861620 [debug] [Thread-1 (]: SQL status: BEGIN in 0.000 seconds
[0m02:36:06.862557 [debug] [Thread-1 (]: Using postgres connection "snapshot.lab9.snap_customer_scd"
[0m02:36:06.863558 [debug] [Thread-1 (]: On snapshot.lab9.snap_customer_scd: /* {"app": "dbt", "dbt_version": "1.9.0", "profile_name": "lab9", "target_name": "dev", "node_id": "snapshot.lab9.snap_customer_scd"} */

      select
          column_name,
          data_type,
          character_maximum_length,
          numeric_precision,
          numeric_scale

      from "lab9".INFORMATION_SCHEMA.columns
      where table_name = 'snap_customer_scd'
        
        and table_schema = 'snapshots'
        
      order by ordinal_position

  
[0m02:36:06.869834 [debug] [Thread-1 (]: SQL status: SELECT 9 in 0.005 seconds
[0m02:36:06.879418 [debug] [Thread-1 (]: Using postgres connection "snapshot.lab9.snap_customer_scd"
[0m02:36:06.880776 [debug] [Thread-1 (]: On snapshot.lab9.snap_customer_scd: /* {"app": "dbt", "dbt_version": "1.9.0", "profile_name": "lab9", "target_name": "dev", "node_id": "snapshot.lab9.snap_customer_scd"} */

      select
          column_name,
          data_type,
          character_maximum_length,
          numeric_precision,
          numeric_scale

      from "lab9".INFORMATION_SCHEMA.columns
      where table_name = 'snap_customer_scd'
        
        and table_schema = 'snapshots'
        
      order by ordinal_position

  
[0m02:36:06.884637 [debug] [Thread-1 (]: SQL status: SELECT 9 in 0.003 seconds
[0m02:36:06.932185 [debug] [Thread-1 (]: Using postgres connection "snapshot.lab9.snap_customer_scd"
[0m02:36:06.933704 [debug] [Thread-1 (]: On snapshot.lab9.snap_customer_scd: /* {"app": "dbt", "dbt_version": "1.9.0", "profile_name": "lab9", "target_name": "dev", "node_id": "snapshot.lab9.snap_customer_scd"} */

        
  
    

  create temporary table "snap_customer_scd__dbt_tmp023606924437"
  
  
    as
  
  (
    

    with snapshot_query as (

        

select * from "lab9"."dbt_intermediate"."int_customer_source"

    ),

    snapshotted_data as (

        select *, 
    
        customer_code as dbt_unique_key
    

        from "lab9"."snapshots"."snap_customer_scd"
        where
            
                dbt_valid_to is null
            

    ),

    insertions_source_data as (

        select *, 
    
        customer_code as dbt_unique_key
    
,
            now()::timestamp without time zone as dbt_updated_at,
            now()::timestamp without time zone as dbt_valid_from,
            
  
  coalesce(nullif(now()::timestamp without time zone, now()::timestamp without time zone), null)
  as dbt_valid_to
,
            md5(coalesce(cast(customer_code as varchar ), '')
         || '|' || coalesce(cast(now()::timestamp without time zone as varchar ), '')
        ) as dbt_scd_id

        from snapshot_query
    ),

    updates_source_data as (

        select *, 
    
        customer_code as dbt_unique_key
    
,
            now()::timestamp without time zone as dbt_updated_at,
            now()::timestamp without time zone as dbt_valid_from,
            now()::timestamp without time zone as dbt_valid_to

        from snapshot_query
    ),

    insertions as (

        select
            'insert' as dbt_change_type,
            source_data.*

        from insertions_source_data as source_data
        left outer join snapshotted_data
            on 
    
        snapshotted_data.dbt_unique_key = source_data.dbt_unique_key
    

            where 
    
        snapshotted_data.dbt_unique_key is null
    

            or (
    
        snapshotted_data.dbt_unique_key is not null
    
 and ((snapshotted_data."customer_name" != source_data."customer_name"
        or
        (
            ((snapshotted_data."customer_name" is null) and not (source_data."customer_name" is null))
            or
            ((not snapshotted_data."customer_name" is null) and (source_data."customer_name" is null))
        ) or snapshotted_data."gender" != source_data."gender"
        or
        (
            ((snapshotted_data."gender" is null) and not (source_data."gender" is null))
            or
            ((not snapshotted_data."gender" is null) and (source_data."gender" is null))
        ) or snapshotted_data."birth_year" != source_data."birth_year"
        or
        (
            ((snapshotted_data."birth_year" is null) and not (source_data."birth_year" is null))
            or
            ((not snapshotted_data."birth_year" is null) and (source_data."birth_year" is null))
        )))

        )

    ),

    updates as (

        select
            'update' as dbt_change_type,
            source_data.*,
            snapshotted_data.dbt_scd_id

        from updates_source_data as source_data
        join snapshotted_data
            on 
    
        snapshotted_data.dbt_unique_key = source_data.dbt_unique_key
    

        where (
            (snapshotted_data."customer_name" != source_data."customer_name"
        or
        (
            ((snapshotted_data."customer_name" is null) and not (source_data."customer_name" is null))
            or
            ((not snapshotted_data."customer_name" is null) and (source_data."customer_name" is null))
        ) or snapshotted_data."gender" != source_data."gender"
        or
        (
            ((snapshotted_data."gender" is null) and not (source_data."gender" is null))
            or
            ((not snapshotted_data."gender" is null) and (source_data."gender" is null))
        ) or snapshotted_data."birth_year" != source_data."birth_year"
        or
        (
            ((snapshotted_data."birth_year" is null) and not (source_data."birth_year" is null))
            or
            ((not snapshotted_data."birth_year" is null) and (source_data."birth_year" is null))
        ))
        )
    )

    select * from insertions
    union all
    select * from updates

  );
  
    
[0m02:36:06.938318 [debug] [Thread-1 (]: SQL status: SELECT 2 in 0.003 seconds
[0m02:36:06.941946 [debug] [Thread-1 (]: Using postgres connection "snapshot.lab9.snap_customer_scd"
[0m02:36:06.943108 [debug] [Thread-1 (]: On snapshot.lab9.snap_customer_scd: /* {"app": "dbt", "dbt_version": "1.9.0", "profile_name": "lab9", "target_name": "dev", "node_id": "snapshot.lab9.snap_customer_scd"} */

      select
          column_name,
          data_type,
          character_maximum_length,
          numeric_precision,
          numeric_scale

      from INFORMATION_SCHEMA.columns
      where table_name = 'snap_customer_scd__dbt_tmp023606924437'
        
      order by ordinal_position

  
[0m02:36:06.947171 [debug] [Thread-1 (]: SQL status: SELECT 11 in 0.003 seconds
[0m02:36:06.951203 [debug] [Thread-1 (]: Using postgres connection "snapshot.lab9.snap_customer_scd"
[0m02:36:06.952220 [debug] [Thread-1 (]: On snapshot.lab9.snap_customer_scd: /* {"app": "dbt", "dbt_version": "1.9.0", "profile_name": "lab9", "target_name": "dev", "node_id": "snapshot.lab9.snap_customer_scd"} */

      select
          column_name,
          data_type,
          character_maximum_length,
          numeric_precision,
          numeric_scale

      from "lab9".INFORMATION_SCHEMA.columns
      where table_name = 'snap_customer_scd'
        
        and table_schema = 'snapshots'
        
      order by ordinal_position

  
[0m02:36:06.955556 [debug] [Thread-1 (]: SQL status: SELECT 9 in 0.002 seconds
[0m02:36:06.959406 [debug] [Thread-1 (]: Using postgres connection "snapshot.lab9.snap_customer_scd"
[0m02:36:06.960504 [debug] [Thread-1 (]: On snapshot.lab9.snap_customer_scd: /* {"app": "dbt", "dbt_version": "1.9.0", "profile_name": "lab9", "target_name": "dev", "node_id": "snapshot.lab9.snap_customer_scd"} */

      select
          column_name,
          data_type,
          character_maximum_length,
          numeric_precision,
          numeric_scale

      from INFORMATION_SCHEMA.columns
      where table_name = 'snap_customer_scd__dbt_tmp023606924437'
        
      order by ordinal_position

  
[0m02:36:06.963349 [debug] [Thread-1 (]: SQL status: SELECT 11 in 0.002 seconds
[0m02:36:06.967330 [debug] [Thread-1 (]: Using postgres connection "snapshot.lab9.snap_customer_scd"
[0m02:36:06.968368 [debug] [Thread-1 (]: On snapshot.lab9.snap_customer_scd: /* {"app": "dbt", "dbt_version": "1.9.0", "profile_name": "lab9", "target_name": "dev", "node_id": "snapshot.lab9.snap_customer_scd"} */

      select
          column_name,
          data_type,
          character_maximum_length,
          numeric_precision,
          numeric_scale

      from "lab9".INFORMATION_SCHEMA.columns
      where table_name = 'snap_customer_scd'
        
        and table_schema = 'snapshots'
        
      order by ordinal_position

  
[0m02:36:06.971350 [debug] [Thread-1 (]: SQL status: SELECT 9 in 0.002 seconds
[0m02:36:06.978869 [debug] [Thread-1 (]: Using postgres connection "snapshot.lab9.snap_customer_scd"
[0m02:36:06.980056 [debug] [Thread-1 (]: On snapshot.lab9.snap_customer_scd: /* {"app": "dbt", "dbt_version": "1.9.0", "profile_name": "lab9", "target_name": "dev", "node_id": "snapshot.lab9.snap_customer_scd"} */

      select
          column_name,
          data_type,
          character_maximum_length,
          numeric_precision,
          numeric_scale

      from INFORMATION_SCHEMA.columns
      where table_name = 'snap_customer_scd__dbt_tmp023606924437'
        
      order by ordinal_position

  
[0m02:36:06.983127 [debug] [Thread-1 (]: SQL status: SELECT 11 in 0.002 seconds
[0m02:36:06.999890 [debug] [Thread-1 (]: Using postgres connection "snapshot.lab9.snap_customer_scd"
[0m02:36:07.001419 [debug] [Thread-1 (]: On snapshot.lab9.snap_customer_scd: /* {"app": "dbt", "dbt_version": "1.9.0", "profile_name": "lab9", "target_name": "dev", "node_id": "snapshot.lab9.snap_customer_scd"} */
select * from (
        

    with snapshot_query as (

        

select * from "lab9"."dbt_intermediate"."int_customer_source"

    ),

    snapshotted_data as (

        select *, 
    
        customer_code as dbt_unique_key
    

        from "lab9"."snapshots"."snap_customer_scd"
        where
            
                dbt_valid_to is null
            

    ),

    insertions_source_data as (

        select *, 
    
        customer_code as dbt_unique_key
    
,
            now()::timestamp without time zone as dbt_updated_at,
            now()::timestamp without time zone as dbt_valid_from,
            
  
  coalesce(nullif(now()::timestamp without time zone, now()::timestamp without time zone), null)
  as dbt_valid_to
,
            md5(coalesce(cast(customer_code as varchar ), '')
         || '|' || coalesce(cast(now()::timestamp without time zone as varchar ), '')
        ) as dbt_scd_id

        from snapshot_query
    ),

    updates_source_data as (

        select *, 
    
        customer_code as dbt_unique_key
    
,
            now()::timestamp without time zone as dbt_updated_at,
            now()::timestamp without time zone as dbt_valid_from,
            now()::timestamp without time zone as dbt_valid_to

        from snapshot_query
    ),

    insertions as (

        select
            'insert' as dbt_change_type,
            source_data.*

        from insertions_source_data as source_data
        left outer join snapshotted_data
            on 
    
        snapshotted_data.dbt_unique_key = source_data.dbt_unique_key
    

            where 
    
        snapshotted_data.dbt_unique_key is null
    

            or (
    
        snapshotted_data.dbt_unique_key is not null
    
 and ((snapshotted_data."customer_name" != source_data."customer_name"
        or
        (
            ((snapshotted_data."customer_name" is null) and not (source_data."customer_name" is null))
            or
            ((not snapshotted_data."customer_name" is null) and (source_data."customer_name" is null))
        ) or snapshotted_data."gender" != source_data."gender"
        or
        (
            ((snapshotted_data."gender" is null) and not (source_data."gender" is null))
            or
            ((not snapshotted_data."gender" is null) and (source_data."gender" is null))
        ) or snapshotted_data."birth_year" != source_data."birth_year"
        or
        (
            ((snapshotted_data."birth_year" is null) and not (source_data."birth_year" is null))
            or
            ((not snapshotted_data."birth_year" is null) and (source_data."birth_year" is null))
        )))

        )

    ),

    updates as (

        select
            'update' as dbt_change_type,
            source_data.*,
            snapshotted_data.dbt_scd_id

        from updates_source_data as source_data
        join snapshotted_data
            on 
    
        snapshotted_data.dbt_unique_key = source_data.dbt_unique_key
    

        where (
            (snapshotted_data."customer_name" != source_data."customer_name"
        or
        (
            ((snapshotted_data."customer_name" is null) and not (source_data."customer_name" is null))
            or
            ((not snapshotted_data."customer_name" is null) and (source_data."customer_name" is null))
        ) or snapshotted_data."gender" != source_data."gender"
        or
        (
            ((snapshotted_data."gender" is null) and not (source_data."gender" is null))
            or
            ((not snapshotted_data."gender" is null) and (source_data."gender" is null))
        ) or snapshotted_data."birth_year" != source_data."birth_year"
        or
        (
            ((snapshotted_data."birth_year" is null) and not (source_data."birth_year" is null))
            or
            ((not snapshotted_data."birth_year" is null) and (source_data."birth_year" is null))
        ))
        )
    )

    select * from insertions
    union all
    select * from updates

    ) as __dbt_sbq
    where false
    limit 0

[0m02:36:07.003346 [debug] [Thread-1 (]: SQL status: SELECT 0 in 0.001 seconds
[0m02:36:07.007496 [debug] [Thread-1 (]: Using postgres connection "snapshot.lab9.snap_customer_scd"
[0m02:36:07.008510 [debug] [Thread-1 (]: On snapshot.lab9.snap_customer_scd: /* {"app": "dbt", "dbt_version": "1.9.0", "profile_name": "lab9", "target_name": "dev", "node_id": "snapshot.lab9.snap_customer_scd"} */
select * from (
        select now()::timestamp without time zone as dbt_snapshot_time
    ) as __dbt_sbq
    where false
    limit 0

[0m02:36:07.009744 [debug] [Thread-1 (]: SQL status: SELECT 0 in 0.000 seconds
[0m02:36:07.010798 [debug] [Thread-1 (]: Writing runtime sql for node "snapshot.lab9.snap_customer_scd"
[0m02:36:07.018279 [debug] [Thread-1 (]: Using postgres connection "snapshot.lab9.snap_customer_scd"
[0m02:36:07.019506 [debug] [Thread-1 (]: On snapshot.lab9.snap_customer_scd: /* {"app": "dbt", "dbt_version": "1.9.0", "profile_name": "lab9", "target_name": "dev", "node_id": "snapshot.lab9.snap_customer_scd"} */

      update "lab9"."snapshots"."snap_customer_scd"
    set dbt_valid_to = DBT_INTERNAL_SOURCE.dbt_valid_to
    from "snap_customer_scd__dbt_tmp023606924437" as DBT_INTERNAL_SOURCE
    where DBT_INTERNAL_SOURCE.dbt_scd_id::text = "lab9"."snapshots"."snap_customer_scd".dbt_scd_id::text
      and DBT_INTERNAL_SOURCE.dbt_change_type::text in ('update'::text, 'delete'::text)
      
        and "lab9"."snapshots"."snap_customer_scd".dbt_valid_to is null;
      


    insert into "lab9"."snapshots"."snap_customer_scd" ("customer_code", "customer_name", "gender", "birth_year", "source_change_date", "dbt_updated_at", "dbt_valid_from", "dbt_valid_to", "dbt_scd_id")
    select DBT_INTERNAL_SOURCE."customer_code",DBT_INTERNAL_SOURCE."customer_name",DBT_INTERNAL_SOURCE."gender",DBT_INTERNAL_SOURCE."birth_year",DBT_INTERNAL_SOURCE."source_change_date",DBT_INTERNAL_SOURCE."dbt_updated_at",DBT_INTERNAL_SOURCE."dbt_valid_from",DBT_INTERNAL_SOURCE."dbt_valid_to",DBT_INTERNAL_SOURCE."dbt_scd_id"
    from "snap_customer_scd__dbt_tmp023606924437" as DBT_INTERNAL_SOURCE
    where DBT_INTERNAL_SOURCE.dbt_change_type::text = 'insert'::text;

  
[0m02:36:07.021548 [debug] [Thread-1 (]: SQL status: INSERT 0 1 in 0.001 seconds
[0m02:36:07.037968 [debug] [Thread-1 (]: On snapshot.lab9.snap_customer_scd: COMMIT
[0m02:36:07.039334 [debug] [Thread-1 (]: Using postgres connection "snapshot.lab9.snap_customer_scd"
[0m02:36:07.040442 [debug] [Thread-1 (]: On snapshot.lab9.snap_customer_scd: COMMIT
[0m02:36:07.043720 [debug] [Thread-1 (]: SQL status: COMMIT in 0.002 seconds
[0m02:36:07.048533 [debug] [Thread-1 (]: On snapshot.lab9.snap_customer_scd: Close
[0m02:36:07.051231 [debug] [Thread-1 (]: Sending event: {'category': 'dbt', 'action': 'run_model', 'label': 'd7e8e646-e187-4e4c-a743-eeb422f7ff8e', 'context': [<snowplow_tracker.self_describing_json.SelfDescribingJson object at 0x7f4a88e2c5f0>]}
[0m02:36:07.052929 [info ] [Thread-1 (]: 1 of 1 OK snapshotted snapshots.snap_customer_scd .............................. [[32mINSERT 0 1[0m in 0.29s]
[0m02:36:07.054694 [debug] [Thread-1 (]: Finished running node snapshot.lab9.snap_customer_scd
[0m02:36:07.058217 [debug] [MainThread]: Using postgres connection "master"
[0m02:36:07.059502 [debug] [MainThread]: On master: BEGIN
[0m02:36:07.060652 [debug] [MainThread]: Opening a new connection, currently in state closed
[0m02:36:07.067752 [debug] [MainThread]: SQL status: BEGIN in 0.007 seconds
[0m02:36:07.069368 [debug] [MainThread]: On master: COMMIT
[0m02:36:07.070606 [debug] [MainThread]: Using postgres connection "master"
[0m02:36:07.071807 [debug] [MainThread]: On master: COMMIT
[0m02:36:07.073009 [debug] [MainThread]: SQL status: COMMIT in 0.000 seconds
[0m02:36:07.074371 [debug] [MainThread]: On master: Close
[0m02:36:07.076891 [debug] [MainThread]: Connection 'master' was properly closed.
[0m02:36:07.082252 [debug] [MainThread]: Connection 'snapshot.lab9.snap_customer_scd' was properly closed.
[0m02:36:07.084389 [debug] [MainThread]: Connection 'list_lab9_dbt' was properly closed.
[0m02:36:07.085952 [debug] [MainThread]: Connection 'list_lab9_dbt_marts' was properly closed.
[0m02:36:07.087569 [debug] [MainThread]: Connection 'list_lab9_dbt_intermediate' was properly closed.
[0m02:36:07.089476 [info ] [MainThread]: 
[0m02:36:07.092307 [info ] [MainThread]: Finished running 1 snapshot in 0 hours 0 minutes and 0.55 seconds (0.55s).
[0m02:36:07.097878 [debug] [MainThread]: Command end result
[0m02:36:07.170192 [debug] [MainThread]: Wrote artifact WritableManifest to /usr/app/lab9/target/manifest.json
[0m02:36:07.178253 [debug] [MainThread]: Wrote artifact SemanticManifest to /usr/app/lab9/target/semantic_manifest.json
[0m02:36:07.192283 [debug] [MainThread]: Wrote artifact RunExecutionResult to /usr/app/lab9/target/run_results.json
[0m02:36:07.194045 [info ] [MainThread]: 
[0m02:36:07.196463 [info ] [MainThread]: [32mCompleted successfully[0m
[0m02:36:07.198471 [info ] [MainThread]: 
[0m02:36:07.200285 [info ] [MainThread]: Done. PASS=1 WARN=0 ERROR=0 SKIP=0 TOTAL=1
[0m02:36:07.203866 [debug] [MainThread]: Resource report: {"command_name": "snapshot", "command_success": true, "command_wall_clock_time": 1.9206787, "process_in_blocks": "0", "process_kernel_time": 0.212925, "process_mem_max_rss": "108712", "process_out_blocks": "0", "process_user_time": 2.504409}
[0m02:36:07.206079 [debug] [MainThread]: Command `dbt snapshot` succeeded at 02:36:07.205783 after 1.92 seconds
[0m02:36:07.208210 [debug] [MainThread]: Sending event: {'category': 'dbt', 'action': 'invocation', 'label': 'end', 'context': [<snowplow_tracker.self_describing_json.SelfDescribingJson object at 0x7f4a876ebfb0>, <snowplow_tracker.self_describing_json.SelfDescribingJson object at 0x7f4a84a438f0>, <snowplow_tracker.self_describing_json.SelfDescribingJson object at 0x7f4a8867e360>]}
[0m02:36:07.210062 [debug] [MainThread]: Flushing usage events
[0m02:36:08.249864 [debug] [MainThread]: An error was encountered while trying to flush usage events
[0m02:36:13.632317 [debug] [MainThread]: Sending event: {'category': 'dbt', 'action': 'invocation', 'label': 'start', 'context': [<snowplow_tracker.self_describing_json.SelfDescribingJson object at 0x7fb98902fa40>, <snowplow_tracker.self_describing_json.SelfDescribingJson object at 0x7fb98a272c00>, <snowplow_tracker.self_describing_json.SelfDescribingJson object at 0x7fb98c07de20>]}


============================== 02:36:13.636701 | add8977d-62ee-4722-8d72-a81df091e3b7 ==============================
[0m02:36:13.636701 [info ] [MainThread]: Running with dbt=1.9.0
[0m02:36:13.638093 [debug] [MainThread]: running dbt with arguments {'printer_width': '80', 'indirect_selection': 'eager', 'log_cache_events': 'False', 'write_json': 'True', 'partial_parse': 'True', 'cache_selected_only': 'False', 'profiles_dir': '/root/.dbt', 'fail_fast': 'False', 'debug': 'False', 'log_path': '/usr/app/lab9/logs', 'version_check': 'True', 'warn_error': 'None', 'use_colors': 'True', 'use_experimental_parser': 'False', 'empty': 'False', 'quiet': 'False', 'no_print': 'None', 'log_format': 'default', 'static_parser': 'True', 'invocation_command': "dbt run --select dim_customer int_sales_batch fct_sales --vars {'load_batch': 'incremental'}", 'warn_error_options': 'WarnErrorOptions(include=[], exclude=[])', 'target_path': 'None', 'introspect': 'True', 'send_anonymous_usage_stats': 'True'}
[0m02:36:13.861029 [debug] [MainThread]: Sending event: {'category': 'dbt', 'action': 'project_id', 'label': 'add8977d-62ee-4722-8d72-a81df091e3b7', 'context': [<snowplow_tracker.self_describing_json.SelfDescribingJson object at 0x7fb98aebfb60>]}
[0m02:36:13.935565 [debug] [MainThread]: Sending event: {'category': 'dbt', 'action': 'adapter_info', 'label': 'add8977d-62ee-4722-8d72-a81df091e3b7', 'context': [<snowplow_tracker.self_describing_json.SelfDescribingJson object at 0x7fb988e848c0>]}
[0m02:36:13.937698 [info ] [MainThread]: Registered adapter: postgres=1.9.0
[0m02:36:14.032995 [debug] [MainThread]: checksum: 46392ca5037689b319481470edf442c57b77bdeecddef5845fccaaae749a723c, vars: {'load_batch': 'incremental'}, profile: , target: , version: 1.9.0
[0m02:36:14.509340 [debug] [MainThread]: Partial parsing enabled: 0 files deleted, 0 files added, 0 files changed.
[0m02:36:14.510830 [debug] [MainThread]: Partial parsing enabled, no changes found, skipping parsing
[0m02:36:14.588712 [debug] [MainThread]: Sending event: {'category': 'dbt', 'action': 'load_project', 'label': 'add8977d-62ee-4722-8d72-a81df091e3b7', 'context': [<snowplow_tracker.self_describing_json.SelfDescribingJson object at 0x7fb987628b60>]}
[0m02:36:14.733814 [debug] [MainThread]: Wrote artifact WritableManifest to /usr/app/lab9/target/manifest.json
[0m02:36:14.741762 [debug] [MainThread]: Wrote artifact SemanticManifest to /usr/app/lab9/target/semantic_manifest.json
[0m02:36:14.771486 [debug] [MainThread]: Sending event: {'category': 'dbt', 'action': 'resource_counts', 'label': 'add8977d-62ee-4722-8d72-a81df091e3b7', 'context': [<snowplow_tracker.self_describing_json.SelfDescribingJson object at 0x7fb987271c70>]}
[0m02:36:14.773018 [info ] [MainThread]: Found 15 models, 1 snapshot, 3 data tests, 2 seeds, 429 macros
[0m02:36:14.774659 [debug] [MainThread]: Sending event: {'category': 'dbt', 'action': 'runnable_timing', 'label': 'add8977d-62ee-4722-8d72-a81df091e3b7', 'context': [<snowplow_tracker.self_describing_json.SelfDescribingJson object at 0x7fb9895d9700>]}
[0m02:36:14.778704 [info ] [MainThread]: 
[0m02:36:14.780691 [info ] [MainThread]: Concurrency: 4 threads (target='dev')
[0m02:36:14.782468 [info ] [MainThread]: 
[0m02:36:14.784212 [debug] [MainThread]: Acquiring new postgres connection 'master'
[0m02:36:14.790351 [debug] [ThreadPool]: Acquiring new postgres connection 'list_lab9'
[0m02:36:14.791364 [debug] [ThreadPool]: Acquiring new postgres connection 'list_lab9'
[0m02:36:14.839594 [debug] [ThreadPool]: Using postgres connection "list_lab9"
[0m02:36:14.840024 [debug] [ThreadPool]: Using postgres connection "list_lab9"
[0m02:36:14.841058 [debug] [ThreadPool]: On list_lab9: /* {"app": "dbt", "dbt_version": "1.9.0", "profile_name": "lab9", "target_name": "dev", "connection_name": "list_lab9"} */

    select distinct nspname from pg_namespace
  
[0m02:36:14.842347 [debug] [ThreadPool]: On list_lab9: /* {"app": "dbt", "dbt_version": "1.9.0", "profile_name": "lab9", "target_name": "dev", "connection_name": "list_lab9"} */

    select distinct nspname from pg_namespace
  
[0m02:36:14.843339 [debug] [ThreadPool]: Opening a new connection, currently in state init
[0m02:36:14.844349 [debug] [ThreadPool]: Opening a new connection, currently in state init
[0m02:36:14.852200 [debug] [ThreadPool]: SQL status: SELECT 11 in 0.009 seconds
[0m02:36:14.852626 [debug] [ThreadPool]: SQL status: SELECT 11 in 0.008 seconds
[0m02:36:14.854663 [debug] [ThreadPool]: On list_lab9: Close
[0m02:36:14.856817 [debug] [ThreadPool]: On list_lab9: Close
[0m02:36:14.861179 [debug] [ThreadPool]: Re-using an available connection from the pool (formerly list_lab9, now list_lab9_snapshots)
[0m02:36:14.862013 [debug] [ThreadPool]: Re-using an available connection from the pool (formerly list_lab9, now list_lab9_dbt_marts)
[0m02:36:14.862931 [debug] [ThreadPool]: Acquiring new postgres connection 'list_lab9_dbt_intermediate'
[0m02:36:14.863665 [debug] [ThreadPool]: Acquiring new postgres connection 'list_lab9_dbt'
[0m02:36:14.870769 [debug] [ThreadPool]: Using postgres connection "list_lab9_snapshots"
[0m02:36:14.874584 [debug] [ThreadPool]: Using postgres connection "list_lab9_dbt_marts"
[0m02:36:14.877443 [debug] [ThreadPool]: Using postgres connection "list_lab9_dbt_intermediate"
[0m02:36:14.879962 [debug] [ThreadPool]: Using postgres connection "list_lab9_dbt"
[0m02:36:14.881046 [debug] [ThreadPool]: On list_lab9_snapshots: BEGIN
[0m02:36:14.882133 [debug] [ThreadPool]: On list_lab9_dbt_marts: BEGIN
[0m02:36:14.883331 [debug] [ThreadPool]: On list_lab9_dbt_intermediate: BEGIN
[0m02:36:14.884493 [debug] [ThreadPool]: On list_lab9_dbt: BEGIN
[0m02:36:14.885619 [debug] [ThreadPool]: Opening a new connection, currently in state closed
[0m02:36:14.886633 [debug] [ThreadPool]: Opening a new connection, currently in state closed
[0m02:36:14.887621 [debug] [ThreadPool]: Opening a new connection, currently in state init
[0m02:36:14.888764 [debug] [ThreadPool]: Opening a new connection, currently in state init
[0m02:36:14.895966 [debug] [ThreadPool]: SQL status: BEGIN in 0.010 seconds
[0m02:36:14.896425 [debug] [ThreadPool]: SQL status: BEGIN in 0.010 seconds
[0m02:36:14.897266 [debug] [ThreadPool]: SQL status: BEGIN in 0.010 seconds
[0m02:36:14.897635 [debug] [ThreadPool]: SQL status: BEGIN in 0.009 seconds
[0m02:36:14.898018 [debug] [ThreadPool]: Using postgres connection "list_lab9_snapshots"
[0m02:36:14.899235 [debug] [ThreadPool]: Using postgres connection "list_lab9_dbt_marts"
[0m02:36:14.900304 [debug] [ThreadPool]: Using postgres connection "list_lab9_dbt_intermediate"
[0m02:36:14.901346 [debug] [ThreadPool]: Using postgres connection "list_lab9_dbt"
[0m02:36:14.902484 [debug] [ThreadPool]: On list_lab9_snapshots: /* {"app": "dbt", "dbt_version": "1.9.0", "profile_name": "lab9", "target_name": "dev", "connection_name": "list_lab9_snapshots"} */
select
      'lab9' as database,
      tablename as name,
      schemaname as schema,
      'table' as type
    from pg_tables
    where schemaname ilike 'snapshots'
    union all
    select
      'lab9' as database,
      viewname as name,
      schemaname as schema,
      'view' as type
    from pg_views
    where schemaname ilike 'snapshots'
    union all
    select
      'lab9' as database,
      matviewname as name,
      schemaname as schema,
      'materialized_view' as type
    from pg_matviews
    where schemaname ilike 'snapshots'
  
[0m02:36:14.903463 [debug] [ThreadPool]: On list_lab9_dbt_marts: /* {"app": "dbt", "dbt_version": "1.9.0", "profile_name": "lab9", "target_name": "dev", "connection_name": "list_lab9_dbt_marts"} */
select
      'lab9' as database,
      tablename as name,
      schemaname as schema,
      'table' as type
    from pg_tables
    where schemaname ilike 'dbt_marts'
    union all
    select
      'lab9' as database,
      viewname as name,
      schemaname as schema,
      'view' as type
    from pg_views
    where schemaname ilike 'dbt_marts'
    union all
    select
      'lab9' as database,
      matviewname as name,
      schemaname as schema,
      'materialized_view' as type
    from pg_matviews
    where schemaname ilike 'dbt_marts'
  
[0m02:36:14.904509 [debug] [ThreadPool]: On list_lab9_dbt_intermediate: /* {"app": "dbt", "dbt_version": "1.9.0", "profile_name": "lab9", "target_name": "dev", "connection_name": "list_lab9_dbt_intermediate"} */
select
      'lab9' as database,
      tablename as name,
      schemaname as schema,
      'table' as type
    from pg_tables
    where schemaname ilike 'dbt_intermediate'
    union all
    select
      'lab9' as database,
      viewname as name,
      schemaname as schema,
      'view' as type
    from pg_views
    where schemaname ilike 'dbt_intermediate'
    union all
    select
      'lab9' as database,
      matviewname as name,
      schemaname as schema,
      'materialized_view' as type
    from pg_matviews
    where schemaname ilike 'dbt_intermediate'
  
[0m02:36:14.905686 [debug] [ThreadPool]: On list_lab9_dbt: /* {"app": "dbt", "dbt_version": "1.9.0", "profile_name": "lab9", "target_name": "dev", "connection_name": "list_lab9_dbt"} */
select
      'lab9' as database,
      tablename as name,
      schemaname as schema,
      'table' as type
    from pg_tables
    where schemaname ilike 'dbt'
    union all
    select
      'lab9' as database,
      viewname as name,
      schemaname as schema,
      'view' as type
    from pg_views
    where schemaname ilike 'dbt'
    union all
    select
      'lab9' as database,
      matviewname as name,
      schemaname as schema,
      'materialized_view' as type
    from pg_matviews
    where schemaname ilike 'dbt'
  
[0m02:36:14.910124 [debug] [ThreadPool]: SQL status: SELECT 1 in 0.003 seconds
[0m02:36:14.910567 [debug] [ThreadPool]: SQL status: SELECT 11 in 0.003 seconds
[0m02:36:14.911253 [debug] [ThreadPool]: SQL status: SELECT 2 in 0.003 seconds
[0m02:36:14.912952 [debug] [ThreadPool]: On list_lab9_snapshots: ROLLBACK
[0m02:36:14.913358 [debug] [ThreadPool]: SQL status: SELECT 2 in 0.004 seconds
[0m02:36:14.915473 [debug] [ThreadPool]: On list_lab9_dbt_marts: ROLLBACK
[0m02:36:14.917556 [debug] [ThreadPool]: On list_lab9_dbt_intermediate: ROLLBACK
[0m02:36:14.918959 [debug] [ThreadPool]: On list_lab9_snapshots: Close
[0m02:36:14.920917 [debug] [ThreadPool]: On list_lab9_dbt: ROLLBACK
[0m02:36:14.922224 [debug] [ThreadPool]: On list_lab9_dbt_marts: Close
[0m02:36:14.923149 [debug] [ThreadPool]: On list_lab9_dbt_intermediate: Close
[0m02:36:14.924362 [debug] [ThreadPool]: Re-using an available connection from the pool (formerly list_lab9_snapshots, now list_lab9_dbt_staging)
[0m02:36:14.925591 [debug] [ThreadPool]: On list_lab9_dbt: Close
[0m02:36:14.932301 [debug] [ThreadPool]: Using postgres connection "list_lab9_dbt_staging"
[0m02:36:14.934615 [debug] [ThreadPool]: On list_lab9_dbt_staging: BEGIN
[0m02:36:14.935626 [debug] [ThreadPool]: Opening a new connection, currently in state closed
[0m02:36:14.941685 [debug] [ThreadPool]: SQL status: BEGIN in 0.006 seconds
[0m02:36:14.942944 [debug] [ThreadPool]: Using postgres connection "list_lab9_dbt_staging"
[0m02:36:14.943974 [debug] [ThreadPool]: On list_lab9_dbt_staging: /* {"app": "dbt", "dbt_version": "1.9.0", "profile_name": "lab9", "target_name": "dev", "connection_name": "list_lab9_dbt_staging"} */
select
      'lab9' as database,
      tablename as name,
      schemaname as schema,
      'table' as type
    from pg_tables
    where schemaname ilike 'dbt_staging'
    union all
    select
      'lab9' as database,
      viewname as name,
      schemaname as schema,
      'view' as type
    from pg_views
    where schemaname ilike 'dbt_staging'
    union all
    select
      'lab9' as database,
      matviewname as name,
      schemaname as schema,
      'materialized_view' as type
    from pg_matviews
    where schemaname ilike 'dbt_staging'
  
[0m02:36:14.947396 [debug] [ThreadPool]: SQL status: SELECT 2 in 0.002 seconds
[0m02:36:14.949846 [debug] [ThreadPool]: On list_lab9_dbt_staging: ROLLBACK
[0m02:36:14.951133 [debug] [ThreadPool]: On list_lab9_dbt_staging: Close
[0m02:36:14.958978 [debug] [MainThread]: Using postgres connection "master"
[0m02:36:14.960275 [debug] [MainThread]: On master: BEGIN
[0m02:36:14.961689 [debug] [MainThread]: Opening a new connection, currently in state init
[0m02:36:14.967615 [debug] [MainThread]: SQL status: BEGIN in 0.006 seconds
[0m02:36:14.968902 [debug] [MainThread]: Using postgres connection "master"
[0m02:36:14.970170 [debug] [MainThread]: On master: /* {"app": "dbt", "dbt_version": "1.9.0", "profile_name": "lab9", "target_name": "dev", "connection_name": "master"} */
with relation as (
        select
            pg_rewrite.ev_class as class,
            pg_rewrite.oid as id
        from pg_rewrite
    ),
    class as (
        select
            oid as id,
            relname as name,
            relnamespace as schema,
            relkind as kind
        from pg_class
    ),
    dependency as (
        select distinct
            pg_depend.objid as id,
            pg_depend.refobjid as ref
        from pg_depend
    ),
    schema as (
        select
            pg_namespace.oid as id,
            pg_namespace.nspname as name
        from pg_namespace
        where nspname != 'information_schema' and nspname not like 'pg\_%'
    ),
    referenced as (
        select
            relation.id AS id,
            referenced_class.name ,
            referenced_class.schema ,
            referenced_class.kind
        from relation
        join class as referenced_class on relation.class=referenced_class.id
        where referenced_class.kind in ('r', 'v', 'm')
    ),
    relationships as (
        select
            referenced.name as referenced_name,
            referenced.schema as referenced_schema_id,
            dependent_class.name as dependent_name,
            dependent_class.schema as dependent_schema_id,
            referenced.kind as kind
        from referenced
        join dependency on referenced.id=dependency.id
        join class as dependent_class on dependency.ref=dependent_class.id
        where
            (referenced.name != dependent_class.name or
             referenced.schema != dependent_class.schema)
    )

    select
        referenced_schema.name as referenced_schema,
        relationships.referenced_name as referenced_name,
        dependent_schema.name as dependent_schema,
        relationships.dependent_name as dependent_name
    from relationships
    join schema as dependent_schema on relationships.dependent_schema_id=dependent_schema.id
    join schema as referenced_schema on relationships.referenced_schema_id=referenced_schema.id
    group by referenced_schema, referenced_name, dependent_schema, dependent_name
    order by referenced_schema, referenced_name, dependent_schema, dependent_name;
[0m02:36:14.978011 [debug] [MainThread]: SQL status: SELECT 4 in 0.007 seconds
[0m02:36:14.982589 [debug] [MainThread]: Sending event: {'category': 'dbt', 'action': 'runnable_timing', 'label': 'add8977d-62ee-4722-8d72-a81df091e3b7', 'context': [<snowplow_tracker.self_describing_json.SelfDescribingJson object at 0x7fb988ee3470>]}
[0m02:36:14.984176 [debug] [MainThread]: On master: ROLLBACK
[0m02:36:14.985997 [debug] [MainThread]: Using postgres connection "master"
[0m02:36:14.987481 [debug] [MainThread]: On master: BEGIN
[0m02:36:14.989763 [debug] [MainThread]: SQL status: BEGIN in 0.001 seconds
[0m02:36:14.991233 [debug] [MainThread]: On master: COMMIT
[0m02:36:14.992528 [debug] [MainThread]: Using postgres connection "master"
[0m02:36:14.994103 [debug] [MainThread]: On master: COMMIT
[0m02:36:14.996289 [debug] [MainThread]: SQL status: COMMIT in 0.000 seconds
[0m02:36:14.997618 [debug] [MainThread]: On master: Close
[0m02:36:15.003137 [debug] [Thread-1 (]: Began running node model.lab9.dim_customer
[0m02:36:15.003910 [debug] [Thread-2 (]: Began running node model.lab9.int_sales_batch
[0m02:36:15.005192 [info ] [Thread-1 (]: 1 of 3 START sql table model dbt_marts.dim_customer ............................ [RUN]
[0m02:36:15.007121 [info ] [Thread-2 (]: 2 of 3 START sql view model dbt_intermediate.int_sales_batch ................... [RUN]
[0m02:36:15.008869 [debug] [Thread-1 (]: Re-using an available connection from the pool (formerly list_lab9_dbt_staging, now model.lab9.dim_customer)
[0m02:36:15.010197 [debug] [Thread-2 (]: Re-using an available connection from the pool (formerly list_lab9_dbt, now model.lab9.int_sales_batch)
[0m02:36:15.011674 [debug] [Thread-1 (]: Began compiling node model.lab9.dim_customer
[0m02:36:15.013245 [debug] [Thread-2 (]: Began compiling node model.lab9.int_sales_batch
[0m02:36:15.025162 [debug] [Thread-1 (]: Writing injected SQL for node "model.lab9.dim_customer"
[0m02:36:15.031755 [debug] [Thread-2 (]: Writing injected SQL for node "model.lab9.int_sales_batch"
[0m02:36:15.038599 [debug] [Thread-1 (]: Began executing node model.lab9.dim_customer
[0m02:36:15.039148 [debug] [Thread-2 (]: Began executing node model.lab9.int_sales_batch
[0m02:36:15.111885 [debug] [Thread-2 (]: Writing runtime sql for node "model.lab9.int_sales_batch"
[0m02:36:15.112507 [debug] [Thread-1 (]: Writing runtime sql for node "model.lab9.dim_customer"
[0m02:36:15.119910 [debug] [Thread-2 (]: Using postgres connection "model.lab9.int_sales_batch"
[0m02:36:15.120640 [debug] [Thread-1 (]: Using postgres connection "model.lab9.dim_customer"
[0m02:36:15.121731 [debug] [Thread-2 (]: On model.lab9.int_sales_batch: BEGIN
[0m02:36:15.123189 [debug] [Thread-1 (]: On model.lab9.dim_customer: BEGIN
[0m02:36:15.124412 [debug] [Thread-2 (]: Opening a new connection, currently in state closed
[0m02:36:15.125484 [debug] [Thread-1 (]: Opening a new connection, currently in state closed
[0m02:36:15.132818 [debug] [Thread-2 (]: SQL status: BEGIN in 0.008 seconds
[0m02:36:15.133926 [debug] [Thread-1 (]: SQL status: BEGIN in 0.008 seconds
[0m02:36:15.135046 [debug] [Thread-2 (]: Using postgres connection "model.lab9.int_sales_batch"
[0m02:36:15.136189 [debug] [Thread-1 (]: Using postgres connection "model.lab9.dim_customer"
[0m02:36:15.137366 [debug] [Thread-2 (]: On model.lab9.int_sales_batch: /* {"app": "dbt", "dbt_version": "1.9.0", "profile_name": "lab9", "target_name": "dev", "node_id": "model.lab9.int_sales_batch"} */

  create view "lab9"."dbt_intermediate"."int_sales_batch__dbt_tmp"
    
    
  as (
    select *
from "lab9"."dbt_staging"."stg_coffee_sales"

where sale_date >= date '2031-04-15'

  );
[0m02:36:15.138591 [debug] [Thread-1 (]: On model.lab9.dim_customer: /* {"app": "dbt", "dbt_version": "1.9.0", "profile_name": "lab9", "target_name": "dev", "node_id": "model.lab9.dim_customer"} */

  
    

  create  table "lab9"."dbt_marts"."dim_customer__dbt_tmp"
  
  
    as
  
  (
    

with versioned as (
  select
    customer_code, customer_name, gender, birth_year,
    source_change_date::date as start_date,
    lead(source_change_date::date) over (
      partition by customer_code
      order by source_change_date::date
    ) as next_start_date,
    dbt_valid_to
  from "lab9"."snapshots"."snap_customer_scd"
)
select
  md5(concat_ws('|',customer_code,start_date::text)) as customer_key,
  customer_code, customer_name, gender, birth_year, start_date,
  coalesce(next_start_date - 1,date '9999-12-31') as end_date,
  (dbt_valid_to is null) as is_current
from versioned
  );
  
[0m02:36:15.143098 [debug] [Thread-2 (]: SQL status: CREATE VIEW in 0.003 seconds
[0m02:36:15.153136 [debug] [Thread-1 (]: SQL status: SELECT 11 in 0.012 seconds
[0m02:36:15.155221 [debug] [Thread-2 (]: Using postgres connection "model.lab9.int_sales_batch"
[0m02:36:15.159536 [debug] [Thread-1 (]: Using postgres connection "model.lab9.dim_customer"
[0m02:36:15.160952 [debug] [Thread-2 (]: On model.lab9.int_sales_batch: /* {"app": "dbt", "dbt_version": "1.9.0", "profile_name": "lab9", "target_name": "dev", "node_id": "model.lab9.int_sales_batch"} */
alter table "lab9"."dbt_intermediate"."int_sales_batch" rename to "int_sales_batch__dbt_backup"
[0m02:36:15.162337 [debug] [Thread-1 (]: On model.lab9.dim_customer: /* {"app": "dbt", "dbt_version": "1.9.0", "profile_name": "lab9", "target_name": "dev", "node_id": "model.lab9.dim_customer"} */
alter table "lab9"."dbt_marts"."dim_customer" rename to "dim_customer__dbt_backup"
[0m02:36:15.164163 [debug] [Thread-2 (]: SQL status: ALTER TABLE in 0.001 seconds
[0m02:36:15.165079 [debug] [Thread-1 (]: SQL status: ALTER TABLE in 0.000 seconds
[0m02:36:15.168398 [debug] [Thread-2 (]: Using postgres connection "model.lab9.int_sales_batch"
[0m02:36:15.172084 [debug] [Thread-1 (]: Using postgres connection "model.lab9.dim_customer"
[0m02:36:15.173195 [debug] [Thread-2 (]: On model.lab9.int_sales_batch: /* {"app": "dbt", "dbt_version": "1.9.0", "profile_name": "lab9", "target_name": "dev", "node_id": "model.lab9.int_sales_batch"} */
alter table "lab9"."dbt_intermediate"."int_sales_batch__dbt_tmp" rename to "int_sales_batch"
[0m02:36:15.174186 [debug] [Thread-1 (]: On model.lab9.dim_customer: /* {"app": "dbt", "dbt_version": "1.9.0", "profile_name": "lab9", "target_name": "dev", "node_id": "model.lab9.dim_customer"} */
alter table "lab9"."dbt_marts"."dim_customer__dbt_tmp" rename to "dim_customer"
[0m02:36:15.175798 [debug] [Thread-2 (]: SQL status: ALTER TABLE in 0.000 seconds
[0m02:36:15.176720 [debug] [Thread-1 (]: SQL status: ALTER TABLE in 0.000 seconds
[0m02:36:15.195574 [debug] [Thread-2 (]: On model.lab9.int_sales_batch: COMMIT
[0m02:36:15.201126 [debug] [Thread-1 (]: On model.lab9.dim_customer: COMMIT
[0m02:36:15.202569 [debug] [Thread-2 (]: Using postgres connection "model.lab9.int_sales_batch"
[0m02:36:15.203666 [debug] [Thread-1 (]: Using postgres connection "model.lab9.dim_customer"
[0m02:36:15.205155 [debug] [Thread-2 (]: On model.lab9.int_sales_batch: COMMIT
[0m02:36:15.206323 [debug] [Thread-1 (]: On model.lab9.dim_customer: COMMIT
[0m02:36:15.209537 [debug] [Thread-2 (]: SQL status: COMMIT in 0.002 seconds
[0m02:36:15.210429 [debug] [Thread-1 (]: SQL status: COMMIT in 0.002 seconds
[0m02:36:15.220665 [debug] [Thread-2 (]: Applying DROP to: "lab9"."dbt_intermediate"."int_sales_batch__dbt_backup"
[0m02:36:15.223843 [debug] [Thread-1 (]: Applying DROP to: "lab9"."dbt_marts"."dim_customer__dbt_backup"
[0m02:36:15.230137 [debug] [Thread-2 (]: Using postgres connection "model.lab9.int_sales_batch"
[0m02:36:15.233459 [debug] [Thread-1 (]: Using postgres connection "model.lab9.dim_customer"
[0m02:36:15.234769 [debug] [Thread-2 (]: On model.lab9.int_sales_batch: /* {"app": "dbt", "dbt_version": "1.9.0", "profile_name": "lab9", "target_name": "dev", "node_id": "model.lab9.int_sales_batch"} */
drop view if exists "lab9"."dbt_intermediate"."int_sales_batch__dbt_backup" cascade
[0m02:36:15.236028 [debug] [Thread-1 (]: On model.lab9.dim_customer: /* {"app": "dbt", "dbt_version": "1.9.0", "profile_name": "lab9", "target_name": "dev", "node_id": "model.lab9.dim_customer"} */
drop table if exists "lab9"."dbt_marts"."dim_customer__dbt_backup" cascade
[0m02:36:15.239598 [debug] [Thread-2 (]: SQL status: DROP VIEW in 0.002 seconds
[0m02:36:15.243226 [debug] [Thread-2 (]: On model.lab9.int_sales_batch: Close
[0m02:36:15.243623 [debug] [Thread-1 (]: SQL status: DROP TABLE in 0.006 seconds
[0m02:36:15.246083 [debug] [Thread-2 (]: Sending event: {'category': 'dbt', 'action': 'run_model', 'label': 'add8977d-62ee-4722-8d72-a81df091e3b7', 'context': [<snowplow_tracker.self_describing_json.SelfDescribingJson object at 0x7fb98aebed80>]}
[0m02:36:15.248224 [debug] [Thread-1 (]: On model.lab9.dim_customer: Close
[0m02:36:15.249747 [info ] [Thread-2 (]: 2 of 3 OK created sql view model dbt_intermediate.int_sales_batch .............. [[32mCREATE VIEW[0m in 0.23s]
[0m02:36:15.251509 [debug] [Thread-1 (]: Sending event: {'category': 'dbt', 'action': 'run_model', 'label': 'add8977d-62ee-4722-8d72-a81df091e3b7', 'context': [<snowplow_tracker.self_describing_json.SelfDescribingJson object at 0x7fb98770ec00>]}
[0m02:36:15.252865 [debug] [Thread-2 (]: Finished running node model.lab9.int_sales_batch
[0m02:36:15.254302 [info ] [Thread-1 (]: 1 of 3 OK created sql table model dbt_marts.dim_customer ....................... [[32mSELECT 11[0m in 0.24s]
[0m02:36:15.257073 [debug] [Thread-1 (]: Finished running node model.lab9.dim_customer
[0m02:36:15.259645 [debug] [Thread-4 (]: Began running node model.lab9.fct_sales
[0m02:36:15.261435 [info ] [Thread-4 (]: 3 of 3 START sql incremental model dbt_marts.fct_sales ......................... [RUN]
[0m02:36:15.263540 [debug] [Thread-4 (]: Re-using an available connection from the pool (formerly list_lab9_dbt_marts, now model.lab9.fct_sales)
[0m02:36:15.265394 [debug] [Thread-4 (]: Began compiling node model.lab9.fct_sales
[0m02:36:15.279698 [debug] [Thread-4 (]: Writing injected SQL for node "model.lab9.fct_sales"
[0m02:36:15.289596 [debug] [Thread-4 (]: Began executing node model.lab9.fct_sales
[0m02:36:15.324042 [debug] [Thread-4 (]: Using postgres connection "model.lab9.fct_sales"
[0m02:36:15.325446 [debug] [Thread-4 (]: On model.lab9.fct_sales: /* {"app": "dbt", "dbt_version": "1.9.0", "profile_name": "lab9", "target_name": "dev", "node_id": "model.lab9.fct_sales"} */

    
  
    

  create temporary table "fct_sales__dbt_tmp023615318169"
  
  
    as
  
  (
    
select
  s.sale_id, s.invoice_number, d.date_key, c.customer_key,
  p.product_key, st.store_key, sf.staff_key, pr.promo_key,
  s.quantity, s.revenue, s.points_redeemed
from "lab9"."dbt_intermediate"."int_sales_batch" s
join "lab9"."dbt_marts"."dim_date" d on d.sale_date=s.sale_date
join "lab9"."dbt_marts"."dim_customer" c
  on c.customer_code=s.customer_code
 and s.sale_date between c.start_date and c.end_date
join "lab9"."dbt_marts"."dim_product" p on p.product_code=s.product_code and p.size=s.size
join "lab9"."dbt_marts"."dim_store" st on st.store_code=s.store_code
join "lab9"."dbt_marts"."dim_staff" sf on sf.staff_code=s.staff_code
left join "lab9"."dbt_marts"."dim_promotion" pr on pr.promo_code=s.promo_code

where not exists (
  select 1 from "lab9"."dbt_marts"."fct_sales" f where f.sale_id=s.sale_id
)

  );
  
  
[0m02:36:15.326850 [debug] [Thread-4 (]: Opening a new connection, currently in state closed
[0m02:36:15.338539 [debug] [Thread-4 (]: SQL status: SELECT 40 in 0.012 seconds
[0m02:36:15.353272 [debug] [Thread-4 (]: Using postgres connection "model.lab9.fct_sales"
[0m02:36:15.354721 [debug] [Thread-4 (]: On model.lab9.fct_sales: BEGIN
[0m02:36:15.356471 [debug] [Thread-4 (]: SQL status: BEGIN in 0.000 seconds
[0m02:36:15.357524 [debug] [Thread-4 (]: Using postgres connection "model.lab9.fct_sales"
[0m02:36:15.358590 [debug] [Thread-4 (]: On model.lab9.fct_sales: /* {"app": "dbt", "dbt_version": "1.9.0", "profile_name": "lab9", "target_name": "dev", "node_id": "model.lab9.fct_sales"} */

      select
          column_name,
          data_type,
          character_maximum_length,
          numeric_precision,
          numeric_scale

      from INFORMATION_SCHEMA.columns
      where table_name = 'fct_sales__dbt_tmp023615318169'
        
      order by ordinal_position

  
[0m02:36:15.364146 [debug] [Thread-4 (]: SQL status: SELECT 11 in 0.004 seconds
[0m02:36:15.372156 [debug] [Thread-4 (]: Using postgres connection "model.lab9.fct_sales"
[0m02:36:15.373494 [debug] [Thread-4 (]: On model.lab9.fct_sales: /* {"app": "dbt", "dbt_version": "1.9.0", "profile_name": "lab9", "target_name": "dev", "node_id": "model.lab9.fct_sales"} */

      select
          column_name,
          data_type,
          character_maximum_length,
          numeric_precision,
          numeric_scale

      from "lab9".INFORMATION_SCHEMA.columns
      where table_name = 'fct_sales'
        
        and table_schema = 'dbt_marts'
        
      order by ordinal_position

  
[0m02:36:15.377199 [debug] [Thread-4 (]: SQL status: SELECT 11 in 0.002 seconds
[0m02:36:15.385865 [debug] [Thread-4 (]: Using postgres connection "model.lab9.fct_sales"
[0m02:36:15.386978 [debug] [Thread-4 (]: On model.lab9.fct_sales: /* {"app": "dbt", "dbt_version": "1.9.0", "profile_name": "lab9", "target_name": "dev", "node_id": "model.lab9.fct_sales"} */

      select
          column_name,
          data_type,
          character_maximum_length,
          numeric_precision,
          numeric_scale

      from "lab9".INFORMATION_SCHEMA.columns
      where table_name = 'fct_sales'
        
        and table_schema = 'dbt_marts'
        
      order by ordinal_position

  
[0m02:36:15.390570 [debug] [Thread-4 (]: SQL status: SELECT 11 in 0.002 seconds
[0m02:36:15.414117 [debug] [Thread-4 (]: Writing runtime sql for node "model.lab9.fct_sales"
[0m02:36:15.422447 [debug] [Thread-4 (]: Using postgres connection "model.lab9.fct_sales"
[0m02:36:15.423660 [debug] [Thread-4 (]: On model.lab9.fct_sales: /* {"app": "dbt", "dbt_version": "1.9.0", "profile_name": "lab9", "target_name": "dev", "node_id": "model.lab9.fct_sales"} */

      -- back compat for old kwarg name
  
  
        
            
            
        
    

    

    merge into "lab9"."dbt_marts"."fct_sales" as DBT_INTERNAL_DEST
        using "fct_sales__dbt_tmp023615318169" as DBT_INTERNAL_SOURCE
        on (
                DBT_INTERNAL_SOURCE.sale_id = DBT_INTERNAL_DEST.sale_id
            )

    
    when matched then update set
        "sale_id" = DBT_INTERNAL_SOURCE."sale_id","invoice_number" = DBT_INTERNAL_SOURCE."invoice_number","date_key" = DBT_INTERNAL_SOURCE."date_key","customer_key" = DBT_INTERNAL_SOURCE."customer_key","product_key" = DBT_INTERNAL_SOURCE."product_key","store_key" = DBT_INTERNAL_SOURCE."store_key","staff_key" = DBT_INTERNAL_SOURCE."staff_key","promo_key" = DBT_INTERNAL_SOURCE."promo_key","quantity" = DBT_INTERNAL_SOURCE."quantity","revenue" = DBT_INTERNAL_SOURCE."revenue","points_redeemed" = DBT_INTERNAL_SOURCE."points_redeemed"
    

    when not matched then insert
        ("sale_id", "invoice_number", "date_key", "customer_key", "product_key", "store_key", "staff_key", "promo_key", "quantity", "revenue", "points_redeemed")
    values
        ("sale_id", "invoice_number", "date_key", "customer_key", "product_key", "store_key", "staff_key", "promo_key", "quantity", "revenue", "points_redeemed")


  
[0m02:36:15.425996 [debug] [Thread-4 (]: SQL status: MERGE 40 in 0.001 seconds
[0m02:36:15.428489 [debug] [Thread-4 (]: On model.lab9.fct_sales: COMMIT
[0m02:36:15.429543 [debug] [Thread-4 (]: Using postgres connection "model.lab9.fct_sales"
[0m02:36:15.430549 [debug] [Thread-4 (]: On model.lab9.fct_sales: COMMIT
[0m02:36:15.433335 [debug] [Thread-4 (]: SQL status: COMMIT in 0.002 seconds
[0m02:36:15.435101 [debug] [Thread-4 (]: On model.lab9.fct_sales: Close
[0m02:36:15.436460 [debug] [Thread-4 (]: Sending event: {'category': 'dbt', 'action': 'run_model', 'label': 'add8977d-62ee-4722-8d72-a81df091e3b7', 'context': [<snowplow_tracker.self_describing_json.SelfDescribingJson object at 0x7fb98aebed80>]}
[0m02:36:15.437848 [info ] [Thread-4 (]: 3 of 3 OK created sql incremental model dbt_marts.fct_sales .................... [[32mMERGE 40[0m in 0.17s]
[0m02:36:15.439540 [debug] [Thread-4 (]: Finished running node model.lab9.fct_sales
[0m02:36:15.442825 [debug] [MainThread]: Using postgres connection "master"
[0m02:36:15.443882 [debug] [MainThread]: On master: BEGIN
[0m02:36:15.444869 [debug] [MainThread]: Opening a new connection, currently in state closed
[0m02:36:15.451464 [debug] [MainThread]: SQL status: BEGIN in 0.007 seconds
[0m02:36:15.452651 [debug] [MainThread]: On master: COMMIT
[0m02:36:15.453715 [debug] [MainThread]: Using postgres connection "master"
[0m02:36:15.454966 [debug] [MainThread]: On master: COMMIT
[0m02:36:15.456371 [debug] [MainThread]: SQL status: COMMIT in 0.000 seconds
[0m02:36:15.457429 [debug] [MainThread]: On master: Close
[0m02:36:15.458900 [debug] [MainThread]: Connection 'master' was properly closed.
[0m02:36:15.459877 [debug] [MainThread]: Connection 'model.lab9.fct_sales' was properly closed.
[0m02:36:15.460835 [debug] [MainThread]: Connection 'model.lab9.dim_customer' was properly closed.
[0m02:36:15.461749 [debug] [MainThread]: Connection 'list_lab9_dbt_intermediate' was properly closed.
[0m02:36:15.462926 [debug] [MainThread]: Connection 'model.lab9.int_sales_batch' was properly closed.
[0m02:36:15.464191 [info ] [MainThread]: 
[0m02:36:15.465752 [info ] [MainThread]: Finished running 1 incremental model, 1 table model, 1 view model in 0 hours 0 minutes and 0.68 seconds (0.68s).
[0m02:36:15.468600 [debug] [MainThread]: Command end result
[0m02:36:15.511011 [debug] [MainThread]: Wrote artifact WritableManifest to /usr/app/lab9/target/manifest.json
[0m02:36:15.517649 [debug] [MainThread]: Wrote artifact SemanticManifest to /usr/app/lab9/target/semantic_manifest.json
[0m02:36:15.529251 [debug] [MainThread]: Wrote artifact RunExecutionResult to /usr/app/lab9/target/run_results.json
[0m02:36:15.530689 [info ] [MainThread]: 
[0m02:36:15.532020 [info ] [MainThread]: [32mCompleted successfully[0m
[0m02:36:15.533420 [info ] [MainThread]: 
[0m02:36:15.534750 [info ] [MainThread]: Done. PASS=3 WARN=0 ERROR=0 SKIP=0 TOTAL=3
[0m02:36:15.536865 [debug] [MainThread]: Resource report: {"command_name": "run", "command_success": true, "command_wall_clock_time": 2.027177, "process_in_blocks": "0", "process_kernel_time": 0.290843, "process_mem_max_rss": "112264", "process_out_blocks": "0", "process_user_time": 2.567446}
[0m02:36:15.538214 [debug] [MainThread]: Command `dbt run` succeeded at 02:36:15.538071 after 2.03 seconds
[0m02:36:15.539264 [debug] [MainThread]: Sending event: {'category': 'dbt', 'action': 'invocation', 'label': 'end', 'context': [<snowplow_tracker.self_describing_json.SelfDescribingJson object at 0x7fb9893083b0>, <snowplow_tracker.self_describing_json.SelfDescribingJson object at 0x7fb989a20e90>, <snowplow_tracker.self_describing_json.SelfDescribingJson object at 0x7fb988e87e60>]}
[0m02:36:15.540376 [debug] [MainThread]: Flushing usage events
[0m02:36:16.635682 [debug] [MainThread]: An error was encountered while trying to flush usage events
[0m02:37:06.860056 [debug] [MainThread]: Sending event: {'category': 'dbt', 'action': 'invocation', 'label': 'start', 'context': [<snowplow_tracker.self_describing_json.SelfDescribingJson object at 0x7fa355e66b40>, <snowplow_tracker.self_describing_json.SelfDescribingJson object at 0x7fa355dd9280>, <snowplow_tracker.self_describing_json.SelfDescribingJson object at 0x7fa355e67800>]}


============================== 02:37:06.863778 | 879f33bd-7759-4fb0-805d-800fd2a76e4d ==============================
[0m02:37:06.863778 [info ] [MainThread]: Running with dbt=1.9.0
[0m02:37:06.865079 [debug] [MainThread]: running dbt with arguments {'printer_width': '80', 'indirect_selection': 'eager', 'log_cache_events': 'False', 'write_json': 'True', 'partial_parse': 'True', 'cache_selected_only': 'False', 'profiles_dir': '/root/.dbt', 'debug': 'False', 'version_check': 'True', 'log_path': '/usr/app/lab9/logs', 'fail_fast': 'False', 'warn_error': 'None', 'use_colors': 'True', 'use_experimental_parser': 'False', 'empty': 'None', 'quiet': 'False', 'no_print': 'None', 'warn_error_options': 'WarnErrorOptions(include=[], exclude=[])', 'static_parser': 'True', 'introspect': 'True', 'invocation_command': "dbt show --inline select count(*) as fact_rows from {{ ref('fct_sales') }}", 'target_path': 'None', 'log_format': 'default', 'send_anonymous_usage_stats': 'True'}
[0m02:37:07.041588 [debug] [MainThread]: Sending event: {'category': 'dbt', 'action': 'project_id', 'label': '879f33bd-7759-4fb0-805d-800fd2a76e4d', 'context': [<snowplow_tracker.self_describing_json.SelfDescribingJson object at 0x7fa3553035f0>]}
[0m02:37:07.105995 [debug] [MainThread]: Sending event: {'category': 'dbt', 'action': 'adapter_info', 'label': '879f33bd-7759-4fb0-805d-800fd2a76e4d', 'context': [<snowplow_tracker.self_describing_json.SelfDescribingJson object at 0x7fa355576600>]}
[0m02:37:07.123235 [info ] [MainThread]: Registered adapter: postgres=1.9.0
[0m02:37:07.206850 [debug] [MainThread]: checksum: c99e828bba267739642b5a3ce85f17518764ea526e0e6c4fdc649171c1a66bff, vars: {}, profile: , target: , version: 1.9.0
[0m02:37:07.343869 [info ] [MainThread]: Unable to do partial parsing because config vars, config profile, or config target have changed
[0m02:37:07.345436 [debug] [MainThread]: previous checksum: c99e828bba267739642b5a3ce85f17518764ea526e0e6c4fdc649171c1a66bff, current checksum: 46392ca5037689b319481470edf442c57b77bdeecddef5845fccaaae749a723c
[0m02:37:07.346660 [debug] [MainThread]: Sending event: {'category': 'dbt', 'action': 'partial_parser', 'label': '879f33bd-7759-4fb0-805d-800fd2a76e4d', 'context': [<snowplow_tracker.self_describing_json.SelfDescribingJson object at 0x7fa3558dfcb0>]}
[0m02:37:09.313384 [debug] [MainThread]: Sending event: {'category': 'dbt', 'action': 'load_project', 'label': '879f33bd-7759-4fb0-805d-800fd2a76e4d', 'context': [<snowplow_tracker.self_describing_json.SelfDescribingJson object at 0x7fa351a10740>]}
[0m02:37:09.429041 [debug] [MainThread]: Wrote artifact WritableManifest to /usr/app/lab9/target/manifest.json
[0m02:37:09.436446 [debug] [MainThread]: Wrote artifact SemanticManifest to /usr/app/lab9/target/semantic_manifest.json
[0m02:37:09.597247 [debug] [MainThread]: Sending event: {'category': 'dbt', 'action': 'resource_counts', 'label': '879f33bd-7759-4fb0-805d-800fd2a76e4d', 'context': [<snowplow_tracker.self_describing_json.SelfDescribingJson object at 0x7fa351adaa80>]}
[0m02:37:09.598554 [info ] [MainThread]: Found 15 models, 1 snapshot, 3 data tests, 2 seeds, 1 sql operation, 429 macros
[0m02:37:09.599857 [debug] [MainThread]: Sending event: {'category': 'dbt', 'action': 'runnable_timing', 'label': '879f33bd-7759-4fb0-805d-800fd2a76e4d', 'context': [<snowplow_tracker.self_describing_json.SelfDescribingJson object at 0x7fa3553cf530>]}
[0m02:37:09.603951 [info ] [MainThread]: 
[0m02:37:09.605605 [info ] [MainThread]: Concurrency: 4 threads (target='dev')
[0m02:37:09.607371 [info ] [MainThread]: 
[0m02:37:09.609740 [debug] [MainThread]: Acquiring new postgres connection 'master'
[0m02:37:09.618630 [debug] [ThreadPool]: Acquiring new postgres connection 'list_lab9_dbt_intermediate'
[0m02:37:09.619577 [debug] [ThreadPool]: Acquiring new postgres connection 'list_lab9_dbt_staging'
[0m02:37:09.620322 [debug] [ThreadPool]: Acquiring new postgres connection 'list_lab9_dbt_marts'
[0m02:37:09.622370 [debug] [ThreadPool]: Acquiring new postgres connection 'list_lab9_dbt'
[0m02:37:09.678798 [debug] [ThreadPool]: Using postgres connection "list_lab9_dbt_intermediate"
[0m02:37:09.679393 [debug] [ThreadPool]: Using postgres connection "list_lab9_dbt_staging"
[0m02:37:09.679925 [debug] [ThreadPool]: Using postgres connection "list_lab9_dbt_marts"
[0m02:37:09.680405 [debug] [ThreadPool]: Using postgres connection "list_lab9_dbt"
[0m02:37:09.680994 [debug] [ThreadPool]: On list_lab9_dbt_intermediate: BEGIN
[0m02:37:09.681903 [debug] [ThreadPool]: On list_lab9_dbt_staging: BEGIN
[0m02:37:09.682939 [debug] [ThreadPool]: On list_lab9_dbt_marts: BEGIN
[0m02:37:09.684037 [debug] [ThreadPool]: On list_lab9_dbt: BEGIN
[0m02:37:09.684955 [debug] [ThreadPool]: Opening a new connection, currently in state init
[0m02:37:09.685945 [debug] [ThreadPool]: Opening a new connection, currently in state init
[0m02:37:09.686931 [debug] [ThreadPool]: Opening a new connection, currently in state init
[0m02:37:09.687974 [debug] [ThreadPool]: Opening a new connection, currently in state init
[0m02:37:09.698383 [debug] [ThreadPool]: SQL status: BEGIN in 0.012 seconds
[0m02:37:09.700037 [debug] [ThreadPool]: Using postgres connection "list_lab9_dbt_staging"
[0m02:37:09.700730 [debug] [ThreadPool]: SQL status: BEGIN in 0.014 seconds
[0m02:37:09.701983 [debug] [ThreadPool]: On list_lab9_dbt_staging: /* {"app": "dbt", "dbt_version": "1.9.0", "profile_name": "lab9", "target_name": "dev", "connection_name": "list_lab9_dbt_staging"} */
select
      'lab9' as database,
      tablename as name,
      schemaname as schema,
      'table' as type
    from pg_tables
    where schemaname ilike 'dbt_staging'
    union all
    select
      'lab9' as database,
      viewname as name,
      schemaname as schema,
      'view' as type
    from pg_views
    where schemaname ilike 'dbt_staging'
    union all
    select
      'lab9' as database,
      matviewname as name,
      schemaname as schema,
      'materialized_view' as type
    from pg_matviews
    where schemaname ilike 'dbt_staging'
  
[0m02:37:09.702631 [debug] [ThreadPool]: SQL status: BEGIN in 0.018 seconds
[0m02:37:09.703479 [debug] [ThreadPool]: SQL status: BEGIN in 0.015 seconds
[0m02:37:09.703952 [debug] [ThreadPool]: Using postgres connection "list_lab9_dbt_marts"
[0m02:37:09.705935 [debug] [ThreadPool]: Using postgres connection "list_lab9_dbt_intermediate"
[0m02:37:09.707049 [debug] [ThreadPool]: Using postgres connection "list_lab9_dbt"
[0m02:37:09.708338 [debug] [ThreadPool]: On list_lab9_dbt_marts: /* {"app": "dbt", "dbt_version": "1.9.0", "profile_name": "lab9", "target_name": "dev", "connection_name": "list_lab9_dbt_marts"} */
select
      'lab9' as database,
      tablename as name,
      schemaname as schema,
      'table' as type
    from pg_tables
    where schemaname ilike 'dbt_marts'
    union all
    select
      'lab9' as database,
      viewname as name,
      schemaname as schema,
      'view' as type
    from pg_views
    where schemaname ilike 'dbt_marts'
    union all
    select
      'lab9' as database,
      matviewname as name,
      schemaname as schema,
      'materialized_view' as type
    from pg_matviews
    where schemaname ilike 'dbt_marts'
  
[0m02:37:09.708936 [debug] [ThreadPool]: SQL status: SELECT 2 in 0.004 seconds
[0m02:37:09.709872 [debug] [ThreadPool]: On list_lab9_dbt_intermediate: /* {"app": "dbt", "dbt_version": "1.9.0", "profile_name": "lab9", "target_name": "dev", "connection_name": "list_lab9_dbt_intermediate"} */
select
      'lab9' as database,
      tablename as name,
      schemaname as schema,
      'table' as type
    from pg_tables
    where schemaname ilike 'dbt_intermediate'
    union all
    select
      'lab9' as database,
      viewname as name,
      schemaname as schema,
      'view' as type
    from pg_views
    where schemaname ilike 'dbt_intermediate'
    union all
    select
      'lab9' as database,
      matviewname as name,
      schemaname as schema,
      'materialized_view' as type
    from pg_matviews
    where schemaname ilike 'dbt_intermediate'
  
[0m02:37:09.711032 [debug] [ThreadPool]: On list_lab9_dbt: /* {"app": "dbt", "dbt_version": "1.9.0", "profile_name": "lab9", "target_name": "dev", "connection_name": "list_lab9_dbt"} */
select
      'lab9' as database,
      tablename as name,
      schemaname as schema,
      'table' as type
    from pg_tables
    where schemaname ilike 'dbt'
    union all
    select
      'lab9' as database,
      viewname as name,
      schemaname as schema,
      'view' as type
    from pg_views
    where schemaname ilike 'dbt'
    union all
    select
      'lab9' as database,
      matviewname as name,
      schemaname as schema,
      'materialized_view' as type
    from pg_matviews
    where schemaname ilike 'dbt'
  
[0m02:37:09.715325 [debug] [ThreadPool]: On list_lab9_dbt_staging: ROLLBACK
[0m02:37:09.716151 [debug] [ThreadPool]: SQL status: SELECT 11 in 0.004 seconds
[0m02:37:09.719340 [debug] [ThreadPool]: On list_lab9_dbt_staging: Close
[0m02:37:09.722029 [debug] [ThreadPool]: On list_lab9_dbt_marts: ROLLBACK
[0m02:37:09.722631 [debug] [ThreadPool]: SQL status: SELECT 2 in 0.005 seconds
[0m02:37:09.723070 [debug] [ThreadPool]: SQL status: SELECT 2 in 0.005 seconds
[0m02:37:09.724435 [debug] [ThreadPool]: Re-using an available connection from the pool (formerly list_lab9_dbt_staging, now list_lab9_snapshots)
[0m02:37:09.726452 [debug] [ThreadPool]: On list_lab9_dbt_marts: Close
[0m02:37:09.729067 [debug] [ThreadPool]: On list_lab9_dbt_intermediate: ROLLBACK
[0m02:37:09.731617 [debug] [ThreadPool]: On list_lab9_dbt: ROLLBACK
[0m02:37:09.735055 [debug] [ThreadPool]: Using postgres connection "list_lab9_snapshots"
[0m02:37:09.739678 [debug] [ThreadPool]: On list_lab9_dbt_intermediate: Close
[0m02:37:09.741089 [debug] [ThreadPool]: On list_lab9_dbt: Close
[0m02:37:09.742104 [debug] [ThreadPool]: On list_lab9_snapshots: BEGIN
[0m02:37:09.745700 [debug] [ThreadPool]: Opening a new connection, currently in state closed
[0m02:37:09.752542 [debug] [ThreadPool]: SQL status: BEGIN in 0.007 seconds
[0m02:37:09.753960 [debug] [ThreadPool]: Using postgres connection "list_lab9_snapshots"
[0m02:37:09.755072 [debug] [ThreadPool]: On list_lab9_snapshots: /* {"app": "dbt", "dbt_version": "1.9.0", "profile_name": "lab9", "target_name": "dev", "connection_name": "list_lab9_snapshots"} */
select
      'lab9' as database,
      tablename as name,
      schemaname as schema,
      'table' as type
    from pg_tables
    where schemaname ilike 'snapshots'
    union all
    select
      'lab9' as database,
      viewname as name,
      schemaname as schema,
      'view' as type
    from pg_views
    where schemaname ilike 'snapshots'
    union all
    select
      'lab9' as database,
      matviewname as name,
      schemaname as schema,
      'materialized_view' as type
    from pg_matviews
    where schemaname ilike 'snapshots'
  
[0m02:37:09.758883 [debug] [ThreadPool]: SQL status: SELECT 1 in 0.003 seconds
[0m02:37:09.761533 [debug] [ThreadPool]: On list_lab9_snapshots: ROLLBACK
[0m02:37:09.762926 [debug] [ThreadPool]: On list_lab9_snapshots: Close
[0m02:37:09.772215 [debug] [MainThread]: Using postgres connection "master"
[0m02:37:09.773581 [debug] [MainThread]: On master: BEGIN
[0m02:37:09.774660 [debug] [MainThread]: Opening a new connection, currently in state init
[0m02:37:09.780999 [debug] [MainThread]: SQL status: BEGIN in 0.006 seconds
[0m02:37:09.782459 [debug] [MainThread]: Using postgres connection "master"
[0m02:37:09.783750 [debug] [MainThread]: On master: /* {"app": "dbt", "dbt_version": "1.9.0", "profile_name": "lab9", "target_name": "dev", "connection_name": "master"} */
with relation as (
        select
            pg_rewrite.ev_class as class,
            pg_rewrite.oid as id
        from pg_rewrite
    ),
    class as (
        select
            oid as id,
            relname as name,
            relnamespace as schema,
            relkind as kind
        from pg_class
    ),
    dependency as (
        select distinct
            pg_depend.objid as id,
            pg_depend.refobjid as ref
        from pg_depend
    ),
    schema as (
        select
            pg_namespace.oid as id,
            pg_namespace.nspname as name
        from pg_namespace
        where nspname != 'information_schema' and nspname not like 'pg\_%'
    ),
    referenced as (
        select
            relation.id AS id,
            referenced_class.name ,
            referenced_class.schema ,
            referenced_class.kind
        from relation
        join class as referenced_class on relation.class=referenced_class.id
        where referenced_class.kind in ('r', 'v', 'm')
    ),
    relationships as (
        select
            referenced.name as referenced_name,
            referenced.schema as referenced_schema_id,
            dependent_class.name as dependent_name,
            dependent_class.schema as dependent_schema_id,
            referenced.kind as kind
        from referenced
        join dependency on referenced.id=dependency.id
        join class as dependent_class on dependency.ref=dependent_class.id
        where
            (referenced.name != dependent_class.name or
             referenced.schema != dependent_class.schema)
    )

    select
        referenced_schema.name as referenced_schema,
        relationships.referenced_name as referenced_name,
        dependent_schema.name as dependent_schema,
        relationships.dependent_name as dependent_name
    from relationships
    join schema as dependent_schema on relationships.dependent_schema_id=dependent_schema.id
    join schema as referenced_schema on relationships.referenced_schema_id=referenced_schema.id
    group by referenced_schema, referenced_name, dependent_schema, dependent_name
    order by referenced_schema, referenced_name, dependent_schema, dependent_name;
[0m02:37:09.790507 [debug] [MainThread]: SQL status: SELECT 4 in 0.006 seconds
[0m02:37:09.794279 [debug] [MainThread]: Sending event: {'category': 'dbt', 'action': 'runnable_timing', 'label': '879f33bd-7759-4fb0-805d-800fd2a76e4d', 'context': [<snowplow_tracker.self_describing_json.SelfDescribingJson object at 0x7fa351b51fa0>]}
[0m02:37:09.795581 [debug] [MainThread]: On master: ROLLBACK
[0m02:37:09.796899 [debug] [MainThread]: On master: Close
[0m02:37:09.800507 [debug] [Thread-1 (]: Began running node sql_operation.lab9.inline_query
[0m02:37:09.801905 [debug] [Thread-1 (]: Re-using an available connection from the pool (formerly list_lab9_snapshots, now sql_operation.lab9.inline_query)
[0m02:37:09.803175 [debug] [Thread-1 (]: Began compiling node sql_operation.lab9.inline_query
[0m02:37:09.811361 [debug] [Thread-1 (]: Writing injected SQL for node "sql_operation.lab9.inline_query"
[0m02:37:09.820693 [debug] [Thread-1 (]: Began executing node sql_operation.lab9.inline_query
[0m02:37:09.829045 [debug] [Thread-1 (]: Using postgres connection "sql_operation.lab9.inline_query"
[0m02:37:09.830342 [debug] [Thread-1 (]: On sql_operation.lab9.inline_query: /* {"app": "dbt", "dbt_version": "1.9.0", "profile_name": "lab9", "target_name": "dev", "node_id": "sql_operation.lab9.inline_query"} */

  
  select count(*) as fact_rows from "lab9"."dbt_marts"."fct_sales"
  
  limit 5

[0m02:37:09.831496 [debug] [Thread-1 (]: Opening a new connection, currently in state closed
[0m02:37:09.838340 [debug] [Thread-1 (]: SQL status: SELECT 1 in 0.007 seconds
[0m02:37:09.842040 [debug] [Thread-1 (]: On sql_operation.lab9.inline_query: Close
[0m02:37:09.843888 [debug] [Thread-1 (]: Finished running node sql_operation.lab9.inline_query
[0m02:37:09.846389 [debug] [MainThread]: Connection 'master' was properly closed.
[0m02:37:09.847308 [debug] [MainThread]: Connection 'list_lab9_dbt_intermediate' was properly closed.
[0m02:37:09.848269 [debug] [MainThread]: Connection 'sql_operation.lab9.inline_query' was properly closed.
[0m02:37:09.849324 [debug] [MainThread]: Connection 'list_lab9_dbt_marts' was properly closed.
[0m02:37:09.850390 [debug] [MainThread]: Connection 'list_lab9_dbt' was properly closed.
[0m02:37:09.851961 [debug] [MainThread]: Command end result
[0m02:37:09.893536 [debug] [MainThread]: Wrote artifact WritableManifest to /usr/app/lab9/target/manifest.json
[0m02:37:09.900268 [debug] [MainThread]: Wrote artifact SemanticManifest to /usr/app/lab9/target/semantic_manifest.json
[0m02:37:09.920162 [debug] [MainThread]: Wrote artifact RunExecutionResult to /usr/app/lab9/target/run_results.json
[0m02:37:09.921768 [info ] [MainThread]: Previewing inline node:
| fact_rows |
| --------- |
|        80 |

[0m02:37:09.924242 [debug] [MainThread]: Resource report: {"command_name": "show", "command_success": true, "command_wall_clock_time": 3.1777146, "process_in_blocks": "0", "process_kernel_time": 0.288273, "process_mem_max_rss": "116116", "process_out_blocks": "0", "process_user_time": 3.65809}
[0m02:37:09.926211 [debug] [MainThread]: Command `dbt show` succeeded at 02:37:09.925816 after 3.18 seconds
[0m02:37:09.928546 [debug] [MainThread]: Sending event: {'category': 'dbt', 'action': 'invocation', 'label': 'end', 'context': [<snowplow_tracker.self_describing_json.SelfDescribingJson object at 0x7fa358b7a9f0>, <snowplow_tracker.self_describing_json.SelfDescribingJson object at 0x7fa356243290>, <snowplow_tracker.self_describing_json.SelfDescribingJson object at 0x7fa355715880>]}
[0m02:37:09.930850 [debug] [MainThread]: Flushing usage events
[0m02:37:10.983070 [debug] [MainThread]: An error was encountered while trying to flush usage events
[0m02:39:28.661015 [debug] [MainThread]: Sending event: {'category': 'dbt', 'action': 'invocation', 'label': 'start', 'context': [<snowplow_tracker.self_describing_json.SelfDescribingJson object at 0x7f2f2a802a50>, <snowplow_tracker.self_describing_json.SelfDescribingJson object at 0x7f2f2a5f5610>, <snowplow_tracker.self_describing_json.SelfDescribingJson object at 0x7f2f2a801dc0>]}


============================== 02:39:28.665447 | 198d8359-da5e-453f-88aa-18163073fc8b ==============================
[0m02:39:28.665447 [info ] [MainThread]: Running with dbt=1.9.0
[0m02:39:28.667009 [debug] [MainThread]: running dbt with arguments {'printer_width': '80', 'indirect_selection': 'eager', 'log_cache_events': 'False', 'write_json': 'True', 'partial_parse': 'True', 'cache_selected_only': 'False', 'profiles_dir': '/root/.dbt', 'debug': 'False', 'warn_error': 'None', 'log_path': '/usr/app/lab9/logs', 'version_check': 'True', 'fail_fast': 'False', 'use_colors': 'True', 'use_experimental_parser': 'False', 'no_print': 'None', 'quiet': 'False', 'empty': 'None', 'log_format': 'default', 'invocation_command': 'dbt test', 'static_parser': 'True', 'warn_error_options': 'WarnErrorOptions(include=[], exclude=[])', 'target_path': 'None', 'introspect': 'True', 'send_anonymous_usage_stats': 'True'}
[0m02:39:28.851772 [debug] [MainThread]: Sending event: {'category': 'dbt', 'action': 'project_id', 'label': '198d8359-da5e-453f-88aa-18163073fc8b', 'context': [<snowplow_tracker.self_describing_json.SelfDescribingJson object at 0x7f2f2a25b3e0>]}
[0m02:39:28.915218 [debug] [MainThread]: Sending event: {'category': 'dbt', 'action': 'adapter_info', 'label': '198d8359-da5e-453f-88aa-18163073fc8b', 'context': [<snowplow_tracker.self_describing_json.SelfDescribingJson object at 0x7f2f2ac637d0>]}
[0m02:39:28.917248 [info ] [MainThread]: Registered adapter: postgres=1.9.0
[0m02:39:29.002205 [debug] [MainThread]: checksum: c99e828bba267739642b5a3ce85f17518764ea526e0e6c4fdc649171c1a66bff, vars: {}, profile: , target: , version: 1.9.0
[0m02:39:29.452695 [debug] [MainThread]: Partial parsing enabled: 0 files deleted, 0 files added, 4 files changed.
[0m02:39:29.454783 [debug] [MainThread]: Partial parsing: updated file: lab9://models/schema.yml
[0m02:39:29.455977 [debug] [MainThread]: Partial parsing: updated file: lab9://tests/assert_fct_sales_unique_sale_id.sql
[0m02:39:29.456924 [debug] [MainThread]: Partial parsing: updated file: lab9://tests/assert_all_sale_provinces_mapped.sql
[0m02:39:29.458129 [debug] [MainThread]: Partial parsing: updated file: lab9://tests/assert_customer_one_current_version.sql
[0m02:39:30.002474 [debug] [MainThread]: Sending event: {'category': 'dbt', 'action': 'load_project', 'label': '198d8359-da5e-453f-88aa-18163073fc8b', 'context': [<snowplow_tracker.self_describing_json.SelfDescribingJson object at 0x7f2f286d6c30>]}
[0m02:39:30.141497 [debug] [MainThread]: Wrote artifact WritableManifest to /usr/app/lab9/target/manifest.json
[0m02:39:30.153363 [debug] [MainThread]: Wrote artifact SemanticManifest to /usr/app/lab9/target/semantic_manifest.json
[0m02:39:30.218627 [debug] [MainThread]: Sending event: {'category': 'dbt', 'action': 'resource_counts', 'label': '198d8359-da5e-453f-88aa-18163073fc8b', 'context': [<snowplow_tracker.self_describing_json.SelfDescribingJson object at 0x7f2f28055550>]}
[0m02:39:30.220073 [info ] [MainThread]: Found 15 models, 1 snapshot, 2 seeds, 43 data tests, 429 macros
[0m02:39:30.221317 [debug] [MainThread]: Sending event: {'category': 'dbt', 'action': 'runnable_timing', 'label': '198d8359-da5e-453f-88aa-18163073fc8b', 'context': [<snowplow_tracker.self_describing_json.SelfDescribingJson object at 0x7f2f28668e90>]}
[0m02:39:30.228218 [info ] [MainThread]: 
[0m02:39:30.230033 [info ] [MainThread]: Concurrency: 4 threads (target='dev')
[0m02:39:30.231524 [info ] [MainThread]: 
[0m02:39:30.233837 [debug] [MainThread]: Acquiring new postgres connection 'master'
[0m02:39:30.242333 [debug] [ThreadPool]: Acquiring new postgres connection 'list_lab9_dbt'
[0m02:39:30.243353 [debug] [ThreadPool]: Acquiring new postgres connection 'list_lab9_dbt_staging'
[0m02:39:30.244316 [debug] [ThreadPool]: Acquiring new postgres connection 'list_lab9_dbt_intermediate'
[0m02:39:30.245210 [debug] [ThreadPool]: Acquiring new postgres connection 'list_lab9_dbt_marts'
[0m02:39:30.306394 [debug] [ThreadPool]: Using postgres connection "list_lab9_dbt"
[0m02:39:30.306987 [debug] [ThreadPool]: Using postgres connection "list_lab9_dbt_staging"
[0m02:39:30.307633 [debug] [ThreadPool]: Using postgres connection "list_lab9_dbt_intermediate"
[0m02:39:30.308060 [debug] [ThreadPool]: Using postgres connection "list_lab9_dbt_marts"
[0m02:39:30.308710 [debug] [ThreadPool]: On list_lab9_dbt: BEGIN
[0m02:39:30.309668 [debug] [ThreadPool]: On list_lab9_dbt_staging: BEGIN
[0m02:39:30.311225 [debug] [ThreadPool]: On list_lab9_dbt_intermediate: BEGIN
[0m02:39:30.312824 [debug] [ThreadPool]: On list_lab9_dbt_marts: BEGIN
[0m02:39:30.314178 [debug] [ThreadPool]: Opening a new connection, currently in state init
[0m02:39:30.315141 [debug] [ThreadPool]: Opening a new connection, currently in state init
[0m02:39:30.316380 [debug] [ThreadPool]: Opening a new connection, currently in state init
[0m02:39:30.317663 [debug] [ThreadPool]: Opening a new connection, currently in state init
[0m02:39:30.327303 [debug] [ThreadPool]: SQL status: BEGIN in 0.012 seconds
[0m02:39:30.328039 [debug] [ThreadPool]: SQL status: BEGIN in 0.014 seconds
[0m02:39:30.328611 [debug] [ThreadPool]: SQL status: BEGIN in 0.012 seconds
[0m02:39:30.329224 [debug] [ThreadPool]: SQL status: BEGIN in 0.012 seconds
[0m02:39:30.329694 [debug] [ThreadPool]: Using postgres connection "list_lab9_dbt_staging"
[0m02:39:30.331123 [debug] [ThreadPool]: Using postgres connection "list_lab9_dbt"
[0m02:39:30.332392 [debug] [ThreadPool]: Using postgres connection "list_lab9_dbt_intermediate"
[0m02:39:30.333623 [debug] [ThreadPool]: Using postgres connection "list_lab9_dbt_marts"
[0m02:39:30.334824 [debug] [ThreadPool]: On list_lab9_dbt_staging: /* {"app": "dbt", "dbt_version": "1.9.0", "profile_name": "lab9", "target_name": "dev", "connection_name": "list_lab9_dbt_staging"} */
select
      'lab9' as database,
      tablename as name,
      schemaname as schema,
      'table' as type
    from pg_tables
    where schemaname ilike 'dbt_staging'
    union all
    select
      'lab9' as database,
      viewname as name,
      schemaname as schema,
      'view' as type
    from pg_views
    where schemaname ilike 'dbt_staging'
    union all
    select
      'lab9' as database,
      matviewname as name,
      schemaname as schema,
      'materialized_view' as type
    from pg_matviews
    where schemaname ilike 'dbt_staging'
  
[0m02:39:30.335962 [debug] [ThreadPool]: On list_lab9_dbt: /* {"app": "dbt", "dbt_version": "1.9.0", "profile_name": "lab9", "target_name": "dev", "connection_name": "list_lab9_dbt"} */
select
      'lab9' as database,
      tablename as name,
      schemaname as schema,
      'table' as type
    from pg_tables
    where schemaname ilike 'dbt'
    union all
    select
      'lab9' as database,
      viewname as name,
      schemaname as schema,
      'view' as type
    from pg_views
    where schemaname ilike 'dbt'
    union all
    select
      'lab9' as database,
      matviewname as name,
      schemaname as schema,
      'materialized_view' as type
    from pg_matviews
    where schemaname ilike 'dbt'
  
[0m02:39:30.337090 [debug] [ThreadPool]: On list_lab9_dbt_intermediate: /* {"app": "dbt", "dbt_version": "1.9.0", "profile_name": "lab9", "target_name": "dev", "connection_name": "list_lab9_dbt_intermediate"} */
select
      'lab9' as database,
      tablename as name,
      schemaname as schema,
      'table' as type
    from pg_tables
    where schemaname ilike 'dbt_intermediate'
    union all
    select
      'lab9' as database,
      viewname as name,
      schemaname as schema,
      'view' as type
    from pg_views
    where schemaname ilike 'dbt_intermediate'
    union all
    select
      'lab9' as database,
      matviewname as name,
      schemaname as schema,
      'materialized_view' as type
    from pg_matviews
    where schemaname ilike 'dbt_intermediate'
  
[0m02:39:30.338157 [debug] [ThreadPool]: On list_lab9_dbt_marts: /* {"app": "dbt", "dbt_version": "1.9.0", "profile_name": "lab9", "target_name": "dev", "connection_name": "list_lab9_dbt_marts"} */
select
      'lab9' as database,
      tablename as name,
      schemaname as schema,
      'table' as type
    from pg_tables
    where schemaname ilike 'dbt_marts'
    union all
    select
      'lab9' as database,
      viewname as name,
      schemaname as schema,
      'view' as type
    from pg_views
    where schemaname ilike 'dbt_marts'
    union all
    select
      'lab9' as database,
      matviewname as name,
      schemaname as schema,
      'materialized_view' as type
    from pg_matviews
    where schemaname ilike 'dbt_marts'
  
[0m02:39:30.342649 [debug] [ThreadPool]: SQL status: SELECT 2 in 0.003 seconds
[0m02:39:30.343381 [debug] [ThreadPool]: SQL status: SELECT 2 in 0.003 seconds
[0m02:39:30.345860 [debug] [ThreadPool]: On list_lab9_dbt_staging: ROLLBACK
[0m02:39:30.346409 [debug] [ThreadPool]: SQL status: SELECT 2 in 0.005 seconds
[0m02:39:30.346911 [debug] [ThreadPool]: SQL status: SELECT 11 in 0.005 seconds
[0m02:39:30.349272 [debug] [ThreadPool]: On list_lab9_dbt: ROLLBACK
[0m02:39:30.350941 [debug] [ThreadPool]: On list_lab9_dbt_staging: Close
[0m02:39:30.352743 [debug] [ThreadPool]: On list_lab9_dbt_intermediate: ROLLBACK
[0m02:39:30.355491 [debug] [ThreadPool]: On list_lab9_dbt_marts: ROLLBACK
[0m02:39:30.357127 [debug] [ThreadPool]: On list_lab9_dbt: Close
[0m02:39:30.359115 [debug] [ThreadPool]: Re-using an available connection from the pool (formerly list_lab9_dbt_staging, now list_lab9_snapshots)
[0m02:39:30.361186 [debug] [ThreadPool]: On list_lab9_dbt_intermediate: Close
[0m02:39:30.362496 [debug] [ThreadPool]: On list_lab9_dbt_marts: Close
[0m02:39:30.366761 [debug] [ThreadPool]: Using postgres connection "list_lab9_snapshots"
[0m02:39:30.372121 [debug] [ThreadPool]: On list_lab9_snapshots: BEGIN
[0m02:39:30.373391 [debug] [ThreadPool]: Opening a new connection, currently in state closed
[0m02:39:30.379707 [debug] [ThreadPool]: SQL status: BEGIN in 0.006 seconds
[0m02:39:30.381290 [debug] [ThreadPool]: Using postgres connection "list_lab9_snapshots"
[0m02:39:30.382506 [debug] [ThreadPool]: On list_lab9_snapshots: /* {"app": "dbt", "dbt_version": "1.9.0", "profile_name": "lab9", "target_name": "dev", "connection_name": "list_lab9_snapshots"} */
select
      'lab9' as database,
      tablename as name,
      schemaname as schema,
      'table' as type
    from pg_tables
    where schemaname ilike 'snapshots'
    union all
    select
      'lab9' as database,
      viewname as name,
      schemaname as schema,
      'view' as type
    from pg_views
    where schemaname ilike 'snapshots'
    union all
    select
      'lab9' as database,
      matviewname as name,
      schemaname as schema,
      'materialized_view' as type
    from pg_matviews
    where schemaname ilike 'snapshots'
  
[0m02:39:30.386444 [debug] [ThreadPool]: SQL status: SELECT 1 in 0.003 seconds
[0m02:39:30.389940 [debug] [ThreadPool]: On list_lab9_snapshots: ROLLBACK
[0m02:39:30.392230 [debug] [ThreadPool]: On list_lab9_snapshots: Close
[0m02:39:30.400668 [debug] [MainThread]: Using postgres connection "master"
[0m02:39:30.402314 [debug] [MainThread]: On master: BEGIN
[0m02:39:30.403499 [debug] [MainThread]: Opening a new connection, currently in state init
[0m02:39:30.411692 [debug] [MainThread]: SQL status: BEGIN in 0.008 seconds
[0m02:39:30.412941 [debug] [MainThread]: Using postgres connection "master"
[0m02:39:30.414025 [debug] [MainThread]: On master: /* {"app": "dbt", "dbt_version": "1.9.0", "profile_name": "lab9", "target_name": "dev", "connection_name": "master"} */
with relation as (
        select
            pg_rewrite.ev_class as class,
            pg_rewrite.oid as id
        from pg_rewrite
    ),
    class as (
        select
            oid as id,
            relname as name,
            relnamespace as schema,
            relkind as kind
        from pg_class
    ),
    dependency as (
        select distinct
            pg_depend.objid as id,
            pg_depend.refobjid as ref
        from pg_depend
    ),
    schema as (
        select
            pg_namespace.oid as id,
            pg_namespace.nspname as name
        from pg_namespace
        where nspname != 'information_schema' and nspname not like 'pg\_%'
    ),
    referenced as (
        select
            relation.id AS id,
            referenced_class.name ,
            referenced_class.schema ,
            referenced_class.kind
        from relation
        join class as referenced_class on relation.class=referenced_class.id
        where referenced_class.kind in ('r', 'v', 'm')
    ),
    relationships as (
        select
            referenced.name as referenced_name,
            referenced.schema as referenced_schema_id,
            dependent_class.name as dependent_name,
            dependent_class.schema as dependent_schema_id,
            referenced.kind as kind
        from referenced
        join dependency on referenced.id=dependency.id
        join class as dependent_class on dependency.ref=dependent_class.id
        where
            (referenced.name != dependent_class.name or
             referenced.schema != dependent_class.schema)
    )

    select
        referenced_schema.name as referenced_schema,
        relationships.referenced_name as referenced_name,
        dependent_schema.name as dependent_schema,
        relationships.dependent_name as dependent_name
    from relationships
    join schema as dependent_schema on relationships.dependent_schema_id=dependent_schema.id
    join schema as referenced_schema on relationships.referenced_schema_id=referenced_schema.id
    group by referenced_schema, referenced_name, dependent_schema, dependent_name
    order by referenced_schema, referenced_name, dependent_schema, dependent_name;
[0m02:39:30.421664 [debug] [MainThread]: SQL status: SELECT 4 in 0.006 seconds
[0m02:39:30.425769 [debug] [MainThread]: Sending event: {'category': 'dbt', 'action': 'runnable_timing', 'label': '198d8359-da5e-453f-88aa-18163073fc8b', 'context': [<snowplow_tracker.self_describing_json.SelfDescribingJson object at 0x7f2f283fe7e0>]}
[0m02:39:30.427119 [debug] [MainThread]: On master: ROLLBACK
[0m02:39:30.428549 [debug] [MainThread]: Using postgres connection "master"
[0m02:39:30.429675 [debug] [MainThread]: On master: BEGIN
[0m02:39:30.431100 [debug] [MainThread]: SQL status: BEGIN in 0.000 seconds
[0m02:39:30.432165 [debug] [MainThread]: On master: COMMIT
[0m02:39:30.433224 [debug] [MainThread]: Using postgres connection "master"
[0m02:39:30.434444 [debug] [MainThread]: On master: COMMIT
[0m02:39:30.435957 [debug] [MainThread]: SQL status: COMMIT in 0.000 seconds
[0m02:39:30.437132 [debug] [MainThread]: On master: Close
[0m02:39:30.442017 [debug] [Thread-1 (]: Began running node test.lab9.assert_all_sale_provinces_mapped
[0m02:39:30.442597 [debug] [Thread-2 (]: Began running node test.lab9.assert_customer_one_current_version
[0m02:39:30.443091 [debug] [Thread-3 (]: Began running node test.lab9.assert_fct_sales_unique_sale_id
[0m02:39:30.443572 [debug] [Thread-4 (]: Began running node test.lab9.not_null_dim_category_category_key.f4d727b6c2
[0m02:39:30.444394 [info ] [Thread-1 (]: 1 of 43 START test assert_all_sale_provinces_mapped ............................ [RUN]
[0m02:39:30.445587 [info ] [Thread-2 (]: 2 of 43 START test assert_customer_one_current_version ......................... [RUN]
[0m02:39:30.447038 [info ] [Thread-3 (]: 3 of 43 START test assert_fct_sales_unique_sale_id ............................. [RUN]
[0m02:39:30.448440 [info ] [Thread-4 (]: 4 of 43 START test not_null_dim_category_category_key .......................... [RUN]
[0m02:39:30.450010 [debug] [Thread-1 (]: Re-using an available connection from the pool (formerly list_lab9_snapshots, now test.lab9.assert_all_sale_provinces_mapped)
[0m02:39:30.451378 [debug] [Thread-2 (]: Re-using an available connection from the pool (formerly list_lab9_dbt_marts, now test.lab9.assert_customer_one_current_version)
[0m02:39:30.452786 [debug] [Thread-3 (]: Re-using an available connection from the pool (formerly list_lab9_dbt_intermediate, now test.lab9.assert_fct_sales_unique_sale_id)
[0m02:39:30.454341 [debug] [Thread-4 (]: Re-using an available connection from the pool (formerly list_lab9_dbt, now test.lab9.not_null_dim_category_category_key.f4d727b6c2)
[0m02:39:30.456004 [debug] [Thread-1 (]: Began compiling node test.lab9.assert_all_sale_provinces_mapped
[0m02:39:30.457520 [debug] [Thread-2 (]: Began compiling node test.lab9.assert_customer_one_current_version
[0m02:39:30.459106 [debug] [Thread-3 (]: Began compiling node test.lab9.assert_fct_sales_unique_sale_id
[0m02:39:30.460314 [debug] [Thread-4 (]: Began compiling node test.lab9.not_null_dim_category_category_key.f4d727b6c2
[0m02:39:30.469571 [debug] [Thread-1 (]: Writing injected SQL for node "test.lab9.assert_all_sale_provinces_mapped"
[0m02:39:30.472818 [debug] [Thread-2 (]: Writing injected SQL for node "test.lab9.assert_customer_one_current_version"
[0m02:39:30.476097 [debug] [Thread-3 (]: Writing injected SQL for node "test.lab9.assert_fct_sales_unique_sale_id"
[0m02:39:30.485911 [debug] [Thread-4 (]: Writing injected SQL for node "test.lab9.not_null_dim_category_category_key.f4d727b6c2"
[0m02:39:30.493947 [debug] [Thread-2 (]: Began executing node test.lab9.assert_customer_one_current_version
[0m02:39:30.512140 [debug] [Thread-2 (]: Writing runtime sql for node "test.lab9.assert_customer_one_current_version"
[0m02:39:30.513357 [debug] [Thread-1 (]: Began executing node test.lab9.assert_all_sale_provinces_mapped
[0m02:39:30.514096 [debug] [Thread-3 (]: Began executing node test.lab9.assert_fct_sales_unique_sale_id
[0m02:39:30.514722 [debug] [Thread-4 (]: Began executing node test.lab9.not_null_dim_category_category_key.f4d727b6c2
[0m02:39:30.518946 [debug] [Thread-1 (]: Writing runtime sql for node "test.lab9.assert_all_sale_provinces_mapped"
[0m02:39:30.522605 [debug] [Thread-3 (]: Writing runtime sql for node "test.lab9.assert_fct_sales_unique_sale_id"
[0m02:39:30.526123 [debug] [Thread-4 (]: Writing runtime sql for node "test.lab9.not_null_dim_category_category_key.f4d727b6c2"
[0m02:39:30.530697 [debug] [Thread-2 (]: Using postgres connection "test.lab9.assert_customer_one_current_version"
[0m02:39:30.531859 [debug] [Thread-2 (]: On test.lab9.assert_customer_one_current_version: BEGIN
[0m02:39:30.532315 [debug] [Thread-1 (]: Using postgres connection "test.lab9.assert_all_sale_provinces_mapped"
[0m02:39:30.533470 [debug] [Thread-2 (]: Opening a new connection, currently in state closed
[0m02:39:30.534727 [debug] [Thread-3 (]: Using postgres connection "test.lab9.assert_fct_sales_unique_sale_id"
[0m02:39:30.535447 [debug] [Thread-1 (]: On test.lab9.assert_all_sale_provinces_mapped: BEGIN
[0m02:39:30.537970 [debug] [Thread-3 (]: On test.lab9.assert_fct_sales_unique_sale_id: BEGIN
[0m02:39:30.538633 [debug] [Thread-4 (]: Using postgres connection "test.lab9.not_null_dim_category_category_key.f4d727b6c2"
[0m02:39:30.539636 [debug] [Thread-1 (]: Opening a new connection, currently in state closed
[0m02:39:30.540865 [debug] [Thread-3 (]: Opening a new connection, currently in state closed
[0m02:39:30.542164 [debug] [Thread-4 (]: On test.lab9.not_null_dim_category_category_key.f4d727b6c2: BEGIN
[0m02:39:30.543372 [debug] [Thread-2 (]: SQL status: BEGIN in 0.010 seconds
[0m02:39:30.545958 [debug] [Thread-4 (]: Opening a new connection, currently in state closed
[0m02:39:30.547247 [debug] [Thread-2 (]: Using postgres connection "test.lab9.assert_customer_one_current_version"
[0m02:39:30.549241 [debug] [Thread-2 (]: On test.lab9.assert_customer_one_current_version: /* {"app": "dbt", "dbt_version": "1.9.0", "profile_name": "lab9", "target_name": "dev", "node_id": "test.lab9.assert_customer_one_current_version"} */
select
      count(*) as failures,
      count(*) != 0 as should_warn,
      count(*) != 0 as should_error
    from (
      -- SCD Type 2: ลูกค้าหนึ่งคนต้องมีเวอร์ชันปัจจุบันเพียงหนึ่งเดียว
select
    customer_code,
    count(*) as current_versions
from "lab9"."dbt_marts"."dim_customer"
where is_current
group by customer_code
having count(*) <> 1
      
    ) dbt_internal_test
[0m02:39:30.550233 [debug] [Thread-1 (]: SQL status: BEGIN in 0.011 seconds
[0m02:39:30.550767 [debug] [Thread-3 (]: SQL status: BEGIN in 0.010 seconds
[0m02:39:30.551908 [debug] [Thread-1 (]: Using postgres connection "test.lab9.assert_all_sale_provinces_mapped"
[0m02:39:30.552335 [debug] [Thread-2 (]: SQL status: SELECT 1 in 0.001 seconds
[0m02:39:30.553226 [debug] [Thread-3 (]: Using postgres connection "test.lab9.assert_fct_sales_unique_sale_id"
[0m02:39:30.553984 [debug] [Thread-4 (]: SQL status: BEGIN in 0.008 seconds
[0m02:39:30.554549 [debug] [Thread-1 (]: On test.lab9.assert_all_sale_provinces_mapped: /* {"app": "dbt", "dbt_version": "1.9.0", "profile_name": "lab9", "target_name": "dev", "node_id": "test.lab9.assert_all_sale_provinces_mapped"} */
select
      count(*) as failures,
      count(*) != 0 as should_warn,
      count(*) != 0 as should_error
    from (
      -- ทุกจังหวัดในข้อมูลขายต้องหาเจอใน mapping ไม่งั้น dim_store จะตกสาขา
select distinct
    s.province
from "lab9"."dbt_staging"."stg_coffee_sales" s
left join "lab9"."dbt_staging"."stg_province_region" p
       on p.province_name = s.province
where p.province_name is null
      
    ) dbt_internal_test
[0m02:39:30.559789 [debug] [Thread-2 (]: On test.lab9.assert_customer_one_current_version: ROLLBACK
[0m02:39:30.560988 [debug] [Thread-3 (]: On test.lab9.assert_fct_sales_unique_sale_id: /* {"app": "dbt", "dbt_version": "1.9.0", "profile_name": "lab9", "target_name": "dev", "node_id": "test.lab9.assert_fct_sales_unique_sale_id"} */
select
      count(*) as failures,
      count(*) != 0 as should_warn,
      count(*) != 0 as should_error
    from (
      -- Incremental Load ต้องไม่ทำให้เกิด sale_id ซ้ำหลังโหลด Batch 2
select
    sale_id,
    count(*) as row_count
from "lab9"."dbt_marts"."fct_sales"
group by sale_id
having count(*) > 1
      
    ) dbt_internal_test
[0m02:39:30.562191 [debug] [Thread-4 (]: Using postgres connection "test.lab9.not_null_dim_category_category_key.f4d727b6c2"
[0m02:39:30.564300 [debug] [Thread-2 (]: On test.lab9.assert_customer_one_current_version: Close
[0m02:39:30.565165 [debug] [Thread-1 (]: SQL status: SELECT 1 in 0.002 seconds
[0m02:39:30.566331 [debug] [Thread-4 (]: On test.lab9.not_null_dim_category_category_key.f4d727b6c2: /* {"app": "dbt", "dbt_version": "1.9.0", "profile_name": "lab9", "target_name": "dev", "node_id": "test.lab9.not_null_dim_category_category_key.f4d727b6c2"} */
select
      count(*) as failures,
      count(*) != 0 as should_warn,
      count(*) != 0 as should_error
    from (
      
    
    



select category_key
from "lab9"."dbt_marts"."dim_category"
where category_key is null



      
    ) dbt_internal_test
[0m02:39:30.566697 [debug] [Thread-3 (]: SQL status: SELECT 1 in 0.001 seconds
[0m02:39:30.567792 [info ] [Thread-2 (]: 2 of 43 PASS assert_customer_one_current_version ............................... [[32mPASS[0m in 0.12s]
[0m02:39:30.570006 [debug] [Thread-1 (]: On test.lab9.assert_all_sale_provinces_mapped: ROLLBACK
[0m02:39:30.572777 [debug] [Thread-3 (]: On test.lab9.assert_fct_sales_unique_sale_id: ROLLBACK
[0m02:39:30.573198 [debug] [Thread-4 (]: SQL status: SELECT 1 in 0.002 seconds
[0m02:39:30.574254 [debug] [Thread-2 (]: Finished running node test.lab9.assert_customer_one_current_version
[0m02:39:30.575611 [debug] [Thread-1 (]: On test.lab9.assert_all_sale_provinces_mapped: Close
[0m02:39:30.576664 [debug] [Thread-3 (]: On test.lab9.assert_fct_sales_unique_sale_id: Close
[0m02:39:30.579000 [debug] [Thread-4 (]: On test.lab9.not_null_dim_category_category_key.f4d727b6c2: ROLLBACK
[0m02:39:30.580739 [debug] [Thread-2 (]: Began running node test.lab9.not_null_dim_customer_customer_code.ada171a051
[0m02:39:30.582545 [info ] [Thread-1 (]: 1 of 43 PASS assert_all_sale_provinces_mapped .................................. [[32mPASS[0m in 0.13s]
[0m02:39:30.584144 [info ] [Thread-3 (]: 3 of 43 PASS assert_fct_sales_unique_sale_id ................................... [[32mPASS[0m in 0.13s]
[0m02:39:30.586089 [debug] [Thread-4 (]: On test.lab9.not_null_dim_category_category_key.f4d727b6c2: Close
[0m02:39:30.587211 [info ] [Thread-2 (]: 5 of 43 START test not_null_dim_customer_customer_code ......................... [RUN]
[0m02:39:30.588762 [debug] [Thread-1 (]: Finished running node test.lab9.assert_all_sale_provinces_mapped
[0m02:39:30.590337 [debug] [Thread-3 (]: Finished running node test.lab9.assert_fct_sales_unique_sale_id
[0m02:39:30.591808 [info ] [Thread-4 (]: 4 of 43 PASS not_null_dim_category_category_key ................................ [[32mPASS[0m in 0.14s]
[0m02:39:30.592817 [debug] [Thread-2 (]: Re-using an available connection from the pool (formerly test.lab9.assert_customer_one_current_version, now test.lab9.not_null_dim_customer_customer_code.ada171a051)
[0m02:39:30.594307 [debug] [Thread-1 (]: Began running node test.lab9.not_null_dim_customer_customer_key.c289fe4d1f
[0m02:39:30.595829 [debug] [Thread-3 (]: Began running node test.lab9.not_null_dim_customer_is_current.28941150fe
[0m02:39:30.597426 [debug] [Thread-4 (]: Finished running node test.lab9.not_null_dim_category_category_key.f4d727b6c2
[0m02:39:30.598487 [debug] [Thread-2 (]: Began compiling node test.lab9.not_null_dim_customer_customer_code.ada171a051
[0m02:39:30.599581 [info ] [Thread-1 (]: 6 of 43 START test not_null_dim_customer_customer_key .......................... [RUN]
[0m02:39:30.600652 [info ] [Thread-3 (]: 7 of 43 START test not_null_dim_customer_is_current ............................ [RUN]
[0m02:39:30.602494 [debug] [Thread-4 (]: Began running node test.lab9.not_null_dim_date_date_key.881d0a31b6
[0m02:39:30.610253 [debug] [Thread-2 (]: Writing injected SQL for node "test.lab9.not_null_dim_customer_customer_code.ada171a051"
[0m02:39:30.611576 [debug] [Thread-1 (]: Re-using an available connection from the pool (formerly test.lab9.assert_all_sale_provinces_mapped, now test.lab9.not_null_dim_customer_customer_key.c289fe4d1f)
[0m02:39:30.612928 [debug] [Thread-3 (]: Re-using an available connection from the pool (formerly test.lab9.assert_fct_sales_unique_sale_id, now test.lab9.not_null_dim_customer_is_current.28941150fe)
[0m02:39:30.614342 [info ] [Thread-4 (]: 8 of 43 START test not_null_dim_date_date_key .................................. [RUN]
[0m02:39:30.616948 [debug] [Thread-1 (]: Began compiling node test.lab9.not_null_dim_customer_customer_key.c289fe4d1f
[0m02:39:30.618341 [debug] [Thread-3 (]: Began compiling node test.lab9.not_null_dim_customer_is_current.28941150fe
[0m02:39:30.619859 [debug] [Thread-4 (]: Re-using an available connection from the pool (formerly test.lab9.not_null_dim_category_category_key.f4d727b6c2, now test.lab9.not_null_dim_date_date_key.881d0a31b6)
[0m02:39:30.689582 [debug] [Thread-1 (]: Writing injected SQL for node "test.lab9.not_null_dim_customer_customer_key.c289fe4d1f"
[0m02:39:30.694110 [debug] [Thread-3 (]: Writing injected SQL for node "test.lab9.not_null_dim_customer_is_current.28941150fe"
[0m02:39:30.694572 [debug] [Thread-2 (]: Began executing node test.lab9.not_null_dim_customer_customer_code.ada171a051
[0m02:39:30.695410 [debug] [Thread-4 (]: Began compiling node test.lab9.not_null_dim_date_date_key.881d0a31b6
[0m02:39:30.700963 [debug] [Thread-2 (]: Writing runtime sql for node "test.lab9.not_null_dim_customer_customer_code.ada171a051"
[0m02:39:30.707421 [debug] [Thread-4 (]: Writing injected SQL for node "test.lab9.not_null_dim_date_date_key.881d0a31b6"
[0m02:39:30.709130 [debug] [Thread-1 (]: Began executing node test.lab9.not_null_dim_customer_customer_key.c289fe4d1f
[0m02:39:30.709764 [debug] [Thread-3 (]: Began executing node test.lab9.not_null_dim_customer_is_current.28941150fe
[0m02:39:30.713800 [debug] [Thread-1 (]: Writing runtime sql for node "test.lab9.not_null_dim_customer_customer_key.c289fe4d1f"
[0m02:39:30.718255 [debug] [Thread-3 (]: Writing runtime sql for node "test.lab9.not_null_dim_customer_is_current.28941150fe"
[0m02:39:30.720567 [debug] [Thread-2 (]: Using postgres connection "test.lab9.not_null_dim_customer_customer_code.ada171a051"
[0m02:39:30.721473 [debug] [Thread-4 (]: Began executing node test.lab9.not_null_dim_date_date_key.881d0a31b6
[0m02:39:30.723830 [debug] [Thread-2 (]: On test.lab9.not_null_dim_customer_customer_code.ada171a051: BEGIN
[0m02:39:30.728178 [debug] [Thread-4 (]: Writing runtime sql for node "test.lab9.not_null_dim_date_date_key.881d0a31b6"
[0m02:39:30.730211 [debug] [Thread-2 (]: Opening a new connection, currently in state closed
[0m02:39:30.731309 [debug] [Thread-1 (]: Using postgres connection "test.lab9.not_null_dim_customer_customer_key.c289fe4d1f"
[0m02:39:30.732084 [debug] [Thread-3 (]: Using postgres connection "test.lab9.not_null_dim_customer_is_current.28941150fe"
[0m02:39:30.736351 [debug] [Thread-1 (]: On test.lab9.not_null_dim_customer_customer_key.c289fe4d1f: BEGIN
[0m02:39:30.738316 [debug] [Thread-3 (]: On test.lab9.not_null_dim_customer_is_current.28941150fe: BEGIN
[0m02:39:30.740220 [debug] [Thread-1 (]: Opening a new connection, currently in state closed
[0m02:39:30.741865 [debug] [Thread-3 (]: Opening a new connection, currently in state closed
[0m02:39:30.742483 [debug] [Thread-2 (]: SQL status: BEGIN in 0.012 seconds
[0m02:39:30.746095 [debug] [Thread-4 (]: Using postgres connection "test.lab9.not_null_dim_date_date_key.881d0a31b6"
[0m02:39:30.747616 [debug] [Thread-2 (]: Using postgres connection "test.lab9.not_null_dim_customer_customer_code.ada171a051"
[0m02:39:30.749133 [debug] [Thread-4 (]: On test.lab9.not_null_dim_date_date_key.881d0a31b6: BEGIN
[0m02:39:30.750653 [debug] [Thread-2 (]: On test.lab9.not_null_dim_customer_customer_code.ada171a051: /* {"app": "dbt", "dbt_version": "1.9.0", "profile_name": "lab9", "target_name": "dev", "node_id": "test.lab9.not_null_dim_customer_customer_code.ada171a051"} */
select
      count(*) as failures,
      count(*) != 0 as should_warn,
      count(*) != 0 as should_error
    from (
      
    
    



select customer_code
from "lab9"."dbt_marts"."dim_customer"
where customer_code is null



      
    ) dbt_internal_test
[0m02:39:30.751210 [debug] [Thread-1 (]: SQL status: BEGIN in 0.011 seconds
[0m02:39:30.752668 [debug] [Thread-4 (]: Opening a new connection, currently in state closed
[0m02:39:30.753213 [debug] [Thread-3 (]: SQL status: BEGIN in 0.011 seconds
[0m02:39:30.755045 [debug] [Thread-1 (]: Using postgres connection "test.lab9.not_null_dim_customer_customer_key.c289fe4d1f"
[0m02:39:30.755594 [debug] [Thread-2 (]: SQL status: SELECT 1 in 0.001 seconds
[0m02:39:30.757823 [debug] [Thread-3 (]: Using postgres connection "test.lab9.not_null_dim_customer_is_current.28941150fe"
[0m02:39:30.759244 [debug] [Thread-1 (]: On test.lab9.not_null_dim_customer_customer_key.c289fe4d1f: /* {"app": "dbt", "dbt_version": "1.9.0", "profile_name": "lab9", "target_name": "dev", "node_id": "test.lab9.not_null_dim_customer_customer_key.c289fe4d1f"} */
select
      count(*) as failures,
      count(*) != 0 as should_warn,
      count(*) != 0 as should_error
    from (
      
    
    



select customer_key
from "lab9"."dbt_marts"."dim_customer"
where customer_key is null



      
    ) dbt_internal_test
[0m02:39:30.762249 [debug] [Thread-2 (]: On test.lab9.not_null_dim_customer_customer_code.ada171a051: ROLLBACK
[0m02:39:30.763970 [debug] [Thread-3 (]: On test.lab9.not_null_dim_customer_is_current.28941150fe: /* {"app": "dbt", "dbt_version": "1.9.0", "profile_name": "lab9", "target_name": "dev", "node_id": "test.lab9.not_null_dim_customer_is_current.28941150fe"} */
select
      count(*) as failures,
      count(*) != 0 as should_warn,
      count(*) != 0 as should_error
    from (
      
    
    



select is_current
from "lab9"."dbt_marts"."dim_customer"
where is_current is null



      
    ) dbt_internal_test
[0m02:39:30.764542 [debug] [Thread-4 (]: SQL status: BEGIN in 0.012 seconds
[0m02:39:30.766559 [debug] [Thread-2 (]: On test.lab9.not_null_dim_customer_customer_code.ada171a051: Close
[0m02:39:30.767121 [debug] [Thread-1 (]: SQL status: SELECT 1 in 0.002 seconds
[0m02:39:30.769191 [debug] [Thread-4 (]: Using postgres connection "test.lab9.not_null_dim_date_date_key.881d0a31b6"
[0m02:39:30.769818 [debug] [Thread-3 (]: SQL status: SELECT 1 in 0.002 seconds
[0m02:39:30.771229 [info ] [Thread-2 (]: 5 of 43 PASS not_null_dim_customer_customer_code ............................... [[32mPASS[0m in 0.18s]
[0m02:39:30.774822 [debug] [Thread-1 (]: On test.lab9.not_null_dim_customer_customer_key.c289fe4d1f: ROLLBACK
[0m02:39:30.776351 [debug] [Thread-4 (]: On test.lab9.not_null_dim_date_date_key.881d0a31b6: /* {"app": "dbt", "dbt_version": "1.9.0", "profile_name": "lab9", "target_name": "dev", "node_id": "test.lab9.not_null_dim_date_date_key.881d0a31b6"} */
select
      count(*) as failures,
      count(*) != 0 as should_warn,
      count(*) != 0 as should_error
    from (
      
    
    



select date_key
from "lab9"."dbt_marts"."dim_date"
where date_key is null



      
    ) dbt_internal_test
[0m02:39:30.778987 [debug] [Thread-3 (]: On test.lab9.not_null_dim_customer_is_current.28941150fe: ROLLBACK
[0m02:39:30.780577 [debug] [Thread-2 (]: Finished running node test.lab9.not_null_dim_customer_customer_code.ada171a051
[0m02:39:30.782112 [debug] [Thread-1 (]: On test.lab9.not_null_dim_customer_customer_key.c289fe4d1f: Close
[0m02:39:30.784251 [debug] [Thread-4 (]: SQL status: SELECT 1 in 0.001 seconds
[0m02:39:30.784755 [debug] [Thread-3 (]: On test.lab9.not_null_dim_customer_is_current.28941150fe: Close
[0m02:39:30.785831 [debug] [Thread-2 (]: Began running node test.lab9.not_null_dim_position_position_key.7dec2017db
[0m02:39:30.787613 [info ] [Thread-1 (]: 6 of 43 PASS not_null_dim_customer_customer_key ................................ [[32mPASS[0m in 0.18s]
[0m02:39:30.790585 [debug] [Thread-4 (]: On test.lab9.not_null_dim_date_date_key.881d0a31b6: ROLLBACK
[0m02:39:30.792912 [info ] [Thread-3 (]: 7 of 43 PASS not_null_dim_customer_is_current .................................. [[32mPASS[0m in 0.18s]
[0m02:39:30.795108 [info ] [Thread-2 (]: 9 of 43 START test not_null_dim_position_position_key .......................... [RUN]
[0m02:39:30.797357 [debug] [Thread-1 (]: Finished running node test.lab9.not_null_dim_customer_customer_key.c289fe4d1f
[0m02:39:30.799436 [debug] [Thread-4 (]: On test.lab9.not_null_dim_date_date_key.881d0a31b6: Close
[0m02:39:30.800832 [debug] [Thread-3 (]: Finished running node test.lab9.not_null_dim_customer_is_current.28941150fe
[0m02:39:30.802244 [debug] [Thread-2 (]: Re-using an available connection from the pool (formerly test.lab9.not_null_dim_customer_customer_code.ada171a051, now test.lab9.not_null_dim_position_position_key.7dec2017db)
[0m02:39:30.803539 [debug] [Thread-1 (]: Began running node test.lab9.not_null_dim_product_product_key.f0e1d838d3
[0m02:39:30.805462 [info ] [Thread-4 (]: 8 of 43 PASS not_null_dim_date_date_key ........................................ [[32mPASS[0m in 0.19s]
[0m02:39:30.806553 [debug] [Thread-3 (]: Began running node test.lab9.not_null_dim_promotion_promo_key.52440d5db2
[0m02:39:30.807988 [debug] [Thread-2 (]: Began compiling node test.lab9.not_null_dim_position_position_key.7dec2017db
[0m02:39:30.809527 [info ] [Thread-1 (]: 10 of 43 START test not_null_dim_product_product_key ........................... [RUN]
[0m02:39:30.811147 [debug] [Thread-4 (]: Finished running node test.lab9.not_null_dim_date_date_key.881d0a31b6
[0m02:39:30.813022 [info ] [Thread-3 (]: 11 of 43 START test not_null_dim_promotion_promo_key ........................... [RUN]
[0m02:39:30.820511 [debug] [Thread-2 (]: Writing injected SQL for node "test.lab9.not_null_dim_position_position_key.7dec2017db"
[0m02:39:30.822016 [debug] [Thread-1 (]: Re-using an available connection from the pool (formerly test.lab9.not_null_dim_customer_customer_key.c289fe4d1f, now test.lab9.not_null_dim_product_product_key.f0e1d838d3)
[0m02:39:30.823879 [debug] [Thread-4 (]: Began running node test.lab9.not_null_dim_province_province_key.1cdb735ce2
[0m02:39:30.825432 [debug] [Thread-3 (]: Re-using an available connection from the pool (formerly test.lab9.not_null_dim_customer_is_current.28941150fe, now test.lab9.not_null_dim_promotion_promo_key.52440d5db2)
[0m02:39:30.828066 [debug] [Thread-1 (]: Began compiling node test.lab9.not_null_dim_product_product_key.f0e1d838d3
[0m02:39:30.830189 [info ] [Thread-4 (]: 12 of 43 START test not_null_dim_province_province_key ......................... [RUN]
[0m02:39:30.831703 [debug] [Thread-3 (]: Began compiling node test.lab9.not_null_dim_promotion_promo_key.52440d5db2
[0m02:39:30.838812 [debug] [Thread-1 (]: Writing injected SQL for node "test.lab9.not_null_dim_product_product_key.f0e1d838d3"
[0m02:39:30.840211 [debug] [Thread-4 (]: Re-using an available connection from the pool (formerly test.lab9.not_null_dim_date_date_key.881d0a31b6, now test.lab9.not_null_dim_province_province_key.1cdb735ce2)
[0m02:39:30.841425 [debug] [Thread-2 (]: Began executing node test.lab9.not_null_dim_position_position_key.7dec2017db
[0m02:39:30.847861 [debug] [Thread-3 (]: Writing injected SQL for node "test.lab9.not_null_dim_promotion_promo_key.52440d5db2"
[0m02:39:30.850100 [debug] [Thread-4 (]: Began compiling node test.lab9.not_null_dim_province_province_key.1cdb735ce2
[0m02:39:30.853761 [debug] [Thread-2 (]: Writing runtime sql for node "test.lab9.not_null_dim_position_position_key.7dec2017db"
[0m02:39:30.864376 [debug] [Thread-4 (]: Writing injected SQL for node "test.lab9.not_null_dim_province_province_key.1cdb735ce2"
[0m02:39:30.866021 [debug] [Thread-1 (]: Began executing node test.lab9.not_null_dim_product_product_key.f0e1d838d3
[0m02:39:30.868962 [debug] [Thread-3 (]: Began executing node test.lab9.not_null_dim_promotion_promo_key.52440d5db2
[0m02:39:30.872046 [debug] [Thread-1 (]: Writing runtime sql for node "test.lab9.not_null_dim_product_product_key.f0e1d838d3"
[0m02:39:30.876993 [debug] [Thread-3 (]: Writing runtime sql for node "test.lab9.not_null_dim_promotion_promo_key.52440d5db2"
[0m02:39:30.877821 [debug] [Thread-4 (]: Began executing node test.lab9.not_null_dim_province_province_key.1cdb735ce2
[0m02:39:30.880347 [debug] [Thread-2 (]: Using postgres connection "test.lab9.not_null_dim_position_position_key.7dec2017db"
[0m02:39:30.885524 [debug] [Thread-4 (]: Writing runtime sql for node "test.lab9.not_null_dim_province_province_key.1cdb735ce2"
[0m02:39:30.886302 [debug] [Thread-1 (]: Using postgres connection "test.lab9.not_null_dim_product_product_key.f0e1d838d3"
[0m02:39:30.887830 [debug] [Thread-2 (]: On test.lab9.not_null_dim_position_position_key.7dec2017db: BEGIN
[0m02:39:30.889458 [debug] [Thread-3 (]: Using postgres connection "test.lab9.not_null_dim_promotion_promo_key.52440d5db2"
[0m02:39:30.891814 [debug] [Thread-1 (]: On test.lab9.not_null_dim_product_product_key.f0e1d838d3: BEGIN
[0m02:39:30.893721 [debug] [Thread-2 (]: Opening a new connection, currently in state closed
[0m02:39:30.895206 [debug] [Thread-3 (]: On test.lab9.not_null_dim_promotion_promo_key.52440d5db2: BEGIN
[0m02:39:30.896516 [debug] [Thread-1 (]: Opening a new connection, currently in state closed
[0m02:39:30.898655 [debug] [Thread-3 (]: Opening a new connection, currently in state closed
[0m02:39:30.901619 [debug] [Thread-4 (]: Using postgres connection "test.lab9.not_null_dim_province_province_key.1cdb735ce2"
[0m02:39:30.903287 [debug] [Thread-4 (]: On test.lab9.not_null_dim_province_province_key.1cdb735ce2: BEGIN
[0m02:39:30.904649 [debug] [Thread-2 (]: SQL status: BEGIN in 0.011 seconds
[0m02:39:30.905174 [debug] [Thread-4 (]: Opening a new connection, currently in state closed
[0m02:39:30.906129 [debug] [Thread-1 (]: SQL status: BEGIN in 0.010 seconds
[0m02:39:30.906953 [debug] [Thread-2 (]: Using postgres connection "test.lab9.not_null_dim_position_position_key.7dec2017db"
[0m02:39:30.907416 [debug] [Thread-3 (]: SQL status: BEGIN in 0.009 seconds
[0m02:39:30.909350 [debug] [Thread-1 (]: Using postgres connection "test.lab9.not_null_dim_product_product_key.f0e1d838d3"
[0m02:39:30.910476 [debug] [Thread-2 (]: On test.lab9.not_null_dim_position_position_key.7dec2017db: /* {"app": "dbt", "dbt_version": "1.9.0", "profile_name": "lab9", "target_name": "dev", "node_id": "test.lab9.not_null_dim_position_position_key.7dec2017db"} */
select
      count(*) as failures,
      count(*) != 0 as should_warn,
      count(*) != 0 as should_error
    from (
      
    
    



select position_key
from "lab9"."dbt_marts"."dim_position"
where position_key is null



      
    ) dbt_internal_test
[0m02:39:30.911554 [debug] [Thread-3 (]: Using postgres connection "test.lab9.not_null_dim_promotion_promo_key.52440d5db2"
[0m02:39:30.912726 [debug] [Thread-1 (]: On test.lab9.not_null_dim_product_product_key.f0e1d838d3: /* {"app": "dbt", "dbt_version": "1.9.0", "profile_name": "lab9", "target_name": "dev", "node_id": "test.lab9.not_null_dim_product_product_key.f0e1d838d3"} */
select
      count(*) as failures,
      count(*) != 0 as should_warn,
      count(*) != 0 as should_error
    from (
      
    
    



select product_key
from "lab9"."dbt_marts"."dim_product"
where product_key is null



      
    ) dbt_internal_test
[0m02:39:30.914089 [debug] [Thread-4 (]: SQL status: BEGIN in 0.009 seconds
[0m02:39:30.914878 [debug] [Thread-2 (]: SQL status: SELECT 1 in 0.001 seconds
[0m02:39:30.915458 [debug] [Thread-3 (]: On test.lab9.not_null_dim_promotion_promo_key.52440d5db2: /* {"app": "dbt", "dbt_version": "1.9.0", "profile_name": "lab9", "target_name": "dev", "node_id": "test.lab9.not_null_dim_promotion_promo_key.52440d5db2"} */
select
      count(*) as failures,
      count(*) != 0 as should_warn,
      count(*) != 0 as should_error
    from (
      
    
    



select promo_key
from "lab9"."dbt_marts"."dim_promotion"
where promo_key is null



      
    ) dbt_internal_test
[0m02:39:30.917538 [debug] [Thread-1 (]: SQL status: SELECT 1 in 0.001 seconds
[0m02:39:30.918045 [debug] [Thread-4 (]: Using postgres connection "test.lab9.not_null_dim_province_province_key.1cdb735ce2"
[0m02:39:30.920269 [debug] [Thread-2 (]: On test.lab9.not_null_dim_position_position_key.7dec2017db: ROLLBACK
[0m02:39:30.923161 [debug] [Thread-1 (]: On test.lab9.not_null_dim_product_product_key.f0e1d838d3: ROLLBACK
[0m02:39:30.923526 [debug] [Thread-3 (]: SQL status: SELECT 1 in 0.002 seconds
[0m02:39:30.924649 [debug] [Thread-4 (]: On test.lab9.not_null_dim_province_province_key.1cdb735ce2: /* {"app": "dbt", "dbt_version": "1.9.0", "profile_name": "lab9", "target_name": "dev", "node_id": "test.lab9.not_null_dim_province_province_key.1cdb735ce2"} */
select
      count(*) as failures,
      count(*) != 0 as should_warn,
      count(*) != 0 as should_error
    from (
      
    
    



select province_key
from "lab9"."dbt_marts"."dim_province"
where province_key is null



      
    ) dbt_internal_test
[0m02:39:30.925959 [debug] [Thread-2 (]: On test.lab9.not_null_dim_position_position_key.7dec2017db: Close
[0m02:39:30.926979 [debug] [Thread-1 (]: On test.lab9.not_null_dim_product_product_key.f0e1d838d3: Close
[0m02:39:30.929083 [debug] [Thread-3 (]: On test.lab9.not_null_dim_promotion_promo_key.52440d5db2: ROLLBACK
[0m02:39:30.931638 [debug] [Thread-4 (]: SQL status: SELECT 1 in 0.002 seconds
[0m02:39:30.931193 [info ] [Thread-2 (]: 9 of 43 PASS not_null_dim_position_position_key ................................ [[32mPASS[0m in 0.13s]
[0m02:39:30.932899 [info ] [Thread-1 (]: 10 of 43 PASS not_null_dim_product_product_key ................................. [[32mPASS[0m in 0.11s]
[0m02:39:30.934228 [debug] [Thread-3 (]: On test.lab9.not_null_dim_promotion_promo_key.52440d5db2: Close
[0m02:39:30.936496 [debug] [Thread-4 (]: On test.lab9.not_null_dim_province_province_key.1cdb735ce2: ROLLBACK
[0m02:39:30.938050 [debug] [Thread-2 (]: Finished running node test.lab9.not_null_dim_position_position_key.7dec2017db
[0m02:39:30.939362 [debug] [Thread-1 (]: Finished running node test.lab9.not_null_dim_product_product_key.f0e1d838d3
[0m02:39:30.940754 [info ] [Thread-3 (]: 11 of 43 PASS not_null_dim_promotion_promo_key ................................. [[32mPASS[0m in 0.12s]
[0m02:39:30.941812 [debug] [Thread-4 (]: On test.lab9.not_null_dim_province_province_key.1cdb735ce2: Close
[0m02:39:30.943227 [debug] [Thread-2 (]: Began running node test.lab9.not_null_dim_region_region_key.9b2b3d9def
[0m02:39:30.944667 [debug] [Thread-1 (]: Began running node test.lab9.not_null_dim_staff_staff_key.b7dc3eb451
[0m02:39:30.946257 [debug] [Thread-3 (]: Finished running node test.lab9.not_null_dim_promotion_promo_key.52440d5db2
[0m02:39:30.948407 [info ] [Thread-4 (]: 12 of 43 PASS not_null_dim_province_province_key ............................... [[32mPASS[0m in 0.11s]
[0m02:39:30.950004 [info ] [Thread-2 (]: 13 of 43 START test not_null_dim_region_region_key ............................. [RUN]
[0m02:39:30.951815 [info ] [Thread-1 (]: 14 of 43 START test not_null_dim_staff_staff_key ............................... [RUN]
[0m02:39:30.953439 [debug] [Thread-3 (]: Began running node test.lab9.not_null_dim_store_store_key.507238c054
[0m02:39:30.955438 [debug] [Thread-4 (]: Finished running node test.lab9.not_null_dim_province_province_key.1cdb735ce2
[0m02:39:30.956983 [debug] [Thread-2 (]: Re-using an available connection from the pool (formerly test.lab9.not_null_dim_position_position_key.7dec2017db, now test.lab9.not_null_dim_region_region_key.9b2b3d9def)
[0m02:39:30.958129 [debug] [Thread-1 (]: Re-using an available connection from the pool (formerly test.lab9.not_null_dim_product_product_key.f0e1d838d3, now test.lab9.not_null_dim_staff_staff_key.b7dc3eb451)
[0m02:39:30.959246 [info ] [Thread-3 (]: 15 of 43 START test not_null_dim_store_store_key ............................... [RUN]
[0m02:39:30.960545 [debug] [Thread-4 (]: Began running node test.lab9.not_null_fct_sales_revenue.0452ff4e0b
[0m02:39:30.961755 [debug] [Thread-2 (]: Began compiling node test.lab9.not_null_dim_region_region_key.9b2b3d9def
[0m02:39:30.963064 [debug] [Thread-1 (]: Began compiling node test.lab9.not_null_dim_staff_staff_key.b7dc3eb451
[0m02:39:30.964444 [debug] [Thread-3 (]: Re-using an available connection from the pool (formerly test.lab9.not_null_dim_promotion_promo_key.52440d5db2, now test.lab9.not_null_dim_store_store_key.507238c054)
[0m02:39:30.965626 [info ] [Thread-4 (]: 16 of 43 START test not_null_fct_sales_revenue ................................. [RUN]
[0m02:39:30.972841 [debug] [Thread-2 (]: Writing injected SQL for node "test.lab9.not_null_dim_region_region_key.9b2b3d9def"
[0m02:39:30.977742 [debug] [Thread-1 (]: Writing injected SQL for node "test.lab9.not_null_dim_staff_staff_key.b7dc3eb451"
[0m02:39:30.979131 [debug] [Thread-3 (]: Began compiling node test.lab9.not_null_dim_store_store_key.507238c054
[0m02:39:30.980644 [debug] [Thread-4 (]: Re-using an available connection from the pool (formerly test.lab9.not_null_dim_province_province_key.1cdb735ce2, now test.lab9.not_null_fct_sales_revenue.0452ff4e0b)
[0m02:39:30.988128 [debug] [Thread-3 (]: Writing injected SQL for node "test.lab9.not_null_dim_store_store_key.507238c054"
[0m02:39:30.989681 [debug] [Thread-4 (]: Began compiling node test.lab9.not_null_fct_sales_revenue.0452ff4e0b
[0m02:39:30.995776 [debug] [Thread-4 (]: Writing injected SQL for node "test.lab9.not_null_fct_sales_revenue.0452ff4e0b"
[0m02:39:30.997610 [debug] [Thread-1 (]: Began executing node test.lab9.not_null_dim_staff_staff_key.b7dc3eb451
[0m02:39:30.998114 [debug] [Thread-2 (]: Began executing node test.lab9.not_null_dim_region_region_key.9b2b3d9def
[0m02:39:30.999157 [debug] [Thread-3 (]: Began executing node test.lab9.not_null_dim_store_store_key.507238c054
[0m02:39:31.002254 [debug] [Thread-1 (]: Writing runtime sql for node "test.lab9.not_null_dim_staff_staff_key.b7dc3eb451"
[0m02:39:31.007232 [debug] [Thread-2 (]: Writing runtime sql for node "test.lab9.not_null_dim_region_region_key.9b2b3d9def"
[0m02:39:31.007844 [debug] [Thread-4 (]: Began executing node test.lab9.not_null_fct_sales_revenue.0452ff4e0b
[0m02:39:31.011178 [debug] [Thread-3 (]: Writing runtime sql for node "test.lab9.not_null_dim_store_store_key.507238c054"
[0m02:39:31.016425 [debug] [Thread-4 (]: Writing runtime sql for node "test.lab9.not_null_fct_sales_revenue.0452ff4e0b"
[0m02:39:31.021485 [debug] [Thread-1 (]: Using postgres connection "test.lab9.not_null_dim_staff_staff_key.b7dc3eb451"
[0m02:39:31.023111 [debug] [Thread-1 (]: On test.lab9.not_null_dim_staff_staff_key.b7dc3eb451: BEGIN
[0m02:39:31.023770 [debug] [Thread-2 (]: Using postgres connection "test.lab9.not_null_dim_region_region_key.9b2b3d9def"
[0m02:39:31.025058 [debug] [Thread-1 (]: Opening a new connection, currently in state closed
[0m02:39:31.026057 [debug] [Thread-3 (]: Using postgres connection "test.lab9.not_null_dim_store_store_key.507238c054"
[0m02:39:31.027262 [debug] [Thread-2 (]: On test.lab9.not_null_dim_region_region_key.9b2b3d9def: BEGIN
[0m02:39:31.028374 [debug] [Thread-4 (]: Using postgres connection "test.lab9.not_null_fct_sales_revenue.0452ff4e0b"
[0m02:39:31.030884 [debug] [Thread-3 (]: On test.lab9.not_null_dim_store_store_key.507238c054: BEGIN
[0m02:39:31.038136 [debug] [Thread-1 (]: SQL status: BEGIN in 0.013 seconds
[0m02:39:31.039353 [debug] [Thread-2 (]: Opening a new connection, currently in state closed
[0m02:39:31.042663 [debug] [Thread-4 (]: On test.lab9.not_null_fct_sales_revenue.0452ff4e0b: BEGIN
[0m02:39:31.045191 [debug] [Thread-3 (]: Opening a new connection, currently in state closed
[0m02:39:31.047241 [debug] [Thread-1 (]: Using postgres connection "test.lab9.not_null_dim_staff_staff_key.b7dc3eb451"
[0m02:39:31.050842 [debug] [Thread-4 (]: Opening a new connection, currently in state closed
[0m02:39:31.055115 [debug] [Thread-1 (]: On test.lab9.not_null_dim_staff_staff_key.b7dc3eb451: /* {"app": "dbt", "dbt_version": "1.9.0", "profile_name": "lab9", "target_name": "dev", "node_id": "test.lab9.not_null_dim_staff_staff_key.b7dc3eb451"} */
select
      count(*) as failures,
      count(*) != 0 as should_warn,
      count(*) != 0 as should_error
    from (
      
    
    



select staff_key
from "lab9"."dbt_marts"."dim_staff"
where staff_key is null



      
    ) dbt_internal_test
[0m02:39:31.058407 [debug] [Thread-2 (]: SQL status: BEGIN in 0.019 seconds
[0m02:39:31.060680 [debug] [Thread-1 (]: SQL status: SELECT 1 in 0.001 seconds
[0m02:39:31.061393 [debug] [Thread-2 (]: Using postgres connection "test.lab9.not_null_dim_region_region_key.9b2b3d9def"
[0m02:39:31.062725 [debug] [Thread-3 (]: SQL status: BEGIN in 0.018 seconds
[0m02:39:31.065724 [debug] [Thread-1 (]: On test.lab9.not_null_dim_staff_staff_key.b7dc3eb451: ROLLBACK
[0m02:39:31.067069 [debug] [Thread-4 (]: SQL status: BEGIN in 0.016 seconds
[0m02:39:31.068126 [debug] [Thread-2 (]: On test.lab9.not_null_dim_region_region_key.9b2b3d9def: /* {"app": "dbt", "dbt_version": "1.9.0", "profile_name": "lab9", "target_name": "dev", "node_id": "test.lab9.not_null_dim_region_region_key.9b2b3d9def"} */
select
      count(*) as failures,
      count(*) != 0 as should_warn,
      count(*) != 0 as should_error
    from (
      
    
    



select region_key
from "lab9"."dbt_marts"."dim_region"
where region_key is null



      
    ) dbt_internal_test
[0m02:39:31.069809 [debug] [Thread-3 (]: Using postgres connection "test.lab9.not_null_dim_store_store_key.507238c054"
[0m02:39:31.076378 [debug] [Thread-1 (]: On test.lab9.not_null_dim_staff_staff_key.b7dc3eb451: Close
[0m02:39:31.077266 [debug] [Thread-4 (]: Using postgres connection "test.lab9.not_null_fct_sales_revenue.0452ff4e0b"
[0m02:39:31.079978 [debug] [Thread-3 (]: On test.lab9.not_null_dim_store_store_key.507238c054: /* {"app": "dbt", "dbt_version": "1.9.0", "profile_name": "lab9", "target_name": "dev", "node_id": "test.lab9.not_null_dim_store_store_key.507238c054"} */
select
      count(*) as failures,
      count(*) != 0 as should_warn,
      count(*) != 0 as should_error
    from (
      
    
    



select store_key
from "lab9"."dbt_marts"."dim_store"
where store_key is null



      
    ) dbt_internal_test
[0m02:39:31.080745 [debug] [Thread-2 (]: SQL status: SELECT 1 in 0.002 seconds
[0m02:39:31.082610 [info ] [Thread-1 (]: 14 of 43 PASS not_null_dim_staff_staff_key ..................................... [[32mPASS[0m in 0.12s]
[0m02:39:31.085654 [debug] [Thread-4 (]: On test.lab9.not_null_fct_sales_revenue.0452ff4e0b: /* {"app": "dbt", "dbt_version": "1.9.0", "profile_name": "lab9", "target_name": "dev", "node_id": "test.lab9.not_null_fct_sales_revenue.0452ff4e0b"} */
select
      count(*) as failures,
      count(*) != 0 as should_warn,
      count(*) != 0 as should_error
    from (
      
    
    



select revenue
from "lab9"."dbt_marts"."fct_sales"
where revenue is null



      
    ) dbt_internal_test
[0m02:39:31.091542 [debug] [Thread-2 (]: On test.lab9.not_null_dim_region_region_key.9b2b3d9def: ROLLBACK
[0m02:39:31.092454 [debug] [Thread-3 (]: SQL status: SELECT 1 in 0.005 seconds
[0m02:39:31.095677 [debug] [Thread-1 (]: Finished running node test.lab9.not_null_dim_staff_staff_key.b7dc3eb451
[0m02:39:31.099662 [debug] [Thread-2 (]: On test.lab9.not_null_dim_region_region_key.9b2b3d9def: Close
[0m02:39:31.100415 [debug] [Thread-4 (]: SQL status: SELECT 1 in 0.003 seconds
[0m02:39:31.103739 [debug] [Thread-3 (]: On test.lab9.not_null_dim_store_store_key.507238c054: ROLLBACK
[0m02:39:31.106141 [debug] [Thread-1 (]: Began running node test.lab9.not_null_fct_sales_sale_id.dc75c72243
[0m02:39:31.109033 [info ] [Thread-2 (]: 13 of 43 PASS not_null_dim_region_region_key ................................... [[32mPASS[0m in 0.15s]
[0m02:39:31.115218 [debug] [Thread-4 (]: On test.lab9.not_null_fct_sales_revenue.0452ff4e0b: ROLLBACK
[0m02:39:31.117993 [debug] [Thread-3 (]: On test.lab9.not_null_dim_store_store_key.507238c054: Close
[0m02:39:31.119555 [info ] [Thread-1 (]: 17 of 43 START test not_null_fct_sales_sale_id ................................. [RUN]
[0m02:39:31.122308 [debug] [Thread-2 (]: Finished running node test.lab9.not_null_dim_region_region_key.9b2b3d9def
[0m02:39:31.125060 [debug] [Thread-4 (]: On test.lab9.not_null_fct_sales_revenue.0452ff4e0b: Close
[0m02:39:31.128333 [info ] [Thread-3 (]: 15 of 43 PASS not_null_dim_store_store_key ..................................... [[32mPASS[0m in 0.16s]
[0m02:39:31.130310 [debug] [Thread-1 (]: Re-using an available connection from the pool (formerly test.lab9.not_null_dim_staff_staff_key.b7dc3eb451, now test.lab9.not_null_fct_sales_sale_id.dc75c72243)
[0m02:39:31.133061 [debug] [Thread-2 (]: Began running node test.lab9.not_null_stg_coffee_sales_sale_date.0bfbe127c4
[0m02:39:31.136687 [info ] [Thread-4 (]: 16 of 43 PASS not_null_fct_sales_revenue ....................................... [[32mPASS[0m in 0.16s]
[0m02:39:31.139181 [debug] [Thread-3 (]: Finished running node test.lab9.not_null_dim_store_store_key.507238c054
[0m02:39:31.142203 [debug] [Thread-1 (]: Began compiling node test.lab9.not_null_fct_sales_sale_id.dc75c72243
[0m02:39:31.145245 [info ] [Thread-2 (]: 18 of 43 START test not_null_stg_coffee_sales_sale_date ........................ [RUN]
[0m02:39:31.148103 [debug] [Thread-4 (]: Finished running node test.lab9.not_null_fct_sales_revenue.0452ff4e0b
[0m02:39:31.150315 [debug] [Thread-3 (]: Began running node test.lab9.not_null_stg_coffee_sales_sale_id.2b01fb86ba
[0m02:39:31.171485 [debug] [Thread-1 (]: Writing injected SQL for node "test.lab9.not_null_fct_sales_sale_id.dc75c72243"
[0m02:39:31.173001 [debug] [Thread-2 (]: Re-using an available connection from the pool (formerly test.lab9.not_null_dim_region_region_key.9b2b3d9def, now test.lab9.not_null_stg_coffee_sales_sale_date.0bfbe127c4)
[0m02:39:31.175262 [debug] [Thread-4 (]: Began running node test.lab9.not_null_stg_province_region_province_name.0eb3ee41b7
[0m02:39:31.177314 [info ] [Thread-3 (]: 19 of 43 START test not_null_stg_coffee_sales_sale_id .......................... [RUN]
[0m02:39:31.182426 [debug] [Thread-2 (]: Began compiling node test.lab9.not_null_stg_coffee_sales_sale_date.0bfbe127c4
[0m02:39:31.184607 [info ] [Thread-4 (]: 20 of 43 START test not_null_stg_province_region_province_name ................. [RUN]
[0m02:39:31.186827 [debug] [Thread-3 (]: Re-using an available connection from the pool (formerly test.lab9.not_null_dim_store_store_key.507238c054, now test.lab9.not_null_stg_coffee_sales_sale_id.2b01fb86ba)
[0m02:39:31.196981 [debug] [Thread-2 (]: Writing injected SQL for node "test.lab9.not_null_stg_coffee_sales_sale_date.0bfbe127c4"
[0m02:39:31.199428 [debug] [Thread-4 (]: Re-using an available connection from the pool (formerly test.lab9.not_null_fct_sales_revenue.0452ff4e0b, now test.lab9.not_null_stg_province_region_province_name.0eb3ee41b7)
[0m02:39:31.200562 [debug] [Thread-1 (]: Began executing node test.lab9.not_null_fct_sales_sale_id.dc75c72243
[0m02:39:31.201959 [debug] [Thread-3 (]: Began compiling node test.lab9.not_null_stg_coffee_sales_sale_id.2b01fb86ba
[0m02:39:31.205159 [debug] [Thread-4 (]: Began compiling node test.lab9.not_null_stg_province_region_province_name.0eb3ee41b7
[0m02:39:31.211620 [debug] [Thread-1 (]: Writing runtime sql for node "test.lab9.not_null_fct_sales_sale_id.dc75c72243"
[0m02:39:31.221526 [debug] [Thread-3 (]: Writing injected SQL for node "test.lab9.not_null_stg_coffee_sales_sale_id.2b01fb86ba"
[0m02:39:31.229179 [debug] [Thread-4 (]: Writing injected SQL for node "test.lab9.not_null_stg_province_region_province_name.0eb3ee41b7"
[0m02:39:31.231542 [debug] [Thread-2 (]: Began executing node test.lab9.not_null_stg_coffee_sales_sale_date.0bfbe127c4
[0m02:39:31.238664 [debug] [Thread-2 (]: Writing runtime sql for node "test.lab9.not_null_stg_coffee_sales_sale_date.0bfbe127c4"
[0m02:39:31.241088 [debug] [Thread-1 (]: Using postgres connection "test.lab9.not_null_fct_sales_sale_id.dc75c72243"
[0m02:39:31.242914 [debug] [Thread-1 (]: On test.lab9.not_null_fct_sales_sale_id.dc75c72243: BEGIN
[0m02:39:31.244621 [debug] [Thread-1 (]: Opening a new connection, currently in state closed
[0m02:39:31.246658 [debug] [Thread-3 (]: Began executing node test.lab9.not_null_stg_coffee_sales_sale_id.2b01fb86ba
[0m02:39:31.251102 [debug] [Thread-3 (]: Writing runtime sql for node "test.lab9.not_null_stg_coffee_sales_sale_id.2b01fb86ba"
[0m02:39:31.251696 [debug] [Thread-2 (]: Using postgres connection "test.lab9.not_null_stg_coffee_sales_sale_date.0bfbe127c4"
[0m02:39:31.252181 [debug] [Thread-4 (]: Began executing node test.lab9.not_null_stg_province_region_province_name.0eb3ee41b7
[0m02:39:31.253665 [debug] [Thread-1 (]: SQL status: BEGIN in 0.009 seconds
[0m02:39:31.254888 [debug] [Thread-2 (]: On test.lab9.not_null_stg_coffee_sales_sale_date.0bfbe127c4: BEGIN
[0m02:39:31.259238 [debug] [Thread-4 (]: Writing runtime sql for node "test.lab9.not_null_stg_province_region_province_name.0eb3ee41b7"
[0m02:39:31.260774 [debug] [Thread-1 (]: Using postgres connection "test.lab9.not_null_fct_sales_sale_id.dc75c72243"
[0m02:39:31.262110 [debug] [Thread-2 (]: Opening a new connection, currently in state closed
[0m02:39:31.264558 [debug] [Thread-1 (]: On test.lab9.not_null_fct_sales_sale_id.dc75c72243: /* {"app": "dbt", "dbt_version": "1.9.0", "profile_name": "lab9", "target_name": "dev", "node_id": "test.lab9.not_null_fct_sales_sale_id.dc75c72243"} */
select
      count(*) as failures,
      count(*) != 0 as should_warn,
      count(*) != 0 as should_error
    from (
      
    
    



select sale_id
from "lab9"."dbt_marts"."fct_sales"
where sale_id is null



      
    ) dbt_internal_test
[0m02:39:31.266327 [debug] [Thread-3 (]: Using postgres connection "test.lab9.not_null_stg_coffee_sales_sale_id.2b01fb86ba"
[0m02:39:31.268483 [debug] [Thread-3 (]: On test.lab9.not_null_stg_coffee_sales_sale_id.2b01fb86ba: BEGIN
[0m02:39:31.269138 [debug] [Thread-1 (]: SQL status: SELECT 1 in 0.002 seconds
[0m02:39:31.269659 [debug] [Thread-4 (]: Using postgres connection "test.lab9.not_null_stg_province_region_province_name.0eb3ee41b7"
[0m02:39:31.270657 [debug] [Thread-3 (]: Opening a new connection, currently in state closed
[0m02:39:31.273395 [debug] [Thread-1 (]: On test.lab9.not_null_fct_sales_sale_id.dc75c72243: ROLLBACK
[0m02:39:31.274466 [debug] [Thread-2 (]: SQL status: BEGIN in 0.012 seconds
[0m02:39:31.275338 [debug] [Thread-4 (]: On test.lab9.not_null_stg_province_region_province_name.0eb3ee41b7: BEGIN
[0m02:39:31.278028 [debug] [Thread-1 (]: On test.lab9.not_null_fct_sales_sale_id.dc75c72243: Close
[0m02:39:31.279136 [debug] [Thread-2 (]: Using postgres connection "test.lab9.not_null_stg_coffee_sales_sale_date.0bfbe127c4"
[0m02:39:31.280458 [debug] [Thread-4 (]: Opening a new connection, currently in state closed
[0m02:39:31.282095 [info ] [Thread-1 (]: 17 of 43 PASS not_null_fct_sales_sale_id ....................................... [[32mPASS[0m in 0.15s]
[0m02:39:31.283137 [debug] [Thread-3 (]: SQL status: BEGIN in 0.012 seconds
[0m02:39:31.283830 [debug] [Thread-2 (]: On test.lab9.not_null_stg_coffee_sales_sale_date.0bfbe127c4: /* {"app": "dbt", "dbt_version": "1.9.0", "profile_name": "lab9", "target_name": "dev", "node_id": "test.lab9.not_null_stg_coffee_sales_sale_date.0bfbe127c4"} */
select
      count(*) as failures,
      count(*) != 0 as should_warn,
      count(*) != 0 as should_error
    from (
      
    
    



select sale_date
from "lab9"."dbt_staging"."stg_coffee_sales"
where sale_date is null



      
    ) dbt_internal_test
[0m02:39:31.286799 [debug] [Thread-1 (]: Finished running node test.lab9.not_null_fct_sales_sale_id.dc75c72243
[0m02:39:31.288043 [debug] [Thread-3 (]: Using postgres connection "test.lab9.not_null_stg_coffee_sales_sale_id.2b01fb86ba"
[0m02:39:31.290701 [debug] [Thread-1 (]: Began running node test.lab9.relationships_dim_product_category_key__category_key__ref_dim_category_.da533aa834
[0m02:39:31.291503 [debug] [Thread-2 (]: SQL status: SELECT 1 in 0.002 seconds
[0m02:39:31.292090 [debug] [Thread-4 (]: SQL status: BEGIN in 0.012 seconds
[0m02:39:31.292912 [debug] [Thread-3 (]: On test.lab9.not_null_stg_coffee_sales_sale_id.2b01fb86ba: /* {"app": "dbt", "dbt_version": "1.9.0", "profile_name": "lab9", "target_name": "dev", "node_id": "test.lab9.not_null_stg_coffee_sales_sale_id.2b01fb86ba"} */
select
      count(*) as failures,
      count(*) != 0 as should_warn,
      count(*) != 0 as should_error
    from (
      
    
    



select sale_id
from "lab9"."dbt_staging"."stg_coffee_sales"
where sale_id is null



      
    ) dbt_internal_test
[0m02:39:31.294703 [info ] [Thread-1 (]: 21 of 43 START test relationships_dim_product_category_key__category_key__ref_dim_category_  [RUN]
[0m02:39:31.298156 [debug] [Thread-2 (]: On test.lab9.not_null_stg_coffee_sales_sale_date.0bfbe127c4: ROLLBACK
[0m02:39:31.299599 [debug] [Thread-4 (]: Using postgres connection "test.lab9.not_null_stg_province_region_province_name.0eb3ee41b7"
[0m02:39:31.302182 [debug] [Thread-1 (]: Re-using an available connection from the pool (formerly test.lab9.not_null_fct_sales_sale_id.dc75c72243, now test.lab9.relationships_dim_product_category_key__category_key__ref_dim_category_.da533aa834)
[0m02:39:31.302907 [debug] [Thread-3 (]: SQL status: SELECT 1 in 0.002 seconds
[0m02:39:31.304266 [debug] [Thread-2 (]: On test.lab9.not_null_stg_coffee_sales_sale_date.0bfbe127c4: Close
[0m02:39:31.305853 [debug] [Thread-4 (]: On test.lab9.not_null_stg_province_region_province_name.0eb3ee41b7: /* {"app": "dbt", "dbt_version": "1.9.0", "profile_name": "lab9", "target_name": "dev", "node_id": "test.lab9.not_null_stg_province_region_province_name.0eb3ee41b7"} */
select
      count(*) as failures,
      count(*) != 0 as should_warn,
      count(*) != 0 as should_error
    from (
      
    
    



select province_name
from "lab9"."dbt_staging"."stg_province_region"
where province_name is null



      
    ) dbt_internal_test
[0m02:39:31.307370 [debug] [Thread-1 (]: Began compiling node test.lab9.relationships_dim_product_category_key__category_key__ref_dim_category_.da533aa834
[0m02:39:31.311081 [debug] [Thread-3 (]: On test.lab9.not_null_stg_coffee_sales_sale_id.2b01fb86ba: ROLLBACK
[0m02:39:31.313669 [info ] [Thread-2 (]: 18 of 43 PASS not_null_stg_coffee_sales_sale_date .............................. [[32mPASS[0m in 0.14s]
[0m02:39:31.321469 [debug] [Thread-4 (]: SQL status: SELECT 1 in 0.006 seconds
[0m02:39:31.324212 [debug] [Thread-1 (]: Writing injected SQL for node "test.lab9.relationships_dim_product_category_key__category_key__ref_dim_category_.da533aa834"
[0m02:39:31.325672 [debug] [Thread-3 (]: On test.lab9.not_null_stg_coffee_sales_sale_id.2b01fb86ba: Close
[0m02:39:31.327001 [debug] [Thread-2 (]: Finished running node test.lab9.not_null_stg_coffee_sales_sale_date.0bfbe127c4
[0m02:39:31.329772 [debug] [Thread-4 (]: On test.lab9.not_null_stg_province_region_province_name.0eb3ee41b7: ROLLBACK
[0m02:39:31.332554 [info ] [Thread-3 (]: 19 of 43 PASS not_null_stg_coffee_sales_sale_id ................................ [[32mPASS[0m in 0.15s]
[0m02:39:31.333776 [debug] [Thread-2 (]: Began running node test.lab9.relationships_dim_province_region_key__region_key__ref_dim_region_.24d5206408
[0m02:39:31.335925 [debug] [Thread-4 (]: On test.lab9.not_null_stg_province_region_province_name.0eb3ee41b7: Close
[0m02:39:31.337468 [debug] [Thread-3 (]: Finished running node test.lab9.not_null_stg_coffee_sales_sale_id.2b01fb86ba
[0m02:39:31.339007 [info ] [Thread-2 (]: 22 of 43 START test relationships_dim_province_region_key__region_key__ref_dim_region_  [RUN]
[0m02:39:31.341701 [info ] [Thread-4 (]: 20 of 43 PASS not_null_stg_province_region_province_name ....................... [[32mPASS[0m in 0.14s]
[0m02:39:31.342749 [debug] [Thread-1 (]: Began executing node test.lab9.relationships_dim_product_category_key__category_key__ref_dim_category_.da533aa834
[0m02:39:31.343976 [debug] [Thread-3 (]: Began running node test.lab9.relationships_dim_staff_position_key__position_key__ref_dim_position_.248c14b97f
[0m02:39:31.346162 [debug] [Thread-2 (]: Re-using an available connection from the pool (formerly test.lab9.not_null_stg_coffee_sales_sale_date.0bfbe127c4, now test.lab9.relationships_dim_province_region_key__region_key__ref_dim_region_.24d5206408)
[0m02:39:31.347711 [debug] [Thread-4 (]: Finished running node test.lab9.not_null_stg_province_region_province_name.0eb3ee41b7
[0m02:39:31.351877 [debug] [Thread-1 (]: Writing runtime sql for node "test.lab9.relationships_dim_product_category_key__category_key__ref_dim_category_.da533aa834"
[0m02:39:31.354003 [info ] [Thread-3 (]: 23 of 43 START test relationships_dim_staff_position_key__position_key__ref_dim_position_  [RUN]
[0m02:39:31.355955 [debug] [Thread-2 (]: Began compiling node test.lab9.relationships_dim_province_region_key__region_key__ref_dim_region_.24d5206408
[0m02:39:31.357945 [debug] [Thread-4 (]: Began running node test.lab9.relationships_dim_store_province_key__province_key__ref_dim_province_.c46e34457a
[0m02:39:31.368554 [debug] [Thread-3 (]: Re-using an available connection from the pool (formerly test.lab9.not_null_stg_coffee_sales_sale_id.2b01fb86ba, now test.lab9.relationships_dim_staff_position_key__position_key__ref_dim_position_.248c14b97f)
[0m02:39:31.382947 [debug] [Thread-2 (]: Writing injected SQL for node "test.lab9.relationships_dim_province_region_key__region_key__ref_dim_region_.24d5206408"
[0m02:39:31.384815 [info ] [Thread-4 (]: 24 of 43 START test relationships_dim_store_province_key__province_key__ref_dim_province_  [RUN]
[0m02:39:31.386494 [debug] [Thread-1 (]: Using postgres connection "test.lab9.relationships_dim_product_category_key__category_key__ref_dim_category_.da533aa834"
[0m02:39:31.388949 [debug] [Thread-3 (]: Began compiling node test.lab9.relationships_dim_staff_position_key__position_key__ref_dim_position_.248c14b97f
[0m02:39:31.393942 [debug] [Thread-4 (]: Re-using an available connection from the pool (formerly test.lab9.not_null_stg_province_region_province_name.0eb3ee41b7, now test.lab9.relationships_dim_store_province_key__province_key__ref_dim_province_.c46e34457a)
[0m02:39:31.396389 [debug] [Thread-1 (]: On test.lab9.relationships_dim_product_category_key__category_key__ref_dim_category_.da533aa834: BEGIN
[0m02:39:31.413163 [debug] [Thread-3 (]: Writing injected SQL for node "test.lab9.relationships_dim_staff_position_key__position_key__ref_dim_position_.248c14b97f"
[0m02:39:31.415054 [debug] [Thread-4 (]: Began compiling node test.lab9.relationships_dim_store_province_key__province_key__ref_dim_province_.c46e34457a
[0m02:39:31.417214 [debug] [Thread-1 (]: Opening a new connection, currently in state closed
[0m02:39:31.417867 [debug] [Thread-2 (]: Began executing node test.lab9.relationships_dim_province_region_key__region_key__ref_dim_region_.24d5206408
[0m02:39:31.433897 [debug] [Thread-4 (]: Writing injected SQL for node "test.lab9.relationships_dim_store_province_key__province_key__ref_dim_province_.c46e34457a"
[0m02:39:31.441139 [debug] [Thread-2 (]: Writing runtime sql for node "test.lab9.relationships_dim_province_region_key__region_key__ref_dim_region_.24d5206408"
[0m02:39:31.441845 [debug] [Thread-3 (]: Began executing node test.lab9.relationships_dim_staff_position_key__position_key__ref_dim_position_.248c14b97f
[0m02:39:31.443189 [debug] [Thread-1 (]: SQL status: BEGIN in 0.026 seconds
[0m02:39:31.449179 [debug] [Thread-3 (]: Writing runtime sql for node "test.lab9.relationships_dim_staff_position_key__position_key__ref_dim_position_.248c14b97f"
[0m02:39:31.450785 [debug] [Thread-1 (]: Using postgres connection "test.lab9.relationships_dim_product_category_key__category_key__ref_dim_category_.da533aa834"
[0m02:39:31.453426 [debug] [Thread-1 (]: On test.lab9.relationships_dim_product_category_key__category_key__ref_dim_category_.da533aa834: /* {"app": "dbt", "dbt_version": "1.9.0", "profile_name": "lab9", "target_name": "dev", "node_id": "test.lab9.relationships_dim_product_category_key__category_key__ref_dim_category_.da533aa834"} */
select
      count(*) as failures,
      count(*) != 0 as should_warn,
      count(*) != 0 as should_error
    from (
      
    
    

with child as (
    select category_key as from_field
    from "lab9"."dbt_marts"."dim_product"
    where category_key is not null
),

parent as (
    select category_key as to_field
    from "lab9"."dbt_marts"."dim_category"
)

select
    from_field

from child
left join parent
    on child.from_field = parent.to_field

where parent.to_field is null



      
    ) dbt_internal_test
[0m02:39:31.455828 [debug] [Thread-2 (]: Using postgres connection "test.lab9.relationships_dim_province_region_key__region_key__ref_dim_region_.24d5206408"
[0m02:39:31.456524 [debug] [Thread-4 (]: Began executing node test.lab9.relationships_dim_store_province_key__province_key__ref_dim_province_.c46e34457a
[0m02:39:31.457781 [debug] [Thread-1 (]: SQL status: SELECT 1 in 0.003 seconds
[0m02:39:31.458505 [debug] [Thread-2 (]: On test.lab9.relationships_dim_province_region_key__region_key__ref_dim_region_.24d5206408: BEGIN
[0m02:39:31.460121 [debug] [Thread-3 (]: Using postgres connection "test.lab9.relationships_dim_staff_position_key__position_key__ref_dim_position_.248c14b97f"
[0m02:39:31.463490 [debug] [Thread-4 (]: Writing runtime sql for node "test.lab9.relationships_dim_store_province_key__province_key__ref_dim_province_.c46e34457a"
[0m02:39:31.467241 [debug] [Thread-1 (]: On test.lab9.relationships_dim_product_category_key__category_key__ref_dim_category_.da533aa834: ROLLBACK
[0m02:39:31.468950 [debug] [Thread-2 (]: Opening a new connection, currently in state closed
[0m02:39:31.470425 [debug] [Thread-3 (]: On test.lab9.relationships_dim_staff_position_key__position_key__ref_dim_position_.248c14b97f: BEGIN
[0m02:39:31.473825 [debug] [Thread-1 (]: On test.lab9.relationships_dim_product_category_key__category_key__ref_dim_category_.da533aa834: Close
[0m02:39:31.475655 [debug] [Thread-3 (]: Opening a new connection, currently in state closed
[0m02:39:31.477540 [info ] [Thread-1 (]: 21 of 43 PASS relationships_dim_product_category_key__category_key__ref_dim_category_  [[32mPASS[0m in 0.18s]
[0m02:39:31.481560 [debug] [Thread-2 (]: SQL status: BEGIN in 0.013 seconds
[0m02:39:31.482483 [debug] [Thread-1 (]: Finished running node test.lab9.relationships_dim_product_category_key__category_key__ref_dim_category_.da533aa834
[0m02:39:31.484426 [debug] [Thread-2 (]: Using postgres connection "test.lab9.relationships_dim_province_region_key__region_key__ref_dim_region_.24d5206408"
[0m02:39:31.485784 [debug] [Thread-4 (]: Using postgres connection "test.lab9.relationships_dim_store_province_key__province_key__ref_dim_province_.c46e34457a"
[0m02:39:31.486814 [debug] [Thread-1 (]: Began running node test.lab9.relationships_fct_sales_customer_key__customer_key__ref_dim_customer_.674dd81dc4
[0m02:39:31.488134 [debug] [Thread-3 (]: SQL status: BEGIN in 0.012 seconds
[0m02:39:31.489074 [debug] [Thread-2 (]: On test.lab9.relationships_dim_province_region_key__region_key__ref_dim_region_.24d5206408: /* {"app": "dbt", "dbt_version": "1.9.0", "profile_name": "lab9", "target_name": "dev", "node_id": "test.lab9.relationships_dim_province_region_key__region_key__ref_dim_region_.24d5206408"} */
select
      count(*) as failures,
      count(*) != 0 as should_warn,
      count(*) != 0 as should_error
    from (
      
    
    

with child as (
    select region_key as from_field
    from "lab9"."dbt_marts"."dim_province"
    where region_key is not null
),

parent as (
    select region_key as to_field
    from "lab9"."dbt_marts"."dim_region"
)

select
    from_field

from child
left join parent
    on child.from_field = parent.to_field

where parent.to_field is null



      
    ) dbt_internal_test
[0m02:39:31.490910 [debug] [Thread-4 (]: On test.lab9.relationships_dim_store_province_key__province_key__ref_dim_province_.c46e34457a: BEGIN
[0m02:39:31.492666 [info ] [Thread-1 (]: 25 of 43 START test relationships_fct_sales_customer_key__customer_key__ref_dim_customer_  [RUN]
[0m02:39:31.494598 [debug] [Thread-3 (]: Using postgres connection "test.lab9.relationships_dim_staff_position_key__position_key__ref_dim_position_.248c14b97f"
[0m02:39:31.498122 [debug] [Thread-4 (]: Opening a new connection, currently in state closed
[0m02:39:31.498912 [debug] [Thread-2 (]: SQL status: SELECT 1 in 0.002 seconds
[0m02:39:31.500120 [debug] [Thread-1 (]: Re-using an available connection from the pool (formerly test.lab9.relationships_dim_product_category_key__category_key__ref_dim_category_.da533aa834, now test.lab9.relationships_fct_sales_customer_key__customer_key__ref_dim_customer_.674dd81dc4)
[0m02:39:31.501343 [debug] [Thread-3 (]: On test.lab9.relationships_dim_staff_position_key__position_key__ref_dim_position_.248c14b97f: /* {"app": "dbt", "dbt_version": "1.9.0", "profile_name": "lab9", "target_name": "dev", "node_id": "test.lab9.relationships_dim_staff_position_key__position_key__ref_dim_position_.248c14b97f"} */
select
      count(*) as failures,
      count(*) != 0 as should_warn,
      count(*) != 0 as should_error
    from (
      
    
    

with child as (
    select position_key as from_field
    from "lab9"."dbt_marts"."dim_staff"
    where position_key is not null
),

parent as (
    select position_key as to_field
    from "lab9"."dbt_marts"."dim_position"
)

select
    from_field

from child
left join parent
    on child.from_field = parent.to_field

where parent.to_field is null



      
    ) dbt_internal_test
[0m02:39:31.506003 [debug] [Thread-2 (]: On test.lab9.relationships_dim_province_region_key__region_key__ref_dim_region_.24d5206408: ROLLBACK
[0m02:39:31.508431 [debug] [Thread-1 (]: Began compiling node test.lab9.relationships_fct_sales_customer_key__customer_key__ref_dim_customer_.674dd81dc4
[0m02:39:31.510108 [debug] [Thread-4 (]: SQL status: BEGIN in 0.012 seconds
[0m02:39:31.512251 [debug] [Thread-2 (]: On test.lab9.relationships_dim_province_region_key__region_key__ref_dim_region_.24d5206408: Close
[0m02:39:31.512934 [debug] [Thread-3 (]: SQL status: SELECT 1 in 0.002 seconds
[0m02:39:31.519408 [debug] [Thread-1 (]: Writing injected SQL for node "test.lab9.relationships_fct_sales_customer_key__customer_key__ref_dim_customer_.674dd81dc4"
[0m02:39:31.520409 [debug] [Thread-4 (]: Using postgres connection "test.lab9.relationships_dim_store_province_key__province_key__ref_dim_province_.c46e34457a"
[0m02:39:31.522304 [info ] [Thread-2 (]: 22 of 43 PASS relationships_dim_province_region_key__region_key__ref_dim_region_  [[32mPASS[0m in 0.18s]
[0m02:39:31.525544 [debug] [Thread-3 (]: On test.lab9.relationships_dim_staff_position_key__position_key__ref_dim_position_.248c14b97f: ROLLBACK
[0m02:39:31.529067 [debug] [Thread-4 (]: On test.lab9.relationships_dim_store_province_key__province_key__ref_dim_province_.c46e34457a: /* {"app": "dbt", "dbt_version": "1.9.0", "profile_name": "lab9", "target_name": "dev", "node_id": "test.lab9.relationships_dim_store_province_key__province_key__ref_dim_province_.c46e34457a"} */
select
      count(*) as failures,
      count(*) != 0 as should_warn,
      count(*) != 0 as should_error
    from (
      
    
    

with child as (
    select province_key as from_field
    from "lab9"."dbt_marts"."dim_store"
    where province_key is not null
),

parent as (
    select province_key as to_field
    from "lab9"."dbt_marts"."dim_province"
)

select
    from_field

from child
left join parent
    on child.from_field = parent.to_field

where parent.to_field is null



      
    ) dbt_internal_test
[0m02:39:31.530699 [debug] [Thread-2 (]: Finished running node test.lab9.relationships_dim_province_region_key__region_key__ref_dim_region_.24d5206408
[0m02:39:31.532390 [debug] [Thread-3 (]: On test.lab9.relationships_dim_staff_position_key__position_key__ref_dim_position_.248c14b97f: Close
[0m02:39:31.534673 [debug] [Thread-2 (]: Began running node test.lab9.relationships_fct_sales_date_key__date_key__ref_dim_date_.21988f731a
[0m02:39:31.535384 [debug] [Thread-4 (]: SQL status: SELECT 1 in 0.002 seconds
[0m02:39:31.537048 [info ] [Thread-3 (]: 23 of 43 PASS relationships_dim_staff_position_key__position_key__ref_dim_position_  [[32mPASS[0m in 0.17s]
[0m02:39:31.539469 [info ] [Thread-2 (]: 26 of 43 START test relationships_fct_sales_date_key__date_key__ref_dim_date_ .. [RUN]
[0m02:39:31.540364 [debug] [Thread-1 (]: Began executing node test.lab9.relationships_fct_sales_customer_key__customer_key__ref_dim_customer_.674dd81dc4
[0m02:39:31.544253 [debug] [Thread-4 (]: On test.lab9.relationships_dim_store_province_key__province_key__ref_dim_province_.c46e34457a: ROLLBACK
[0m02:39:31.546872 [debug] [Thread-3 (]: Finished running node test.lab9.relationships_dim_staff_position_key__position_key__ref_dim_position_.248c14b97f
[0m02:39:31.548455 [debug] [Thread-2 (]: Re-using an available connection from the pool (formerly test.lab9.relationships_dim_province_region_key__region_key__ref_dim_region_.24d5206408, now test.lab9.relationships_fct_sales_date_key__date_key__ref_dim_date_.21988f731a)
[0m02:39:31.553320 [debug] [Thread-1 (]: Writing runtime sql for node "test.lab9.relationships_fct_sales_customer_key__customer_key__ref_dim_customer_.674dd81dc4"
[0m02:39:31.555995 [debug] [Thread-4 (]: On test.lab9.relationships_dim_store_province_key__province_key__ref_dim_province_.c46e34457a: Close
[0m02:39:31.557456 [debug] [Thread-3 (]: Began running node test.lab9.relationships_fct_sales_product_key__product_key__ref_dim_product_.d6d7884251
[0m02:39:31.558865 [debug] [Thread-2 (]: Began compiling node test.lab9.relationships_fct_sales_date_key__date_key__ref_dim_date_.21988f731a
[0m02:39:31.561488 [info ] [Thread-4 (]: 24 of 43 PASS relationships_dim_store_province_key__province_key__ref_dim_province_  [[32mPASS[0m in 0.17s]
[0m02:39:31.562628 [info ] [Thread-3 (]: 27 of 43 START test relationships_fct_sales_product_key__product_key__ref_dim_product_  [RUN]
[0m02:39:31.571037 [debug] [Thread-2 (]: Writing injected SQL for node "test.lab9.relationships_fct_sales_date_key__date_key__ref_dim_date_.21988f731a"
[0m02:39:31.572613 [debug] [Thread-4 (]: Finished running node test.lab9.relationships_dim_store_province_key__province_key__ref_dim_province_.c46e34457a
[0m02:39:31.574367 [debug] [Thread-3 (]: Re-using an available connection from the pool (formerly test.lab9.relationships_dim_staff_position_key__position_key__ref_dim_position_.248c14b97f, now test.lab9.relationships_fct_sales_product_key__product_key__ref_dim_product_.d6d7884251)
[0m02:39:31.575251 [debug] [Thread-1 (]: Using postgres connection "test.lab9.relationships_fct_sales_customer_key__customer_key__ref_dim_customer_.674dd81dc4"
[0m02:39:31.577354 [debug] [Thread-4 (]: Began running node test.lab9.relationships_fct_sales_promo_key__promo_key__ref_dim_promotion_.8b584e73a5
[0m02:39:31.578678 [debug] [Thread-3 (]: Began compiling node test.lab9.relationships_fct_sales_product_key__product_key__ref_dim_product_.d6d7884251
[0m02:39:31.580110 [debug] [Thread-1 (]: On test.lab9.relationships_fct_sales_customer_key__customer_key__ref_dim_customer_.674dd81dc4: BEGIN
[0m02:39:31.581493 [info ] [Thread-4 (]: 28 of 43 START test relationships_fct_sales_promo_key__promo_key__ref_dim_promotion_  [RUN]
[0m02:39:31.592017 [debug] [Thread-3 (]: Writing injected SQL for node "test.lab9.relationships_fct_sales_product_key__product_key__ref_dim_product_.d6d7884251"
[0m02:39:31.594375 [debug] [Thread-1 (]: Opening a new connection, currently in state closed
[0m02:39:31.595135 [debug] [Thread-2 (]: Began executing node test.lab9.relationships_fct_sales_date_key__date_key__ref_dim_date_.21988f731a
[0m02:39:31.596405 [debug] [Thread-4 (]: Re-using an available connection from the pool (formerly test.lab9.relationships_dim_store_province_key__province_key__ref_dim_province_.c46e34457a, now test.lab9.relationships_fct_sales_promo_key__promo_key__ref_dim_promotion_.8b584e73a5)
[0m02:39:31.603238 [debug] [Thread-2 (]: Writing runtime sql for node "test.lab9.relationships_fct_sales_date_key__date_key__ref_dim_date_.21988f731a"
[0m02:39:31.605296 [debug] [Thread-4 (]: Began compiling node test.lab9.relationships_fct_sales_promo_key__promo_key__ref_dim_promotion_.8b584e73a5
[0m02:39:31.606341 [debug] [Thread-1 (]: SQL status: BEGIN in 0.012 seconds
[0m02:39:31.615881 [debug] [Thread-4 (]: Writing injected SQL for node "test.lab9.relationships_fct_sales_promo_key__promo_key__ref_dim_promotion_.8b584e73a5"
[0m02:39:31.617177 [debug] [Thread-1 (]: Using postgres connection "test.lab9.relationships_fct_sales_customer_key__customer_key__ref_dim_customer_.674dd81dc4"
[0m02:39:31.618131 [debug] [Thread-3 (]: Began executing node test.lab9.relationships_fct_sales_product_key__product_key__ref_dim_product_.d6d7884251
[0m02:39:31.620282 [debug] [Thread-1 (]: On test.lab9.relationships_fct_sales_customer_key__customer_key__ref_dim_customer_.674dd81dc4: /* {"app": "dbt", "dbt_version": "1.9.0", "profile_name": "lab9", "target_name": "dev", "node_id": "test.lab9.relationships_fct_sales_customer_key__customer_key__ref_dim_customer_.674dd81dc4"} */
select
      count(*) as failures,
      count(*) != 0 as should_warn,
      count(*) != 0 as should_error
    from (
      
    
    

with child as (
    select customer_key as from_field
    from "lab9"."dbt_marts"."fct_sales"
    where customer_key is not null
),

parent as (
    select customer_key as to_field
    from "lab9"."dbt_marts"."dim_customer"
)

select
    from_field

from child
left join parent
    on child.from_field = parent.to_field

where parent.to_field is null



      
    ) dbt_internal_test
[0m02:39:31.621039 [debug] [Thread-2 (]: Using postgres connection "test.lab9.relationships_fct_sales_date_key__date_key__ref_dim_date_.21988f731a"
[0m02:39:31.624823 [debug] [Thread-3 (]: Writing runtime sql for node "test.lab9.relationships_fct_sales_product_key__product_key__ref_dim_product_.d6d7884251"
[0m02:39:31.627874 [debug] [Thread-2 (]: On test.lab9.relationships_fct_sales_date_key__date_key__ref_dim_date_.21988f731a: BEGIN
[0m02:39:31.628572 [debug] [Thread-1 (]: SQL status: SELECT 1 in 0.002 seconds
[0m02:39:31.631341 [debug] [Thread-2 (]: Opening a new connection, currently in state closed
[0m02:39:31.632118 [debug] [Thread-4 (]: Began executing node test.lab9.relationships_fct_sales_promo_key__promo_key__ref_dim_promotion_.8b584e73a5
[0m02:39:31.634963 [debug] [Thread-1 (]: On test.lab9.relationships_fct_sales_customer_key__customer_key__ref_dim_customer_.674dd81dc4: ROLLBACK
[0m02:39:31.640436 [debug] [Thread-4 (]: Writing runtime sql for node "test.lab9.relationships_fct_sales_promo_key__promo_key__ref_dim_promotion_.8b584e73a5"
[0m02:39:31.642578 [debug] [Thread-1 (]: On test.lab9.relationships_fct_sales_customer_key__customer_key__ref_dim_customer_.674dd81dc4: Close
[0m02:39:31.643628 [debug] [Thread-3 (]: Using postgres connection "test.lab9.relationships_fct_sales_product_key__product_key__ref_dim_product_.d6d7884251"
[0m02:39:31.644413 [debug] [Thread-2 (]: SQL status: BEGIN in 0.013 seconds
[0m02:39:31.646895 [info ] [Thread-1 (]: 25 of 43 PASS relationships_fct_sales_customer_key__customer_key__ref_dim_customer_  [[32mPASS[0m in 0.15s]
[0m02:39:31.648667 [debug] [Thread-3 (]: On test.lab9.relationships_fct_sales_product_key__product_key__ref_dim_product_.d6d7884251: BEGIN
[0m02:39:31.650595 [debug] [Thread-2 (]: Using postgres connection "test.lab9.relationships_fct_sales_date_key__date_key__ref_dim_date_.21988f731a"
[0m02:39:31.653299 [debug] [Thread-1 (]: Finished running node test.lab9.relationships_fct_sales_customer_key__customer_key__ref_dim_customer_.674dd81dc4
[0m02:39:31.656094 [debug] [Thread-3 (]: Opening a new connection, currently in state closed
[0m02:39:31.658350 [debug] [Thread-2 (]: On test.lab9.relationships_fct_sales_date_key__date_key__ref_dim_date_.21988f731a: /* {"app": "dbt", "dbt_version": "1.9.0", "profile_name": "lab9", "target_name": "dev", "node_id": "test.lab9.relationships_fct_sales_date_key__date_key__ref_dim_date_.21988f731a"} */
select
      count(*) as failures,
      count(*) != 0 as should_warn,
      count(*) != 0 as should_error
    from (
      
    
    

with child as (
    select date_key as from_field
    from "lab9"."dbt_marts"."fct_sales"
    where date_key is not null
),

parent as (
    select date_key as to_field
    from "lab9"."dbt_marts"."dim_date"
)

select
    from_field

from child
left join parent
    on child.from_field = parent.to_field

where parent.to_field is null



      
    ) dbt_internal_test
[0m02:39:31.659200 [debug] [Thread-4 (]: Using postgres connection "test.lab9.relationships_fct_sales_promo_key__promo_key__ref_dim_promotion_.8b584e73a5"
[0m02:39:31.660433 [debug] [Thread-1 (]: Began running node test.lab9.relationships_fct_sales_staff_key__staff_key__ref_dim_staff_.d4d06fa655
[0m02:39:31.664439 [debug] [Thread-4 (]: On test.lab9.relationships_fct_sales_promo_key__promo_key__ref_dim_promotion_.8b584e73a5: BEGIN
[0m02:39:31.665242 [debug] [Thread-2 (]: SQL status: SELECT 1 in 0.002 seconds
[0m02:39:31.666626 [info ] [Thread-1 (]: 29 of 43 START test relationships_fct_sales_staff_key__staff_key__ref_dim_staff_  [RUN]
[0m02:39:31.668386 [debug] [Thread-4 (]: Opening a new connection, currently in state closed
[0m02:39:31.669813 [debug] [Thread-3 (]: SQL status: BEGIN in 0.014 seconds
[0m02:39:31.673135 [debug] [Thread-2 (]: On test.lab9.relationships_fct_sales_date_key__date_key__ref_dim_date_.21988f731a: ROLLBACK
[0m02:39:31.674990 [debug] [Thread-1 (]: Re-using an available connection from the pool (formerly test.lab9.relationships_fct_sales_customer_key__customer_key__ref_dim_customer_.674dd81dc4, now test.lab9.relationships_fct_sales_staff_key__staff_key__ref_dim_staff_.d4d06fa655)
[0m02:39:31.677402 [debug] [Thread-3 (]: Using postgres connection "test.lab9.relationships_fct_sales_product_key__product_key__ref_dim_product_.d6d7884251"
[0m02:39:31.679541 [debug] [Thread-2 (]: On test.lab9.relationships_fct_sales_date_key__date_key__ref_dim_date_.21988f731a: Close
[0m02:39:31.680787 [debug] [Thread-1 (]: Began compiling node test.lab9.relationships_fct_sales_staff_key__staff_key__ref_dim_staff_.d4d06fa655
[0m02:39:31.682600 [debug] [Thread-3 (]: On test.lab9.relationships_fct_sales_product_key__product_key__ref_dim_product_.d6d7884251: /* {"app": "dbt", "dbt_version": "1.9.0", "profile_name": "lab9", "target_name": "dev", "node_id": "test.lab9.relationships_fct_sales_product_key__product_key__ref_dim_product_.d6d7884251"} */
select
      count(*) as failures,
      count(*) != 0 as should_warn,
      count(*) != 0 as should_error
    from (
      
    
    

with child as (
    select product_key as from_field
    from "lab9"."dbt_marts"."fct_sales"
    where product_key is not null
),

parent as (
    select product_key as to_field
    from "lab9"."dbt_marts"."dim_product"
)

select
    from_field

from child
left join parent
    on child.from_field = parent.to_field

where parent.to_field is null



      
    ) dbt_internal_test
[0m02:39:31.684554 [debug] [Thread-4 (]: SQL status: BEGIN in 0.016 seconds
[0m02:39:31.686113 [info ] [Thread-2 (]: 26 of 43 PASS relationships_fct_sales_date_key__date_key__ref_dim_date_ ........ [[32mPASS[0m in 0.14s]
[0m02:39:31.696150 [debug] [Thread-1 (]: Writing injected SQL for node "test.lab9.relationships_fct_sales_staff_key__staff_key__ref_dim_staff_.d4d06fa655"
[0m02:39:31.698618 [debug] [Thread-4 (]: Using postgres connection "test.lab9.relationships_fct_sales_promo_key__promo_key__ref_dim_promotion_.8b584e73a5"
[0m02:39:31.699301 [debug] [Thread-3 (]: SQL status: SELECT 1 in 0.002 seconds
[0m02:39:31.700446 [debug] [Thread-2 (]: Finished running node test.lab9.relationships_fct_sales_date_key__date_key__ref_dim_date_.21988f731a
[0m02:39:31.702906 [debug] [Thread-4 (]: On test.lab9.relationships_fct_sales_promo_key__promo_key__ref_dim_promotion_.8b584e73a5: /* {"app": "dbt", "dbt_version": "1.9.0", "profile_name": "lab9", "target_name": "dev", "node_id": "test.lab9.relationships_fct_sales_promo_key__promo_key__ref_dim_promotion_.8b584e73a5"} */
select
      count(*) as failures,
      count(*) != 0 as should_warn,
      count(*) != 0 as should_error
    from (
      
    
    

with child as (
    select promo_key as from_field
    from "lab9"."dbt_marts"."fct_sales"
    where promo_key is not null
),

parent as (
    select promo_key as to_field
    from "lab9"."dbt_marts"."dim_promotion"
)

select
    from_field

from child
left join parent
    on child.from_field = parent.to_field

where parent.to_field is null



      
    ) dbt_internal_test
[0m02:39:31.706007 [debug] [Thread-3 (]: On test.lab9.relationships_fct_sales_product_key__product_key__ref_dim_product_.d6d7884251: ROLLBACK
[0m02:39:31.707462 [debug] [Thread-2 (]: Began running node test.lab9.relationships_fct_sales_store_key__store_key__ref_dim_store_.ca503d693c
[0m02:39:31.710664 [debug] [Thread-3 (]: On test.lab9.relationships_fct_sales_product_key__product_key__ref_dim_product_.d6d7884251: Close
[0m02:39:31.711524 [debug] [Thread-4 (]: SQL status: SELECT 1 in 0.003 seconds
[0m02:39:31.712577 [info ] [Thread-2 (]: 30 of 43 START test relationships_fct_sales_store_key__store_key__ref_dim_store_  [RUN]
[0m02:39:31.716217 [debug] [Thread-1 (]: Began executing node test.lab9.relationships_fct_sales_staff_key__staff_key__ref_dim_staff_.d4d06fa655
[0m02:39:31.715379 [info ] [Thread-3 (]: 27 of 43 PASS relationships_fct_sales_product_key__product_key__ref_dim_product_  [[32mPASS[0m in 0.14s]
[0m02:39:31.719265 [debug] [Thread-4 (]: On test.lab9.relationships_fct_sales_promo_key__promo_key__ref_dim_promotion_.8b584e73a5: ROLLBACK
[0m02:39:31.721443 [debug] [Thread-2 (]: Re-using an available connection from the pool (formerly test.lab9.relationships_fct_sales_date_key__date_key__ref_dim_date_.21988f731a, now test.lab9.relationships_fct_sales_store_key__store_key__ref_dim_store_.ca503d693c)
[0m02:39:31.726394 [debug] [Thread-1 (]: Writing runtime sql for node "test.lab9.relationships_fct_sales_staff_key__staff_key__ref_dim_staff_.d4d06fa655"
[0m02:39:31.728873 [debug] [Thread-3 (]: Finished running node test.lab9.relationships_fct_sales_product_key__product_key__ref_dim_product_.d6d7884251
[0m02:39:31.730769 [debug] [Thread-4 (]: On test.lab9.relationships_fct_sales_promo_key__promo_key__ref_dim_promotion_.8b584e73a5: Close
[0m02:39:31.731889 [debug] [Thread-2 (]: Began compiling node test.lab9.relationships_fct_sales_store_key__store_key__ref_dim_store_.ca503d693c
[0m02:39:31.734350 [debug] [Thread-3 (]: Began running node test.lab9.unique_dim_category_category_key.f5e05b4da7
[0m02:39:31.736068 [info ] [Thread-4 (]: 28 of 43 PASS relationships_fct_sales_promo_key__promo_key__ref_dim_promotion_ . [[32mPASS[0m in 0.14s]
[0m02:39:31.742565 [debug] [Thread-2 (]: Writing injected SQL for node "test.lab9.relationships_fct_sales_store_key__store_key__ref_dim_store_.ca503d693c"
[0m02:39:31.743825 [info ] [Thread-3 (]: 31 of 43 START test unique_dim_category_category_key ........................... [RUN]
[0m02:39:31.745545 [debug] [Thread-4 (]: Finished running node test.lab9.relationships_fct_sales_promo_key__promo_key__ref_dim_promotion_.8b584e73a5
[0m02:39:31.746265 [debug] [Thread-1 (]: Using postgres connection "test.lab9.relationships_fct_sales_staff_key__staff_key__ref_dim_staff_.d4d06fa655"
[0m02:39:31.748749 [debug] [Thread-3 (]: Re-using an available connection from the pool (formerly test.lab9.relationships_fct_sales_product_key__product_key__ref_dim_product_.d6d7884251, now test.lab9.unique_dim_category_category_key.f5e05b4da7)
[0m02:39:31.750624 [debug] [Thread-4 (]: Began running node test.lab9.unique_dim_customer_customer_key.7b0683cc6e
[0m02:39:31.753063 [debug] [Thread-1 (]: On test.lab9.relationships_fct_sales_staff_key__staff_key__ref_dim_staff_.d4d06fa655: BEGIN
[0m02:39:31.755070 [debug] [Thread-3 (]: Began compiling node test.lab9.unique_dim_category_category_key.f5e05b4da7
[0m02:39:31.756855 [info ] [Thread-4 (]: 32 of 43 START test unique_dim_customer_customer_key ........................... [RUN]
[0m02:39:31.758383 [debug] [Thread-1 (]: Opening a new connection, currently in state closed
[0m02:39:31.765300 [debug] [Thread-2 (]: Began executing node test.lab9.relationships_fct_sales_store_key__store_key__ref_dim_store_.ca503d693c
[0m02:39:31.767935 [debug] [Thread-3 (]: Writing injected SQL for node "test.lab9.unique_dim_category_category_key.f5e05b4da7"
[0m02:39:31.769384 [debug] [Thread-4 (]: Re-using an available connection from the pool (formerly test.lab9.relationships_fct_sales_promo_key__promo_key__ref_dim_promotion_.8b584e73a5, now test.lab9.unique_dim_customer_customer_key.7b0683cc6e)
[0m02:39:31.774034 [debug] [Thread-2 (]: Writing runtime sql for node "test.lab9.relationships_fct_sales_store_key__store_key__ref_dim_store_.ca503d693c"
[0m02:39:31.776566 [debug] [Thread-1 (]: SQL status: BEGIN in 0.018 seconds
[0m02:39:31.777156 [debug] [Thread-4 (]: Began compiling node test.lab9.unique_dim_customer_customer_key.7b0683cc6e
[0m02:39:31.779499 [debug] [Thread-1 (]: Using postgres connection "test.lab9.relationships_fct_sales_staff_key__staff_key__ref_dim_staff_.d4d06fa655"
[0m02:39:31.785139 [debug] [Thread-4 (]: Writing injected SQL for node "test.lab9.unique_dim_customer_customer_key.7b0683cc6e"
[0m02:39:31.786784 [debug] [Thread-1 (]: On test.lab9.relationships_fct_sales_staff_key__staff_key__ref_dim_staff_.d4d06fa655: /* {"app": "dbt", "dbt_version": "1.9.0", "profile_name": "lab9", "target_name": "dev", "node_id": "test.lab9.relationships_fct_sales_staff_key__staff_key__ref_dim_staff_.d4d06fa655"} */
select
      count(*) as failures,
      count(*) != 0 as should_warn,
      count(*) != 0 as should_error
    from (
      
    
    

with child as (
    select staff_key as from_field
    from "lab9"."dbt_marts"."fct_sales"
    where staff_key is not null
),

parent as (
    select staff_key as to_field
    from "lab9"."dbt_marts"."dim_staff"
)

select
    from_field

from child
left join parent
    on child.from_field = parent.to_field

where parent.to_field is null



      
    ) dbt_internal_test
[0m02:39:31.787432 [debug] [Thread-3 (]: Began executing node test.lab9.unique_dim_category_category_key.f5e05b4da7
[0m02:39:31.792309 [debug] [Thread-3 (]: Writing runtime sql for node "test.lab9.unique_dim_category_category_key.f5e05b4da7"
[0m02:39:31.792961 [debug] [Thread-1 (]: SQL status: SELECT 1 in 0.004 seconds
[0m02:39:31.793844 [debug] [Thread-2 (]: Using postgres connection "test.lab9.relationships_fct_sales_store_key__store_key__ref_dim_store_.ca503d693c"
[0m02:39:31.797685 [debug] [Thread-1 (]: On test.lab9.relationships_fct_sales_staff_key__staff_key__ref_dim_staff_.d4d06fa655: ROLLBACK
[0m02:39:31.799130 [debug] [Thread-2 (]: On test.lab9.relationships_fct_sales_store_key__store_key__ref_dim_store_.ca503d693c: BEGIN
[0m02:39:31.799864 [debug] [Thread-4 (]: Began executing node test.lab9.unique_dim_customer_customer_key.7b0683cc6e
[0m02:39:31.801102 [debug] [Thread-1 (]: On test.lab9.relationships_fct_sales_staff_key__staff_key__ref_dim_staff_.d4d06fa655: Close
[0m02:39:31.802216 [debug] [Thread-2 (]: Opening a new connection, currently in state closed
[0m02:39:31.806095 [debug] [Thread-4 (]: Writing runtime sql for node "test.lab9.unique_dim_customer_customer_key.7b0683cc6e"
[0m02:39:31.806722 [debug] [Thread-3 (]: Using postgres connection "test.lab9.unique_dim_category_category_key.f5e05b4da7"
[0m02:39:31.808130 [info ] [Thread-1 (]: 29 of 43 PASS relationships_fct_sales_staff_key__staff_key__ref_dim_staff_ ..... [[32mPASS[0m in 0.13s]
[0m02:39:31.811312 [debug] [Thread-3 (]: On test.lab9.unique_dim_category_category_key.f5e05b4da7: BEGIN
[0m02:39:31.813002 [debug] [Thread-1 (]: Finished running node test.lab9.relationships_fct_sales_staff_key__staff_key__ref_dim_staff_.d4d06fa655
[0m02:39:31.814504 [debug] [Thread-3 (]: Opening a new connection, currently in state closed
[0m02:39:31.815676 [debug] [Thread-2 (]: SQL status: BEGIN in 0.013 seconds
[0m02:39:31.816650 [debug] [Thread-1 (]: Began running node test.lab9.unique_dim_date_date_key.0869fd48f9
[0m02:39:31.818884 [debug] [Thread-2 (]: Using postgres connection "test.lab9.relationships_fct_sales_store_key__store_key__ref_dim_store_.ca503d693c"
[0m02:39:31.819638 [debug] [Thread-4 (]: Using postgres connection "test.lab9.unique_dim_customer_customer_key.7b0683cc6e"
[0m02:39:31.820551 [info ] [Thread-1 (]: 33 of 43 START test unique_dim_date_date_key ................................... [RUN]
[0m02:39:31.821690 [debug] [Thread-2 (]: On test.lab9.relationships_fct_sales_store_key__store_key__ref_dim_store_.ca503d693c: /* {"app": "dbt", "dbt_version": "1.9.0", "profile_name": "lab9", "target_name": "dev", "node_id": "test.lab9.relationships_fct_sales_store_key__store_key__ref_dim_store_.ca503d693c"} */
select
      count(*) as failures,
      count(*) != 0 as should_warn,
      count(*) != 0 as should_error
    from (
      
    
    

with child as (
    select store_key as from_field
    from "lab9"."dbt_marts"."fct_sales"
    where store_key is not null
),

parent as (
    select store_key as to_field
    from "lab9"."dbt_marts"."dim_store"
)

select
    from_field

from child
left join parent
    on child.from_field = parent.to_field

where parent.to_field is null



      
    ) dbt_internal_test
[0m02:39:31.823516 [debug] [Thread-4 (]: On test.lab9.unique_dim_customer_customer_key.7b0683cc6e: BEGIN
[0m02:39:31.824962 [debug] [Thread-3 (]: SQL status: BEGIN in 0.010 seconds
[0m02:39:31.826012 [debug] [Thread-1 (]: Re-using an available connection from the pool (formerly test.lab9.relationships_fct_sales_staff_key__staff_key__ref_dim_staff_.d4d06fa655, now test.lab9.unique_dim_date_date_key.0869fd48f9)
[0m02:39:31.828575 [debug] [Thread-4 (]: Opening a new connection, currently in state closed
[0m02:39:31.829752 [debug] [Thread-2 (]: SQL status: SELECT 1 in 0.002 seconds
[0m02:39:31.830884 [debug] [Thread-3 (]: Using postgres connection "test.lab9.unique_dim_category_category_key.f5e05b4da7"
[0m02:39:31.832240 [debug] [Thread-1 (]: Began compiling node test.lab9.unique_dim_date_date_key.0869fd48f9
[0m02:39:31.836076 [debug] [Thread-2 (]: On test.lab9.relationships_fct_sales_store_key__store_key__ref_dim_store_.ca503d693c: ROLLBACK
[0m02:39:31.837215 [debug] [Thread-3 (]: On test.lab9.unique_dim_category_category_key.f5e05b4da7: /* {"app": "dbt", "dbt_version": "1.9.0", "profile_name": "lab9", "target_name": "dev", "node_id": "test.lab9.unique_dim_category_category_key.f5e05b4da7"} */
select
      count(*) as failures,
      count(*) != 0 as should_warn,
      count(*) != 0 as should_error
    from (
      
    
    

select
    category_key as unique_field,
    count(*) as n_records

from "lab9"."dbt_marts"."dim_category"
where category_key is not null
group by category_key
having count(*) > 1



      
    ) dbt_internal_test
[0m02:39:31.842359 [debug] [Thread-1 (]: Writing injected SQL for node "test.lab9.unique_dim_date_date_key.0869fd48f9"
[0m02:39:31.843424 [debug] [Thread-4 (]: SQL status: BEGIN in 0.015 seconds
[0m02:39:31.844319 [debug] [Thread-2 (]: On test.lab9.relationships_fct_sales_store_key__store_key__ref_dim_store_.ca503d693c: Close
[0m02:39:31.846891 [debug] [Thread-3 (]: SQL status: SELECT 1 in 0.001 seconds
[0m02:39:31.847659 [debug] [Thread-4 (]: Using postgres connection "test.lab9.unique_dim_customer_customer_key.7b0683cc6e"
[0m02:39:31.849339 [info ] [Thread-2 (]: 30 of 43 PASS relationships_fct_sales_store_key__store_key__ref_dim_store_ ..... [[32mPASS[0m in 0.13s]
[0m02:39:31.851659 [debug] [Thread-3 (]: On test.lab9.unique_dim_category_category_key.f5e05b4da7: ROLLBACK
[0m02:39:31.852918 [debug] [Thread-4 (]: On test.lab9.unique_dim_customer_customer_key.7b0683cc6e: /* {"app": "dbt", "dbt_version": "1.9.0", "profile_name": "lab9", "target_name": "dev", "node_id": "test.lab9.unique_dim_customer_customer_key.7b0683cc6e"} */
select
      count(*) as failures,
      count(*) != 0 as should_warn,
      count(*) != 0 as should_error
    from (
      
    
    

select
    customer_key as unique_field,
    count(*) as n_records

from "lab9"."dbt_marts"."dim_customer"
where customer_key is not null
group by customer_key
having count(*) > 1



      
    ) dbt_internal_test
[0m02:39:31.854492 [debug] [Thread-2 (]: Finished running node test.lab9.relationships_fct_sales_store_key__store_key__ref_dim_store_.ca503d693c
[0m02:39:31.856006 [debug] [Thread-3 (]: On test.lab9.unique_dim_category_category_key.f5e05b4da7: Close
[0m02:39:31.856509 [debug] [Thread-1 (]: Began executing node test.lab9.unique_dim_date_date_key.0869fd48f9
[0m02:39:31.858077 [debug] [Thread-2 (]: Began running node test.lab9.unique_dim_position_position_key.012174fb4c
[0m02:39:31.858729 [debug] [Thread-4 (]: SQL status: SELECT 1 in 0.002 seconds
[0m02:39:31.860038 [info ] [Thread-3 (]: 31 of 43 PASS unique_dim_category_category_key ................................. [[32mPASS[0m in 0.11s]
[0m02:39:31.863888 [debug] [Thread-1 (]: Writing runtime sql for node "test.lab9.unique_dim_date_date_key.0869fd48f9"
[0m02:39:31.865830 [info ] [Thread-2 (]: 34 of 43 START test unique_dim_position_position_key ........................... [RUN]
[0m02:39:31.868998 [debug] [Thread-4 (]: On test.lab9.unique_dim_customer_customer_key.7b0683cc6e: ROLLBACK
[0m02:39:31.870973 [debug] [Thread-3 (]: Finished running node test.lab9.unique_dim_category_category_key.f5e05b4da7
[0m02:39:31.873729 [debug] [Thread-2 (]: Re-using an available connection from the pool (formerly test.lab9.relationships_fct_sales_store_key__store_key__ref_dim_store_.ca503d693c, now test.lab9.unique_dim_position_position_key.012174fb4c)
[0m02:39:31.875183 [debug] [Thread-4 (]: On test.lab9.unique_dim_customer_customer_key.7b0683cc6e: Close
[0m02:39:31.876439 [debug] [Thread-3 (]: Began running node test.lab9.unique_dim_product_product_key.1753236bd0
[0m02:39:31.877834 [debug] [Thread-2 (]: Began compiling node test.lab9.unique_dim_position_position_key.012174fb4c
[0m02:39:31.879455 [info ] [Thread-4 (]: 32 of 43 PASS unique_dim_customer_customer_key ................................. [[32mPASS[0m in 0.11s]
[0m02:39:31.880513 [info ] [Thread-3 (]: 35 of 43 START test unique_dim_product_product_key ............................. [RUN]
[0m02:39:31.886916 [debug] [Thread-2 (]: Writing injected SQL for node "test.lab9.unique_dim_position_position_key.012174fb4c"
[0m02:39:31.887450 [debug] [Thread-1 (]: Using postgres connection "test.lab9.unique_dim_date_date_key.0869fd48f9"
[0m02:39:31.888577 [debug] [Thread-4 (]: Finished running node test.lab9.unique_dim_customer_customer_key.7b0683cc6e
[0m02:39:31.889841 [debug] [Thread-3 (]: Re-using an available connection from the pool (formerly test.lab9.unique_dim_category_category_key.f5e05b4da7, now test.lab9.unique_dim_product_product_key.1753236bd0)
[0m02:39:31.892082 [debug] [Thread-1 (]: On test.lab9.unique_dim_date_date_key.0869fd48f9: BEGIN
[0m02:39:31.893520 [debug] [Thread-4 (]: Began running node test.lab9.unique_dim_promotion_promo_key.42726f19ba
[0m02:39:31.894994 [debug] [Thread-3 (]: Began compiling node test.lab9.unique_dim_product_product_key.1753236bd0
[0m02:39:31.896206 [debug] [Thread-1 (]: Opening a new connection, currently in state closed
[0m02:39:31.897417 [info ] [Thread-4 (]: 36 of 43 START test unique_dim_promotion_promo_key ............................. [RUN]
[0m02:39:31.907174 [debug] [Thread-3 (]: Writing injected SQL for node "test.lab9.unique_dim_product_product_key.1753236bd0"
[0m02:39:31.909553 [debug] [Thread-2 (]: Began executing node test.lab9.unique_dim_position_position_key.012174fb4c
[0m02:39:31.910609 [debug] [Thread-4 (]: Re-using an available connection from the pool (formerly test.lab9.unique_dim_customer_customer_key.7b0683cc6e, now test.lab9.unique_dim_promotion_promo_key.42726f19ba)
[0m02:39:31.916853 [debug] [Thread-2 (]: Writing runtime sql for node "test.lab9.unique_dim_position_position_key.012174fb4c"
[0m02:39:31.918228 [debug] [Thread-1 (]: SQL status: BEGIN in 0.022 seconds
[0m02:39:31.919138 [debug] [Thread-4 (]: Began compiling node test.lab9.unique_dim_promotion_promo_key.42726f19ba
[0m02:39:31.921270 [debug] [Thread-1 (]: Using postgres connection "test.lab9.unique_dim_date_date_key.0869fd48f9"
[0m02:39:31.927857 [debug] [Thread-3 (]: Began executing node test.lab9.unique_dim_product_product_key.1753236bd0
[0m02:39:31.928938 [debug] [Thread-4 (]: Writing injected SQL for node "test.lab9.unique_dim_promotion_promo_key.42726f19ba"
[0m02:39:31.930114 [debug] [Thread-1 (]: On test.lab9.unique_dim_date_date_key.0869fd48f9: /* {"app": "dbt", "dbt_version": "1.9.0", "profile_name": "lab9", "target_name": "dev", "node_id": "test.lab9.unique_dim_date_date_key.0869fd48f9"} */
select
      count(*) as failures,
      count(*) != 0 as should_warn,
      count(*) != 0 as should_error
    from (
      
    
    

select
    date_key as unique_field,
    count(*) as n_records

from "lab9"."dbt_marts"."dim_date"
where date_key is not null
group by date_key
having count(*) > 1



      
    ) dbt_internal_test
[0m02:39:31.933889 [debug] [Thread-3 (]: Writing runtime sql for node "test.lab9.unique_dim_product_product_key.1753236bd0"
[0m02:39:31.936603 [debug] [Thread-2 (]: Using postgres connection "test.lab9.unique_dim_position_position_key.012174fb4c"
[0m02:39:31.938906 [debug] [Thread-1 (]: SQL status: SELECT 1 in 0.002 seconds
[0m02:39:31.940295 [debug] [Thread-2 (]: On test.lab9.unique_dim_position_position_key.012174fb4c: BEGIN
[0m02:39:31.944122 [debug] [Thread-1 (]: On test.lab9.unique_dim_date_date_key.0869fd48f9: ROLLBACK
[0m02:39:31.946238 [debug] [Thread-2 (]: Opening a new connection, currently in state closed
[0m02:39:31.947166 [debug] [Thread-4 (]: Began executing node test.lab9.unique_dim_promotion_promo_key.42726f19ba
[0m02:39:31.948668 [debug] [Thread-1 (]: On test.lab9.unique_dim_date_date_key.0869fd48f9: Close
[0m02:39:31.956601 [debug] [Thread-3 (]: Using postgres connection "test.lab9.unique_dim_product_product_key.1753236bd0"
[0m02:39:31.955980 [debug] [Thread-4 (]: Writing runtime sql for node "test.lab9.unique_dim_promotion_promo_key.42726f19ba"
[0m02:39:31.958007 [debug] [Thread-2 (]: SQL status: BEGIN in 0.012 seconds
[0m02:39:31.959204 [info ] [Thread-1 (]: 33 of 43 PASS unique_dim_date_date_key ......................................... [[32mPASS[0m in 0.13s]
[0m02:39:31.960774 [debug] [Thread-3 (]: On test.lab9.unique_dim_product_product_key.1753236bd0: BEGIN
[0m02:39:31.967940 [debug] [Thread-2 (]: Using postgres connection "test.lab9.unique_dim_position_position_key.012174fb4c"
[0m02:39:31.970210 [debug] [Thread-1 (]: Finished running node test.lab9.unique_dim_date_date_key.0869fd48f9
[0m02:39:31.971681 [debug] [Thread-3 (]: Opening a new connection, currently in state closed
[0m02:39:31.973392 [debug] [Thread-2 (]: On test.lab9.unique_dim_position_position_key.012174fb4c: /* {"app": "dbt", "dbt_version": "1.9.0", "profile_name": "lab9", "target_name": "dev", "node_id": "test.lab9.unique_dim_position_position_key.012174fb4c"} */
select
      count(*) as failures,
      count(*) != 0 as should_warn,
      count(*) != 0 as should_error
    from (
      
    
    

select
    position_key as unique_field,
    count(*) as n_records

from "lab9"."dbt_marts"."dim_position"
where position_key is not null
group by position_key
having count(*) > 1



      
    ) dbt_internal_test
[0m02:39:31.975336 [debug] [Thread-1 (]: Began running node test.lab9.unique_dim_province_province_key.a96c7f11db
[0m02:39:31.978484 [debug] [Thread-4 (]: Using postgres connection "test.lab9.unique_dim_promotion_promo_key.42726f19ba"
[0m02:39:31.981781 [debug] [Thread-2 (]: SQL status: SELECT 1 in 0.002 seconds
[0m02:39:31.980860 [info ] [Thread-1 (]: 37 of 43 START test unique_dim_province_province_key ........................... [RUN]
[0m02:39:31.983231 [debug] [Thread-4 (]: On test.lab9.unique_dim_promotion_promo_key.42726f19ba: BEGIN
[0m02:39:31.987225 [debug] [Thread-2 (]: On test.lab9.unique_dim_position_position_key.012174fb4c: ROLLBACK
[0m02:39:31.988066 [debug] [Thread-3 (]: SQL status: BEGIN in 0.016 seconds
[0m02:39:31.989403 [debug] [Thread-1 (]: Re-using an available connection from the pool (formerly test.lab9.unique_dim_date_date_key.0869fd48f9, now test.lab9.unique_dim_province_province_key.a96c7f11db)
[0m02:39:31.990792 [debug] [Thread-4 (]: Opening a new connection, currently in state closed
[0m02:39:31.992343 [debug] [Thread-2 (]: On test.lab9.unique_dim_position_position_key.012174fb4c: Close
[0m02:39:31.993229 [debug] [Thread-3 (]: Using postgres connection "test.lab9.unique_dim_product_product_key.1753236bd0"
[0m02:39:31.994473 [debug] [Thread-1 (]: Began compiling node test.lab9.unique_dim_province_province_key.a96c7f11db
[0m02:39:31.997211 [info ] [Thread-2 (]: 34 of 43 PASS unique_dim_position_position_key ................................. [[32mPASS[0m in 0.12s]
[0m02:39:31.998329 [debug] [Thread-3 (]: On test.lab9.unique_dim_product_product_key.1753236bd0: /* {"app": "dbt", "dbt_version": "1.9.0", "profile_name": "lab9", "target_name": "dev", "node_id": "test.lab9.unique_dim_product_product_key.1753236bd0"} */
select
      count(*) as failures,
      count(*) != 0 as should_warn,
      count(*) != 0 as should_error
    from (
      
    
    

select
    product_key as unique_field,
    count(*) as n_records

from "lab9"."dbt_marts"."dim_product"
where product_key is not null
group by product_key
having count(*) > 1



      
    ) dbt_internal_test
[0m02:39:32.005987 [debug] [Thread-1 (]: Writing injected SQL for node "test.lab9.unique_dim_province_province_key.a96c7f11db"
[0m02:39:32.006658 [debug] [Thread-4 (]: SQL status: BEGIN in 0.016 seconds
[0m02:39:32.007873 [debug] [Thread-2 (]: Finished running node test.lab9.unique_dim_position_position_key.012174fb4c
[0m02:39:32.011269 [debug] [Thread-4 (]: Using postgres connection "test.lab9.unique_dim_promotion_promo_key.42726f19ba"
[0m02:39:32.011919 [debug] [Thread-3 (]: SQL status: SELECT 1 in 0.003 seconds
[0m02:39:32.013482 [debug] [Thread-2 (]: Began running node test.lab9.unique_dim_region_region_key.66a133323f
[0m02:39:32.015143 [debug] [Thread-4 (]: On test.lab9.unique_dim_promotion_promo_key.42726f19ba: /* {"app": "dbt", "dbt_version": "1.9.0", "profile_name": "lab9", "target_name": "dev", "node_id": "test.lab9.unique_dim_promotion_promo_key.42726f19ba"} */
select
      count(*) as failures,
      count(*) != 0 as should_warn,
      count(*) != 0 as should_error
    from (
      
    
    

select
    promo_key as unique_field,
    count(*) as n_records

from "lab9"."dbt_marts"."dim_promotion"
where promo_key is not null
group by promo_key
having count(*) > 1



      
    ) dbt_internal_test
[0m02:39:32.017962 [debug] [Thread-3 (]: On test.lab9.unique_dim_product_product_key.1753236bd0: ROLLBACK
[0m02:39:32.019496 [info ] [Thread-2 (]: 38 of 43 START test unique_dim_region_region_key ............................... [RUN]
[0m02:39:32.020478 [debug] [Thread-1 (]: Began executing node test.lab9.unique_dim_province_province_key.a96c7f11db
[0m02:39:32.022430 [debug] [Thread-3 (]: On test.lab9.unique_dim_product_product_key.1753236bd0: Close
[0m02:39:32.023113 [debug] [Thread-4 (]: SQL status: SELECT 1 in 0.002 seconds
[0m02:39:32.024107 [debug] [Thread-2 (]: Re-using an available connection from the pool (formerly test.lab9.unique_dim_position_position_key.012174fb4c, now test.lab9.unique_dim_region_region_key.66a133323f)
[0m02:39:32.028361 [debug] [Thread-1 (]: Writing runtime sql for node "test.lab9.unique_dim_province_province_key.a96c7f11db"
[0m02:39:32.030358 [info ] [Thread-3 (]: 35 of 43 PASS unique_dim_product_product_key ................................... [[32mPASS[0m in 0.14s]
[0m02:39:32.033910 [debug] [Thread-4 (]: On test.lab9.unique_dim_promotion_promo_key.42726f19ba: ROLLBACK
[0m02:39:32.035926 [debug] [Thread-2 (]: Began compiling node test.lab9.unique_dim_region_region_key.66a133323f
[0m02:39:32.039129 [debug] [Thread-3 (]: Finished running node test.lab9.unique_dim_product_product_key.1753236bd0
[0m02:39:32.040788 [debug] [Thread-4 (]: On test.lab9.unique_dim_promotion_promo_key.42726f19ba: Close
[0m02:39:32.048276 [debug] [Thread-2 (]: Writing injected SQL for node "test.lab9.unique_dim_region_region_key.66a133323f"
[0m02:39:32.050232 [debug] [Thread-3 (]: Began running node test.lab9.unique_dim_staff_staff_key.eebb0d941a
[0m02:39:32.051176 [debug] [Thread-1 (]: Using postgres connection "test.lab9.unique_dim_province_province_key.a96c7f11db"
[0m02:39:32.052843 [info ] [Thread-4 (]: 36 of 43 PASS unique_dim_promotion_promo_key ................................... [[32mPASS[0m in 0.14s]
[0m02:39:32.056132 [info ] [Thread-3 (]: 39 of 43 START test unique_dim_staff_staff_key ................................. [RUN]
[0m02:39:32.058590 [debug] [Thread-1 (]: On test.lab9.unique_dim_province_province_key.a96c7f11db: BEGIN
[0m02:39:32.061158 [debug] [Thread-4 (]: Finished running node test.lab9.unique_dim_promotion_promo_key.42726f19ba
[0m02:39:32.063356 [debug] [Thread-3 (]: Re-using an available connection from the pool (formerly test.lab9.unique_dim_product_product_key.1753236bd0, now test.lab9.unique_dim_staff_staff_key.eebb0d941a)
[0m02:39:32.065327 [debug] [Thread-1 (]: Opening a new connection, currently in state closed
[0m02:39:32.068178 [debug] [Thread-4 (]: Began running node test.lab9.unique_dim_store_store_key.9baa94554a
[0m02:39:32.069092 [debug] [Thread-2 (]: Began executing node test.lab9.unique_dim_region_region_key.66a133323f
[0m02:39:32.070260 [debug] [Thread-3 (]: Began compiling node test.lab9.unique_dim_staff_staff_key.eebb0d941a
[0m02:39:32.073619 [info ] [Thread-4 (]: 40 of 43 START test unique_dim_store_store_key ................................. [RUN]
[0m02:39:32.079285 [debug] [Thread-2 (]: Writing runtime sql for node "test.lab9.unique_dim_region_region_key.66a133323f"
[0m02:39:32.080646 [debug] [Thread-1 (]: SQL status: BEGIN in 0.015 seconds
[0m02:39:32.086268 [debug] [Thread-3 (]: Writing injected SQL for node "test.lab9.unique_dim_staff_staff_key.eebb0d941a"
[0m02:39:32.087961 [debug] [Thread-4 (]: Re-using an available connection from the pool (formerly test.lab9.unique_dim_promotion_promo_key.42726f19ba, now test.lab9.unique_dim_store_store_key.9baa94554a)
[0m02:39:32.089949 [debug] [Thread-1 (]: Using postgres connection "test.lab9.unique_dim_province_province_key.a96c7f11db"
[0m02:39:32.092153 [debug] [Thread-4 (]: Began compiling node test.lab9.unique_dim_store_store_key.9baa94554a
[0m02:39:32.093793 [debug] [Thread-1 (]: On test.lab9.unique_dim_province_province_key.a96c7f11db: /* {"app": "dbt", "dbt_version": "1.9.0", "profile_name": "lab9", "target_name": "dev", "node_id": "test.lab9.unique_dim_province_province_key.a96c7f11db"} */
select
      count(*) as failures,
      count(*) != 0 as should_warn,
      count(*) != 0 as should_error
    from (
      
    
    

select
    province_key as unique_field,
    count(*) as n_records

from "lab9"."dbt_marts"."dim_province"
where province_key is not null
group by province_key
having count(*) > 1



      
    ) dbt_internal_test
[0m02:39:32.100134 [debug] [Thread-4 (]: Writing injected SQL for node "test.lab9.unique_dim_store_store_key.9baa94554a"
[0m02:39:32.103298 [debug] [Thread-3 (]: Began executing node test.lab9.unique_dim_staff_staff_key.eebb0d941a
[0m02:39:32.104269 [debug] [Thread-2 (]: Using postgres connection "test.lab9.unique_dim_region_region_key.66a133323f"
[0m02:39:32.104861 [debug] [Thread-1 (]: SQL status: SELECT 1 in 0.003 seconds
[0m02:39:32.108237 [debug] [Thread-3 (]: Writing runtime sql for node "test.lab9.unique_dim_staff_staff_key.eebb0d941a"
[0m02:39:32.109580 [debug] [Thread-2 (]: On test.lab9.unique_dim_region_region_key.66a133323f: BEGIN
[0m02:39:32.112218 [debug] [Thread-1 (]: On test.lab9.unique_dim_province_province_key.a96c7f11db: ROLLBACK
[0m02:39:32.114326 [debug] [Thread-2 (]: Opening a new connection, currently in state closed
[0m02:39:32.114910 [debug] [Thread-4 (]: Began executing node test.lab9.unique_dim_store_store_key.9baa94554a
[0m02:39:32.116584 [debug] [Thread-1 (]: On test.lab9.unique_dim_province_province_key.a96c7f11db: Close
[0m02:39:32.124120 [debug] [Thread-4 (]: Writing runtime sql for node "test.lab9.unique_dim_store_store_key.9baa94554a"
[0m02:39:32.124864 [debug] [Thread-2 (]: SQL status: BEGIN in 0.011 seconds
[0m02:39:32.125920 [info ] [Thread-1 (]: 37 of 43 PASS unique_dim_province_province_key ................................. [[32mPASS[0m in 0.14s]
[0m02:39:32.126527 [debug] [Thread-3 (]: Using postgres connection "test.lab9.unique_dim_staff_staff_key.eebb0d941a"
[0m02:39:32.128086 [debug] [Thread-2 (]: Using postgres connection "test.lab9.unique_dim_region_region_key.66a133323f"
[0m02:39:32.129611 [debug] [Thread-1 (]: Finished running node test.lab9.unique_dim_province_province_key.a96c7f11db
[0m02:39:32.131028 [debug] [Thread-3 (]: On test.lab9.unique_dim_staff_staff_key.eebb0d941a: BEGIN
[0m02:39:32.132328 [debug] [Thread-2 (]: On test.lab9.unique_dim_region_region_key.66a133323f: /* {"app": "dbt", "dbt_version": "1.9.0", "profile_name": "lab9", "target_name": "dev", "node_id": "test.lab9.unique_dim_region_region_key.66a133323f"} */
select
      count(*) as failures,
      count(*) != 0 as should_warn,
      count(*) != 0 as should_error
    from (
      
    
    

select
    region_key as unique_field,
    count(*) as n_records

from "lab9"."dbt_marts"."dim_region"
where region_key is not null
group by region_key
having count(*) > 1



      
    ) dbt_internal_test
[0m02:39:32.133697 [debug] [Thread-1 (]: Began running node test.lab9.unique_fct_sales_sale_id.b56f71d5ff
[0m02:39:32.134852 [debug] [Thread-3 (]: Opening a new connection, currently in state closed
[0m02:39:32.135558 [debug] [Thread-4 (]: Using postgres connection "test.lab9.unique_dim_store_store_key.9baa94554a"
[0m02:39:32.137329 [info ] [Thread-1 (]: 41 of 43 START test unique_fct_sales_sale_id ................................... [RUN]
[0m02:39:32.137981 [debug] [Thread-2 (]: SQL status: SELECT 1 in 0.001 seconds
[0m02:39:32.140152 [debug] [Thread-4 (]: On test.lab9.unique_dim_store_store_key.9baa94554a: BEGIN
[0m02:39:32.141818 [debug] [Thread-1 (]: Re-using an available connection from the pool (formerly test.lab9.unique_dim_province_province_key.a96c7f11db, now test.lab9.unique_fct_sales_sale_id.b56f71d5ff)
[0m02:39:32.145797 [debug] [Thread-2 (]: On test.lab9.unique_dim_region_region_key.66a133323f: ROLLBACK
[0m02:39:32.146847 [debug] [Thread-3 (]: SQL status: BEGIN in 0.012 seconds
[0m02:39:32.147965 [debug] [Thread-4 (]: Opening a new connection, currently in state closed
[0m02:39:32.149407 [debug] [Thread-1 (]: Began compiling node test.lab9.unique_fct_sales_sale_id.b56f71d5ff
[0m02:39:32.150778 [debug] [Thread-2 (]: On test.lab9.unique_dim_region_region_key.66a133323f: Close
[0m02:39:32.151792 [debug] [Thread-3 (]: Using postgres connection "test.lab9.unique_dim_staff_staff_key.eebb0d941a"
[0m02:39:32.159514 [debug] [Thread-1 (]: Writing injected SQL for node "test.lab9.unique_fct_sales_sale_id.b56f71d5ff"
[0m02:39:32.160187 [debug] [Thread-4 (]: SQL status: BEGIN in 0.012 seconds
[0m02:39:32.161434 [info ] [Thread-2 (]: 38 of 43 PASS unique_dim_region_region_key ..................................... [[32mPASS[0m in 0.14s]
[0m02:39:32.162557 [debug] [Thread-3 (]: On test.lab9.unique_dim_staff_staff_key.eebb0d941a: /* {"app": "dbt", "dbt_version": "1.9.0", "profile_name": "lab9", "target_name": "dev", "node_id": "test.lab9.unique_dim_staff_staff_key.eebb0d941a"} */
select
      count(*) as failures,
      count(*) != 0 as should_warn,
      count(*) != 0 as should_error
    from (
      
    
    

select
    staff_key as unique_field,
    count(*) as n_records

from "lab9"."dbt_marts"."dim_staff"
where staff_key is not null
group by staff_key
having count(*) > 1



      
    ) dbt_internal_test
[0m02:39:32.165439 [debug] [Thread-4 (]: Using postgres connection "test.lab9.unique_dim_store_store_key.9baa94554a"
[0m02:39:32.167717 [debug] [Thread-2 (]: Finished running node test.lab9.unique_dim_region_region_key.66a133323f
[0m02:39:32.170599 [debug] [Thread-4 (]: On test.lab9.unique_dim_store_store_key.9baa94554a: /* {"app": "dbt", "dbt_version": "1.9.0", "profile_name": "lab9", "target_name": "dev", "node_id": "test.lab9.unique_dim_store_store_key.9baa94554a"} */
select
      count(*) as failures,
      count(*) != 0 as should_warn,
      count(*) != 0 as should_error
    from (
      
    
    

select
    store_key as unique_field,
    count(*) as n_records

from "lab9"."dbt_marts"."dim_store"
where store_key is not null
group by store_key
having count(*) > 1



      
    ) dbt_internal_test
[0m02:39:32.171282 [debug] [Thread-3 (]: SQL status: SELECT 1 in 0.002 seconds
[0m02:39:32.172519 [debug] [Thread-2 (]: Began running node test.lab9.unique_stg_coffee_sales_sale_id.85bcbbe09e
[0m02:39:32.182148 [debug] [Thread-4 (]: SQL status: SELECT 1 in 0.002 seconds
[0m02:39:32.186859 [debug] [Thread-3 (]: On test.lab9.unique_dim_staff_staff_key.eebb0d941a: ROLLBACK
[0m02:39:32.187766 [debug] [Thread-1 (]: Began executing node test.lab9.unique_fct_sales_sale_id.b56f71d5ff
[0m02:39:32.189155 [info ] [Thread-2 (]: 42 of 43 START test unique_stg_coffee_sales_sale_id ............................ [RUN]
[0m02:39:32.193828 [debug] [Thread-4 (]: On test.lab9.unique_dim_store_store_key.9baa94554a: ROLLBACK
[0m02:39:32.196379 [debug] [Thread-3 (]: On test.lab9.unique_dim_staff_staff_key.eebb0d941a: Close
[0m02:39:32.200661 [debug] [Thread-1 (]: Writing runtime sql for node "test.lab9.unique_fct_sales_sale_id.b56f71d5ff"
[0m02:39:32.202616 [debug] [Thread-2 (]: Re-using an available connection from the pool (formerly test.lab9.unique_dim_region_region_key.66a133323f, now test.lab9.unique_stg_coffee_sales_sale_id.85bcbbe09e)
[0m02:39:32.204638 [debug] [Thread-4 (]: On test.lab9.unique_dim_store_store_key.9baa94554a: Close
[0m02:39:32.206369 [info ] [Thread-3 (]: 39 of 43 PASS unique_dim_staff_staff_key ....................................... [[32mPASS[0m in 0.14s]
[0m02:39:32.210032 [debug] [Thread-2 (]: Began compiling node test.lab9.unique_stg_coffee_sales_sale_id.85bcbbe09e
[0m02:39:32.213522 [info ] [Thread-4 (]: 40 of 43 PASS unique_dim_store_store_key ....................................... [[32mPASS[0m in 0.13s]
[0m02:39:32.216364 [debug] [Thread-3 (]: Finished running node test.lab9.unique_dim_staff_staff_key.eebb0d941a
[0m02:39:32.225979 [debug] [Thread-2 (]: Writing injected SQL for node "test.lab9.unique_stg_coffee_sales_sale_id.85bcbbe09e"
[0m02:39:32.227965 [debug] [Thread-4 (]: Finished running node test.lab9.unique_dim_store_store_key.9baa94554a
[0m02:39:32.228549 [debug] [Thread-1 (]: Using postgres connection "test.lab9.unique_fct_sales_sale_id.b56f71d5ff"
[0m02:39:32.229652 [debug] [Thread-3 (]: Began running node test.lab9.unique_stg_province_region_province_name.7b441d4e22
[0m02:39:32.232728 [debug] [Thread-1 (]: On test.lab9.unique_fct_sales_sale_id.b56f71d5ff: BEGIN
[0m02:39:32.234987 [info ] [Thread-3 (]: 43 of 43 START test unique_stg_province_region_province_name ................... [RUN]
[0m02:39:32.237386 [debug] [Thread-1 (]: Opening a new connection, currently in state closed
[0m02:39:32.239534 [debug] [Thread-3 (]: Re-using an available connection from the pool (formerly test.lab9.unique_dim_staff_staff_key.eebb0d941a, now test.lab9.unique_stg_province_region_province_name.7b441d4e22)
[0m02:39:32.243466 [debug] [Thread-3 (]: Began compiling node test.lab9.unique_stg_province_region_province_name.7b441d4e22
[0m02:39:32.250085 [debug] [Thread-3 (]: Writing injected SQL for node "test.lab9.unique_stg_province_region_province_name.7b441d4e22"
[0m02:39:32.250659 [debug] [Thread-2 (]: Began executing node test.lab9.unique_stg_coffee_sales_sale_id.85bcbbe09e
[0m02:39:32.251654 [debug] [Thread-1 (]: SQL status: BEGIN in 0.014 seconds
[0m02:39:32.255499 [debug] [Thread-2 (]: Writing runtime sql for node "test.lab9.unique_stg_coffee_sales_sale_id.85bcbbe09e"
[0m02:39:32.257205 [debug] [Thread-1 (]: Using postgres connection "test.lab9.unique_fct_sales_sale_id.b56f71d5ff"
[0m02:39:32.259886 [debug] [Thread-1 (]: On test.lab9.unique_fct_sales_sale_id.b56f71d5ff: /* {"app": "dbt", "dbt_version": "1.9.0", "profile_name": "lab9", "target_name": "dev", "node_id": "test.lab9.unique_fct_sales_sale_id.b56f71d5ff"} */
select
      count(*) as failures,
      count(*) != 0 as should_warn,
      count(*) != 0 as should_error
    from (
      
    
    

select
    sale_id as unique_field,
    count(*) as n_records

from "lab9"."dbt_marts"."fct_sales"
where sale_id is not null
group by sale_id
having count(*) > 1



      
    ) dbt_internal_test
[0m02:39:32.262744 [debug] [Thread-3 (]: Began executing node test.lab9.unique_stg_province_region_province_name.7b441d4e22
[0m02:39:32.263267 [debug] [Thread-1 (]: SQL status: SELECT 1 in 0.002 seconds
[0m02:39:32.266415 [debug] [Thread-3 (]: Writing runtime sql for node "test.lab9.unique_stg_province_region_province_name.7b441d4e22"
[0m02:39:32.269338 [debug] [Thread-1 (]: On test.lab9.unique_fct_sales_sale_id.b56f71d5ff: ROLLBACK
[0m02:39:32.269849 [debug] [Thread-2 (]: Using postgres connection "test.lab9.unique_stg_coffee_sales_sale_id.85bcbbe09e"
[0m02:39:32.272134 [debug] [Thread-1 (]: On test.lab9.unique_fct_sales_sale_id.b56f71d5ff: Close
[0m02:39:32.273190 [debug] [Thread-2 (]: On test.lab9.unique_stg_coffee_sales_sale_id.85bcbbe09e: BEGIN
[0m02:39:32.274971 [info ] [Thread-1 (]: 41 of 43 PASS unique_fct_sales_sale_id ......................................... [[32mPASS[0m in 0.13s]
[0m02:39:32.276044 [debug] [Thread-2 (]: Opening a new connection, currently in state closed
[0m02:39:32.277607 [debug] [Thread-1 (]: Finished running node test.lab9.unique_fct_sales_sale_id.b56f71d5ff
[0m02:39:32.280426 [debug] [Thread-3 (]: Using postgres connection "test.lab9.unique_stg_province_region_province_name.7b441d4e22"
[0m02:39:32.281756 [debug] [Thread-3 (]: On test.lab9.unique_stg_province_region_province_name.7b441d4e22: BEGIN
[0m02:39:32.283097 [debug] [Thread-3 (]: Opening a new connection, currently in state closed
[0m02:39:32.285163 [debug] [Thread-2 (]: SQL status: BEGIN in 0.009 seconds
[0m02:39:32.286513 [debug] [Thread-2 (]: Using postgres connection "test.lab9.unique_stg_coffee_sales_sale_id.85bcbbe09e"
[0m02:39:32.287863 [debug] [Thread-2 (]: On test.lab9.unique_stg_coffee_sales_sale_id.85bcbbe09e: /* {"app": "dbt", "dbt_version": "1.9.0", "profile_name": "lab9", "target_name": "dev", "node_id": "test.lab9.unique_stg_coffee_sales_sale_id.85bcbbe09e"} */
select
      count(*) as failures,
      count(*) != 0 as should_warn,
      count(*) != 0 as should_error
    from (
      
    
    

select
    sale_id as unique_field,
    count(*) as n_records

from "lab9"."dbt_staging"."stg_coffee_sales"
where sale_id is not null
group by sale_id
having count(*) > 1



      
    ) dbt_internal_test
[0m02:39:32.290682 [debug] [Thread-3 (]: SQL status: BEGIN in 0.008 seconds
[0m02:39:32.291233 [debug] [Thread-2 (]: SQL status: SELECT 1 in 0.002 seconds
[0m02:39:32.292487 [debug] [Thread-3 (]: Using postgres connection "test.lab9.unique_stg_province_region_province_name.7b441d4e22"
[0m02:39:32.295409 [debug] [Thread-2 (]: On test.lab9.unique_stg_coffee_sales_sale_id.85bcbbe09e: ROLLBACK
[0m02:39:32.296666 [debug] [Thread-3 (]: On test.lab9.unique_stg_province_region_province_name.7b441d4e22: /* {"app": "dbt", "dbt_version": "1.9.0", "profile_name": "lab9", "target_name": "dev", "node_id": "test.lab9.unique_stg_province_region_province_name.7b441d4e22"} */
select
      count(*) as failures,
      count(*) != 0 as should_warn,
      count(*) != 0 as should_error
    from (
      
    
    

select
    province_name as unique_field,
    count(*) as n_records

from "lab9"."dbt_staging"."stg_province_region"
where province_name is not null
group by province_name
having count(*) > 1



      
    ) dbt_internal_test
[0m02:39:32.298090 [debug] [Thread-2 (]: On test.lab9.unique_stg_coffee_sales_sale_id.85bcbbe09e: Close
[0m02:39:32.300080 [info ] [Thread-2 (]: 42 of 43 PASS unique_stg_coffee_sales_sale_id .................................. [[32mPASS[0m in 0.10s]
[0m02:39:32.300534 [debug] [Thread-3 (]: SQL status: SELECT 1 in 0.001 seconds
[0m02:39:32.301660 [debug] [Thread-2 (]: Finished running node test.lab9.unique_stg_coffee_sales_sale_id.85bcbbe09e
[0m02:39:32.304193 [debug] [Thread-3 (]: On test.lab9.unique_stg_province_region_province_name.7b441d4e22: ROLLBACK
[0m02:39:32.306536 [debug] [Thread-3 (]: On test.lab9.unique_stg_province_region_province_name.7b441d4e22: Close
[0m02:39:32.308075 [info ] [Thread-3 (]: 43 of 43 PASS unique_stg_province_region_province_name ......................... [[32mPASS[0m in 0.07s]
[0m02:39:32.309753 [debug] [Thread-3 (]: Finished running node test.lab9.unique_stg_province_region_province_name.7b441d4e22
[0m02:39:32.313862 [debug] [MainThread]: Using postgres connection "master"
[0m02:39:32.315514 [debug] [MainThread]: On master: BEGIN
[0m02:39:32.316990 [debug] [MainThread]: Opening a new connection, currently in state closed
[0m02:39:32.324448 [debug] [MainThread]: SQL status: BEGIN in 0.007 seconds
[0m02:39:32.326266 [debug] [MainThread]: On master: COMMIT
[0m02:39:32.327420 [debug] [MainThread]: Using postgres connection "master"
[0m02:39:32.328704 [debug] [MainThread]: On master: COMMIT
[0m02:39:32.330243 [debug] [MainThread]: SQL status: COMMIT in 0.000 seconds
[0m02:39:32.331456 [debug] [MainThread]: On master: Close
[0m02:39:32.332806 [debug] [MainThread]: Connection 'master' was properly closed.
[0m02:39:32.333810 [debug] [MainThread]: Connection 'test.lab9.unique_dim_store_store_key.9baa94554a' was properly closed.
[0m02:39:32.334822 [debug] [MainThread]: Connection 'test.lab9.unique_fct_sales_sale_id.b56f71d5ff' was properly closed.
[0m02:39:32.335841 [debug] [MainThread]: Connection 'test.lab9.unique_stg_province_region_province_name.7b441d4e22' was properly closed.
[0m02:39:32.336670 [debug] [MainThread]: Connection 'test.lab9.unique_stg_coffee_sales_sale_id.85bcbbe09e' was properly closed.
[0m02:39:32.337828 [info ] [MainThread]: 
[0m02:39:32.339100 [info ] [MainThread]: Finished running 43 data tests in 0 hours 0 minutes and 2.10 seconds (2.10s).
[0m02:39:32.348167 [debug] [MainThread]: Command end result
[0m02:39:32.411332 [debug] [MainThread]: Wrote artifact WritableManifest to /usr/app/lab9/target/manifest.json
[0m02:39:32.420044 [debug] [MainThread]: Wrote artifact SemanticManifest to /usr/app/lab9/target/semantic_manifest.json
[0m02:39:32.436671 [debug] [MainThread]: Wrote artifact RunExecutionResult to /usr/app/lab9/target/run_results.json
[0m02:39:32.437938 [info ] [MainThread]: 
[0m02:39:32.439373 [info ] [MainThread]: [32mCompleted successfully[0m
[0m02:39:32.440736 [info ] [MainThread]: 
[0m02:39:32.442118 [info ] [MainThread]: Done. PASS=43 WARN=0 ERROR=0 SKIP=0 TOTAL=43
[0m02:39:32.444897 [debug] [MainThread]: Resource report: {"command_name": "test", "command_success": true, "command_wall_clock_time": 3.8897746, "process_in_blocks": "1968", "process_kernel_time": 0.388236, "process_mem_max_rss": "114840", "process_out_blocks": "0", "process_user_time": 3.994744}
[0m02:39:32.446866 [debug] [MainThread]: Command `dbt test` succeeded at 02:39:32.446636 after 3.89 seconds
[0m02:39:32.448335 [debug] [MainThread]: Sending event: {'category': 'dbt', 'action': 'invocation', 'label': 'end', 'context': [<snowplow_tracker.self_describing_json.SelfDescribingJson object at 0x7f2f2a5f5610>, <snowplow_tracker.self_describing_json.SelfDescribingJson object at 0x7f2f2804bc20>, <snowplow_tracker.self_describing_json.SelfDescribingJson object at 0x7f2f2a6d3f80>]}
[0m02:39:32.450003 [debug] [MainThread]: Flushing usage events
[0m02:39:33.597544 [debug] [MainThread]: An error was encountered while trying to flush usage events
