[0m03:29:23.605154 [debug] [MainThread]: Sending event: {'category': 'dbt', 'action': 'invocation', 'label': 'start', 'context': [<snowplow_tracker.self_describing_json.SelfDescribingJson object at 0x7fe296c5d4f0>, <snowplow_tracker.self_describing_json.SelfDescribingJson object at 0x7fe2970a6b40>, <snowplow_tracker.self_describing_json.SelfDescribingJson object at 0x7fe296c5dd00>]}


============================== 03:29:23.620120 | 40231ef5-dae4-4e8c-abf1-f22e20a38b60 ==============================
[0m03:29:23.620120 [info ] [MainThread]: Running with dbt=1.9.0
[0m03:29:23.621857 [debug] [MainThread]: running dbt with arguments {'printer_width': '80', 'indirect_selection': 'eager', 'write_json': 'True', 'log_cache_events': 'False', 'partial_parse': 'True', 'cache_selected_only': 'False', 'profiles_dir': '/root/.dbt', 'fail_fast': 'False', 'warn_error': 'None', 'log_path': '/usr/app/lab7/logs', 'debug': 'False', 'version_check': 'True', 'use_colors': 'True', 'use_experimental_parser': 'False', 'no_print': 'None', 'quiet': 'False', 'empty': 'None', 'warn_error_options': 'WarnErrorOptions(include=[], exclude=[])', 'invocation_command': 'dbt debug', 'introspect': 'True', 'static_parser': 'True', 'target_path': 'None', 'log_format': 'default', 'send_anonymous_usage_stats': 'True'}
[0m03:29:23.672858 [info ] [MainThread]: dbt version: 1.9.0
[0m03:29:23.674245 [info ] [MainThread]: python version: 3.12.4
[0m03:29:23.675499 [info ] [MainThread]: python path: /usr/local/bin/python
[0m03:29:23.676985 [info ] [MainThread]: os info: Linux-5.15.167.4-microsoft-standard-WSL2-x86_64-with-glibc2.31
[0m03:29:23.757173 [info ] [MainThread]: Using profiles dir at /root/.dbt
[0m03:29:23.758815 [info ] [MainThread]: Using profiles.yml file at /root/.dbt/profiles.yml
[0m03:29:23.760115 [info ] [MainThread]: Using dbt_project.yml file at /usr/app/lab7/dbt_project.yml
[0m03:29:23.762205 [info ] [MainThread]: adapter type: postgres
[0m03:29:23.763855 [info ] [MainThread]: adapter version: 1.9.0
[0m03:29:23.885900 [info ] [MainThread]: Configuration:
[0m03:29:23.887588 [info ] [MainThread]:   profiles.yml file [[32mOK found and valid[0m]
[0m03:29:23.889260 [info ] [MainThread]:   dbt_project.yml file [[32mOK found and valid[0m]
[0m03:29:23.890749 [info ] [MainThread]: Required dependencies:
[0m03:29:23.892404 [debug] [MainThread]: Executing "git --help"
[0m03:29:23.919805 [debug] [MainThread]: STDOUT: "b"usage: git [--version] [--help] [-C <path>] [-c <name>=<value>]\n           [--exec-path[=<path>]] [--html-path] [--man-path] [--info-path]\n           [-p | --paginate | -P | --no-pager] [--no-replace-objects] [--bare]\n           [--git-dir=<path>] [--work-tree=<path>] [--namespace=<name>]\n           <command> [<args>]\n\nThese are common Git commands used in various situations:\n\nstart a working area (see also: git help tutorial)\n   clone             Clone a repository into a new directory\n   init              Create an empty Git repository or reinitialize an existing one\n\nwork on the current change (see also: git help everyday)\n   add               Add file contents to the index\n   mv                Move or rename a file, a directory, or a symlink\n   restore           Restore working tree files\n   rm                Remove files from the working tree and from the index\n   sparse-checkout   Initialize and modify the sparse-checkout\n\nexamine the history and state (see also: git help revisions)\n   bisect            Use binary search to find the commit that introduced a bug\n   diff              Show changes between commits, commit and working tree, etc\n   grep              Print lines matching a pattern\n   log               Show commit logs\n   show              Show various types of objects\n   status            Show the working tree status\n\ngrow, mark and tweak your common history\n   branch            List, create, or delete branches\n   commit            Record changes to the repository\n   merge             Join two or more development histories together\n   rebase            Reapply commits on top of another base tip\n   reset             Reset current HEAD to the specified state\n   switch            Switch branches\n   tag               Create, list, delete or verify a tag object signed with GPG\n\ncollaborate (see also: git help workflows)\n   fetch             Download objects and refs from another repository\n   pull              Fetch from and integrate with another repository or a local branch\n   push              Update remote refs along with associated objects\n\n'git help -a' and 'git help -g' list available subcommands and some\nconcept guides. See 'git help <command>' or 'git help <concept>'\nto read about a specific subcommand or concept.\nSee 'git help git' for an overview of the system.\n""
[0m03:29:23.921487 [debug] [MainThread]: STDERR: "b''"
[0m03:29:23.922442 [info ] [MainThread]:  - git [[32mOK found[0m]

[0m03:29:23.923568 [info ] [MainThread]: Connection:
[0m03:29:23.925096 [info ] [MainThread]:   host: postgres
[0m03:29:23.926554 [info ] [MainThread]:   port: 5432
[0m03:29:23.927851 [info ] [MainThread]:   user: dw_user
[0m03:29:23.929127 [info ] [MainThread]:   database: lab7
[0m03:29:23.930619 [info ] [MainThread]:   schema: dbt
[0m03:29:23.932362 [info ] [MainThread]:   connect_timeout: 10
[0m03:29:23.934047 [info ] [MainThread]:   role: None
[0m03:29:23.935895 [info ] [MainThread]:   search_path: None
[0m03:29:23.938215 [info ] [MainThread]:   keepalives_idle: 0
[0m03:29:23.940046 [info ] [MainThread]:   sslmode: None
[0m03:29:23.941901 [info ] [MainThread]:   sslcert: None
[0m03:29:23.944155 [info ] [MainThread]:   sslkey: None
[0m03:29:23.946459 [info ] [MainThread]:   sslrootcert: None
[0m03:29:23.948194 [info ] [MainThread]:   application_name: dbt
[0m03:29:23.950242 [info ] [MainThread]:   retries: 1
[0m03:29:23.951993 [info ] [MainThread]: Registered adapter: postgres=1.9.0
[0m03:29:24.067055 [debug] [MainThread]: Acquiring new postgres connection 'debug'
[0m03:29:24.243386 [debug] [MainThread]: Using postgres connection "debug"
[0m03:29:24.244962 [debug] [MainThread]: On debug: select 1 as id
[0m03:29:24.246377 [debug] [MainThread]: Opening a new connection, currently in state init
[0m03:29:24.269731 [debug] [MainThread]: SQL status: SELECT 1 in 0.023 seconds
[0m03:29:24.272447 [debug] [MainThread]: On debug: Close
[0m03:29:24.273830 [info ] [MainThread]:   Connection test: [[32mOK connection ok[0m]

[0m03:29:24.275334 [info ] [MainThread]: [32mAll checks passed![0m
[0m03:29:24.285784 [debug] [MainThread]: Resource report: {"command_name": "debug", "command_success": true, "command_wall_clock_time": 0.81534857, "process_in_blocks": "7568", "process_kernel_time": 0.327077, "process_mem_max_rss": "101380", "process_out_blocks": "72", "process_user_time": 1.793967}
[0m03:29:24.287469 [debug] [MainThread]: Command `dbt debug` succeeded at 03:29:24.287295 after 0.82 seconds
[0m03:29:24.288686 [debug] [MainThread]: Connection 'debug' was properly closed.
[0m03:29:24.289995 [debug] [MainThread]: Sending event: {'category': 'dbt', 'action': 'invocation', 'label': 'end', 'context': [<snowplow_tracker.self_describing_json.SelfDescribingJson object at 0x7fe2970a6b40>, <snowplow_tracker.self_describing_json.SelfDescribingJson object at 0x7fe29667ff80>, <snowplow_tracker.self_describing_json.SelfDescribingJson object at 0x7fe29734aea0>]}
[0m03:29:24.291438 [debug] [MainThread]: Flushing usage events
[0m03:29:25.314444 [debug] [MainThread]: An error was encountered while trying to flush usage events
[0m03:29:30.532987 [debug] [MainThread]: Sending event: {'category': 'dbt', 'action': 'invocation', 'label': 'start', 'context': [<snowplow_tracker.self_describing_json.SelfDescribingJson object at 0x7fe7ec9ed1f0>, <snowplow_tracker.self_describing_json.SelfDescribingJson object at 0x7fe7ed169730>, <snowplow_tracker.self_describing_json.SelfDescribingJson object at 0x7fe7ec9ec140>]}


============================== 03:29:30.538515 | 19f01dfc-69c0-4c10-bbb8-13583b5a0029 ==============================
[0m03:29:30.538515 [info ] [MainThread]: Running with dbt=1.9.0
[0m03:29:30.540316 [debug] [MainThread]: running dbt with arguments {'printer_width': '80', 'indirect_selection': 'eager', 'log_cache_events': 'False', 'write_json': 'True', 'partial_parse': 'True', 'cache_selected_only': 'False', 'warn_error': 'None', 'debug': 'False', 'version_check': 'True', 'log_path': '/usr/app/lab7/logs', 'fail_fast': 'False', 'profiles_dir': '/root/.dbt', 'use_colors': 'True', 'use_experimental_parser': 'False', 'empty': 'None', 'quiet': 'False', 'no_print': 'None', 'warn_error_options': 'WarnErrorOptions(include=[], exclude=[])', 'static_parser': 'True', 'log_format': 'default', 'introspect': 'True', 'target_path': 'None', 'invocation_command': 'dbt seed --full-refresh', 'send_anonymous_usage_stats': 'True'}
[0m03:29:30.783948 [debug] [MainThread]: Sending event: {'category': 'dbt', 'action': 'project_id', 'label': '19f01dfc-69c0-4c10-bbb8-13583b5a0029', 'context': [<snowplow_tracker.self_describing_json.SelfDescribingJson object at 0x7fe7edfcf230>]}
[0m03:29:30.856868 [debug] [MainThread]: Sending event: {'category': 'dbt', 'action': 'adapter_info', 'label': '19f01dfc-69c0-4c10-bbb8-13583b5a0029', 'context': [<snowplow_tracker.self_describing_json.SelfDescribingJson object at 0x7fe7ec22fcb0>]}
[0m03:29:30.858983 [info ] [MainThread]: Registered adapter: postgres=1.9.0
[0m03:29:30.953973 [debug] [MainThread]: checksum: c99e828bba267739642b5a3ce85f17518764ea526e0e6c4fdc649171c1a66bff, vars: {}, profile: , target: , version: 1.9.0
[0m03:29:30.957931 [info ] [MainThread]: Unable to do partial parsing because saved manifest not found. Starting full parse.
[0m03:29:30.959536 [debug] [MainThread]: Sending event: {'category': 'dbt', 'action': 'partial_parser', 'label': '19f01dfc-69c0-4c10-bbb8-13583b5a0029', 'context': [<snowplow_tracker.self_describing_json.SelfDescribingJson object at 0x7fe7ecd0b6e0>]}
[0m03:29:32.551094 [warn ] [MainThread]: [[33mWARNING[0m]: Configuration paths exist in your dbt_project.yml file which do not apply to any resources.
There are 3 unused configuration paths:
- models.dimensions
- models.staging
- models.facts
[0m03:29:32.559200 [debug] [MainThread]: Sending event: {'category': 'dbt', 'action': 'load_project', 'label': '19f01dfc-69c0-4c10-bbb8-13583b5a0029', 'context': [<snowplow_tracker.self_describing_json.SelfDescribingJson object at 0x7fe7ea98b7a0>]}
[0m03:29:32.664837 [debug] [MainThread]: Wrote artifact WritableManifest to /usr/app/lab7/target/manifest.json
[0m03:29:32.673915 [debug] [MainThread]: Wrote artifact SemanticManifest to /usr/app/lab7/target/semantic_manifest.json
[0m03:29:32.733198 [debug] [MainThread]: Sending event: {'category': 'dbt', 'action': 'resource_counts', 'label': '19f01dfc-69c0-4c10-bbb8-13583b5a0029', 'context': [<snowplow_tracker.self_describing_json.SelfDescribingJson object at 0x7fe7ea474380>]}
[0m03:29:32.734730 [info ] [MainThread]: Found 1 seed, 3 data tests, 429 macros
[0m03:29:32.736208 [debug] [MainThread]: Sending event: {'category': 'dbt', 'action': 'runnable_timing', 'label': '19f01dfc-69c0-4c10-bbb8-13583b5a0029', 'context': [<snowplow_tracker.self_describing_json.SelfDescribingJson object at 0x7fe7eaab9cd0>]}
[0m03:29:32.739940 [info ] [MainThread]: 
[0m03:29:32.742961 [info ] [MainThread]: Concurrency: 4 threads (target='dev')
[0m03:29:32.745172 [info ] [MainThread]: 
[0m03:29:32.747528 [debug] [MainThread]: Acquiring new postgres connection 'master'
[0m03:29:32.750134 [debug] [ThreadPool]: Acquiring new postgres connection 'list_lab7'
[0m03:29:32.825820 [debug] [ThreadPool]: Using postgres connection "list_lab7"
[0m03:29:32.827730 [debug] [ThreadPool]: On list_lab7: /* {"app": "dbt", "dbt_version": "1.9.0", "profile_name": "lab7", "target_name": "dev", "connection_name": "list_lab7"} */

    select distinct nspname from pg_namespace
  
[0m03:29:32.829258 [debug] [ThreadPool]: Opening a new connection, currently in state init
[0m03:29:32.842053 [debug] [ThreadPool]: SQL status: SELECT 4 in 0.013 seconds
[0m03:29:32.845510 [debug] [ThreadPool]: On list_lab7: Close
[0m03:29:32.848607 [debug] [ThreadPool]: Re-using an available connection from the pool (formerly list_lab7, now create_lab7_dbt)
[0m03:29:32.853399 [debug] [ThreadPool]: Creating schema "database: "lab7"
schema: "dbt"
"
[0m03:29:32.863920 [debug] [ThreadPool]: Using postgres connection "create_lab7_dbt"
[0m03:29:32.865541 [debug] [ThreadPool]: On create_lab7_dbt: BEGIN
[0m03:29:32.867516 [debug] [ThreadPool]: Opening a new connection, currently in state closed
[0m03:29:32.875095 [debug] [ThreadPool]: SQL status: BEGIN in 0.008 seconds
[0m03:29:32.876453 [debug] [ThreadPool]: Using postgres connection "create_lab7_dbt"
[0m03:29:32.877615 [debug] [ThreadPool]: On create_lab7_dbt: /* {"app": "dbt", "dbt_version": "1.9.0", "profile_name": "lab7", "target_name": "dev", "connection_name": "create_lab7_dbt"} */
create schema if not exists "dbt"
[0m03:29:32.884921 [debug] [ThreadPool]: SQL status: CREATE SCHEMA in 0.006 seconds
[0m03:29:32.887449 [debug] [ThreadPool]: On create_lab7_dbt: COMMIT
[0m03:29:32.888714 [debug] [ThreadPool]: Using postgres connection "create_lab7_dbt"
[0m03:29:32.889940 [debug] [ThreadPool]: On create_lab7_dbt: COMMIT
[0m03:29:32.893628 [debug] [ThreadPool]: SQL status: COMMIT in 0.002 seconds
[0m03:29:32.894850 [debug] [ThreadPool]: On create_lab7_dbt: Close
[0m03:29:32.897753 [debug] [ThreadPool]: Acquiring new postgres connection 'list_lab7_dbt'
[0m03:29:32.905691 [debug] [ThreadPool]: Using postgres connection "list_lab7_dbt"
[0m03:29:32.907162 [debug] [ThreadPool]: On list_lab7_dbt: BEGIN
[0m03:29:32.908531 [debug] [ThreadPool]: Opening a new connection, currently in state init
[0m03:29:32.916421 [debug] [ThreadPool]: SQL status: BEGIN in 0.008 seconds
[0m03:29:32.917899 [debug] [ThreadPool]: Using postgres connection "list_lab7_dbt"
[0m03:29:32.919135 [debug] [ThreadPool]: On list_lab7_dbt: /* {"app": "dbt", "dbt_version": "1.9.0", "profile_name": "lab7", "target_name": "dev", "connection_name": "list_lab7_dbt"} */
select
      'lab7' as database,
      tablename as name,
      schemaname as schema,
      'table' as type
    from pg_tables
    where schemaname ilike 'dbt'
    union all
    select
      'lab7' as database,
      viewname as name,
      schemaname as schema,
      'view' as type
    from pg_views
    where schemaname ilike 'dbt'
    union all
    select
      'lab7' as database,
      matviewname as name,
      schemaname as schema,
      'materialized_view' as type
    from pg_matviews
    where schemaname ilike 'dbt'
  
[0m03:29:32.930660 [debug] [ThreadPool]: SQL status: SELECT 0 in 0.010 seconds
[0m03:29:32.933501 [debug] [ThreadPool]: On list_lab7_dbt: ROLLBACK
[0m03:29:32.935293 [debug] [ThreadPool]: On list_lab7_dbt: Close
[0m03:29:32.944239 [debug] [MainThread]: Using postgres connection "master"
[0m03:29:32.946009 [debug] [MainThread]: On master: BEGIN
[0m03:29:32.947135 [debug] [MainThread]: Opening a new connection, currently in state init
[0m03:29:32.954578 [debug] [MainThread]: SQL status: BEGIN in 0.007 seconds
[0m03:29:32.956067 [debug] [MainThread]: Using postgres connection "master"
[0m03:29:32.957421 [debug] [MainThread]: On master: /* {"app": "dbt", "dbt_version": "1.9.0", "profile_name": "lab7", "target_name": "dev", "connection_name": "master"} */
with relation as (
        select
            pg_rewrite.ev_class as class,
            pg_rewrite.oid as id
        from pg_rewrite
    ),
    class as (
        select
            oid as id,
            relname as name,
            relnamespace as schema,
            relkind as kind
        from pg_class
    ),
    dependency as (
        select distinct
            pg_depend.objid as id,
            pg_depend.refobjid as ref
        from pg_depend
    ),
    schema as (
        select
            pg_namespace.oid as id,
            pg_namespace.nspname as name
        from pg_namespace
        where nspname != 'information_schema' and nspname not like 'pg\_%'
    ),
    referenced as (
        select
            relation.id AS id,
            referenced_class.name ,
            referenced_class.schema ,
            referenced_class.kind
        from relation
        join class as referenced_class on relation.class=referenced_class.id
        where referenced_class.kind in ('r', 'v', 'm')
    ),
    relationships as (
        select
            referenced.name as referenced_name,
            referenced.schema as referenced_schema_id,
            dependent_class.name as dependent_name,
            dependent_class.schema as dependent_schema_id,
            referenced.kind as kind
        from referenced
        join dependency on referenced.id=dependency.id
        join class as dependent_class on dependency.ref=dependent_class.id
        where
            (referenced.name != dependent_class.name or
             referenced.schema != dependent_class.schema)
    )

    select
        referenced_schema.name as referenced_schema,
        relationships.referenced_name as referenced_name,
        dependent_schema.name as dependent_schema,
        relationships.dependent_name as dependent_name
    from relationships
    join schema as dependent_schema on relationships.dependent_schema_id=dependent_schema.id
    join schema as referenced_schema on relationships.referenced_schema_id=referenced_schema.id
    group by referenced_schema, referenced_name, dependent_schema, dependent_name
    order by referenced_schema, referenced_name, dependent_schema, dependent_name;
[0m03:29:32.963858 [debug] [MainThread]: SQL status: SELECT 0 in 0.005 seconds
[0m03:29:32.966412 [debug] [MainThread]: Sending event: {'category': 'dbt', 'action': 'runnable_timing', 'label': '19f01dfc-69c0-4c10-bbb8-13583b5a0029', 'context': [<snowplow_tracker.self_describing_json.SelfDescribingJson object at 0x7fe7ea735d30>]}
[0m03:29:32.967792 [debug] [MainThread]: On master: ROLLBACK
[0m03:29:32.969358 [debug] [MainThread]: Using postgres connection "master"
[0m03:29:32.970408 [debug] [MainThread]: On master: BEGIN
[0m03:29:32.971860 [debug] [MainThread]: SQL status: BEGIN in 0.000 seconds
[0m03:29:32.973006 [debug] [MainThread]: On master: COMMIT
[0m03:29:32.974321 [debug] [MainThread]: Using postgres connection "master"
[0m03:29:32.975437 [debug] [MainThread]: On master: COMMIT
[0m03:29:32.976678 [debug] [MainThread]: SQL status: COMMIT in 0.000 seconds
[0m03:29:32.977782 [debug] [MainThread]: On master: Close
[0m03:29:32.981826 [debug] [Thread-1 (]: Began running node seed.lab7.orders_log
[0m03:29:32.985511 [info ] [Thread-1 (]: 1 of 1 START seed file dbt.orders_log .......................................... [RUN]
[0m03:29:32.987338 [debug] [Thread-1 (]: Re-using an available connection from the pool (formerly list_lab7_dbt, now seed.lab7.orders_log)
[0m03:29:32.988583 [debug] [Thread-1 (]: Began compiling node seed.lab7.orders_log
[0m03:29:32.989755 [debug] [Thread-1 (]: Began executing node seed.lab7.orders_log
[0m03:29:33.121606 [debug] [Thread-1 (]: Using postgres connection "seed.lab7.orders_log"
[0m03:29:33.123225 [debug] [Thread-1 (]: On seed.lab7.orders_log: BEGIN
[0m03:29:33.124433 [debug] [Thread-1 (]: Opening a new connection, currently in state closed
[0m03:29:33.131594 [debug] [Thread-1 (]: SQL status: BEGIN in 0.007 seconds
[0m03:29:33.132956 [debug] [Thread-1 (]: Using postgres connection "seed.lab7.orders_log"
[0m03:29:33.134056 [debug] [Thread-1 (]: On seed.lab7.orders_log: /* {"app": "dbt", "dbt_version": "1.9.0", "profile_name": "lab7", "target_name": "dev", "node_id": "seed.lab7.orders_log"} */

    create table "lab7"."dbt"."orders_log" ("order_id" varchar(20),"order_date" varchar(10),"shipped_date" varchar(10),"delivered_date" varchar(10),"product_code" varchar(10),"product_name" varchar(100),"category" varchar(50),"size" varchar(10),"unit_price" varchar(30),"quantity" varchar(30),"discount_amount" varchar(30),"net_amount" varchar(30),"cost_amount" varchar(30),"margin_amount" varchar(30),"customer_code" varchar(10),"customer_name" varchar(100),"store_code" varchar(10),"store_name" varchar(100),"staff_code" varchar(10),"staff_name" varchar(100),"payment_method" varchar(50),"status" varchar(20))
  
[0m03:29:33.156278 [debug] [Thread-1 (]: SQL status: CREATE TABLE in 0.021 seconds
[0m03:29:37.711552 [debug] [Thread-1 (]: Using postgres connection "seed.lab7.orders_log"
[0m03:29:37.713067 [debug] [Thread-1 (]: On seed.lab7.orders_log: 
          insert into "lab7"."dbt"."orders_log" ("order_id", "order_date", "shipped_date", "delivered_date", "product_code", "product_name", "category", "size", "unit_price", "quantity", "discount_amount", "net_amount", "cost_amount", "margin_amount", "customer_code", "customer_name", "store_code", "store_name", "staff_code", "staff_name", "payment_method", "status") values
          (%s,%s,%s,%s,%s,%s,%s,%s,%s,%s,%s,%s,%s,%s,%s,%s,%s,%s,%s,%s,%s,%s),(%s,%s,%s,%s,%s,%s,%s,%s,%s,%s,%s,%s,%s,%s,%s,%s,%s,%s,%...
[0m03:29:37.869833 [debug] [Thread-1 (]: SQL status: INSERT 0 2000 in 0.155 seconds
[0m03:29:37.876980 [debug] [Thread-1 (]: Writing runtime SQL for node "seed.lab7.orders_log"
[0m03:29:37.915339 [debug] [Thread-1 (]: On seed.lab7.orders_log: COMMIT
[0m03:29:37.916795 [debug] [Thread-1 (]: Using postgres connection "seed.lab7.orders_log"
[0m03:29:37.917955 [debug] [Thread-1 (]: On seed.lab7.orders_log: COMMIT
[0m03:29:37.922951 [debug] [Thread-1 (]: SQL status: COMMIT in 0.004 seconds
[0m03:29:37.925675 [debug] [Thread-1 (]: On seed.lab7.orders_log: Close
[0m03:29:37.930778 [debug] [Thread-1 (]: Sending event: {'category': 'dbt', 'action': 'run_model', 'label': '19f01dfc-69c0-4c10-bbb8-13583b5a0029', 'context': [<snowplow_tracker.self_describing_json.SelfDescribingJson object at 0x7fe7edfce390>]}
[0m03:29:37.932424 [info ] [Thread-1 (]: 1 of 1 OK loaded seed file dbt.orders_log ...................................... [[32mCREATE 2000[0m in 4.94s]
[0m03:29:37.933963 [debug] [Thread-1 (]: Finished running node seed.lab7.orders_log
[0m03:29:37.937739 [debug] [MainThread]: Using postgres connection "master"
[0m03:29:37.938728 [debug] [MainThread]: On master: BEGIN
[0m03:29:37.939932 [debug] [MainThread]: Opening a new connection, currently in state closed
[0m03:29:37.947642 [debug] [MainThread]: SQL status: BEGIN in 0.007 seconds
[0m03:29:37.949498 [debug] [MainThread]: On master: COMMIT
[0m03:29:37.951010 [debug] [MainThread]: Using postgres connection "master"
[0m03:29:37.952208 [debug] [MainThread]: On master: COMMIT
[0m03:29:37.953562 [debug] [MainThread]: SQL status: COMMIT in 0.000 seconds
[0m03:29:37.954668 [debug] [MainThread]: On master: Close
[0m03:29:37.956548 [debug] [MainThread]: Connection 'master' was properly closed.
[0m03:29:37.957733 [debug] [MainThread]: Connection 'create_lab7_dbt' was properly closed.
[0m03:29:37.958750 [debug] [MainThread]: Connection 'seed.lab7.orders_log' was properly closed.
[0m03:29:37.959805 [info ] [MainThread]: 
[0m03:29:37.960977 [info ] [MainThread]: Finished running 1 seed in 0 hours 0 minutes and 5.21 seconds (5.21s).
[0m03:29:37.962857 [debug] [MainThread]: Command end result
[0m03:29:38.002747 [debug] [MainThread]: Wrote artifact WritableManifest to /usr/app/lab7/target/manifest.json
[0m03:29:38.009839 [debug] [MainThread]: Wrote artifact SemanticManifest to /usr/app/lab7/target/semantic_manifest.json
[0m03:29:38.022822 [debug] [MainThread]: Wrote artifact RunExecutionResult to /usr/app/lab7/target/run_results.json
[0m03:29:38.024144 [info ] [MainThread]: 
[0m03:29:38.025863 [info ] [MainThread]: [32mCompleted successfully[0m
[0m03:29:38.027602 [info ] [MainThread]: 
[0m03:29:38.029237 [info ] [MainThread]: Done. PASS=1 WARN=0 ERROR=0 SKIP=0 TOTAL=1
[0m03:29:38.031764 [debug] [MainThread]: Resource report: {"command_name": "seed", "command_success": true, "command_wall_clock_time": 7.6581297, "process_in_blocks": "2392", "process_kernel_time": 0.431231, "process_mem_max_rss": "119316", "process_out_blocks": "112", "process_user_time": 8.253576}
[0m03:29:38.033295 [debug] [MainThread]: Command `dbt seed` succeeded at 03:29:38.033125 after 7.66 seconds
[0m03:29:38.034756 [debug] [MainThread]: Sending event: {'category': 'dbt', 'action': 'invocation', 'label': 'end', 'context': [<snowplow_tracker.self_describing_json.SelfDescribingJson object at 0x7fe7eca349b0>, <snowplow_tracker.self_describing_json.SelfDescribingJson object at 0x7fe7ec7993a0>, <snowplow_tracker.self_describing_json.SelfDescribingJson object at 0x7fe7eca10800>]}
[0m03:29:38.036495 [debug] [MainThread]: Flushing usage events
[0m03:29:39.111203 [debug] [MainThread]: An error was encountered while trying to flush usage events
[0m03:29:46.666641 [debug] [MainThread]: Sending event: {'category': 'dbt', 'action': 'invocation', 'label': 'start', 'context': [<snowplow_tracker.self_describing_json.SelfDescribingJson object at 0x7f786bb346e0>, <snowplow_tracker.self_describing_json.SelfDescribingJson object at 0x7f786bb36870>, <snowplow_tracker.self_describing_json.SelfDescribingJson object at 0x7f786bb08bf0>]}


============================== 03:29:46.671488 | 8fcb6127-3a05-4ac5-b03f-48a3e2e96b08 ==============================
[0m03:29:46.671488 [info ] [MainThread]: Running with dbt=1.9.0
[0m03:29:46.673453 [debug] [MainThread]: running dbt with arguments {'printer_width': '80', 'indirect_selection': 'eager', 'write_json': 'True', 'log_cache_events': 'False', 'partial_parse': 'True', 'cache_selected_only': 'False', 'warn_error': 'None', 'debug': 'False', 'profiles_dir': '/root/.dbt', 'log_path': '/usr/app/lab7/logs', 'version_check': 'True', 'fail_fast': 'False', 'use_colors': 'True', 'use_experimental_parser': 'False', 'empty': 'None', 'quiet': 'False', 'no_print': 'None', 'log_format': 'default', 'invocation_command': 'dbt show --select orders_log', 'introspect': 'True', 'static_parser': 'True', 'target_path': 'None', 'warn_error_options': 'WarnErrorOptions(include=[], exclude=[])', 'send_anonymous_usage_stats': 'True'}
[0m03:29:46.859736 [debug] [MainThread]: Sending event: {'category': 'dbt', 'action': 'project_id', 'label': '8fcb6127-3a05-4ac5-b03f-48a3e2e96b08', 'context': [<snowplow_tracker.self_describing_json.SelfDescribingJson object at 0x7f786afd45c0>]}
[0m03:29:46.926070 [debug] [MainThread]: Sending event: {'category': 'dbt', 'action': 'adapter_info', 'label': '8fcb6127-3a05-4ac5-b03f-48a3e2e96b08', 'context': [<snowplow_tracker.self_describing_json.SelfDescribingJson object at 0x7f786b726f00>]}
[0m03:29:46.945732 [info ] [MainThread]: Registered adapter: postgres=1.9.0
[0m03:29:47.030719 [debug] [MainThread]: checksum: c99e828bba267739642b5a3ce85f17518764ea526e0e6c4fdc649171c1a66bff, vars: {}, profile: , target: , version: 1.9.0
[0m03:29:47.272236 [debug] [MainThread]: Partial parsing enabled: 0 files deleted, 0 files added, 0 files changed.
[0m03:29:47.273904 [debug] [MainThread]: Partial parsing enabled, no changes found, skipping parsing
[0m03:29:47.281067 [warn ] [MainThread]: [[33mWARNING[0m]: Configuration paths exist in your dbt_project.yml file which do not apply to any resources.
There are 3 unused configuration paths:
- models.dimensions
- models.facts
- models.staging
[0m03:29:47.324984 [debug] [MainThread]: Sending event: {'category': 'dbt', 'action': 'load_project', 'label': '8fcb6127-3a05-4ac5-b03f-48a3e2e96b08', 'context': [<snowplow_tracker.self_describing_json.SelfDescribingJson object at 0x7f786b616480>]}
[0m03:29:47.411004 [debug] [MainThread]: Wrote artifact WritableManifest to /usr/app/lab7/target/manifest.json
[0m03:29:47.417999 [debug] [MainThread]: Wrote artifact SemanticManifest to /usr/app/lab7/target/semantic_manifest.json
[0m03:29:47.427077 [debug] [MainThread]: Sending event: {'category': 'dbt', 'action': 'resource_counts', 'label': '8fcb6127-3a05-4ac5-b03f-48a3e2e96b08', 'context': [<snowplow_tracker.self_describing_json.SelfDescribingJson object at 0x7f78691fb770>]}
[0m03:29:47.428455 [info ] [MainThread]: Found 1 seed, 3 data tests, 429 macros
[0m03:29:47.429667 [debug] [MainThread]: Sending event: {'category': 'dbt', 'action': 'runnable_timing', 'label': '8fcb6127-3a05-4ac5-b03f-48a3e2e96b08', 'context': [<snowplow_tracker.self_describing_json.SelfDescribingJson object at 0x7f78691fbf80>]}
[0m03:29:47.432569 [info ] [MainThread]: 
[0m03:29:47.433919 [info ] [MainThread]: Concurrency: 4 threads (target='dev')
[0m03:29:47.435254 [info ] [MainThread]: 
[0m03:29:47.436856 [debug] [MainThread]: Acquiring new postgres connection 'master'
[0m03:29:47.439051 [debug] [ThreadPool]: Acquiring new postgres connection 'list_lab7_dbt'
[0m03:29:47.485147 [debug] [ThreadPool]: Using postgres connection "list_lab7_dbt"
[0m03:29:47.486619 [debug] [ThreadPool]: On list_lab7_dbt: BEGIN
[0m03:29:47.487917 [debug] [ThreadPool]: Opening a new connection, currently in state init
[0m03:29:47.509897 [debug] [ThreadPool]: SQL status: BEGIN in 0.022 seconds
[0m03:29:47.511520 [debug] [ThreadPool]: Using postgres connection "list_lab7_dbt"
[0m03:29:47.512550 [debug] [ThreadPool]: On list_lab7_dbt: /* {"app": "dbt", "dbt_version": "1.9.0", "profile_name": "lab7", "target_name": "dev", "connection_name": "list_lab7_dbt"} */
select
      'lab7' as database,
      tablename as name,
      schemaname as schema,
      'table' as type
    from pg_tables
    where schemaname ilike 'dbt'
    union all
    select
      'lab7' as database,
      viewname as name,
      schemaname as schema,
      'view' as type
    from pg_views
    where schemaname ilike 'dbt'
    union all
    select
      'lab7' as database,
      matviewname as name,
      schemaname as schema,
      'materialized_view' as type
    from pg_matviews
    where schemaname ilike 'dbt'
  
[0m03:29:47.516948 [debug] [ThreadPool]: SQL status: SELECT 1 in 0.003 seconds
[0m03:29:47.519596 [debug] [ThreadPool]: On list_lab7_dbt: ROLLBACK
[0m03:29:47.520978 [debug] [ThreadPool]: On list_lab7_dbt: Close
[0m03:29:47.527640 [debug] [MainThread]: Using postgres connection "master"
[0m03:29:47.529019 [debug] [MainThread]: On master: BEGIN
[0m03:29:47.529985 [debug] [MainThread]: Opening a new connection, currently in state init
[0m03:29:47.536365 [debug] [MainThread]: SQL status: BEGIN in 0.006 seconds
[0m03:29:47.537784 [debug] [MainThread]: Using postgres connection "master"
[0m03:29:47.538923 [debug] [MainThread]: On master: /* {"app": "dbt", "dbt_version": "1.9.0", "profile_name": "lab7", "target_name": "dev", "connection_name": "master"} */
with relation as (
        select
            pg_rewrite.ev_class as class,
            pg_rewrite.oid as id
        from pg_rewrite
    ),
    class as (
        select
            oid as id,
            relname as name,
            relnamespace as schema,
            relkind as kind
        from pg_class
    ),
    dependency as (
        select distinct
            pg_depend.objid as id,
            pg_depend.refobjid as ref
        from pg_depend
    ),
    schema as (
        select
            pg_namespace.oid as id,
            pg_namespace.nspname as name
        from pg_namespace
        where nspname != 'information_schema' and nspname not like 'pg\_%'
    ),
    referenced as (
        select
            relation.id AS id,
            referenced_class.name ,
            referenced_class.schema ,
            referenced_class.kind
        from relation
        join class as referenced_class on relation.class=referenced_class.id
        where referenced_class.kind in ('r', 'v', 'm')
    ),
    relationships as (
        select
            referenced.name as referenced_name,
            referenced.schema as referenced_schema_id,
            dependent_class.name as dependent_name,
            dependent_class.schema as dependent_schema_id,
            referenced.kind as kind
        from referenced
        join dependency on referenced.id=dependency.id
        join class as dependent_class on dependency.ref=dependent_class.id
        where
            (referenced.name != dependent_class.name or
             referenced.schema != dependent_class.schema)
    )

    select
        referenced_schema.name as referenced_schema,
        relationships.referenced_name as referenced_name,
        dependent_schema.name as dependent_schema,
        relationships.dependent_name as dependent_name
    from relationships
    join schema as dependent_schema on relationships.dependent_schema_id=dependent_schema.id
    join schema as referenced_schema on relationships.referenced_schema_id=referenced_schema.id
    group by referenced_schema, referenced_name, dependent_schema, dependent_name
    order by referenced_schema, referenced_name, dependent_schema, dependent_name;
[0m03:29:47.544195 [debug] [MainThread]: SQL status: SELECT 0 in 0.004 seconds
[0m03:29:47.546748 [debug] [MainThread]: Sending event: {'category': 'dbt', 'action': 'runnable_timing', 'label': '8fcb6127-3a05-4ac5-b03f-48a3e2e96b08', 'context': [<snowplow_tracker.self_describing_json.SelfDescribingJson object at 0x7f78691fb0e0>]}
[0m03:29:47.548354 [debug] [MainThread]: On master: ROLLBACK
[0m03:29:47.549799 [debug] [MainThread]: On master: Close
[0m03:29:47.553999 [debug] [Thread-1 (]: Began running node seed.lab7.orders_log
[0m03:29:47.555658 [info ] [Thread-1 (]: 1 of 4 START seed file dbt.orders_log .......................................... [RUN]
[0m03:29:47.557368 [debug] [Thread-1 (]: Re-using an available connection from the pool (formerly list_lab7_dbt, now seed.lab7.orders_log)
[0m03:29:47.558733 [debug] [Thread-1 (]: Began compiling node seed.lab7.orders_log
[0m03:29:47.559977 [debug] [Thread-1 (]: Began executing node seed.lab7.orders_log
[0m03:29:47.636362 [debug] [Thread-1 (]: Using postgres connection "seed.lab7.orders_log"
[0m03:29:47.637942 [debug] [Thread-1 (]: On seed.lab7.orders_log: BEGIN
[0m03:29:47.639113 [debug] [Thread-1 (]: Opening a new connection, currently in state closed
[0m03:29:47.646467 [debug] [Thread-1 (]: SQL status: BEGIN in 0.007 seconds
[0m03:29:47.647853 [debug] [Thread-1 (]: Using postgres connection "seed.lab7.orders_log"
[0m03:29:47.649028 [debug] [Thread-1 (]: On seed.lab7.orders_log: /* {"app": "dbt", "dbt_version": "1.9.0", "profile_name": "lab7", "target_name": "dev", "node_id": "seed.lab7.orders_log"} */
truncate table "lab7"."dbt"."orders_log"
[0m03:29:47.665125 [debug] [Thread-1 (]: SQL status: TRUNCATE TABLE in 0.015 seconds
[0m03:29:52.189848 [debug] [Thread-1 (]: Using postgres connection "seed.lab7.orders_log"
[0m03:29:52.191627 [debug] [Thread-1 (]: On seed.lab7.orders_log: 
          insert into "lab7"."dbt"."orders_log" ("order_id", "order_date", "shipped_date", "delivered_date", "product_code", "product_name", "category", "size", "unit_price", "quantity", "discount_amount", "net_amount", "cost_amount", "margin_amount", "customer_code", "customer_name", "store_code", "store_name", "staff_code", "staff_name", "payment_method", "status") values
          (%s,%s,%s,%s,%s,%s,%s,%s,%s,%s,%s,%s,%s,%s,%s,%s,%s,%s,%s,%s,%s,%s),(%s,%s,%s,%s,%s,%s,%s,%s,%s,%s,%s,%s,%s,%s,%s,%s,%s,%s,%...
[0m03:29:52.339215 [debug] [Thread-1 (]: SQL status: INSERT 0 2000 in 0.146 seconds
[0m03:29:52.346966 [debug] [Thread-1 (]: Writing runtime SQL for node "seed.lab7.orders_log"
[0m03:29:52.374110 [debug] [Thread-1 (]: On seed.lab7.orders_log: COMMIT
[0m03:29:52.375585 [debug] [Thread-1 (]: Using postgres connection "seed.lab7.orders_log"
[0m03:29:52.376661 [debug] [Thread-1 (]: On seed.lab7.orders_log: COMMIT
[0m03:29:52.389416 [debug] [Thread-1 (]: SQL status: COMMIT in 0.012 seconds
[0m03:29:52.392916 [debug] [Thread-1 (]: On seed.lab7.orders_log: Close
[0m03:29:52.395982 [debug] [Thread-1 (]: Sending event: {'category': 'dbt', 'action': 'run_model', 'label': '8fcb6127-3a05-4ac5-b03f-48a3e2e96b08', 'context': [<snowplow_tracker.self_describing_json.SelfDescribingJson object at 0x7f786ce06270>]}
[0m03:29:52.397350 [info ] [Thread-1 (]: 1 of 4 OK loaded seed file dbt.orders_log ...................................... [[32mINSERT 2000[0m in 4.84s]
[0m03:29:52.398887 [debug] [Thread-1 (]: Finished running node seed.lab7.orders_log
[0m03:29:52.401272 [debug] [Thread-3 (]: Began running node test.lab7.accepted_values_orders_log_status__ORDERED__SHIPPED__DELIVERED__CANCELLED.667634d32f
[0m03:29:52.401886 [debug] [Thread-4 (]: Began running node test.lab7.not_null_orders_log_order_id.f30de7ef19
[0m03:29:52.402458 [debug] [Thread-2 (]: Began running node test.lab7.unique_orders_log_order_id.cb5c580cb1
[0m03:29:52.403975 [debug] [Thread-3 (]: Acquiring new postgres connection 'test.lab7.accepted_values_orders_log_status__ORDERED__SHIPPED__DELIVERED__CANCELLED.667634d32f'
[0m03:29:52.405718 [debug] [Thread-4 (]: Acquiring new postgres connection 'test.lab7.not_null_orders_log_order_id.f30de7ef19'
[0m03:29:52.407219 [debug] [Thread-2 (]: Acquiring new postgres connection 'test.lab7.unique_orders_log_order_id.cb5c580cb1'
[0m03:29:52.408415 [debug] [Thread-3 (]: Began compiling node test.lab7.accepted_values_orders_log_status__ORDERED__SHIPPED__DELIVERED__CANCELLED.667634d32f
[0m03:29:52.409697 [debug] [Thread-4 (]: Began compiling node test.lab7.not_null_orders_log_order_id.f30de7ef19
[0m03:29:52.410801 [debug] [Thread-2 (]: Began compiling node test.lab7.unique_orders_log_order_id.cb5c580cb1
[0m03:29:52.436888 [debug] [Thread-3 (]: Writing injected SQL for node "test.lab7.accepted_values_orders_log_status__ORDERED__SHIPPED__DELIVERED__CANCELLED.667634d32f"
[0m03:29:52.446813 [debug] [Thread-4 (]: Writing injected SQL for node "test.lab7.not_null_orders_log_order_id.f30de7ef19"
[0m03:29:52.454062 [debug] [Thread-2 (]: Writing injected SQL for node "test.lab7.unique_orders_log_order_id.cb5c580cb1"
[0m03:29:52.486269 [debug] [Thread-3 (]: Began executing node test.lab7.accepted_values_orders_log_status__ORDERED__SHIPPED__DELIVERED__CANCELLED.667634d32f
[0m03:29:52.492966 [debug] [Thread-2 (]: Began executing node test.lab7.unique_orders_log_order_id.cb5c580cb1
[0m03:29:52.496395 [debug] [Thread-3 (]: Using postgres connection "test.lab7.accepted_values_orders_log_status__ORDERED__SHIPPED__DELIVERED__CANCELLED.667634d32f"
[0m03:29:52.501389 [debug] [Thread-2 (]: Using postgres connection "test.lab7.unique_orders_log_order_id.cb5c580cb1"
[0m03:29:52.502047 [debug] [Thread-4 (]: Began executing node test.lab7.not_null_orders_log_order_id.f30de7ef19
[0m03:29:52.503155 [debug] [Thread-3 (]: On test.lab7.accepted_values_orders_log_status__ORDERED__SHIPPED__DELIVERED__CANCELLED.667634d32f: /* {"app": "dbt", "dbt_version": "1.9.0", "profile_name": "lab7", "target_name": "dev", "node_id": "test.lab7.accepted_values_orders_log_status__ORDERED__SHIPPED__DELIVERED__CANCELLED.667634d32f"} */

  
  
    
    

with all_values as (

    select
        status as value_field,
        count(*) as n_records

    from "lab7"."dbt"."orders_log"
    group by status

)

select *
from all_values
where value_field not in (
    'ORDERED','SHIPPED','DELIVERED','CANCELLED'
)



  
  limit 5

[0m03:29:52.504319 [debug] [Thread-2 (]: On test.lab7.unique_orders_log_order_id.cb5c580cb1: /* {"app": "dbt", "dbt_version": "1.9.0", "profile_name": "lab7", "target_name": "dev", "node_id": "test.lab7.unique_orders_log_order_id.cb5c580cb1"} */

  
  
    
    

select
    order_id as unique_field,
    count(*) as n_records

from "lab7"."dbt"."orders_log"
where order_id is not null
group by order_id
having count(*) > 1



  
  limit 5

[0m03:29:52.508556 [debug] [Thread-4 (]: Using postgres connection "test.lab7.not_null_orders_log_order_id.f30de7ef19"
[0m03:29:52.509904 [debug] [Thread-3 (]: Opening a new connection, currently in state init
[0m03:29:52.511126 [debug] [Thread-2 (]: Opening a new connection, currently in state init
[0m03:29:52.512385 [debug] [Thread-4 (]: On test.lab7.not_null_orders_log_order_id.f30de7ef19: /* {"app": "dbt", "dbt_version": "1.9.0", "profile_name": "lab7", "target_name": "dev", "node_id": "test.lab7.not_null_orders_log_order_id.f30de7ef19"} */

  
  
    
    



select order_id
from "lab7"."dbt"."orders_log"
where order_id is null



  
  limit 5

[0m03:29:52.515189 [debug] [Thread-4 (]: Opening a new connection, currently in state init
[0m03:29:52.521437 [debug] [Thread-3 (]: SQL status: SELECT 0 in 0.011 seconds
[0m03:29:52.522018 [debug] [Thread-2 (]: SQL status: SELECT 0 in 0.011 seconds
[0m03:29:52.522431 [debug] [Thread-4 (]: SQL status: SELECT 0 in 0.007 seconds
[0m03:29:52.524386 [debug] [Thread-3 (]: On test.lab7.accepted_values_orders_log_status__ORDERED__SHIPPED__DELIVERED__CANCELLED.667634d32f: Close
[0m03:29:52.526394 [debug] [Thread-2 (]: On test.lab7.unique_orders_log_order_id.cb5c580cb1: Close
[0m03:29:52.528555 [debug] [Thread-4 (]: On test.lab7.not_null_orders_log_order_id.f30de7ef19: Close
[0m03:29:52.530359 [debug] [Thread-3 (]: Finished running node test.lab7.accepted_values_orders_log_status__ORDERED__SHIPPED__DELIVERED__CANCELLED.667634d32f
[0m03:29:52.531488 [debug] [Thread-2 (]: Finished running node test.lab7.unique_orders_log_order_id.cb5c580cb1
[0m03:29:52.532617 [debug] [Thread-4 (]: Finished running node test.lab7.not_null_orders_log_order_id.f30de7ef19
[0m03:29:52.536780 [debug] [MainThread]: Connection 'master' was properly closed.
[0m03:29:52.537832 [debug] [MainThread]: Connection 'seed.lab7.orders_log' was properly closed.
[0m03:29:52.538837 [debug] [MainThread]: Connection 'test.lab7.accepted_values_orders_log_status__ORDERED__SHIPPED__DELIVERED__CANCELLED.667634d32f' was properly closed.
[0m03:29:52.539645 [debug] [MainThread]: Connection 'test.lab7.not_null_orders_log_order_id.f30de7ef19' was properly closed.
[0m03:29:52.540589 [debug] [MainThread]: Connection 'test.lab7.unique_orders_log_order_id.cb5c580cb1' was properly closed.
[0m03:29:52.542641 [debug] [MainThread]: Command end result
[0m03:29:52.579285 [debug] [MainThread]: Wrote artifact WritableManifest to /usr/app/lab7/target/manifest.json
[0m03:29:52.586316 [debug] [MainThread]: Wrote artifact SemanticManifest to /usr/app/lab7/target/semantic_manifest.json
[0m03:29:52.598017 [debug] [MainThread]: Wrote artifact RunExecutionResult to /usr/app/lab7/target/run_results.json
[0m03:29:52.599246 [debug] [MainThread]: Excluded node 'accepted_values_orders_log_status__ORDERED__SHIPPED__DELIVERED__CANCELLED' from results
[0m03:29:52.600145 [debug] [MainThread]: Excluded node 'unique_orders_log_order_id' from results
[0m03:29:52.601105 [debug] [MainThread]: Excluded node 'not_null_orders_log_order_id' from results
[0m03:29:52.619226 [info ] [MainThread]: Previewing node 'orders_log':
| order_id     | order_date | shipped_date | delivered_date | product_code | product_name | ... |
| ------------ | ---------- | ------------ | -------------- | ------------ | ------------ | --- |
| ORD202400001 | 2025-04-28 | 2025-04-28   | 2025-05-01     | P003         | Latte        | ... |
| ORD202400002 | 2025-04-02 |              |                | P005         | Mocha        | ... |
| ORD202400003 | 2024-01-31 | 2024-01-31   | 2024-02-03     | P204         | Bagel        | ... |
| ORD202400004 | 2025-03-27 | 2025-03-27   |                | P004         | Cappuccino   | ... |
| ORD202400005 | 2024-02-11 | 2024-02-13   | 2024-02-15     | P101         | Green Tea    | ... |
| ORD202400006 | 2025-05-20 |              |                | P005         | Mocha        | ... |
| ORD202400007 | 2025-01-23 | 2025-01-23   | 2025-01-27     | P202         | Cheesecake   | ... |
| ORD202400008 | 2024-12-21 | 2024-12-21   | 2024-12-25     | P005         | Mocha        | ... |
| ORD202400009 | 2024-09-18 | 2024-09-19   |                | P201         | Croissant    | ... |
| ORD202400010 | 2025-05-10 | 2025-05-12   | 2025-05-14     | P002         | Americano    | ... |
| ORD202400011 | 2024-02-15 | 2024-02-16   | 2024-02-19     | P101         | Green Tea    | ... |
| ORD202400012 | 2024-02-01 | 2024-02-03   | 2024-02-07     | P001         | Espresso     | ... |
| ORD202400013 | 2025-02-23 | 2025-02-23   | 2025-02-25     | P201         | Croissant    | ... |
| ORD202400014 | 2024-07-04 |              |                | P203         | Brownie      | ... |
| ORD202400015 | 2025-05-15 | 2025-05-15   | 2025-05-15     | P001         | Espresso     | ... |
| ORD202400016 | 2025-05-21 | 2025-05-22   | 2025-05-22     | P204         | Bagel        | ... |
| ORD202400017 | 2025-01-18 | 2025-01-20   | 2025-01-22     | P201         | Croissant    | ... |
| ORD202400018 | 2025-05-08 | 2025-05-09   | 2025-05-13     | P203         | Brownie      | ... |
| ORD202400019 | 2025-02-03 | 2025-02-04   | 2025-02-08     | P204         | Bagel        | ... |
| ORD202400020 | 2024-06-06 | 2024-06-06   | 2024-06-06     | P002         | Americano    | ... |
| ORD202400021 | 2025-02-28 | 2025-02-28   | 2025-03-04     | P204         | Bagel        | ... |
| ORD202400022 | 2025-03-09 | 2025-03-10   | 2025-03-14     | P103         | Thai Tea     | ... |
| ORD202400023 | 2024-07-22 | 2024-07-23   | 2024-07-26     | P201         | Croissant    | ... |
| ORD202400024 | 2025-02-07 | 2025-02-07   |                | P204         | Bagel        | ... |
| ORD202400025 | 2024-10-16 | 2024-10-16   | 2024-10-19     | P003         | Latte        | ... |
| ORD202400026 | 2025-03-01 | 2025-03-03   | 2025-03-06     | P102         | Black Tea    | ... |
| ORD202400027 | 2025-01-05 | 2025-01-05   | 2025-01-07     | P103         | Thai Tea     | ... |
| ORD202400028 | 2025-02-27 |              |                | P002         | Americano    | ... |
| ORD202400029 | 2025-02-05 | 2025-02-06   | 2025-02-08     | P001         | Espresso     | ... |
| ORD202400030 | 2024-07-10 |              |                | P202         | Cheesecake   | ... |
| ORD202400031 | 2024-09-02 | 2024-09-03   | 2024-09-07     | P103         | Thai Tea     | ... |
| ORD202400032 | 2024-11-02 | 2024-11-02   | 2024-11-03     | P005         | Mocha        | ... |
| ORD202400033 | 2024-01-14 | 2024-01-14   |                | P001         | Espresso     | ... |
| ORD202400034 | 2024-03-25 | 2024-03-25   | 2024-03-28     | P002         | Americano    | ... |
| ORD202400035 | 2024-08-27 | 2024-08-27   | 2024-08-31     | P102         | Black Tea    | ... |
| ORD202400036 | 2025-03-06 | 2025-03-06   | 2025-03-10     | P202         | Cheesecake   | ... |
| ORD202400037 | 2024-08-24 |              |                | P005         | Mocha        | ... |
| ORD202400038 | 2024-02-05 | 2024-02-05   | 2024-02-05     | P003         | Latte        | ... |
| ORD202400039 | 2024-07-28 | 2024-07-29   | 2024-07-30     | P102         | Black Tea    | ... |
| ORD202400040 | 2024-01-01 | 2024-01-01   | 2024-01-03     | P005         | Mocha        | ... |
| ORD202400041 | 2024-08-23 | 2024-08-23   | 2024-08-24     | P201         | Croissant    | ... |
| ORD202400042 | 2024-09-19 | 2024-09-19   | 2024-09-23     | P204         | Bagel        | ... |
| ORD202400043 | 2024-09-08 |              |                | P004         | Cappuccino   | ... |
| ORD202400044 | 2025-05-16 |              |                | P002         | Americano    | ... |
| ORD202400045 | 2024-05-11 | 2024-05-12   | 2024-05-12     | P203         | Brownie      | ... |
| ORD202400046 | 2024-12-04 | 2024-12-04   | 2024-12-08     | P103         | Thai Tea     | ... |
| ORD202400047 | 2024-11-25 | 2024-11-25   | 2024-11-26     | P202         | Cheesecake   | ... |
| ORD202400048 | 2024-11-24 |              |                | P203         | Brownie      | ... |
| ORD202400049 | 2024-07-08 | 2024-07-08   | 2024-07-11     | P203         | Brownie      | ... |
| ORD202400050 | 2025-04-30 |              |                | P202         | Cheesecake   | ... |
| ORD202400051 | 2024-04-04 |              |                | P204         | Bagel        | ... |
| ORD202400052 | 2025-06-26 | 2025-06-26   | 2025-06-30     | P101         | Green Tea    | ... |
| ORD202400053 | 2024-12-05 | 2024-12-06   | 2024-12-09     | P003         | Latte        | ... |
| ORD202400054 | 2024-01-10 | 2024-01-12   | 2024-01-13     | P002         | Americano    | ... |
| ORD202400055 | 2024-10-29 | 2024-10-31   | 2024-11-02     | P203         | Brownie      | ... |
| ORD202400056 | 2025-06-20 |              |                | P001         | Espresso     | ... |
| ORD202400057 | 2024-10-11 | 2024-10-12   | 2024-10-13     | P101         | Green Tea    | ... |
| ORD202400058 | 2024-03-22 | 2024-03-24   |                | P102         | Black Tea    | ... |
| ORD202400059 | 2024-12-17 | 2024-12-19   | 2024-12-21     | P201         | Croissant    | ... |
| ORD202400060 | 2025-06-02 |              |                | P101         | Green Tea    | ... |
| ORD202400061 | 2024-10-01 | 2024-10-01   |                | P002         | Americano    | ... |
| ORD202400062 | 2024-01-13 | 2024-01-15   | 2024-01-19     | P004         | Cappuccino   | ... |
| ORD202400063 | 2024-06-23 | 2024-06-23   | 2024-06-26     | P103         | Thai Tea     | ... |
| ORD202400064 | 2024-09-12 |              |                | P103         | Thai Tea     | ... |
| ORD202400065 | 2025-01-08 |              |                | P005         | Mocha        | ... |
| ORD202400066 | 2025-04-26 | 2025-04-26   | 2025-04-28     | P002         | Americano    | ... |
| ORD202400067 | 2024-01-25 | 2024-01-27   | 2024-01-29     | P002         | Americano    | ... |
| ORD202400068 | 2024-05-17 | 2024-05-17   | 2024-05-21     | P201         | Croissant    | ... |
| ORD202400069 | 2025-06-04 | 2025-06-05   | 2025-06-05     | P204         | Bagel        | ... |
| ORD202400070 | 2024-12-02 | 2024-12-03   | 2024-12-03     | P004         | Cappuccino   | ... |
| ORD202400071 | 2024-11-14 | 2024-11-16   | 2024-11-18     | P203         | Brownie      | ... |
| ORD202400072 | 2025-02-25 | 2025-02-27   | 2025-02-27     | P204         | Bagel        | ... |
| ORD202400073 | 2025-04-07 | 2025-04-09   |                | P102         | Black Tea    | ... |
| ORD202400074 | 2024-10-19 | 2024-10-20   |                | P004         | Cappuccino   | ... |
| ORD202400075 | 2024-03-29 | 2024-03-29   | 2024-03-31     | P203         | Brownie      | ... |
| ORD202400076 | 2024-10-16 |              |                | P001         | Espresso     | ... |
| ORD202400077 | 2025-06-03 | 2025-06-04   |                | P204         | Bagel        | ... |
| ORD202400078 | 2024-03-26 | 2024-03-28   | 2024-04-01     | P203         | Brownie      | ... |
| ORD202400079 | 2024-12-26 | 2024-12-26   | 2024-12-26     | P102         | Black Tea    | ... |
| ORD202400080 | 2025-03-28 | 2025-03-30   | 2025-04-01     | P203         | Brownie      | ... |
| ORD202400081 | 2024-01-30 | 2024-02-01   | 2024-02-05     | P101         | Green Tea    | ... |
| ORD202400082 | 2025-02-15 | 2025-02-15   | 2025-02-16     | P005         | Mocha        | ... |
| ORD202400083 | 2024-08-24 | 2024-08-24   | 2024-08-26     | P102         | Black Tea    | ... |
| ORD202400084 | 2024-06-14 | 2024-06-15   | 2024-06-15     | P003         | Latte        | ... |
| ORD202400085 | 2025-06-22 |              |                | P005         | Mocha        | ... |
| ORD202400086 | 2024-05-31 | 2024-06-02   | 2024-06-05     | P004         | Cappuccino   | ... |
| ORD202400087 | 2025-02-05 | 2025-02-07   | 2025-02-11     | P203         | Brownie      | ... |
| ORD202400088 | 2024-06-29 | 2024-06-30   | 2024-07-02     | P102         | Black Tea    | ... |
| ORD202400089 | 2025-03-27 | 2025-03-27   | 2025-03-27     | P202         | Cheesecake   | ... |
| ORD202400090 | 2024-03-29 | 2024-03-31   | 2024-04-03     | P002         | Americano    | ... |
| ORD202400091 | 2024-06-02 | 2024-06-02   | 2024-06-06     | P003         | Latte        | ... |
| ORD202400092 | 2025-02-23 | 2025-02-25   | 2025-02-28     | P102         | Black Tea    | ... |
| ORD202400093 | 2024-08-28 |              |                | P002         | Americano    | ... |
| ORD202400094 | 2024-07-16 | 2024-07-17   | 2024-07-21     | P004         | Cappuccino   | ... |
| ORD202400095 | 2024-08-29 | 2024-08-30   | 2024-09-03     | P005         | Mocha        | ... |
| ORD202400096 | 2025-05-26 | 2025-05-28   | 2025-06-01     | P203         | Brownie      | ... |
| ORD202400097 | 2025-01-17 | 2025-01-17   | 2025-01-20     | P102         | Black Tea    | ... |
| ORD202400098 | 2024-06-05 | 2024-06-05   | 2024-06-06     | P201         | Croissant    | ... |
| ORD202400099 | 2024-03-14 |              |                | P001         | Espresso     | ... |
| ORD202400100 | 2024-06-05 | 2024-06-05   |                | P203         | Brownie      | ... |
| ORD202400101 | 2024-12-04 |              |                | P102         | Black Tea    | ... |
| ORD202400102 | 2025-03-07 |              |                | P003         | Latte        | ... |
| ORD202400103 | 2024-04-06 | 2024-04-06   | 2024-04-09     | P005         | Mocha        | ... |
| ORD202400104 | 2025-06-25 |              |                | P001         | Espresso     | ... |
| ORD202400105 | 2025-06-17 |              |                | P004         | Cappuccino   | ... |
| ORD202400106 | 2024-07-11 | 2024-07-13   | 2024-07-15     | P101         | Green Tea    | ... |
| ORD202400107 | 2025-02-12 | 2025-02-12   | 2025-02-12     | P003         | Latte        | ... |
| ORD202400108 | 2024-02-22 |              |                | P004         | Cappuccino   | ... |
| ORD202400109 | 2024-08-26 | 2024-08-28   | 2024-09-01     | P005         | Mocha        | ... |
| ORD202400110 | 2024-03-21 | 2024-03-22   | 2024-03-26     | P003         | Latte        | ... |
| ORD202400111 | 2024-08-03 | 2024-08-03   | 2024-08-05     | P102         | Black Tea    | ... |
| ORD202400112 | 2024-09-10 | 2024-09-11   |                | P101         | Green Tea    | ... |
| ORD202400113 | 2024-01-24 | 2024-01-26   | 2024-01-29     | P102         | Black Tea    | ... |
| ORD202400114 | 2025-05-16 | 2025-05-17   | 2025-05-21     | P003         | Latte        | ... |
| ORD202400115 | 2025-05-31 | 2025-05-31   | 2025-05-31     | P005         | Mocha        | ... |
| ORD202400116 | 2024-09-10 |              |                | P102         | Black Tea    | ... |
| ORD202400117 | 2024-06-06 | 2024-06-07   | 2024-06-07     | P103         | Thai Tea     | ... |
| ORD202400118 | 2024-03-13 | 2024-03-14   | 2024-03-16     | P203         | Brownie      | ... |
| ORD202400119 | 2024-11-22 | 2024-11-24   | 2024-11-27     | P202         | Cheesecake   | ... |
| ORD202400120 | 2025-04-03 |              |                | P005         | Mocha        | ... |
| ORD202400121 | 2024-06-13 | 2024-06-15   |                | P002         | Americano    | ... |
| ORD202400122 | 2024-04-23 |              |                | P002         | Americano    | ... |
| ORD202400123 | 2024-06-23 | 2024-06-24   | 2024-06-25     | P203         | Brownie      | ... |
| ORD202400124 | 2024-04-22 |              |                | P004         | Cappuccino   | ... |
| ORD202400125 | 2024-03-03 | 2024-03-05   | 2024-03-08     | P004         | Cappuccino   | ... |
| ORD202400126 | 2024-10-14 | 2024-10-14   | 2024-10-15     | P101         | Green Tea    | ... |
| ORD202400127 | 2024-11-10 | 2024-11-10   | 2024-11-12     | P202         | Cheesecake   | ... |
| ORD202400128 | 2025-06-14 | 2025-06-15   | 2025-06-15     | P103         | Thai Tea     | ... |
| ORD202400129 | 2024-04-15 | 2024-04-17   | 2024-04-19     | P203         | Brownie      | ... |
| ORD202400130 | 2024-12-11 | 2024-12-13   | 2024-12-14     | P102         | Black Tea    | ... |
| ORD202400131 | 2024-11-06 | 2024-11-07   | 2024-11-08     | P004         | Cappuccino   | ... |
| ORD202400132 | 2024-07-25 | 2024-07-27   | 2024-07-28     | P203         | Brownie      | ... |
| ORD202400133 | 2025-02-16 | 2025-02-16   | 2025-02-19     | P005         | Mocha        | ... |
| ORD202400134 | 2025-05-31 | 2025-06-02   | 2025-06-02     | P202         | Cheesecake   | ... |
| ORD202400135 | 2025-01-06 | 2025-01-06   | 2025-01-10     | P003         | Latte        | ... |
| ORD202400136 | 2024-09-11 | 2024-09-13   | 2024-09-14     | P203         | Brownie      | ... |
| ORD202400137 | 2024-05-27 | 2024-05-27   | 2024-05-31     | P002         | Americano    | ... |
| ORD202400138 | 2025-04-12 | 2025-04-12   | 2025-04-12     | P103         | Thai Tea     | ... |
| ORD202400139 | 2024-09-20 | 2024-09-22   | 2024-09-24     | P101         | Green Tea    | ... |
| ORD202400140 | 2024-08-16 | 2024-08-18   | 2024-08-19     | P003         | Latte        | ... |
| ORD202400141 | 2024-01-14 | 2024-01-15   | 2024-01-15     | P001         | Espresso     | ... |
| ORD202400142 | 2024-07-24 | 2024-07-26   | 2024-07-28     | P102         | Black Tea    | ... |
| ORD202400143 | 2024-03-17 | 2024-03-17   | 2024-03-19     | P004         | Cappuccino   | ... |
| ORD202400144 | 2025-06-16 | 2025-06-17   | 2025-06-19     | P103         | Thai Tea     | ... |
| ORD202400145 | 2024-01-20 | 2024-01-21   | 2024-01-21     | P204         | Bagel        | ... |
| ORD202400146 | 2024-06-13 | 2024-06-15   | 2024-06-19     | P103         | Thai Tea     | ... |
| ORD202400147 | 2024-02-02 | 2024-02-02   | 2024-02-06     | P201         | Croissant    | ... |
| ORD202400148 | 2024-08-04 | 2024-08-04   | 2024-08-05     | P201         | Croissant    | ... |
| ORD202400149 | 2024-06-05 | 2024-06-05   | 2024-06-08     | P102         | Black Tea    | ... |
| ORD202400150 | 2025-06-16 |              |                | P103         | Thai Tea     | ... |
| ORD202400151 | 2024-10-24 | 2024-10-25   | 2024-10-28     | P101         | Green Tea    | ... |
| ORD202400152 | 2024-09-06 | 2024-09-06   | 2024-09-06     | P201         | Croissant    | ... |
| ORD202400153 | 2025-03-01 | 2025-03-01   | 2025-03-01     | P004         | Cappuccino   | ... |
| ORD202400154 | 2024-04-22 | 2024-04-23   | 2024-04-27     | P002         | Americano    | ... |
| ORD202400155 | 2024-05-09 | 2024-05-09   |                | P203         | Brownie      | ... |
| ORD202400156 | 2025-03-10 | 2025-03-10   | 2025-03-14     | P101         | Green Tea    | ... |
| ORD202400157 | 2024-03-02 | 2024-03-02   |                | P101         | Green Tea    | ... |
| ORD202400158 | 2025-05-31 | 2025-06-01   | 2025-06-01     | P003         | Latte        | ... |
| ORD202400159 | 2024-12-22 | 2024-12-24   |                | P002         | Americano    | ... |
| ORD202400160 | 2025-03-24 | 2025-03-24   | 2025-03-26     | P102         | Black Tea    | ... |
| ORD202400161 | 2024-02-24 | 2024-02-25   | 2024-02-29     | P202         | Cheesecake   | ... |
| ORD202400162 | 2025-01-27 |              |                | P201         | Croissant    | ... |
| ORD202400163 | 2024-06-03 |              |                | P001         | Espresso     | ... |
| ORD202400164 | 2025-05-08 | 2025-05-09   | 2025-05-09     | P204         | Bagel        | ... |
| ORD202400165 | 2025-05-22 | 2025-05-24   | 2025-05-26     | P202         | Cheesecake   | ... |
| ORD202400166 | 2024-09-24 | 2024-09-25   |                | P204         | Bagel        | ... |
| ORD202400167 | 2024-03-12 | 2024-03-14   | 2024-03-15     | P201         | Croissant    | ... |
| ORD202400168 | 2025-06-06 | 2025-06-06   | 2025-06-10     | P001         | Espresso     | ... |
| ORD202400169 | 2025-01-21 |              |                | P102         | Black Tea    | ... |
| ORD202400170 | 2024-06-17 |              |                | P103         | Thai Tea     | ... |
| ORD202400171 | 2025-03-03 | 2025-03-04   | 2025-03-08     | P004         | Cappuccino   | ... |
| ORD202400172 | 2024-07-16 | 2024-07-18   |                | P101         | Green Tea    | ... |
| ORD202400173 | 2025-01-17 | 2025-01-17   | 2025-01-21     | P001         | Espresso     | ... |
| ORD202400174 | 2024-12-09 | 2024-12-10   | 2024-12-13     | P002         | Americano    | ... |
| ORD202400175 | 2024-10-02 | 2024-10-04   | 2024-10-07     | P005         | Mocha        | ... |
| ORD202400176 | 2024-09-25 | 2024-09-26   | 2024-09-29     | P201         | Croissant    | ... |
| ORD202400177 | 2024-02-07 | 2024-02-09   | 2024-02-12     | P001         | Espresso     | ... |
| ORD202400178 | 2025-03-24 | 2025-03-25   | 2025-03-27     | P102         | Black Tea    | ... |
| ORD202400179 | 2025-02-11 | 2025-02-11   | 2025-02-14     | P202         | Cheesecake   | ... |
| ORD202400180 | 2025-02-07 | 2025-02-07   | 2025-02-11     | P203         | Brownie      | ... |
| ORD202400181 | 2024-08-17 | 2024-08-17   | 2024-08-18     | P002         | Americano    | ... |
| ORD202400182 | 2025-01-16 | 2025-01-16   | 2025-01-19     | P004         | Cappuccino   | ... |
| ORD202400183 | 2025-01-04 | 2025-01-04   | 2025-01-05     | P004         | Cappuccino   | ... |
| ORD202400184 | 2025-02-23 | 2025-02-23   | 2025-02-24     | P202         | Cheesecake   | ... |
| ORD202400185 | 2024-08-25 | 2024-08-26   | 2024-08-28     | P102         | Black Tea    | ... |
| ORD202400186 | 2024-12-22 | 2024-12-23   | 2024-12-23     | P003         | Latte        | ... |
| ORD202400187 | 2024-08-14 | 2024-08-15   |                | P203         | Brownie      | ... |
| ORD202400188 | 2024-09-10 | 2024-09-11   | 2024-09-12     | P101         | Green Tea    | ... |
| ORD202400189 | 2024-05-19 | 2024-05-20   |                | P102         | Black Tea    | ... |
| ORD202400190 | 2024-08-24 | 2024-08-26   |                | P001         | Espresso     | ... |
| ORD202400191 | 2025-04-09 |              |                | P005         | Mocha        | ... |
| ORD202400192 | 2024-06-15 |              |                | P003         | Latte        | ... |
| ORD202400193 | 2025-05-27 | 2025-05-27   | 2025-05-29     | P005         | Mocha        | ... |
| ORD202400194 | 2025-03-23 |              |                | P005         | Mocha        | ... |
| ORD202400195 | 2024-10-01 | 2024-10-03   | 2024-10-06     | P202         | Cheesecake   | ... |
| ORD202400196 | 2024-05-14 | 2024-05-16   | 2024-05-16     | P203         | Brownie      | ... |
| ORD202400197 | 2025-06-08 | 2025-06-09   | 2025-06-10     | P103         | Thai Tea     | ... |
| ORD202400198 | 2024-09-15 | 2024-09-16   | 2024-09-20     | P202         | Cheesecake   | ... |
| ORD202400199 | 2025-03-06 | 2025-03-08   | 2025-03-09     | P002         | Americano    | ... |
| ORD202400200 | 2024-07-02 | 2024-07-04   | 2024-07-04     | P202         | Cheesecake   | ... |
| ORD202400201 | 2025-01-23 |              |                | P203         | Brownie      | ... |
| ORD202400202 | 2025-04-17 |              |                | P003         | Latte        | ... |
| ORD202400203 | 2024-05-20 | 2024-05-20   | 2024-05-21     | P201         | Croissant    | ... |
| ORD202400204 | 2025-03-01 | 2025-03-02   | 2025-03-05     | P102         | Black Tea    | ... |
| ORD202400205 | 2025-02-10 | 2025-02-10   | 2025-02-13     | P001         | Espresso     | ... |
| ORD202400206 | 2025-04-29 | 2025-04-29   | 2025-04-29     | P005         | Mocha        | ... |
| ORD202400207 | 2025-05-07 | 2025-05-07   |                | P204         | Bagel        | ... |
| ORD202400208 | 2024-02-17 |              |                | P102         | Black Tea    | ... |
| ORD202400209 | 2024-01-21 | 2024-01-22   | 2024-01-23     | P204         | Bagel        | ... |
| ORD202400210 | 2025-01-19 | 2025-01-20   | 2025-01-20     | P004         | Cappuccino   | ... |
| ORD202400211 | 2025-03-12 | 2025-03-14   | 2025-03-18     | P005         | Mocha        | ... |
| ORD202400212 | 2025-02-14 | 2025-02-14   | 2025-02-17     | P101         | Green Tea    | ... |
| ORD202400213 | 2024-07-04 | 2024-07-05   | 2024-07-07     | P201         | Croissant    | ... |
| ORD202400214 | 2024-11-01 |              |                | P003         | Latte        | ... |
| ORD202400215 | 2025-06-27 | 2025-06-27   | 2025-07-01     | P005         | Mocha        | ... |
| ORD202400216 | 2024-01-21 | 2024-01-23   | 2024-01-25     | P103         | Thai Tea     | ... |
| ORD202400217 | 2025-06-07 | 2025-06-08   | 2025-06-12     | P002         | Americano    | ... |
| ORD202400218 | 2024-10-07 | 2024-10-09   | 2024-10-11     | P201         | Croissant    | ... |
| ORD202400219 | 2024-08-20 |              |                | P005         | Mocha        | ... |
| ORD202400220 | 2024-10-21 |              |                | P203         | Brownie      | ... |
| ORD202400221 | 2024-08-07 | 2024-08-08   | 2024-08-09     | P004         | Cappuccino   | ... |
| ORD202400222 | 2024-05-16 | 2024-05-18   | 2024-05-18     | P204         | Bagel        | ... |
| ORD202400223 | 2025-01-31 | 2025-01-31   | 2025-02-03     | P203         | Brownie      | ... |
| ORD202400224 | 2024-02-29 | 2024-03-01   | 2024-03-04     | P204         | Bagel        | ... |
| ORD202400225 | 2024-05-02 | 2024-05-02   | 2024-05-03     | P004         | Cappuccino   | ... |
| ORD202400226 | 2025-06-08 | 2025-06-08   | 2025-06-11     | P001         | Espresso     | ... |
| ORD202400227 | 2024-08-13 | 2024-08-14   | 2024-08-18     | P202         | Cheesecake   | ... |
| ORD202400228 | 2025-06-22 | 2025-06-23   |                | P003         | Latte        | ... |
| ORD202400229 | 2024-10-29 | 2024-10-31   | 2024-11-01     | P004         | Cappuccino   | ... |
| ORD202400230 | 2024-01-30 | 2024-01-30   | 2024-01-30     | P203         | Brownie      | ... |
| ORD202400231 | 2024-08-30 | 2024-08-31   | 2024-09-04     | P201         | Croissant    | ... |
| ORD202400232 | 2024-04-07 | 2024-04-09   |                | P002         | Americano    | ... |
| ORD202400233 | 2025-06-07 | 2025-06-09   | 2025-06-11     | P002         | Americano    | ... |
| ORD202400234 | 2025-02-04 | 2025-02-04   | 2025-02-06     | P004         | Cappuccino   | ... |
| ORD202400235 | 2024-05-15 | 2024-05-16   | 2024-05-18     | P004         | Cappuccino   | ... |
| ORD202400236 | 2025-01-14 |              |                | P204         | Bagel        | ... |
| ORD202400237 | 2024-02-15 | 2024-02-15   | 2024-02-17     | P101         | Green Tea    | ... |
| ORD202400238 | 2024-06-14 | 2024-06-16   | 2024-06-18     | P202         | Cheesecake   | ... |
| ORD202400239 | 2024-05-07 | 2024-05-09   | 2024-05-12     | P002         | Americano    | ... |
| ORD202400240 | 2024-09-19 | 2024-09-20   | 2024-09-22     | P201         | Croissant    | ... |
| ORD202400241 | 2024-10-13 | 2024-10-14   | 2024-10-16     | P202         | Cheesecake   | ... |
| ORD202400242 | 2025-06-13 | 2025-06-13   |                | P004         | Cappuccino   | ... |
| ORD202400243 | 2025-05-29 | 2025-05-30   | 2025-05-31     | P202         | Cheesecake   | ... |
| ORD202400244 | 2024-05-11 | 2024-05-11   | 2024-05-14     | P201         | Croissant    | ... |
| ORD202400245 | 2024-03-23 |              |                | P202         | Cheesecake   | ... |
| ORD202400246 | 2025-02-15 | 2025-02-15   | 2025-02-19     | P102         | Black Tea    | ... |
| ORD202400247 | 2025-06-04 | 2025-06-06   | 2025-06-08     | P203         | Brownie      | ... |
| ORD202400248 | 2024-03-24 | 2024-03-25   | 2024-03-25     | P201         | Croissant    | ... |
| ORD202400249 | 2024-08-14 |              |                | P101         | Green Tea    | ... |
| ORD202400250 | 2024-07-23 |              |                | P201         | Croissant    | ... |
| ORD202400251 | 2024-09-06 | 2024-09-08   | 2024-09-10     | P202         | Cheesecake   | ... |
| ORD202400252 | 2024-01-12 | 2024-01-14   | 2024-01-14     | P102         | Black Tea    | ... |
| ORD202400253 | 2025-05-29 | 2025-05-31   | 2025-06-03     | P101         | Green Tea    | ... |
| ORD202400254 | 2025-05-22 | 2025-05-24   | 2025-05-26     | P101         | Green Tea    | ... |
| ORD202400255 | 2024-07-02 | 2024-07-02   | 2024-07-06     | P002         | Americano    | ... |
| ORD202400256 | 2024-09-18 |              |                | P103         | Thai Tea     | ... |
| ORD202400257 | 2025-05-31 | 2025-05-31   | 2025-06-04     | P004         | Cappuccino   | ... |
| ORD202400258 | 2025-06-14 | 2025-06-14   | 2025-06-15     | P201         | Croissant    | ... |
| ORD202400259 | 2024-07-31 | 2024-08-02   |                | P204         | Bagel        | ... |
| ORD202400260 | 2025-01-25 | 2025-01-27   |                | P202         | Cheesecake   | ... |
| ORD202400261 | 2024-05-23 | 2024-05-24   | 2024-05-26     | P101         | Green Tea    | ... |
| ORD202400262 | 2025-04-10 | 2025-04-11   | 2025-04-12     | P003         | Latte        | ... |
| ORD202400263 | 2024-09-27 |              |                | P203         | Brownie      | ... |
| ORD202400264 | 2025-05-26 | 2025-05-28   | 2025-06-01     | P003         | Latte        | ... |
| ORD202400265 | 2024-03-29 | 2024-03-30   |                | P003         | Latte        | ... |
| ORD202400266 | 2024-05-21 |              |                | P101         | Green Tea    | ... |
| ORD202400267 | 2024-05-29 | 2024-05-29   | 2024-05-31     | P004         | Cappuccino   | ... |
| ORD202400268 | 2024-05-03 | 2024-05-03   | 2024-05-05     | P002         | Americano    | ... |
| ORD202400269 | 2025-05-24 | 2025-05-24   | 2025-05-24     | P101         | Green Tea    | ... |
| ORD202400270 | 2024-03-07 | 2024-03-09   | 2024-03-12     | P103         | Thai Tea     | ... |
| ORD202400271 | 2024-01-20 | 2024-01-20   | 2024-01-20     | P102         | Black Tea    | ... |
| ORD202400272 | 2024-10-10 |              |                | P002         | Americano    | ... |
| ORD202400273 | 2024-12-25 | 2024-12-26   | 2024-12-30     | P202         | Cheesecake   | ... |
| ORD202400274 | 2025-04-15 | 2025-04-17   | 2025-04-20     | P201         | Croissant    | ... |
| ORD202400275 | 2024-07-23 | 2024-07-24   |                | P004         | Cappuccino   | ... |
| ORD202400276 | 2024-11-04 | 2024-11-06   | 2024-11-10     | P103         | Thai Tea     | ... |
| ORD202400277 | 2025-06-12 | 2025-06-13   | 2025-06-13     | P202         | Cheesecake   | ... |
| ORD202400278 | 2024-11-14 | 2024-11-15   | 2024-11-18     | P204         | Bagel        | ... |
| ORD202400279 | 2024-11-22 | 2024-11-22   | 2024-11-23     | P004         | Cappuccino   | ... |
| ORD202400280 | 2024-03-05 | 2024-03-05   |                | P001         | Espresso     | ... |
| ORD202400281 | 2024-09-14 |              |                | P003         | Latte        | ... |
| ORD202400282 | 2024-05-20 | 2024-05-21   | 2024-05-25     | P103         | Thai Tea     | ... |
| ORD202400283 | 2024-07-07 | 2024-07-07   | 2024-07-10     | P002         | Americano    | ... |
| ORD202400284 | 2024-09-17 |              |                | P005         | Mocha        | ... |
| ORD202400285 | 2024-11-17 |              |                | P003         | Latte        | ... |
| ORD202400286 | 2024-09-23 | 2024-09-23   | 2024-09-27     | P003         | Latte        | ... |
| ORD202400287 | 2024-10-23 | 2024-10-23   | 2024-10-23     | P004         | Cappuccino   | ... |
| ORD202400288 | 2024-05-13 | 2024-05-14   | 2024-05-18     | P101         | Green Tea    | ... |
| ORD202400289 | 2024-06-12 | 2024-06-13   | 2024-06-17     | P002         | Americano    | ... |
| ORD202400290 | 2024-10-21 | 2024-10-23   | 2024-10-23     | P202         | Cheesecake   | ... |
| ORD202400291 | 2024-02-14 | 2024-02-16   | 2024-02-18     | P102         | Black Tea    | ... |
| ORD202400292 | 2024-10-13 |              |                | P001         | Espresso     | ... |
| ORD202400293 | 2024-09-23 | 2024-09-24   |                | P103         | Thai Tea     | ... |
| ORD202400294 | 2025-01-19 | 2025-01-19   | 2025-01-19     | P004         | Cappuccino   | ... |
| ORD202400295 | 2025-06-14 | 2025-06-15   | 2025-06-16     | P003         | Latte        | ... |
| ORD202400296 | 2025-02-01 | 2025-02-01   | 2025-02-04     | P004         | Cappuccino   | ... |
| ORD202400297 | 2024-09-22 | 2024-09-23   | 2024-09-25     | P101         | Green Tea    | ... |
| ORD202400298 | 2025-05-05 | 2025-05-05   | 2025-05-05     | P101         | Green Tea    | ... |
| ORD202400299 | 2024-06-05 | 2024-06-07   | 2024-06-07     | P001         | Espresso     | ... |
| ORD202400300 | 2024-08-08 | 2024-08-08   |                | P202         | Cheesecake   | ... |
| ORD202400301 | 2024-03-25 | 2024-03-26   | 2024-03-27     | P103         | Thai Tea     | ... |
| ORD202400302 | 2025-03-30 | 2025-03-31   | 2025-04-03     | P001         | Espresso     | ... |
| ORD202400303 | 2024-01-05 |              |                | P003         | Latte        | ... |
| ORD202400304 | 2024-06-13 |              |                | P102         | Black Tea    | ... |
| ORD202400305 | 2024-06-04 | 2024-06-06   | 2024-06-06     | P102         | Black Tea    | ... |
| ORD202400306 | 2024-06-07 | 2024-06-08   | 2024-06-08     | P103         | Thai Tea     | ... |
| ORD202400307 | 2024-07-10 | 2024-07-11   | 2024-07-13     | P001         | Espresso     | ... |
| ORD202400308 | 2025-03-16 | 2025-03-18   | 2025-03-20     | P102         | Black Tea    | ... |
| ORD202400309 | 2024-08-26 |              |                | P003         | Latte        | ... |
| ORD202400310 | 2024-05-27 | 2024-05-27   | 2024-05-27     | P202         | Cheesecake   | ... |
| ORD202400311 | 2024-11-02 | 2024-11-02   | 2024-11-02     | P003         | Latte        | ... |
| ORD202400312 | 2024-11-30 | 2024-12-01   | 2024-12-04     | P202         | Cheesecake   | ... |
| ORD202400313 | 2024-10-14 | 2024-10-15   | 2024-10-19     | P203         | Brownie      | ... |
| ORD202400314 | 2024-09-29 | 2024-09-30   | 2024-10-04     | P202         | Cheesecake   | ... |
| ORD202400315 | 2025-04-09 |              |                | P204         | Bagel        | ... |
| ORD202400316 | 2024-03-24 | 2024-03-26   | 2024-03-26     | P103         | Thai Tea     | ... |
| ORD202400317 | 2024-02-02 | 2024-02-04   | 2024-02-08     | P102         | Black Tea    | ... |
| ORD202400318 | 2024-02-02 | 2024-02-03   | 2024-02-05     | P003         | Latte        | ... |
| ORD202400319 | 2024-01-04 | 2024-01-04   | 2024-01-05     | P102         | Black Tea    | ... |
| ORD202400320 | 2025-02-17 | 2025-02-18   | 2025-02-21     | P103         | Thai Tea     | ... |
| ORD202400321 | 2025-05-31 | 2025-06-01   | 2025-06-04     | P202         | Cheesecake   | ... |
| ORD202400322 | 2024-10-29 |              |                | P003         | Latte        | ... |
| ORD202400323 | 2024-07-26 | 2024-07-27   | 2024-07-28     | P001         | Espresso     | ... |
| ORD202400324 | 2024-07-20 | 2024-07-21   | 2024-07-22     | P204         | Bagel        | ... |
| ORD202400325 | 2024-07-27 | 2024-07-28   |                | P003         | Latte        | ... |
| ORD202400326 | 2024-07-03 | 2024-07-05   | 2024-07-09     | P203         | Brownie      | ... |
| ORD202400327 | 2024-11-28 |              |                | P004         | Cappuccino   | ... |
| ORD202400328 | 2025-04-27 | 2025-04-29   |                | P203         | Brownie      | ... |
| ORD202400329 | 2024-09-28 | 2024-09-30   | 2024-10-04     | P005         | Mocha        | ... |
| ORD202400330 | 2025-03-02 | 2025-03-03   | 2025-03-06     | P201         | Croissant    | ... |
| ORD202400331 | 2024-07-15 | 2024-07-15   |                | P201         | Croissant    | ... |
| ORD202400332 | 2024-04-27 | 2024-04-27   | 2024-05-01     | P203         | Brownie      | ... |
| ORD202400333 | 2025-05-13 | 2025-05-14   | 2025-05-17     | P204         | Bagel        | ... |
| ORD202400334 | 2025-01-12 | 2025-01-12   | 2025-01-13     | P102         | Black Tea    | ... |
| ORD202400335 | 2024-10-05 | 2024-10-07   | 2024-10-08     | P101         | Green Tea    | ... |
| ORD202400336 | 2024-07-23 | 2024-07-25   | 2024-07-26     | P001         | Espresso     | ... |
| ORD202400337 | 2024-09-29 | 2024-09-30   | 2024-10-03     | P202         | Cheesecake   | ... |
| ORD202400338 | 2024-05-23 | 2024-05-24   | 2024-05-27     | P203         | Brownie      | ... |
| ORD202400339 | 2024-10-09 |              |                | P103         | Thai Tea     | ... |
| ORD202400340 | 2024-12-23 | 2024-12-24   | 2024-12-27     | P005         | Mocha        | ... |
| ORD202400341 | 2024-10-24 | 2024-10-26   | 2024-10-26     | P005         | Mocha        | ... |
| ORD202400342 | 2024-01-15 | 2024-01-16   |                | P003         | Latte        | ... |
| ORD202400343 | 2024-02-17 | 2024-02-18   | 2024-02-21     | P001         | Espresso     | ... |
| ORD202400344 | 2024-09-27 | 2024-09-27   | 2024-10-01     | P103         | Thai Tea     | ... |
| ORD202400345 | 2024-10-12 | 2024-10-13   | 2024-10-15     | P001         | Espresso     | ... |
| ORD202400346 | 2025-03-05 | 2025-03-06   | 2025-03-07     | P005         | Mocha        | ... |
| ORD202400347 | 2024-02-17 | 2024-02-17   | 2024-02-18     | P003         | Latte        | ... |
| ORD202400348 | 2024-07-10 | 2024-07-12   | 2024-07-13     | P103         | Thai Tea     | ... |
| ORD202400349 | 2025-01-24 | 2025-01-25   | 2025-01-25     | P002         | Americano    | ... |
| ORD202400350 | 2024-10-23 | 2024-10-24   | 2024-10-24     | P001         | Espresso     | ... |
| ORD202400351 | 2025-01-24 | 2025-01-26   | 2025-01-30     | P005         | Mocha        | ... |
| ORD202400352 | 2025-05-18 | 2025-05-20   | 2025-05-20     | P202         | Cheesecake   | ... |
| ORD202400353 | 2024-08-02 | 2024-08-04   | 2024-08-08     | P004         | Cappuccino   | ... |
| ORD202400354 | 2025-02-20 | 2025-02-20   | 2025-02-23     | P203         | Brownie      | ... |
| ORD202400355 | 2024-08-01 |              |                | P002         | Americano    | ... |
| ORD202400356 | 2024-11-05 | 2024-11-06   | 2024-11-08     | P101         | Green Tea    | ... |
| ORD202400357 | 2025-03-04 | 2025-03-06   | 2025-03-06     | P101         | Green Tea    | ... |
| ORD202400358 | 2024-02-17 | 2024-02-18   | 2024-02-21     | P001         | Espresso     | ... |
| ORD202400359 | 2024-09-22 | 2024-09-23   | 2024-09-24     | P102         | Black Tea    | ... |
| ORD202400360 | 2024-04-07 | 2024-04-07   | 2024-04-09     | P204         | Bagel        | ... |
| ORD202400361 | 2025-01-02 | 2025-01-03   | 2025-01-06     | P103         | Thai Tea     | ... |
| ORD202400362 | 2024-06-18 | 2024-06-18   |                | P204         | Bagel        | ... |
| ORD202400363 | 2025-06-14 | 2025-06-16   | 2025-06-17     | P005         | Mocha        | ... |
| ORD202400364 | 2025-06-25 | 2025-06-25   | 2025-06-26     | P001         | Espresso     | ... |
| ORD202400365 | 2024-04-01 |              |                | P202         | Cheesecake   | ... |
| ORD202400366 | 2025-05-02 | 2025-05-03   | 2025-05-04     | P102         | Black Tea    | ... |
| ORD202400367 | 2024-04-09 | 2024-04-11   | 2024-04-11     | P201         | Croissant    | ... |
| ORD202400368 | 2024-04-05 | 2024-04-05   | 2024-04-06     | P101         | Green Tea    | ... |
| ORD202400369 | 2024-09-28 | 2024-09-28   | 2024-09-28     | P204         | Bagel        | ... |
| ORD202400370 | 2025-03-11 | 2025-03-12   | 2025-03-14     | P003         | Latte        | ... |
| ORD202400371 | 2025-05-16 | 2025-05-17   | 2025-05-19     | P101         | Green Tea    | ... |
| ORD202400372 | 2025-04-04 | 2025-04-04   | 2025-04-08     | P003         | Latte        | ... |
| ORD202400373 | 2025-02-15 | 2025-02-15   | 2025-02-16     | P201         | Croissant    | ... |
| ORD202400374 | 2024-03-04 | 2024-03-06   |                | P002         | Americano    | ... |
| ORD202400375 | 2024-09-04 | 2024-09-05   | 2024-09-08     | P101         | Green Tea    | ... |
| ORD202400376 | 2024-02-14 | 2024-02-15   | 2024-02-19     | P102         | Black Tea    | ... |
| ORD202400377 | 2024-01-06 |              |                | P204         | Bagel        | ... |
| ORD202400378 | 2024-11-08 | 2024-11-10   |                | P202         | Cheesecake   | ... |
| ORD202400379 | 2024-01-25 |              |                | P002         | Americano    | ... |
| ORD202400380 | 2024-11-01 | 2024-11-03   | 2024-11-04     | P005         | Mocha        | ... |
| ORD202400381 | 2024-01-30 | 2024-01-30   | 2024-02-01     | P202         | Cheesecake   | ... |
| ORD202400382 | 2025-03-19 | 2025-03-20   | 2025-03-22     | P103         | Thai Tea     | ... |
| ORD202400383 | 2025-01-08 | 2025-01-09   | 2025-01-10     | P002         | Americano    | ... |
| ORD202400384 | 2025-03-05 | 2025-03-07   |                | P103         | Thai Tea     | ... |
| ORD202400385 | 2025-01-27 | 2025-01-28   | 2025-01-29     | P202         | Cheesecake   | ... |
| ORD202400386 | 2024-09-10 | 2024-09-11   | 2024-09-11     | P203         | Brownie      | ... |
| ORD202400387 | 2024-04-27 |              |                | P202         | Cheesecake   | ... |
| ORD202400388 | 2024-06-12 |              |                | P003         | Latte        | ... |
| ORD202400389 | 2024-08-24 |              |                | P002         | Americano    | ... |
| ORD202400390 | 2024-10-20 | 2024-10-20   |                | P001         | Espresso     | ... |
| ORD202400391 | 2024-10-27 |              |                | P202         | Cheesecake   | ... |
| ORD202400392 | 2024-02-29 | 2024-03-01   | 2024-03-04     | P204         | Bagel        | ... |
| ORD202400393 | 2024-02-18 | 2024-02-19   | 2024-02-21     | P202         | Cheesecake   | ... |
| ORD202400394 | 2025-05-23 | 2025-05-23   | 2025-05-27     | P203         | Brownie      | ... |
| ORD202400395 | 2025-05-18 |              |                | P003         | Latte        | ... |
| ORD202400396 | 2025-01-02 | 2025-01-02   |                | P003         | Latte        | ... |
| ORD202400397 | 2024-10-29 | 2024-10-29   |                | P103         | Thai Tea     | ... |
| ORD202400398 | 2024-02-02 | 2024-02-03   | 2024-02-04     | P103         | Thai Tea     | ... |
| ORD202400399 | 2024-11-20 | 2024-11-22   | 2024-11-24     | P101         | Green Tea    | ... |
| ORD202400400 | 2024-02-16 | 2024-02-16   |                | P002         | Americano    | ... |
| ORD202400401 | 2024-10-21 | 2024-10-23   | 2024-10-26     | P005         | Mocha        | ... |
| ORD202400402 | 2024-09-12 | 2024-09-14   | 2024-09-14     | P004         | Cappuccino   | ... |
| ORD202400403 | 2024-03-20 | 2024-03-22   | 2024-03-26     | P002         | Americano    | ... |
| ORD202400404 | 2025-04-02 | 2025-04-02   | 2025-04-06     | P004         | Cappuccino   | ... |
| ORD202400405 | 2024-05-22 | 2024-05-24   | 2024-05-26     | P102         | Black Tea    | ... |
| ORD202400406 | 2024-11-30 | 2024-12-02   | 2024-12-06     | P201         | Croissant    | ... |
| ORD202400407 | 2025-02-11 |              |                | P001         | Espresso     | ... |
| ORD202400408 | 2025-05-21 | 2025-05-23   | 2025-05-27     | P004         | Cappuccino   | ... |
| ORD202400409 | 2024-03-13 | 2024-03-13   | 2024-03-16     | P201         | Croissant    | ... |
| ORD202400410 | 2024-06-02 |              |                | P203         | Brownie      | ... |
| ORD202400411 | 2024-06-30 | 2024-06-30   | 2024-07-01     | P005         | Mocha        | ... |
| ORD202400412 | 2024-10-15 | 2024-10-15   | 2024-10-18     | P102         | Black Tea    | ... |
| ORD202400413 | 2024-07-10 | 2024-07-12   | 2024-07-12     | P103         | Thai Tea     | ... |
| ORD202400414 | 2024-01-03 | 2024-01-04   | 2024-01-06     | P203         | Brownie      | ... |
| ORD202400415 | 2024-03-11 | 2024-03-13   | 2024-03-17     | P204         | Bagel        | ... |
| ORD202400416 | 2024-05-08 | 2024-05-10   | 2024-05-12     | P002         | Americano    | ... |
| ORD202400417 | 2024-06-20 | 2024-06-21   | 2024-06-24     | P204         | Bagel        | ... |
| ORD202400418 | 2024-11-27 | 2024-11-28   | 2024-11-30     | P102         | Black Tea    | ... |
| ORD202400419 | 2025-03-14 | 2025-03-15   |                | P201         | Croissant    | ... |
| ORD202400420 | 2024-07-23 | 2024-07-23   |                | P003         | Latte        | ... |
| ORD202400421 | 2024-10-21 | 2024-10-23   | 2024-10-23     | P202         | Cheesecake   | ... |
| ORD202400422 | 2025-02-26 | 2025-02-26   |                | P201         | Croissant    | ... |
| ORD202400423 | 2024-12-25 | 2024-12-27   | 2024-12-28     | P001         | Espresso     | ... |
| ORD202400424 | 2024-10-25 | 2024-10-25   | 2024-10-29     | P201         | Croissant    | ... |
| ORD202400425 | 2024-09-11 | 2024-09-11   | 2024-09-11     | P204         | Bagel        | ... |
| ORD202400426 | 2024-04-16 | 2024-04-16   | 2024-04-19     | P101         | Green Tea    | ... |
| ORD202400427 | 2024-12-18 | 2024-12-19   | 2024-12-22     | P101         | Green Tea    | ... |
| ORD202400428 | 2024-09-03 | 2024-09-05   | 2024-09-06     | P204         | Bagel        | ... |
| ORD202400429 | 2024-03-29 | 2024-03-31   |                | P004         | Cappuccino   | ... |
| ORD202400430 | 2024-03-08 | 2024-03-09   | 2024-03-11     | P002         | Americano    | ... |
| ORD202400431 | 2024-11-07 |              |                | P001         | Espresso     | ... |
| ORD202400432 | 2024-11-20 | 2024-11-20   | 2024-11-20     | P102         | Black Tea    | ... |
| ORD202400433 | 2024-02-06 | 2024-02-08   | 2024-02-09     | P102         | Black Tea    | ... |
| ORD202400434 | 2025-03-16 | 2025-03-16   |                | P005         | Mocha        | ... |
| ORD202400435 | 2024-02-08 | 2024-02-08   | 2024-02-12     | P004         | Cappuccino   | ... |
| ORD202400436 | 2025-01-25 |              |                | P005         | Mocha        | ... |
| ORD202400437 | 2024-02-11 | 2024-02-11   | 2024-02-14     | P101         | Green Tea    | ... |
| ORD202400438 | 2025-01-05 |              |                | P201         | Croissant    | ... |
| ORD202400439 | 2025-05-26 |              |                | P204         | Bagel        | ... |
| ORD202400440 | 2025-01-31 | 2025-01-31   | 2025-01-31     | P103         | Thai Tea     | ... |
| ORD202400441 | 2024-10-29 | 2024-10-29   | 2024-10-31     | P203         | Brownie      | ... |
| ORD202400442 | 2024-03-25 | 2024-03-27   | 2024-03-31     | P204         | Bagel        | ... |
| ORD202400443 | 2025-05-21 |              |                | P004         | Cappuccino   | ... |
| ORD202400444 | 2024-02-22 | 2024-02-24   | 2024-02-26     | P101         | Green Tea    | ... |
| ORD202400445 | 2025-02-12 | 2025-02-12   | 2025-02-13     | P204         | Bagel        | ... |
| ORD202400446 | 2025-03-19 |              |                | P102         | Black Tea    | ... |
| ORD202400447 | 2025-01-04 | 2025-01-04   | 2025-01-04     | P101         | Green Tea    | ... |
| ORD202400448 | 2024-02-24 | 2024-02-24   | 2024-02-25     | P002         | Americano    | ... |
| ORD202400449 | 2025-05-05 | 2025-05-05   | 2025-05-05     | P004         | Cappuccino   | ... |
| ORD202400450 | 2024-07-07 | 2024-07-07   | 2024-07-11     | P003         | Latte        | ... |
| ORD202400451 | 2024-05-27 | 2024-05-27   | 2024-05-27     | P203         | Brownie      | ... |
| ORD202400452 | 2024-11-04 |              |                | P003         | Latte        | ... |
| ORD202400453 | 2024-07-03 | 2024-07-03   | 2024-07-03     | P204         | Bagel        | ... |
| ORD202400454 | 2024-11-20 | 2024-11-21   | 2024-11-25     | P103         | Thai Tea     | ... |
| ORD202400455 | 2024-10-18 |              |                | P102         | Black Tea    | ... |
| ORD202400456 | 2024-02-21 | 2024-02-21   | 2024-02-21     | P002         | Americano    | ... |
| ORD202400457 | 2024-07-11 | 2024-07-11   | 2024-07-13     | P005         | Mocha        | ... |
| ORD202400458 | 2025-02-16 |              |                | P204         | Bagel        | ... |
| ORD202400459 | 2024-06-23 |              |                | P203         | Brownie      | ... |
| ORD202400460 | 2024-01-14 | 2024-01-16   | 2024-01-20     | P003         | Latte        | ... |
| ORD202400461 | 2024-12-02 |              |                | P202         | Cheesecake   | ... |
| ORD202400462 | 2024-06-18 | 2024-06-19   | 2024-06-22     | P004         | Cappuccino   | ... |
| ORD202400463 | 2024-08-09 | 2024-08-09   |                | P004         | Cappuccino   | ... |
| ORD202400464 | 2024-04-12 | 2024-04-13   | 2024-04-15     | P201         | Croissant    | ... |
| ORD202400465 | 2025-02-09 | 2025-02-11   |                | P005         | Mocha        | ... |
| ORD202400466 | 2024-10-01 | 2024-10-03   | 2024-10-06     | P003         | Latte        | ... |
| ORD202400467 | 2024-01-18 | 2024-01-18   | 2024-01-19     | P201         | Croissant    | ... |
| ORD202400468 | 2024-09-19 | 2024-09-19   | 2024-09-20     | P202         | Cheesecake   | ... |
| ORD202400469 | 2024-11-21 | 2024-11-22   | 2024-11-22     | P203         | Brownie      | ... |
| ORD202400470 | 2025-05-02 | 2025-05-04   | 2025-05-06     | P204         | Bagel        | ... |
| ORD202400471 | 2025-05-14 | 2025-05-14   | 2025-05-18     | P002         | Americano    | ... |
| ORD202400472 | 2024-10-31 | 2024-11-01   | 2024-11-03     | P203         | Brownie      | ... |
| ORD202400473 | 2024-03-16 |              |                | P101         | Green Tea    | ... |
| ORD202400474 | 2025-05-21 | 2025-05-23   | 2025-05-23     | P103         | Thai Tea     | ... |
| ORD202400475 | 2024-10-12 | 2024-10-13   | 2024-10-15     | P201         | Croissant    | ... |
| ORD202400476 | 2024-10-03 | 2024-10-04   | 2024-10-04     | P002         | Americano    | ... |
| ORD202400477 | 2024-05-06 |              |                | P001         | Espresso     | ... |
| ORD202400478 | 2025-04-14 | 2025-04-15   |                | P101         | Green Tea    | ... |
| ORD202400479 | 2024-08-21 | 2024-08-23   | 2024-08-23     | P201         | Croissant    | ... |
| ORD202400480 | 2025-06-24 | 2025-06-24   | 2025-06-26     | P204         | Bagel        | ... |
| ORD202400481 | 2025-04-26 | 2025-04-27   | 2025-04-27     | P005         | Mocha        | ... |
| ORD202400482 | 2025-05-27 | 2025-05-29   | 2025-06-02     | P203         | Brownie      | ... |
| ORD202400483 | 2024-06-10 | 2024-06-12   | 2024-06-12     | P102         | Black Tea    | ... |
| ORD202400484 | 2024-07-09 | 2024-07-09   | 2024-07-12     | P102         | Black Tea    | ... |
| ORD202400485 | 2024-09-20 | 2024-09-20   | 2024-09-24     | P103         | Thai Tea     | ... |
| ORD202400486 | 2024-07-23 | 2024-07-24   | 2024-07-28     | P102         | Black Tea    | ... |
| ORD202400487 | 2024-06-03 | 2024-06-04   | 2024-06-04     | P002         | Americano    | ... |
| ORD202400488 | 2024-04-29 | 2024-05-01   | 2024-05-04     | P005         | Mocha        | ... |
| ORD202400489 | 2025-06-06 | 2025-06-08   | 2025-06-09     | P005         | Mocha        | ... |
| ORD202400490 | 2024-07-04 | 2024-07-05   | 2024-07-09     | P203         | Brownie      | ... |
| ORD202400491 | 2024-01-17 | 2024-01-18   | 2024-01-20     | P204         | Bagel        | ... |
| ORD202400492 | 2024-03-08 | 2024-03-10   | 2024-03-12     | P005         | Mocha        | ... |
| ORD202400493 | 2024-02-08 | 2024-02-09   | 2024-02-11     | P102         | Black Tea    | ... |
| ORD202400494 | 2025-06-25 |              |                | P002         | Americano    | ... |
| ORD202400495 | 2024-09-21 |              |                | P103         | Thai Tea     | ... |
| ORD202400496 | 2024-11-27 | 2024-11-27   | 2024-12-01     | P003         | Latte        | ... |
| ORD202400497 | 2024-10-22 | 2024-10-24   |                | P002         | Americano    | ... |
| ORD202400498 | 2024-09-14 |              |                | P004         | Cappuccino   | ... |
| ORD202400499 | 2025-04-16 | 2025-04-16   | 2025-04-17     | P204         | Bagel        | ... |
| ORD202400500 | 2024-09-29 | 2024-09-30   | 2024-10-03     | P103         | Thai Tea     | ... |
| ORD202400501 | 2025-05-08 | 2025-05-08   | 2025-05-10     | P204         | Bagel        | ... |
| ORD202400502 | 2024-06-16 | 2024-06-18   | 2024-06-20     | P201         | Croissant    | ... |
| ORD202400503 | 2024-07-30 | 2024-07-30   | 2024-07-30     | P002         | Americano    | ... |
| ORD202400504 | 2025-03-08 | 2025-03-10   | 2025-03-14     | P002         | Americano    | ... |
| ORD202400505 | 2024-09-21 | 2024-09-21   | 2024-09-22     | P003         | Latte        | ... |
| ORD202400506 | 2024-02-17 | 2024-02-17   | 2024-02-21     | P001         | Espresso     | ... |
| ORD202400507 | 2024-06-05 | 2024-06-07   | 2024-06-07     | P101         | Green Tea    | ... |
| ORD202400508 | 2024-05-14 | 2024-05-15   | 2024-05-18     | P202         | Cheesecake   | ... |
| ORD202400509 | 2024-11-24 | 2024-11-26   |                | P004         | Cappuccino   | ... |
| ORD202400510 | 2025-02-01 | 2025-02-02   | 2025-02-04     | P202         | Cheesecake   | ... |
| ORD202400511 | 2025-05-14 | 2025-05-15   |                | P202         | Cheesecake   | ... |
| ORD202400512 | 2025-06-10 | 2025-06-10   | 2025-06-10     | P005         | Mocha        | ... |
| ORD202400513 | 2024-04-28 | 2024-04-30   | 2024-04-30     | P004         | Cappuccino   | ... |
| ORD202400514 | 2024-04-06 | 2024-04-06   | 2024-04-07     | P204         | Bagel        | ... |
| ORD202400515 | 2024-06-11 | 2024-06-13   | 2024-06-13     | P203         | Brownie      | ... |
| ORD202400516 | 2024-08-15 | 2024-08-17   |                | P202         | Cheesecake   | ... |
| ORD202400517 | 2024-05-16 | 2024-05-17   |                | P103         | Thai Tea     | ... |
| ORD202400518 | 2024-07-26 | 2024-07-28   | 2024-07-29     | P004         | Cappuccino   | ... |
| ORD202400519 | 2025-03-07 | 2025-03-07   | 2025-03-08     | P102         | Black Tea    | ... |
| ORD202400520 | 2025-02-06 | 2025-02-08   |                | P004         | Cappuccino   | ... |
| ORD202400521 | 2024-07-10 |              |                | P004         | Cappuccino   | ... |
| ORD202400522 | 2025-06-25 | 2025-06-26   | 2025-06-28     | P102         | Black Tea    | ... |
| ORD202400523 | 2024-02-17 | 2024-02-17   | 2024-02-21     | P101         | Green Tea    | ... |
| ORD202400524 | 2025-03-21 | 2025-03-22   | 2025-03-25     | P103         | Thai Tea     | ... |
| ORD202400525 | 2025-04-30 | 2025-05-02   | 2025-05-03     | P201         | Croissant    | ... |
| ORD202400526 | 2024-03-31 | 2024-04-01   | 2024-04-04     | P204         | Bagel        | ... |
| ORD202400527 | 2025-04-11 | 2025-04-13   |                | P201         | Croissant    | ... |
| ORD202400528 | 2025-02-17 | 2025-02-18   | 2025-02-20     | P005         | Mocha        | ... |
| ORD202400529 | 2025-06-16 | 2025-06-17   | 2025-06-18     | P102         | Black Tea    | ... |
| ORD202400530 | 2025-04-12 | 2025-04-12   | 2025-04-13     | P002         | Americano    | ... |
| ORD202400531 | 2024-06-18 | 2024-06-18   | 2024-06-21     | P102         | Black Tea    | ... |
| ORD202400532 | 2024-07-06 | 2024-07-06   |                | P204         | Bagel        | ... |
| ORD202400533 | 2024-08-20 | 2024-08-22   | 2024-08-23     | P003         | Latte        | ... |
| ORD202400534 | 2024-07-21 | 2024-07-23   | 2024-07-26     | P005         | Mocha        | ... |
| ORD202400535 | 2024-12-03 | 2024-12-03   | 2024-12-03     | P103         | Thai Tea     | ... |
| ORD202400536 | 2024-08-16 | 2024-08-16   | 2024-08-19     | P101         | Green Tea    | ... |
| ORD202400537 | 2024-01-08 | 2024-01-08   | 2024-01-08     | P001         | Espresso     | ... |
| ORD202400538 | 2024-10-24 | 2024-10-25   | 2024-10-28     | P102         | Black Tea    | ... |
| ORD202400539 | 2024-10-03 |              |                | P203         | Brownie      | ... |
| ORD202400540 | 2024-12-02 | 2024-12-04   | 2024-12-08     | P002         | Americano    | ... |
| ORD202400541 | 2025-01-28 | 2025-01-29   | 2025-02-02     | P101         | Green Tea    | ... |
| ORD202400542 | 2024-12-11 | 2024-12-13   | 2024-12-13     | P103         | Thai Tea     | ... |
| ORD202400543 | 2024-06-05 | 2024-06-05   | 2024-06-09     | P103         | Thai Tea     | ... |
| ORD202400544 | 2025-03-04 | 2025-03-05   | 2025-03-06     | P203         | Brownie      | ... |
| ORD202400545 | 2025-02-19 | 2025-02-21   | 2025-02-22     | P004         | Cappuccino   | ... |
| ORD202400546 | 2024-01-24 | 2024-01-26   | 2024-01-27     | P101         | Green Tea    | ... |
| ORD202400547 | 2024-10-03 | 2024-10-03   | 2024-10-07     | P004         | Cappuccino   | ... |
| ORD202400548 | 2025-01-01 |              |                | P202         | Cheesecake   | ... |
| ORD202400549 | 2024-04-30 | 2024-05-02   | 2024-05-03     | P102         | Black Tea    | ... |
| ORD202400550 | 2024-03-17 | 2024-03-18   |                | P201         | Croissant    | ... |
| ORD202400551 | 2024-03-06 |              |                | P004         | Cappuccino   | ... |
| ORD202400552 | 2024-01-11 | 2024-01-12   | 2024-01-15     | P201         | Croissant    | ... |
| ORD202400553 | 2025-06-16 | 2025-06-17   | 2025-06-18     | P005         | Mocha        | ... |
| ORD202400554 | 2024-12-28 | 2024-12-30   | 2025-01-02     | P005         | Mocha        | ... |
| ORD202400555 | 2024-08-06 | 2024-08-08   | 2024-08-11     | P103         | Thai Tea     | ... |
| ORD202400556 | 2024-07-23 | 2024-07-24   | 2024-07-26     | P102         | Black Tea    | ... |
| ORD202400557 | 2024-10-06 | 2024-10-07   | 2024-10-08     | P004         | Cappuccino   | ... |
| ORD202400558 | 2024-10-10 | 2024-10-11   | 2024-10-12     | P204         | Bagel        | ... |
| ORD202400559 | 2024-07-07 | 2024-07-07   | 2024-07-09     | P102         | Black Tea    | ... |
| ORD202400560 | 2024-03-16 | 2024-03-16   | 2024-03-18     | P005         | Mocha        | ... |
| ORD202400561 | 2024-09-28 | 2024-09-30   | 2024-09-30     | P204         | Bagel        | ... |
| ORD202400562 | 2024-04-11 | 2024-04-11   | 2024-04-12     | P201         | Croissant    | ... |
| ORD202400563 | 2025-04-23 | 2025-04-25   | 2025-04-28     | P103         | Thai Tea     | ... |
| ORD202400564 | 2024-11-19 |              |                | P003         | Latte        | ... |
| ORD202400565 | 2024-06-21 | 2024-06-22   | 2024-06-22     | P201         | Croissant    | ... |
| ORD202400566 | 2024-03-27 | 2024-03-28   | 2024-03-28     | P001         | Espresso     | ... |
| ORD202400567 | 2024-04-17 |              |                | P002         | Americano    | ... |
| ORD202400568 | 2024-12-21 | 2024-12-21   |                | P103         | Thai Tea     | ... |
| ORD202400569 | 2024-09-14 | 2024-09-16   | 2024-09-18     | P003         | Latte        | ... |
| ORD202400570 | 2024-12-31 | 2024-12-31   | 2025-01-03     | P002         | Americano    | ... |
| ORD202400571 | 2025-05-30 | 2025-06-01   |                | P002         | Americano    | ... |
| ORD202400572 | 2024-04-10 | 2024-04-10   |                | P001         | Espresso     | ... |
| ORD202400573 | 2024-08-20 | 2024-08-21   | 2024-08-24     | P102         | Black Tea    | ... |
| ORD202400574 | 2025-06-19 | 2025-06-19   | 2025-06-21     | P203         | Brownie      | ... |
| ORD202400575 | 2025-01-15 | 2025-01-16   | 2025-01-19     | P101         | Green Tea    | ... |
| ORD202400576 | 2024-04-25 |              |                | P004         | Cappuccino   | ... |
| ORD202400577 | 2024-01-23 | 2024-01-25   | 2024-01-27     | P204         | Bagel        | ... |
| ORD202400578 | 2024-10-12 | 2024-10-12   |                | P003         | Latte        | ... |
| ORD202400579 | 2024-07-19 | 2024-07-19   | 2024-07-21     | P102         | Black Tea    | ... |
| ORD202400580 | 2025-03-28 | 2025-03-28   | 2025-03-29     | P004         | Cappuccino   | ... |
| ORD202400581 | 2025-06-11 | 2025-06-11   | 2025-06-11     | P202         | Cheesecake   | ... |
| ORD202400582 | 2024-06-02 | 2024-06-04   |                | P102         | Black Tea    | ... |
| ORD202400583 | 2024-02-22 | 2024-02-22   | 2024-02-24     | P101         | Green Tea    | ... |
| ORD202400584 | 2024-07-01 | 2024-07-01   | 2024-07-01     | P002         | Americano    | ... |
| ORD202400585 | 2024-01-13 |              |                | P002         | Americano    | ... |
| ORD202400586 | 2024-08-26 | 2024-08-26   |                | P203         | Brownie      | ... |
| ORD202400587 | 2024-11-18 | 2024-11-19   | 2024-11-20     | P202         | Cheesecake   | ... |
| ORD202400588 | 2024-11-01 | 2024-11-01   | 2024-11-04     | P003         | Latte        | ... |
| ORD202400589 | 2024-10-10 | 2024-10-11   | 2024-10-14     | P201         | Croissant    | ... |
| ORD202400590 | 2024-11-17 | 2024-11-19   | 2024-11-23     | P101         | Green Tea    | ... |
| ORD202400591 | 2025-04-29 | 2025-04-29   |                | P103         | Thai Tea     | ... |
| ORD202400592 | 2024-12-14 | 2024-12-16   | 2024-12-16     | P201         | Croissant    | ... |
| ORD202400593 | 2024-03-09 | 2024-03-10   | 2024-03-13     | P005         | Mocha        | ... |
| ORD202400594 | 2025-03-10 | 2025-03-10   | 2025-03-12     | P004         | Cappuccino   | ... |
| ORD202400595 | 2024-02-12 | 2024-02-13   |                | P001         | Espresso     | ... |
| ORD202400596 | 2024-08-27 |              |                | P102         | Black Tea    | ... |
| ORD202400597 | 2024-02-08 | 2024-02-09   | 2024-02-10     | P202         | Cheesecake   | ... |
| ORD202400598 | 2024-08-04 |              |                | P102         | Black Tea    | ... |
| ORD202400599 | 2024-10-19 | 2024-10-19   | 2024-10-23     | P003         | Latte        | ... |
| ORD202400600 | 2025-03-06 | 2025-03-08   | 2025-03-11     | P001         | Espresso     | ... |
| ORD202400601 | 2025-01-31 | 2025-02-02   | 2025-02-06     | P103         | Thai Tea     | ... |
| ORD202400602 | 2024-03-14 | 2024-03-16   | 2024-03-18     | P101         | Green Tea    | ... |
| ORD202400603 | 2024-06-01 | 2024-06-03   | 2024-06-03     | P002         | Americano    | ... |
| ORD202400604 | 2024-04-21 | 2024-04-21   | 2024-04-24     | P005         | Mocha        | ... |
| ORD202400605 | 2024-04-13 | 2024-04-13   | 2024-04-14     | P204         | Bagel        | ... |
| ORD202400606 | 2024-03-02 | 2024-03-03   | 2024-03-03     | P005         | Mocha        | ... |
| ORD202400607 | 2025-01-08 | 2025-01-10   |                | P201         | Croissant    | ... |
| ORD202400608 | 2025-06-10 | 2025-06-11   | 2025-06-14     | P004         | Cappuccino   | ... |
| ORD202400609 | 2025-01-21 | 2025-01-21   |                | P002         | Americano    | ... |
| ORD202400610 | 2025-04-19 | 2025-04-21   | 2025-04-25     | P005         | Mocha        | ... |
| ORD202400611 | 2024-10-04 | 2024-10-04   | 2024-10-04     | P203         | Brownie      | ... |
| ORD202400612 | 2025-03-12 | 2025-03-12   | 2025-03-16     | P004         | Cappuccino   | ... |
| ORD202400613 | 2024-01-17 | 2024-01-18   | 2024-01-22     | P103         | Thai Tea     | ... |
| ORD202400614 | 2024-06-03 | 2024-06-03   | 2024-06-05     | P101         | Green Tea    | ... |
| ORD202400615 | 2025-03-09 | 2025-03-09   | 2025-03-13     | P203         | Brownie      | ... |
| ORD202400616 | 2024-04-25 | 2024-04-26   | 2024-04-29     | P002         | Americano    | ... |
| ORD202400617 | 2024-07-13 | 2024-07-15   | 2024-07-15     | P102         | Black Tea    | ... |
| ORD202400618 | 2024-04-28 |              |                | P001         | Espresso     | ... |
| ORD202400619 | 2024-02-10 | 2024-02-10   | 2024-02-12     | P005         | Mocha        | ... |
| ORD202400620 | 2024-10-18 | 2024-10-18   | 2024-10-22     | P004         | Cappuccino   | ... |
| ORD202400621 | 2024-01-07 | 2024-01-07   | 2024-01-10     | P003         | Latte        | ... |
| ORD202400622 | 2025-03-11 | 2025-03-12   | 2025-03-16     | P004         | Cappuccino   | ... |
| ORD202400623 | 2025-04-11 | 2025-04-11   | 2025-04-14     | P002         | Americano    | ... |
| ORD202400624 | 2024-04-20 | 2024-04-21   | 2024-04-25     | P201         | Croissant    | ... |
| ORD202400625 | 2024-02-25 | 2024-02-25   | 2024-02-29     | P103         | Thai Tea     | ... |
| ORD202400626 | 2024-01-10 |              |                | P004         | Cappuccino   | ... |
| ORD202400627 | 2024-11-06 | 2024-11-07   | 2024-11-11     | P003         | Latte        | ... |
| ORD202400628 | 2025-03-30 |              |                | P001         | Espresso     | ... |
| ORD202400629 | 2025-01-12 | 2025-01-13   | 2025-01-16     | P004         | Cappuccino   | ... |
| ORD202400630 | 2024-10-22 | 2024-10-23   | 2024-10-23     | P204         | Bagel        | ... |
| ORD202400631 | 2024-11-17 |              |                | P203         | Brownie      | ... |
| ORD202400632 | 2024-03-31 | 2024-04-02   | 2024-04-02     | P203         | Brownie      | ... |
| ORD202400633 | 2024-01-15 | 2024-01-15   |                | P002         | Americano    | ... |
| ORD202400634 | 2024-10-08 | 2024-10-08   | 2024-10-08     | P202         | Cheesecake   | ... |
| ORD202400635 | 2024-05-15 | 2024-05-16   | 2024-05-18     | P102         | Black Tea    | ... |
| ORD202400636 | 2025-04-07 | 2025-04-09   | 2025-04-12     | P203         | Brownie      | ... |
| ORD202400637 | 2024-10-27 | 2024-10-29   | 2024-10-30     | P102         | Black Tea    | ... |
| ORD202400638 | 2025-01-24 | 2025-01-26   |                | P102         | Black Tea    | ... |
| ORD202400639 | 2025-02-27 |              |                | P201         | Croissant    | ... |
| ORD202400640 | 2024-06-15 | 2024-06-15   | 2024-06-16     | P103         | Thai Tea     | ... |
| ORD202400641 | 2024-03-16 | 2024-03-18   | 2024-03-22     | P001         | Espresso     | ... |
| ORD202400642 | 2024-11-10 | 2024-11-10   |                | P201         | Croissant    | ... |
| ORD202400643 | 2025-01-03 |              |                | P202         | Cheesecake   | ... |
| ORD202400644 | 2024-06-04 |              |                | P001         | Espresso     | ... |
| ORD202400645 | 2025-05-05 | 2025-05-06   | 2025-05-07     | P101         | Green Tea    | ... |
| ORD202400646 | 2025-01-19 | 2025-01-21   | 2025-01-24     | P002         | Americano    | ... |
| ORD202400647 | 2025-04-17 | 2025-04-17   |                | P202         | Cheesecake   | ... |
| ORD202400648 | 2025-06-25 | 2025-06-25   | 2025-06-25     | P102         | Black Tea    | ... |
| ORD202400649 | 2024-12-23 | 2024-12-24   | 2024-12-28     | P005         | Mocha        | ... |
| ORD202400650 | 2024-12-13 | 2024-12-14   | 2024-12-15     | P002         | Americano    | ... |
| ORD202400651 | 2024-03-02 | 2024-03-02   | 2024-03-06     | P201         | Croissant    | ... |
| ORD202400652 | 2024-05-28 | 2024-05-28   | 2024-06-01     | P004         | Cappuccino   | ... |
| ORD202400653 | 2024-01-11 | 2024-01-11   | 2024-01-11     | P202         | Cheesecake   | ... |
| ORD202400654 | 2024-08-12 | 2024-08-14   | 2024-08-16     | P101         | Green Tea    | ... |
| ORD202400655 | 2024-03-07 | 2024-03-08   | 2024-03-11     | P201         | Croissant    | ... |
| ORD202400656 | 2024-02-16 | 2024-02-17   | 2024-02-20     | P201         | Croissant    | ... |
| ORD202400657 | 2025-01-30 | 2025-02-01   | 2025-02-04     | P003         | Latte        | ... |
| ORD202400658 | 2024-12-23 |              |                | P001         | Espresso     | ... |
| ORD202400659 | 2025-04-17 |              |                | P103         | Thai Tea     | ... |
| ORD202400660 | 2024-09-26 | 2024-09-26   | 2024-09-27     | P002         | Americano    | ... |
| ORD202400661 | 2024-06-03 | 2024-06-04   | 2024-06-05     | P003         | Latte        | ... |
| ORD202400662 | 2025-02-24 | 2025-02-25   | 2025-03-01     | P001         | Espresso     | ... |
| ORD202400663 | 2024-05-29 | 2024-05-31   | 2024-06-03     | P103         | Thai Tea     | ... |
| ORD202400664 | 2024-10-29 | 2024-10-31   | 2024-10-31     | P005         | Mocha        | ... |
| ORD202400665 | 2025-04-08 | 2025-04-09   | 2025-04-09     | P002         | Americano    | ... |
| ORD202400666 | 2025-03-07 | 2025-03-08   | 2025-03-11     | P003         | Latte        | ... |
| ORD202400667 | 2025-05-13 | 2025-05-15   |                | P101         | Green Tea    | ... |
| ORD202400668 | 2025-04-19 | 2025-04-20   |                | P203         | Brownie      | ... |
| ORD202400669 | 2024-08-04 | 2024-08-05   | 2024-08-08     | P204         | Bagel        | ... |
| ORD202400670 | 2024-06-24 |              |                | P204         | Bagel        | ... |
| ORD202400671 | 2025-04-16 | 2025-04-17   | 2025-04-18     | P004         | Cappuccino   | ... |
| ORD202400672 | 2024-10-26 | 2024-10-27   |                | P202         | Cheesecake   | ... |
| ORD202400673 | 2024-12-12 | 2024-12-13   | 2024-12-17     | P004         | Cappuccino   | ... |
| ORD202400674 | 2024-12-06 | 2024-12-06   | 2024-12-09     | P003         | Latte        | ... |
| ORD202400675 | 2025-06-18 | 2025-06-18   |                | P202         | Cheesecake   | ... |
| ORD202400676 | 2024-09-15 | 2024-09-15   | 2024-09-16     | P003         | Latte        | ... |
| ORD202400677 | 2024-09-10 |              |                | P002         | Americano    | ... |
| ORD202400678 | 2024-08-15 |              |                | P003         | Latte        | ... |
| ORD202400679 | 2024-03-25 | 2024-03-25   | 2024-03-25     | P001         | Espresso     | ... |
| ORD202400680 | 2024-08-11 | 2024-08-13   | 2024-08-14     | P202         | Cheesecake   | ... |
| ORD202400681 | 2024-06-16 |              |                | P102         | Black Tea    | ... |
| ORD202400682 | 2024-03-13 |              |                | P101         | Green Tea    | ... |
| ORD202400683 | 2025-02-06 | 2025-02-06   | 2025-02-08     | P103         | Thai Tea     | ... |
| ORD202400684 | 2025-02-01 | 2025-02-03   | 2025-02-07     | P204         | Bagel        | ... |
| ORD202400685 | 2024-12-31 | 2025-01-02   | 2025-01-05     | P003         | Latte        | ... |
| ORD202400686 | 2024-08-30 | 2024-09-01   | 2024-09-01     | P202         | Cheesecake   | ... |
| ORD202400687 | 2024-04-01 | 2024-04-02   | 2024-04-06     | P004         | Cappuccino   | ... |
| ORD202400688 | 2024-04-15 |              |                | P103         | Thai Tea     | ... |
| ORD202400689 | 2024-10-23 | 2024-10-25   | 2024-10-29     | P005         | Mocha        | ... |
| ORD202400690 | 2024-11-26 | 2024-11-26   | 2024-11-27     | P203         | Brownie      | ... |
| ORD202400691 | 2025-05-11 |              |                | P102         | Black Tea    | ... |
| ORD202400692 | 2024-12-14 | 2024-12-15   | 2024-12-15     | P202         | Cheesecake   | ... |
| ORD202400693 | 2024-08-29 |              |                | P004         | Cappuccino   | ... |
| ORD202400694 | 2024-10-16 | 2024-10-16   | 2024-10-18     | P003         | Latte        | ... |
| ORD202400695 | 2025-06-24 | 2025-06-25   | 2025-06-29     | P204         | Bagel        | ... |
| ORD202400696 | 2024-08-27 | 2024-08-28   |                | P005         | Mocha        | ... |
| ORD202400697 | 2024-01-10 |              |                | P002         | Americano    | ... |
| ORD202400698 | 2025-02-15 | 2025-02-15   | 2025-02-17     | P202         | Cheesecake   | ... |
| ORD202400699 | 2024-08-05 | 2024-08-07   | 2024-08-07     | P003         | Latte        | ... |
| ORD202400700 | 2025-03-21 | 2025-03-21   | 2025-03-25     | P002         | Americano    | ... |
| ORD202400701 | 2025-01-05 | 2025-01-07   | 2025-01-09     | P203         | Brownie      | ... |
| ORD202400702 | 2025-06-12 | 2025-06-14   | 2025-06-17     | P202         | Cheesecake   | ... |
| ORD202400703 | 2024-04-22 | 2024-04-24   | 2024-04-25     | P204         | Bagel        | ... |
| ORD202400704 | 2025-06-29 | 2025-06-30   | 2025-07-01     | P002         | Americano    | ... |
| ORD202400705 | 2025-06-19 | 2025-06-20   | 2025-06-24     | P001         | Espresso     | ... |
| ORD202400706 | 2024-04-10 | 2024-04-11   | 2024-04-11     | P002         | Americano    | ... |
| ORD202400707 | 2024-08-07 |              |                | P004         | Cappuccino   | ... |
| ORD202400708 | 2024-12-19 | 2024-12-19   | 2024-12-20     | P003         | Latte        | ... |
| ORD202400709 | 2025-02-12 | 2025-02-14   |                | P103         | Thai Tea     | ... |
| ORD202400710 | 2025-03-15 | 2025-03-17   | 2025-03-20     | P003         | Latte        | ... |
| ORD202400711 | 2024-06-01 | 2024-06-03   | 2024-06-06     | P101         | Green Tea    | ... |
| ORD202400712 | 2024-03-03 | 2024-03-04   | 2024-03-06     | P003         | Latte        | ... |
| ORD202400713 | 2025-01-14 | 2025-01-16   | 2025-01-17     | P203         | Brownie      | ... |
| ORD202400714 | 2024-07-30 | 2024-08-01   | 2024-08-04     | P003         | Latte        | ... |
| ORD202400715 | 2025-04-14 | 2025-04-16   | 2025-04-17     | P201         | Croissant    | ... |
| ORD202400716 | 2024-05-02 | 2024-05-02   | 2024-05-04     | P005         | Mocha        | ... |
| ORD202400717 | 2024-10-03 | 2024-10-04   | 2024-10-05     | P204         | Bagel        | ... |
| ORD202400718 | 2025-04-24 | 2025-04-25   | 2025-04-25     | P103         | Thai Tea     | ... |
| ORD202400719 | 2024-04-28 | 2024-04-30   | 2024-05-01     | P002         | Americano    | ... |
| ORD202400720 | 2025-02-12 | 2025-02-14   | 2025-02-15     | P002         | Americano    | ... |
| ORD202400721 | 2024-05-30 | 2024-06-01   | 2024-06-02     | P004         | Cappuccino   | ... |
| ORD202400722 | 2025-01-26 | 2025-01-26   | 2025-01-27     | P204         | Bagel        | ... |
| ORD202400723 | 2024-03-24 | 2024-03-25   | 2024-03-25     | P204         | Bagel        | ... |
| ORD202400724 | 2024-01-30 | 2024-01-31   | 2024-02-04     | P203         | Brownie      | ... |
| ORD202400725 | 2025-03-03 | 2025-03-03   |                | P002         | Americano    | ... |
| ORD202400726 | 2025-05-27 | 2025-05-27   | 2025-05-29     | P004         | Cappuccino   | ... |
| ORD202400727 | 2025-01-17 | 2025-01-17   | 2025-01-19     | P101         | Green Tea    | ... |
| ORD202400728 | 2024-11-13 | 2024-11-13   | 2024-11-15     | P102         | Black Tea    | ... |
| ORD202400729 | 2024-08-11 | 2024-08-12   | 2024-08-14     | P003         | Latte        | ... |
| ORD202400730 | 2025-02-23 | 2025-02-23   | 2025-02-26     | P001         | Espresso     | ... |
| ORD202400731 | 2024-04-20 |              |                | P204         | Bagel        | ... |
| ORD202400732 | 2024-09-24 | 2024-09-25   | 2024-09-26     | P101         | Green Tea    | ... |
| ORD202400733 | 2024-11-04 | 2024-11-05   |                | P004         | Cappuccino   | ... |
| ORD202400734 | 2025-02-22 | 2025-02-24   | 2025-02-27     | P201         | Croissant    | ... |
| ORD202400735 | 2024-08-07 | 2024-08-09   | 2024-08-09     | P202         | Cheesecake   | ... |
| ORD202400736 | 2024-10-03 | 2024-10-04   | 2024-10-08     | P001         | Espresso     | ... |
| ORD202400737 | 2025-04-24 | 2025-04-26   | 2025-04-28     | P001         | Espresso     | ... |
| ORD202400738 | 2024-11-19 |              |                | P003         | Latte        | ... |
| ORD202400739 | 2024-12-01 | 2024-12-03   | 2024-12-06     | P005         | Mocha        | ... |
| ORD202400740 | 2024-03-23 | 2024-03-24   | 2024-03-25     | P101         | Green Tea    | ... |
| ORD202400741 | 2024-03-27 | 2024-03-28   | 2024-03-30     | P004         | Cappuccino   | ... |
| ORD202400742 | 2025-03-21 | 2025-03-22   | 2025-03-22     | P202         | Cheesecake   | ... |
| ORD202400743 | 2024-03-29 | 2024-03-31   | 2024-04-03     | P202         | Cheesecake   | ... |
| ORD202400744 | 2024-05-30 | 2024-05-30   | 2024-06-01     | P005         | Mocha        | ... |
| ORD202400745 | 2025-06-21 | 2025-06-23   | 2025-06-26     | P002         | Americano    | ... |
| ORD202400746 | 2024-11-13 | 2024-11-13   | 2024-11-15     | P101         | Green Tea    | ... |
| ORD202400747 | 2024-08-15 | 2024-08-15   | 2024-08-18     | P202         | Cheesecake   | ... |
| ORD202400748 | 2024-07-17 | 2024-07-19   | 2024-07-22     | P002         | Americano    | ... |
| ORD202400749 | 2025-04-15 |              |                | P201         | Croissant    | ... |
| ORD202400750 | 2025-03-26 | 2025-03-27   | 2025-03-29     | P004         | Cappuccino   | ... |
| ORD202400751 | 2024-04-03 | 2024-04-03   | 2024-04-03     | P202         | Cheesecake   | ... |
| ORD202400752 | 2024-11-24 | 2024-11-26   | 2024-11-29     | P101         | Green Tea    | ... |
| ORD202400753 | 2024-08-23 |              |                | P103         | Thai Tea     | ... |
| ORD202400754 | 2024-04-26 | 2024-04-28   | 2024-04-28     | P004         | Cappuccino   | ... |
| ORD202400755 | 2024-09-17 |              |                | P101         | Green Tea    | ... |
| ORD202400756 | 2024-05-04 | 2024-05-05   | 2024-05-06     | P001         | Espresso     | ... |
| ORD202400757 | 2024-06-29 | 2024-06-30   | 2024-07-04     | P005         | Mocha        | ... |
| ORD202400758 | 2024-12-25 |              |                | P004         | Cappuccino   | ... |
| ORD202400759 | 2024-06-26 | 2024-06-28   | 2024-07-02     | P001         | Espresso     | ... |
| ORD202400760 | 2024-03-09 | 2024-03-10   | 2024-03-11     | P004         | Cappuccino   | ... |
| ORD202400761 | 2024-03-08 | 2024-03-10   | 2024-03-10     | P203         | Brownie      | ... |
| ORD202400762 | 2024-01-27 | 2024-01-28   | 2024-01-31     | P102         | Black Tea    | ... |
| ORD202400763 | 2024-01-02 | 2024-01-02   | 2024-01-02     | P101         | Green Tea    | ... |
| ORD202400764 | 2025-05-03 | 2025-05-05   | 2025-05-05     | P103         | Thai Tea     | ... |
| ORD202400765 | 2025-04-25 | 2025-04-27   | 2025-04-30     | P001         | Espresso     | ... |
| ORD202400766 | 2024-05-20 | 2024-05-21   |                | P002         | Americano    | ... |
| ORD202400767 | 2025-02-10 | 2025-02-10   | 2025-02-14     | P201         | Croissant    | ... |
| ORD202400768 | 2024-11-11 | 2024-11-12   | 2024-11-15     | P103         | Thai Tea     | ... |
| ORD202400769 | 2025-04-22 |              |                | P201         | Croissant    | ... |
| ORD202400770 | 2024-01-30 | 2024-01-30   |                | P203         | Brownie      | ... |
| ORD202400771 | 2025-03-12 | 2025-03-14   | 2025-03-17     | P003         | Latte        | ... |
| ORD202400772 | 2024-04-10 |              |                | P203         | Brownie      | ... |
| ORD202400773 | 2024-06-16 | 2024-06-17   | 2024-06-18     | P003         | Latte        | ... |
| ORD202400774 | 2025-03-24 | 2025-03-24   | 2025-03-28     | P103         | Thai Tea     | ... |
| ORD202400775 | 2025-04-23 | 2025-04-24   | 2025-04-24     | P203         | Brownie      | ... |
| ORD202400776 | 2024-11-15 |              |                | P101         | Green Tea    | ... |
| ORD202400777 | 2025-04-19 | 2025-04-20   | 2025-04-24     | P002         | Americano    | ... |
| ORD202400778 | 2025-04-14 | 2025-04-16   | 2025-04-19     | P101         | Green Tea    | ... |
| ORD202400779 | 2025-02-03 | 2025-02-03   | 2025-02-04     | P204         | Bagel        | ... |
| ORD202400780 | 2024-03-02 | 2024-03-03   | 2024-03-06     | P101         | Green Tea    | ... |
| ORD202400781 | 2024-09-01 | 2024-09-03   | 2024-09-05     | P204         | Bagel        | ... |
| ORD202400782 | 2024-05-11 | 2024-05-13   | 2024-05-16     | P201         | Croissant    | ... |
| ORD202400783 | 2024-01-07 | 2024-01-09   | 2024-01-09     | P102         | Black Tea    | ... |
| ORD202400784 | 2024-08-20 | 2024-08-20   | 2024-08-21     | P203         | Brownie      | ... |
| ORD202400785 | 2025-05-16 |              |                | P101         | Green Tea    | ... |
| ORD202400786 | 2025-04-16 | 2025-04-16   | 2025-04-20     | P103         | Thai Tea     | ... |
| ORD202400787 | 2024-07-06 | 2024-07-07   |                | P102         | Black Tea    | ... |
| ORD202400788 | 2025-01-28 | 2025-01-29   | 2025-01-30     | P201         | Croissant    | ... |
| ORD202400789 | 2025-04-08 |              |                | P002         | Americano    | ... |
| ORD202400790 | 2025-02-20 | 2025-02-20   | 2025-02-22     | P203         | Brownie      | ... |
| ORD202400791 | 2024-06-10 | 2024-06-12   | 2024-06-13     | P101         | Green Tea    | ... |
| ORD202400792 | 2024-01-18 |              |                | P101         | Green Tea    | ... |
| ORD202400793 | 2024-05-09 | 2024-05-10   | 2024-05-10     | P103         | Thai Tea     | ... |
| ORD202400794 | 2024-11-19 | 2024-11-20   | 2024-11-22     | P103         | Thai Tea     | ... |
| ORD202400795 | 2024-11-16 | 2024-11-18   |                | P001         | Espresso     | ... |
| ORD202400796 | 2025-03-03 |              |                | P204         | Bagel        | ... |
| ORD202400797 | 2024-09-05 | 2024-09-07   | 2024-09-11     | P004         | Cappuccino   | ... |
| ORD202400798 | 2024-08-24 | 2024-08-25   | 2024-08-28     | P103         | Thai Tea     | ... |
| ORD202400799 | 2025-01-07 | 2025-01-08   | 2025-01-11     | P101         | Green Tea    | ... |
| ORD202400800 | 2024-03-30 | 2024-04-01   | 2024-04-02     | P103         | Thai Tea     | ... |
| ORD202400801 | 2025-02-01 | 2025-02-02   | 2025-02-02     | P103         | Thai Tea     | ... |
| ORD202400802 | 2024-07-29 |              |                | P103         | Thai Tea     | ... |
| ORD202400803 | 2024-12-18 | 2024-12-18   | 2024-12-21     | P005         | Mocha        | ... |
| ORD202400804 | 2024-08-29 | 2024-08-29   | 2024-08-29     | P102         | Black Tea    | ... |
| ORD202400805 | 2024-04-21 |              |                | P102         | Black Tea    | ... |
| ORD202400806 | 2025-03-23 | 2025-03-23   | 2025-03-27     | P103         | Thai Tea     | ... |
| ORD202400807 | 2024-10-20 | 2024-10-21   | 2024-10-24     | P003         | Latte        | ... |
| ORD202400808 | 2025-05-23 | 2025-05-24   | 2025-05-24     | P203         | Brownie      | ... |
| ORD202400809 | 2025-01-09 |              |                | P203         | Brownie      | ... |
| ORD202400810 | 2025-03-10 | 2025-03-11   | 2025-03-11     | P202         | Cheesecake   | ... |
| ORD202400811 | 2024-04-23 | 2024-04-23   |                | P005         | Mocha        | ... |
| ORD202400812 | 2024-02-18 | 2024-02-18   | 2024-02-22     | P202         | Cheesecake   | ... |
| ORD202400813 | 2025-03-23 | 2025-03-23   | 2025-03-26     | P204         | Bagel        | ... |
| ORD202400814 | 2025-04-02 | 2025-04-02   | 2025-04-03     | P201         | Croissant    | ... |
| ORD202400815 | 2025-04-08 | 2025-04-08   | 2025-04-11     | P001         | Espresso     | ... |
| ORD202400816 | 2024-01-17 | 2024-01-17   | 2024-01-21     | P203         | Brownie      | ... |
| ORD202400817 | 2025-02-03 |              |                | P002         | Americano    | ... |
| ORD202400818 | 2024-12-03 | 2024-12-04   | 2024-12-05     | P101         | Green Tea    | ... |
| ORD202400819 | 2025-04-10 | 2025-04-12   | 2025-04-12     | P204         | Bagel        | ... |
| ORD202400820 | 2024-09-16 | 2024-09-18   | 2024-09-22     | P102         | Black Tea    | ... |
| ORD202400821 | 2024-04-29 | 2024-04-30   | 2024-05-03     | P003         | Latte        | ... |
| ORD202400822 | 2024-08-25 | 2024-08-26   | 2024-08-28     | P004         | Cappuccino   | ... |
| ORD202400823 | 2024-03-14 | 2024-03-15   | 2024-03-19     | P203         | Brownie      | ... |
| ORD202400824 | 2025-04-20 | 2025-04-20   | 2025-04-21     | P001         | Espresso     | ... |
| ORD202400825 | 2024-12-09 | 2024-12-09   |                | P005         | Mocha        | ... |
| ORD202400826 | 2024-05-14 | 2024-05-15   |                | P003         | Latte        | ... |
| ORD202400827 | 2025-04-08 |              |                | P103         | Thai Tea     | ... |
| ORD202400828 | 2025-01-29 | 2025-01-31   | 2025-02-02     | P002         | Americano    | ... |
| ORD202400829 | 2024-09-01 | 2024-09-03   | 2024-09-03     | P004         | Cappuccino   | ... |
| ORD202400830 | 2024-11-29 | 2024-12-01   | 2024-12-03     | P102         | Black Tea    | ... |
| ORD202400831 | 2024-01-19 | 2024-01-20   | 2024-01-22     | P201         | Croissant    | ... |
| ORD202400832 | 2024-10-17 | 2024-10-18   | 2024-10-18     | P003         | Latte        | ... |
| ORD202400833 | 2024-11-26 | 2024-11-26   | 2024-11-29     | P004         | Cappuccino   | ... |
| ORD202400834 | 2024-03-23 | 2024-03-24   | 2024-03-28     | P201         | Croissant    | ... |
| ORD202400835 | 2024-10-24 | 2024-10-25   | 2024-10-29     | P005         | Mocha        | ... |
| ORD202400836 | 2024-02-14 | 2024-02-14   | 2024-02-15     | P201         | Croissant    | ... |
| ORD202400837 | 2025-04-13 | 2025-04-13   | 2025-04-15     | P002         | Americano    | ... |
| ORD202400838 | 2024-03-08 | 2024-03-10   | 2024-03-10     | P101         | Green Tea    | ... |
| ORD202400839 | 2025-06-25 | 2025-06-26   |                | P103         | Thai Tea     | ... |
| ORD202400840 | 2024-08-30 | 2024-09-01   | 2024-09-02     | P003         | Latte        | ... |
| ORD202400841 | 2025-03-12 |              |                | P004         | Cappuccino   | ... |
| ORD202400842 | 2024-03-12 | 2024-03-13   | 2024-03-16     | P203         | Brownie      | ... |
| ORD202400843 | 2024-12-01 | 2024-12-01   | 2024-12-03     | P003         | Latte        | ... |
| ORD202400844 | 2024-03-31 | 2024-04-02   | 2024-04-06     | P102         | Black Tea    | ... |
| ORD202400845 | 2024-04-04 |              |                | P101         | Green Tea    | ... |
| ORD202400846 | 2024-04-16 | 2024-04-16   | 2024-04-16     | P203         | Brownie      | ... |
| ORD202400847 | 2025-04-12 |              |                | P001         | Espresso     | ... |
| ORD202400848 | 2025-04-11 |              |                | P004         | Cappuccino   | ... |
| ORD202400849 | 2024-10-19 | 2024-10-21   | 2024-10-21     | P103         | Thai Tea     | ... |
| ORD202400850 | 2025-02-25 | 2025-02-26   | 2025-02-26     | P201         | Croissant    | ... |
| ORD202400851 | 2025-03-27 |              |                | P103         | Thai Tea     | ... |
| ORD202400852 | 2024-02-05 | 2024-02-07   | 2024-02-10     | P102         | Black Tea    | ... |
| ORD202400853 | 2025-05-09 | 2025-05-11   | 2025-05-15     | P004         | Cappuccino   | ... |
| ORD202400854 | 2025-06-03 | 2025-06-03   | 2025-06-04     | P103         | Thai Tea     | ... |
| ORD202400855 | 2024-12-15 | 2024-12-16   | 2024-12-16     | P202         | Cheesecake   | ... |
| ORD202400856 | 2025-06-04 |              |                | P204         | Bagel        | ... |
| ORD202400857 | 2025-02-18 | 2025-02-18   | 2025-02-18     | P203         | Brownie      | ... |
| ORD202400858 | 2024-05-10 | 2024-05-11   | 2024-05-15     | P005         | Mocha        | ... |
| ORD202400859 | 2024-08-13 | 2024-08-15   | 2024-08-18     | P202         | Cheesecake   | ... |
| ORD202400860 | 2025-04-23 |              |                | P101         | Green Tea    | ... |
| ORD202400861 | 2024-10-26 | 2024-10-28   | 2024-11-01     | P004         | Cappuccino   | ... |
| ORD202400862 | 2025-04-17 | 2025-04-19   | 2025-04-23     | P001         | Espresso     | ... |
| ORD202400863 | 2025-03-23 |              |                | P003         | Latte        | ... |
| ORD202400864 | 2024-12-07 | 2024-12-08   | 2024-12-09     | P003         | Latte        | ... |
| ORD202400865 | 2024-11-26 | 2024-11-27   | 2024-11-30     | P103         | Thai Tea     | ... |
| ORD202400866 | 2025-03-29 |              |                | P102         | Black Tea    | ... |
| ORD202400867 | 2025-01-26 | 2025-01-27   | 2025-01-28     | P001         | Espresso     | ... |
| ORD202400868 | 2024-08-11 | 2024-08-11   | 2024-08-11     | P001         | Espresso     | ... |
| ORD202400869 | 2024-03-27 | 2024-03-28   | 2024-03-31     | P002         | Americano    | ... |
| ORD202400870 | 2024-06-11 |              |                | P203         | Brownie      | ... |
| ORD202400871 | 2024-10-06 | 2024-10-08   | 2024-10-09     | P204         | Bagel        | ... |
| ORD202400872 | 2024-11-05 | 2024-11-07   | 2024-11-08     | P202         | Cheesecake   | ... |
| ORD202400873 | 2025-03-04 |              |                | P101         | Green Tea    | ... |
| ORD202400874 | 2024-01-24 | 2024-01-25   | 2024-01-27     | P002         | Americano    | ... |
| ORD202400875 | 2024-11-24 | 2024-11-25   | 2024-11-26     | P202         | Cheesecake   | ... |
| ORD202400876 | 2025-01-25 | 2025-01-26   | 2025-01-26     | P204         | Bagel        | ... |
| ORD202400877 | 2024-03-31 | 2024-03-31   |                | P003         | Latte        | ... |
| ORD202400878 | 2025-01-23 | 2025-01-25   | 2025-01-26     | P103         | Thai Tea     | ... |
| ORD202400879 | 2024-03-05 | 2024-03-07   | 2024-03-08     | P102         | Black Tea    | ... |
| ORD202400880 | 2024-03-18 | 2024-03-20   | 2024-03-24     | P201         | Croissant    | ... |
| ORD202400881 | 2025-03-26 | 2025-03-27   | 2025-03-29     | P203         | Brownie      | ... |
| ORD202400882 | 2024-11-05 | 2024-11-05   | 2024-11-07     | P002         | Americano    | ... |
| ORD202400883 | 2025-04-26 | 2025-04-28   | 2025-04-29     | P204         | Bagel        | ... |
| ORD202400884 | 2024-06-18 | 2024-06-19   |                | P202         | Cheesecake   | ... |
| ORD202400885 | 2025-03-22 | 2025-03-23   | 2025-03-24     | P103         | Thai Tea     | ... |
| ORD202400886 | 2024-05-16 | 2024-05-17   | 2024-05-20     | P201         | Croissant    | ... |
| ORD202400887 | 2025-01-13 | 2025-01-15   | 2025-01-15     | P203         | Brownie      | ... |
| ORD202400888 | 2024-02-01 | 2024-02-03   | 2024-02-04     | P001         | Espresso     | ... |
| ORD202400889 | 2024-09-07 | 2024-09-07   | 2024-09-07     | P005         | Mocha        | ... |
| ORD202400890 | 2024-06-17 | 2024-06-19   | 2024-06-22     | P203         | Brownie      | ... |
| ORD202400891 | 2025-02-25 | 2025-02-26   | 2025-02-26     | P005         | Mocha        | ... |
| ORD202400892 | 2025-06-27 | 2025-06-28   | 2025-06-29     | P103         | Thai Tea     | ... |
| ORD202400893 | 2024-12-29 | 2024-12-30   | 2024-12-31     | P003         | Latte        | ... |
| ORD202400894 | 2024-07-18 | 2024-07-19   | 2024-07-19     | P103         | Thai Tea     | ... |
| ORD202400895 | 2025-06-10 | 2025-06-12   | 2025-06-14     | P001         | Espresso     | ... |
| ORD202400896 | 2025-04-15 |              |                | P101         | Green Tea    | ... |
| ORD202400897 | 2024-03-26 | 2024-03-27   | 2024-03-30     | P003         | Latte        | ... |
| ORD202400898 | 2025-02-18 | 2025-02-19   | 2025-02-19     | P203         | Brownie      | ... |
| ORD202400899 | 2024-03-26 | 2024-03-27   | 2024-03-31     | P202         | Cheesecake   | ... |
| ORD202400900 | 2024-03-13 | 2024-03-15   | 2024-03-15     | P101         | Green Tea    | ... |
| ORD202400901 | 2025-05-19 |              |                | P201         | Croissant    | ... |
| ORD202400902 | 2025-06-26 | 2025-06-28   | 2025-06-29     | P004         | Cappuccino   | ... |
| ORD202400903 | 2024-09-04 | 2024-09-05   | 2024-09-06     | P203         | Brownie      | ... |
| ORD202400904 | 2024-02-22 | 2024-02-22   | 2024-02-26     | P203         | Brownie      | ... |
| ORD202400905 | 2024-01-16 | 2024-01-16   | 2024-01-20     | P101         | Green Tea    | ... |
| ORD202400906 | 2024-08-08 | 2024-08-08   | 2024-08-10     | P001         | Espresso     | ... |
| ORD202400907 | 2024-06-06 |              |                | P202         | Cheesecake   | ... |
| ORD202400908 | 2025-03-18 | 2025-03-20   | 2025-03-20     | P101         | Green Tea    | ... |
| ORD202400909 | 2024-04-14 |              |                | P005         | Mocha        | ... |
| ORD202400910 | 2024-09-25 |              |                | P002         | Americano    | ... |
| ORD202400911 | 2024-12-02 | 2024-12-03   | 2024-12-03     | P001         | Espresso     | ... |
| ORD202400912 | 2024-12-14 | 2024-12-14   | 2024-12-18     | P203         | Brownie      | ... |
| ORD202400913 | 2025-06-11 | 2025-06-13   | 2025-06-16     | P003         | Latte        | ... |
| ORD202400914 | 2024-07-27 | 2024-07-28   | 2024-07-29     | P102         | Black Tea    | ... |
| ORD202400915 | 2025-04-16 | 2025-04-16   | 2025-04-17     | P101         | Green Tea    | ... |
| ORD202400916 | 2024-06-22 |              |                | P003         | Latte        | ... |
| ORD202400917 | 2024-12-16 | 2024-12-18   | 2024-12-19     | P204         | Bagel        | ... |
| ORD202400918 | 2024-04-14 | 2024-04-16   |                | P204         | Bagel        | ... |
| ORD202400919 | 2024-08-04 | 2024-08-06   | 2024-08-09     | P004         | Cappuccino   | ... |
| ORD202400920 | 2024-04-18 | 2024-04-19   | 2024-04-23     | P001         | Espresso     | ... |
| ORD202400921 | 2024-05-26 | 2024-05-26   | 2024-05-26     | P003         | Latte        | ... |
| ORD202400922 | 2025-04-08 | 2025-04-09   | 2025-04-12     | P201         | Croissant    | ... |
| ORD202400923 | 2024-08-03 | 2024-08-04   | 2024-08-07     | P001         | Espresso     | ... |
| ORD202400924 | 2024-11-18 | 2024-11-19   | 2024-11-23     | P204         | Bagel        | ... |
| ORD202400925 | 2024-12-02 | 2024-12-03   |                | P102         | Black Tea    | ... |
| ORD202400926 | 2025-01-27 | 2025-01-27   | 2025-01-27     | P102         | Black Tea    | ... |
| ORD202400927 | 2024-09-22 |              |                | P101         | Green Tea    | ... |
| ORD202400928 | 2025-06-24 | 2025-06-25   | 2025-06-25     | P003         | Latte        | ... |
| ORD202400929 | 2025-01-04 |              |                | P004         | Cappuccino   | ... |
| ORD202400930 | 2024-01-18 | 2024-01-20   | 2024-01-21     | P004         | Cappuccino   | ... |
| ORD202400931 | 2024-10-18 | 2024-10-19   | 2024-10-21     | P004         | Cappuccino   | ... |
| ORD202400932 | 2024-11-04 | 2024-11-04   | 2024-11-05     | P004         | Cappuccino   | ... |
| ORD202400933 | 2024-08-24 | 2024-08-26   | 2024-08-27     | P003         | Latte        | ... |
| ORD202400934 | 2024-02-10 | 2024-02-11   | 2024-02-13     | P102         | Black Tea    | ... |
| ORD202400935 | 2024-04-06 |              |                | P201         | Croissant    | ... |
| ORD202400936 | 2025-06-10 | 2025-06-10   | 2025-06-11     | P002         | Americano    | ... |
| ORD202400937 | 2024-07-13 | 2024-07-15   | 2024-07-15     | P101         | Green Tea    | ... |
| ORD202400938 | 2024-05-13 |              |                | P103         | Thai Tea     | ... |
| ORD202400939 | 2024-09-04 | 2024-09-05   | 2024-09-05     | P101         | Green Tea    | ... |
| ORD202400940 | 2024-09-08 |              |                | P102         | Black Tea    | ... |
| ORD202400941 | 2024-04-24 |              |                | P204         | Bagel        | ... |
| ORD202400942 | 2024-05-26 | 2024-05-26   | 2024-05-28     | P103         | Thai Tea     | ... |
| ORD202400943 | 2025-06-12 | 2025-06-14   | 2025-06-18     | P004         | Cappuccino   | ... |
| ORD202400944 | 2024-03-12 | 2024-03-14   | 2024-03-15     | P004         | Cappuccino   | ... |
| ORD202400945 | 2024-04-21 | 2024-04-22   |                | P204         | Bagel        | ... |
| ORD202400946 | 2024-02-07 | 2024-02-08   | 2024-02-12     | P201         | Croissant    | ... |
| ORD202400947 | 2024-03-16 | 2024-03-18   | 2024-03-18     | P003         | Latte        | ... |
| ORD202400948 | 2025-06-21 | 2025-06-21   | 2025-06-24     | P102         | Black Tea    | ... |
| ORD202400949 | 2025-04-09 | 2025-04-11   | 2025-04-12     | P203         | Brownie      | ... |
| ORD202400950 | 2024-05-26 | 2024-05-27   | 2024-05-31     | P204         | Bagel        | ... |
| ORD202400951 | 2024-09-08 | 2024-09-08   | 2024-09-10     | P002         | Americano    | ... |
| ORD202400952 | 2024-08-12 | 2024-08-12   | 2024-08-16     | P005         | Mocha        | ... |
| ORD202400953 | 2025-05-12 | 2025-05-14   | 2025-05-14     | P004         | Cappuccino   | ... |
| ORD202400954 | 2024-08-17 | 2024-08-19   | 2024-08-23     | P001         | Espresso     | ... |
| ORD202400955 | 2024-08-23 | 2024-08-23   | 2024-08-27     | P103         | Thai Tea     | ... |
| ORD202400956 | 2024-09-06 |              |                | P001         | Espresso     | ... |
| ORD202400957 | 2024-12-16 | 2024-12-16   | 2024-12-19     | P001         | Espresso     | ... |
| ORD202400958 | 2024-03-16 | 2024-03-18   | 2024-03-20     | P003         | Latte        | ... |
| ORD202400959 | 2024-03-19 | 2024-03-19   | 2024-03-20     | P101         | Green Tea    | ... |
| ORD202400960 | 2024-04-18 | 2024-04-18   | 2024-04-18     | P002         | Americano    | ... |
| ORD202400961 | 2025-04-23 | 2025-04-23   |                | P101         | Green Tea    | ... |
| ORD202400962 | 2024-10-13 | 2024-10-14   |                | P102         | Black Tea    | ... |
| ORD202400963 | 2024-09-23 | 2024-09-25   | 2024-09-29     | P103         | Thai Tea     | ... |
| ORD202400964 | 2024-03-05 | 2024-03-06   | 2024-03-09     | P103         | Thai Tea     | ... |
| ORD202400965 | 2024-05-06 | 2024-05-07   | 2024-05-11     | P001         | Espresso     | ... |
| ORD202400966 | 2024-11-19 | 2024-11-21   | 2024-11-24     | P004         | Cappuccino   | ... |
| ORD202400967 | 2025-02-12 | 2025-02-13   | 2025-02-16     | P005         | Mocha        | ... |
| ORD202400968 | 2024-10-05 | 2024-10-06   | 2024-10-07     | P005         | Mocha        | ... |
| ORD202400969 | 2024-05-24 | 2024-05-26   | 2024-05-29     | P201         | Croissant    | ... |
| ORD202400970 | 2025-05-17 | 2025-05-17   | 2025-05-18     | P003         | Latte        | ... |
| ORD202400971 | 2024-07-14 | 2024-07-14   | 2024-07-17     | P004         | Cappuccino   | ... |
| ORD202400972 | 2025-02-21 | 2025-02-23   | 2025-02-25     | P202         | Cheesecake   | ... |
| ORD202400973 | 2024-09-21 | 2024-09-21   | 2024-09-24     | P003         | Latte        | ... |
| ORD202400974 | 2024-01-03 | 2024-01-05   | 2024-01-09     | P203         | Brownie      | ... |
| ORD202400975 | 2024-12-23 | 2024-12-24   | 2024-12-26     | P004         | Cappuccino   | ... |
| ORD202400976 | 2024-04-10 | 2024-04-11   | 2024-04-14     | P201         | Croissant    | ... |
| ORD202400977 | 2025-05-16 |              |                | P003         | Latte        | ... |
| ORD202400978 | 2025-02-19 |              |                | P103         | Thai Tea     | ... |
| ORD202400979 | 2024-01-08 | 2024-01-09   | 2024-01-13     | P005         | Mocha        | ... |
| ORD202400980 | 2024-07-13 | 2024-07-13   |                | P004         | Cappuccino   | ... |
| ORD202400981 | 2025-06-29 |              |                | P202         | Cheesecake   | ... |
| ORD202400982 | 2025-06-25 | 2025-06-26   | 2025-06-26     | P202         | Cheesecake   | ... |
| ORD202400983 | 2024-11-16 | 2024-11-16   | 2024-11-17     | P004         | Cappuccino   | ... |
| ORD202400984 | 2024-10-09 | 2024-10-09   | 2024-10-12     | P103         | Thai Tea     | ... |
| ORD202400985 | 2025-04-16 | 2025-04-16   |                | P201         | Croissant    | ... |
| ORD202400986 | 2024-03-11 | 2024-03-12   | 2024-03-12     | P005         | Mocha        | ... |
| ORD202400987 | 2025-01-26 | 2025-01-27   | 2025-01-30     | P204         | Bagel        | ... |
| ORD202400988 | 2025-05-05 | 2025-05-06   | 2025-05-07     | P204         | Bagel        | ... |
| ORD202400989 | 2024-08-14 | 2024-08-16   | 2024-08-17     | P103         | Thai Tea     | ... |
| ORD202400990 | 2024-07-06 | 2024-07-07   | 2024-07-09     | P201         | Croissant    | ... |
| ORD202400991 | 2025-01-03 | 2025-01-03   | 2025-01-05     | P005         | Mocha        | ... |
| ORD202400992 | 2025-03-02 | 2025-03-02   | 2025-03-04     | P202         | Cheesecake   | ... |
| ORD202400993 | 2024-07-25 | 2024-07-25   | 2024-07-25     | P101         | Green Tea    | ... |
| ORD202400994 | 2024-09-29 | 2024-10-01   | 2024-10-03     | P101         | Green Tea    | ... |
| ORD202400995 | 2024-06-13 | 2024-06-14   | 2024-06-18     | P002         | Americano    | ... |
| ORD202400996 | 2024-05-15 | 2024-05-15   | 2024-05-18     | P102         | Black Tea    | ... |
| ORD202400997 | 2024-07-21 | 2024-07-21   | 2024-07-24     | P202         | Cheesecake   | ... |
| ORD202400998 | 2024-05-02 | 2024-05-04   | 2024-05-06     | P204         | Bagel        | ... |
| ORD202400999 | 2024-12-21 | 2024-12-21   | 2024-12-23     | P204         | Bagel        | ... |
| ORD202401000 | 2024-01-09 |              |                | P002         | Americano    | ... |
| ORD202401001 | 2024-12-09 | 2024-12-11   | 2024-12-12     | P001         | Espresso     | ... |
| ORD202401002 | 2024-10-23 | 2024-10-25   | 2024-10-27     | P002         | Americano    | ... |
| ORD202401003 | 2025-01-27 | 2025-01-29   | 2025-02-02     | P201         | Croissant    | ... |
| ORD202401004 | 2024-05-13 | 2024-05-13   | 2024-05-15     | P103         | Thai Tea     | ... |
| ORD202401005 | 2024-12-20 | 2024-12-20   | 2024-12-22     | P204         | Bagel        | ... |
| ORD202401006 | 2024-10-23 | 2024-10-23   | 2024-10-23     | P001         | Espresso     | ... |
| ORD202401007 | 2024-11-17 |              |                | P002         | Americano    | ... |
| ORD202401008 | 2024-01-14 | 2024-01-14   | 2024-01-16     | P101         | Green Tea    | ... |
| ORD202401009 | 2024-06-12 | 2024-06-13   | 2024-06-13     | P204         | Bagel        | ... |
| ORD202401010 | 2024-08-25 | 2024-08-26   | 2024-08-28     | P001         | Espresso     | ... |
| ORD202401011 | 2024-02-13 | 2024-02-14   | 2024-02-15     | P001         | Espresso     | ... |
| ORD202401012 | 2024-07-15 | 2024-07-16   | 2024-07-16     | P002         | Americano    | ... |
| ORD202401013 | 2024-06-23 | 2024-06-23   | 2024-06-23     | P102         | Black Tea    | ... |
| ORD202401014 | 2025-02-19 | 2025-02-21   | 2025-02-23     | P201         | Croissant    | ... |
| ORD202401015 | 2024-08-02 | 2024-08-02   | 2024-08-02     | P003         | Latte        | ... |
| ORD202401016 | 2024-07-19 | 2024-07-20   | 2024-07-23     | P201         | Croissant    | ... |
| ORD202401017 | 2024-11-23 | 2024-11-25   | 2024-11-29     | P103         | Thai Tea     | ... |
| ORD202401018 | 2025-05-04 |              |                | P001         | Espresso     | ... |
| ORD202401019 | 2024-12-26 | 2024-12-26   | 2024-12-26     | P001         | Espresso     | ... |
| ORD202401020 | 2024-01-22 | 2024-01-23   | 2024-01-27     | P204         | Bagel        | ... |
| ORD202401021 | 2025-03-29 | 2025-03-30   | 2025-03-31     | P001         | Espresso     | ... |
| ORD202401022 | 2024-11-12 |              |                | P204         | Bagel        | ... |
| ORD202401023 | 2024-12-15 | 2024-12-17   | 2024-12-18     | P005         | Mocha        | ... |
| ORD202401024 | 2024-03-19 | 2024-03-20   | 2024-03-22     | P204         | Bagel        | ... |
| ORD202401025 | 2024-09-23 | 2024-09-24   | 2024-09-25     | P203         | Brownie      | ... |
| ORD202401026 | 2025-02-20 | 2025-02-21   | 2025-02-24     | P005         | Mocha        | ... |
| ORD202401027 | 2024-02-26 | 2024-02-26   | 2024-02-27     | P004         | Cappuccino   | ... |
| ORD202401028 | 2024-07-19 | 2024-07-20   | 2024-07-21     | P003         | Latte        | ... |
| ORD202401029 | 2025-02-05 | 2025-02-05   | 2025-02-08     | P201         | Croissant    | ... |
| ORD202401030 | 2024-03-07 | 2024-03-07   | 2024-03-08     | P203         | Brownie      | ... |
| ORD202401031 | 2025-05-01 | 2025-05-03   | 2025-05-05     | P003         | Latte        | ... |
| ORD202401032 | 2024-11-24 | 2024-11-24   | 2024-11-26     | P002         | Americano    | ... |
| ORD202401033 | 2024-11-10 | 2024-11-12   | 2024-11-13     | P101         | Green Tea    | ... |
| ORD202401034 | 2024-04-30 | 2024-04-30   |                | P101         | Green Tea    | ... |
| ORD202401035 | 2024-02-16 | 2024-02-18   | 2024-02-18     | P004         | Cappuccino   | ... |
| ORD202401036 | 2024-11-03 | 2024-11-03   | 2024-11-04     | P203         | Brownie      | ... |
| ORD202401037 | 2024-09-30 |              |                | P204         | Bagel        | ... |
| ORD202401038 | 2024-12-22 | 2024-12-24   | 2024-12-28     | P204         | Bagel        | ... |
| ORD202401039 | 2024-05-24 | 2024-05-25   | 2024-05-26     | P204         | Bagel        | ... |
| ORD202401040 | 2024-04-24 |              |                | P103         | Thai Tea     | ... |
| ORD202401041 | 2025-06-01 | 2025-06-03   | 2025-06-04     | P101         | Green Tea    | ... |
| ORD202401042 | 2025-03-22 | 2025-03-23   | 2025-03-24     | P202         | Cheesecake   | ... |
| ORD202401043 | 2024-11-25 | 2024-11-27   | 2024-12-01     | P003         | Latte        | ... |
| ORD202401044 | 2024-12-22 | 2024-12-23   | 2024-12-25     | P005         | Mocha        | ... |
| ORD202401045 | 2024-07-01 | 2024-07-01   | 2024-07-05     | P002         | Americano    | ... |
| ORD202401046 | 2025-01-29 | 2025-01-29   | 2025-02-01     | P203         | Brownie      | ... |
| ORD202401047 | 2024-11-03 | 2024-11-04   | 2024-11-06     | P202         | Cheesecake   | ... |
| ORD202401048 | 2024-07-27 | 2024-07-29   | 2024-08-01     | P101         | Green Tea    | ... |
| ORD202401049 | 2024-11-21 | 2024-11-22   | 2024-11-25     | P202         | Cheesecake   | ... |
| ORD202401050 | 2024-06-06 | 2024-06-06   | 2024-06-07     | P103         | Thai Tea     | ... |
| ORD202401051 | 2024-11-10 | 2024-11-10   | 2024-11-12     | P004         | Cappuccino   | ... |
| ORD202401052 | 2024-11-22 | 2024-11-24   | 2024-11-25     | P102         | Black Tea    | ... |
| ORD202401053 | 2024-11-02 | 2024-11-02   | 2024-11-05     | P203         | Brownie      | ... |
| ORD202401054 | 2025-06-11 | 2025-06-11   | 2025-06-13     | P203         | Brownie      | ... |
| ORD202401055 | 2024-01-03 | 2024-01-03   | 2024-01-05     | P204         | Bagel        | ... |
| ORD202401056 | 2025-04-02 | 2025-04-03   | 2025-04-06     | P101         | Green Tea    | ... |
| ORD202401057 | 2025-05-07 | 2025-05-09   | 2025-05-11     | P204         | Bagel        | ... |
| ORD202401058 | 2024-01-30 | 2024-01-31   | 2024-01-31     | P001         | Espresso     | ... |
| ORD202401059 | 2024-05-12 |              |                | P005         | Mocha        | ... |
| ORD202401060 | 2024-10-29 | 2024-10-31   | 2024-11-02     | P002         | Americano    | ... |
| ORD202401061 | 2024-10-12 | 2024-10-14   | 2024-10-18     | P202         | Cheesecake   | ... |
| ORD202401062 | 2024-05-04 | 2024-05-04   | 2024-05-04     | P201         | Croissant    | ... |
| ORD202401063 | 2025-04-29 | 2025-04-30   |                | P101         | Green Tea    | ... |
| ORD202401064 | 2024-03-25 | 2024-03-26   | 2024-03-28     | P202         | Cheesecake   | ... |
| ORD202401065 | 2024-10-17 | 2024-10-18   | 2024-10-18     | P103         | Thai Tea     | ... |
| ORD202401066 | 2025-05-30 | 2025-05-31   | 2025-06-02     | P103         | Thai Tea     | ... |
| ORD202401067 | 2024-03-09 | 2024-03-11   | 2024-03-13     | P202         | Cheesecake   | ... |
| ORD202401068 | 2025-03-03 | 2025-03-03   | 2025-03-04     | P103         | Thai Tea     | ... |
| ORD202401069 | 2024-09-03 |              |                | P001         | Espresso     | ... |
| ORD202401070 | 2024-08-02 | 2024-08-04   |                | P103         | Thai Tea     | ... |
| ORD202401071 | 2025-02-17 | 2025-02-19   |                | P002         | Americano    | ... |
| ORD202401072 | 2024-09-27 | 2024-09-29   | 2024-09-29     | P101         | Green Tea    | ... |
| ORD202401073 | 2025-04-01 | 2025-04-02   | 2025-04-06     | P102         | Black Tea    | ... |
| ORD202401074 | 2025-06-19 | 2025-06-20   | 2025-06-22     | P101         | Green Tea    | ... |
| ORD202401075 | 2024-02-04 | 2024-02-05   | 2024-02-07     | P003         | Latte        | ... |
| ORD202401076 | 2024-06-09 | 2024-06-10   | 2024-06-13     | P001         | Espresso     | ... |
| ORD202401077 | 2025-06-16 | 2025-06-18   | 2025-06-22     | P001         | Espresso     | ... |
| ORD202401078 | 2025-05-26 | 2025-05-26   | 2025-05-26     | P203         | Brownie      | ... |
| ORD202401079 | 2025-03-14 | 2025-03-14   | 2025-03-15     | P201         | Croissant    | ... |
| ORD202401080 | 2024-03-21 | 2024-03-22   | 2024-03-23     | P001         | Espresso     | ... |
| ORD202401081 | 2024-01-16 | 2024-01-18   | 2024-01-22     | P102         | Black Tea    | ... |
| ORD202401082 | 2024-09-03 | 2024-09-03   |                | P003         | Latte        | ... |
| ORD202401083 | 2024-09-02 | 2024-09-02   | 2024-09-04     | P005         | Mocha        | ... |
| ORD202401084 | 2024-04-17 | 2024-04-17   | 2024-04-19     | P003         | Latte        | ... |
| ORD202401085 | 2024-12-20 |              |                | P002         | Americano    | ... |
| ORD202401086 | 2025-05-18 | 2025-05-19   | 2025-05-20     | P102         | Black Tea    | ... |
| ORD202401087 | 2024-08-07 | 2024-08-08   | 2024-08-10     | P004         | Cappuccino   | ... |
| ORD202401088 | 2024-10-29 | 2024-10-30   | 2024-10-30     | P003         | Latte        | ... |
| ORD202401089 | 2025-01-19 | 2025-01-21   | 2025-01-21     | P002         | Americano    | ... |
| ORD202401090 | 2024-11-27 |              |                | P201         | Croissant    | ... |
| ORD202401091 | 2024-12-06 | 2024-12-08   | 2024-12-11     | P204         | Bagel        | ... |
| ORD202401092 | 2024-02-07 | 2024-02-07   | 2024-02-07     | P004         | Cappuccino   | ... |
| ORD202401093 | 2024-04-18 | 2024-04-20   | 2024-04-20     | P202         | Cheesecake   | ... |
| ORD202401094 | 2024-06-23 | 2024-06-25   |                | P101         | Green Tea    | ... |
| ORD202401095 | 2025-06-05 | 2025-06-06   | 2025-06-10     | P002         | Americano    | ... |
| ORD202401096 | 2024-09-09 | 2024-09-11   | 2024-09-11     | P204         | Bagel        | ... |
| ORD202401097 | 2025-04-07 | 2025-04-09   | 2025-04-12     | P101         | Green Tea    | ... |
| ORD202401098 | 2024-12-31 |              |                | P103         | Thai Tea     | ... |
| ORD202401099 | 2024-07-11 | 2024-07-11   | 2024-07-13     | P003         | Latte        | ... |
| ORD202401100 | 2025-06-13 | 2025-06-13   | 2025-06-14     | P005         | Mocha        | ... |
| ORD202401101 | 2024-07-07 | 2024-07-07   |                | P201         | Croissant    | ... |
| ORD202401102 | 2025-02-17 | 2025-02-18   | 2025-02-21     | P101         | Green Tea    | ... |
| ORD202401103 | 2024-02-16 | 2024-02-17   | 2024-02-20     | P102         | Black Tea    | ... |
| ORD202401104 | 2024-11-09 | 2024-11-11   | 2024-11-11     | P005         | Mocha        | ... |
| ORD202401105 | 2025-06-21 | 2025-06-22   | 2025-06-25     | P004         | Cappuccino   | ... |
| ORD202401106 | 2024-12-26 | 2024-12-28   | 2024-12-30     | P204         | Bagel        | ... |
| ORD202401107 | 2025-03-05 | 2025-03-05   | 2025-03-07     | P103         | Thai Tea     | ... |
| ORD202401108 | 2024-06-19 | 2024-06-21   | 2024-06-22     | P102         | Black Tea    | ... |
| ORD202401109 | 2024-01-21 | 2024-01-22   | 2024-01-23     | P002         | Americano    | ... |
| ORD202401110 | 2024-08-22 | 2024-08-23   | 2024-08-24     | P203         | Brownie      | ... |
| ORD202401111 | 2024-07-31 | 2024-07-31   | 2024-07-31     | P003         | Latte        | ... |
| ORD202401112 | 2024-10-25 | 2024-10-27   | 2024-10-29     | P203         | Brownie      | ... |
| ORD202401113 | 2024-09-17 | 2024-09-18   |                | P101         | Green Tea    | ... |
| ORD202401114 | 2025-03-27 |              |                | P201         | Croissant    | ... |
| ORD202401115 | 2025-01-29 | 2025-01-31   | 2025-02-01     | P001         | Espresso     | ... |
| ORD202401116 | 2024-08-27 | 2024-08-29   | 2024-08-31     | P204         | Bagel        | ... |
| ORD202401117 | 2024-06-11 |              |                | P202         | Cheesecake   | ... |
| ORD202401118 | 2024-08-10 | 2024-08-11   | 2024-08-14     | P001         | Espresso     | ... |
| ORD202401119 | 2024-08-16 |              |                | P005         | Mocha        | ... |
| ORD202401120 | 2024-03-13 | 2024-03-13   | 2024-03-17     | P203         | Brownie      | ... |
| ORD202401121 | 2024-11-25 | 2024-11-27   | 2024-12-01     | P001         | Espresso     | ... |
| ORD202401122 | 2025-03-17 | 2025-03-17   | 2025-03-20     | P201         | Croissant    | ... |
| ORD202401123 | 2025-01-31 | 2025-01-31   | 2025-02-03     | P101         | Green Tea    | ... |
| ORD202401124 | 2024-04-24 |              |                | P204         | Bagel        | ... |
| ORD202401125 | 2024-09-24 | 2024-09-24   | 2024-09-26     | P101         | Green Tea    | ... |
| ORD202401126 | 2024-11-09 | 2024-11-10   | 2024-11-13     | P004         | Cappuccino   | ... |
| ORD202401127 | 2024-09-16 | 2024-09-17   |                | P002         | Americano    | ... |
| ORD202401128 | 2025-04-25 | 2025-04-27   |                | P001         | Espresso     | ... |
| ORD202401129 | 2024-11-21 | 2024-11-22   | 2024-11-24     | P203         | Brownie      | ... |
| ORD202401130 | 2025-02-04 | 2025-02-06   | 2025-02-08     | P201         | Croissant    | ... |
| ORD202401131 | 2024-04-04 |              |                | P103         | Thai Tea     | ... |
| ORD202401132 | 2025-01-07 | 2025-01-07   |                | P202         | Cheesecake   | ... |
| ORD202401133 | 2024-11-22 | 2024-11-23   | 2024-11-24     | P001         | Espresso     | ... |
| ORD202401134 | 2024-09-19 | 2024-09-19   | 2024-09-23     | P201         | Croissant    | ... |
| ORD202401135 | 2025-02-23 |              |                | P001         | Espresso     | ... |
| ORD202401136 | 2024-01-12 | 2024-01-12   | 2024-01-12     | P002         | Americano    | ... |
| ORD202401137 | 2025-02-10 |              |                | P202         | Cheesecake   | ... |
| ORD202401138 | 2025-02-03 | 2025-02-04   | 2025-02-08     | P101         | Green Tea    | ... |
| ORD202401139 | 2024-12-05 | 2024-12-05   | 2024-12-05     | P101         | Green Tea    | ... |
| ORD202401140 | 2025-01-26 | 2025-01-28   | 2025-01-29     | P005         | Mocha        | ... |
| ORD202401141 | 2024-02-02 | 2024-02-02   |                | P203         | Brownie      | ... |
| ORD202401142 | 2025-01-25 | 2025-01-26   |                | P201         | Croissant    | ... |
| ORD202401143 | 2024-02-17 | 2024-02-19   | 2024-02-23     | P204         | Bagel        | ... |
| ORD202401144 | 2025-03-25 | 2025-03-25   | 2025-03-28     | P101         | Green Tea    | ... |
| ORD202401145 | 2024-10-27 |              |                | P101         | Green Tea    | ... |
| ORD202401146 | 2025-04-27 | 2025-04-28   |                | P004         | Cappuccino   | ... |
| ORD202401147 | 2024-05-20 | 2024-05-22   | 2024-05-22     | P203         | Brownie      | ... |
| ORD202401148 | 2025-06-19 |              |                | P203         | Brownie      | ... |
| ORD202401149 | 2024-03-03 | 2024-03-04   | 2024-03-07     | P002         | Americano    | ... |
| ORD202401150 | 2024-12-23 |              |                | P203         | Brownie      | ... |
| ORD202401151 | 2025-05-06 | 2025-05-08   | 2025-05-12     | P203         | Brownie      | ... |
| ORD202401152 | 2024-06-25 | 2024-06-26   | 2024-06-29     | P101         | Green Tea    | ... |
| ORD202401153 | 2025-05-31 | 2025-06-02   | 2025-06-04     | P004         | Cappuccino   | ... |
| ORD202401154 | 2024-02-25 | 2024-02-27   | 2024-02-29     | P202         | Cheesecake   | ... |
| ORD202401155 | 2024-03-17 | 2024-03-17   | 2024-03-20     | P004         | Cappuccino   | ... |
| ORD202401156 | 2024-07-27 | 2024-07-28   | 2024-08-01     | P001         | Espresso     | ... |
| ORD202401157 | 2025-06-01 | 2025-06-03   | 2025-06-04     | P002         | Americano    | ... |
| ORD202401158 | 2024-04-01 | 2024-04-03   | 2024-04-07     | P204         | Bagel        | ... |
| ORD202401159 | 2025-05-27 | 2025-05-29   | 2025-05-30     | P202         | Cheesecake   | ... |
| ORD202401160 | 2024-10-28 | 2024-10-29   | 2024-10-29     | P001         | Espresso     | ... |
| ORD202401161 | 2024-02-15 |              |                | P003         | Latte        | ... |
| ORD202401162 | 2025-04-04 | 2025-04-04   | 2025-04-08     | P004         | Cappuccino   | ... |
| ORD202401163 | 2025-06-26 |              |                | P003         | Latte        | ... |
| ORD202401164 | 2025-05-08 | 2025-05-09   | 2025-05-11     | P005         | Mocha        | ... |
| ORD202401165 | 2024-08-18 | 2024-08-19   | 2024-08-21     | P103         | Thai Tea     | ... |
| ORD202401166 | 2024-07-09 | 2024-07-10   | 2024-07-11     | P001         | Espresso     | ... |
| ORD202401167 | 2024-07-27 | 2024-07-29   | 2024-07-31     | P002         | Americano    | ... |
| ORD202401168 | 2024-07-02 | 2024-07-04   | 2024-07-06     | P101         | Green Tea    | ... |
| ORD202401169 | 2025-06-05 | 2025-06-05   |                | P003         | Latte        | ... |
| ORD202401170 | 2024-06-22 | 2024-06-24   | 2024-06-24     | P001         | Espresso     | ... |
| ORD202401171 | 2024-10-28 | 2024-10-28   | 2024-10-28     | P203         | Brownie      | ... |
| ORD202401172 | 2024-07-22 | 2024-07-24   | 2024-07-26     | P003         | Latte        | ... |
| ORD202401173 | 2024-05-29 | 2024-05-30   | 2024-06-01     | P203         | Brownie      | ... |
| ORD202401174 | 2025-04-16 | 2025-04-18   | 2025-04-18     | P001         | Espresso     | ... |
| ORD202401175 | 2024-11-23 | 2024-11-24   | 2024-11-25     | P204         | Bagel        | ... |
| ORD202401176 | 2024-08-04 |              |                | P203         | Brownie      | ... |
| ORD202401177 | 2024-10-04 | 2024-10-04   | 2024-10-07     | P102         | Black Tea    | ... |
| ORD202401178 | 2024-10-22 | 2024-10-23   | 2024-10-27     | P102         | Black Tea    | ... |
| ORD202401179 | 2025-05-07 | 2025-05-08   | 2025-05-08     | P004         | Cappuccino   | ... |
| ORD202401180 | 2024-07-08 | 2024-07-10   | 2024-07-11     | P101         | Green Tea    | ... |
| ORD202401181 | 2024-12-12 | 2024-12-14   | 2024-12-17     | P001         | Espresso     | ... |
| ORD202401182 | 2024-02-20 | 2024-02-21   | 2024-02-22     | P003         | Latte        | ... |
| ORD202401183 | 2024-04-20 | 2024-04-21   | 2024-04-23     | P005         | Mocha        | ... |
| ORD202401184 | 2024-07-25 | 2024-07-27   | 2024-07-29     | P004         | Cappuccino   | ... |
| ORD202401185 | 2025-01-24 | 2025-01-26   | 2025-01-29     | P003         | Latte        | ... |
| ORD202401186 | 2024-05-12 | 2024-05-14   | 2024-05-14     | P101         | Green Tea    | ... |
| ORD202401187 | 2024-07-12 | 2024-07-13   | 2024-07-16     | P002         | Americano    | ... |
| ORD202401188 | 2025-05-31 | 2025-06-01   | 2025-06-02     | P103         | Thai Tea     | ... |
| ORD202401189 | 2024-06-22 | 2024-06-24   | 2024-06-26     | P004         | Cappuccino   | ... |
| ORD202401190 | 2024-11-11 | 2024-11-13   |                | P102         | Black Tea    | ... |
| ORD202401191 | 2024-03-27 | 2024-03-29   | 2024-03-30     | P003         | Latte        | ... |
| ORD202401192 | 2024-05-19 | 2024-05-19   | 2024-05-20     | P003         | Latte        | ... |
| ORD202401193 | 2025-01-25 | 2025-01-25   | 2025-01-28     | P004         | Cappuccino   | ... |
| ORD202401194 | 2024-09-04 | 2024-09-04   | 2024-09-05     | P005         | Mocha        | ... |
| ORD202401195 | 2024-01-23 | 2024-01-23   | 2024-01-24     | P202         | Cheesecake   | ... |
| ORD202401196 | 2025-02-14 |              |                | P002         | Americano    | ... |
| ORD202401197 | 2025-02-13 |              |                | P101         | Green Tea    | ... |
| ORD202401198 | 2025-04-13 |              |                | P101         | Green Tea    | ... |
| ORD202401199 | 2024-01-20 | 2024-01-21   | 2024-01-21     | P004         | Cappuccino   | ... |
| ORD202401200 | 2025-02-06 |              |                | P004         | Cappuccino   | ... |
| ORD202401201 | 2024-09-14 | 2024-09-15   | 2024-09-17     | P003         | Latte        | ... |
| ORD202401202 | 2024-09-10 |              |                | P102         | Black Tea    | ... |
| ORD202401203 | 2025-03-10 | 2025-03-12   | 2025-03-14     | P101         | Green Tea    | ... |
| ORD202401204 | 2024-01-11 | 2024-01-12   | 2024-01-16     | P003         | Latte        | ... |
| ORD202401205 | 2025-05-17 | 2025-05-19   | 2025-05-22     | P003         | Latte        | ... |
| ORD202401206 | 2024-11-08 | 2024-11-09   | 2024-11-13     | P203         | Brownie      | ... |
| ORD202401207 | 2024-06-04 | 2024-06-04   | 2024-06-05     | P005         | Mocha        | ... |
| ORD202401208 | 2025-03-10 | 2025-03-10   | 2025-03-10     | P201         | Croissant    | ... |
| ORD202401209 | 2025-06-15 | 2025-06-15   | 2025-06-15     | P005         | Mocha        | ... |
| ORD202401210 | 2025-02-06 | 2025-02-08   | 2025-02-12     | P101         | Green Tea    | ... |
| ORD202401211 | 2024-06-03 |              |                | P003         | Latte        | ... |
| ORD202401212 | 2024-08-20 |              |                | P202         | Cheesecake   | ... |
| ORD202401213 | 2025-05-03 | 2025-05-05   |                | P102         | Black Tea    | ... |
| ORD202401214 | 2024-10-05 |              |                | P002         | Americano    | ... |
| ORD202401215 | 2024-03-22 | 2024-03-24   | 2024-03-28     | P103         | Thai Tea     | ... |
| ORD202401216 | 2025-06-07 | 2025-06-07   | 2025-06-11     | P203         | Brownie      | ... |
| ORD202401217 | 2025-06-15 | 2025-06-16   | 2025-06-20     | P005         | Mocha        | ... |
| ORD202401218 | 2025-04-13 |              |                | P003         | Latte        | ... |
| ORD202401219 | 2024-01-31 | 2024-02-01   |                | P203         | Brownie      | ... |
| ORD202401220 | 2024-08-06 | 2024-08-06   | 2024-08-06     | P101         | Green Tea    | ... |
| ORD202401221 | 2024-03-21 | 2024-03-22   | 2024-03-24     | P003         | Latte        | ... |
| ORD202401222 | 2024-11-16 | 2024-11-16   | 2024-11-16     | P101         | Green Tea    | ... |
| ORD202401223 | 2024-11-12 | 2024-11-12   | 2024-11-12     | P004         | Cappuccino   | ... |
| ORD202401224 | 2025-05-04 | 2025-05-06   | 2025-05-10     | P004         | Cappuccino   | ... |
| ORD202401225 | 2025-03-13 |              |                | P001         | Espresso     | ... |
| ORD202401226 | 2025-05-28 | 2025-05-28   | 2025-05-30     | P204         | Bagel        | ... |
| ORD202401227 | 2024-08-18 | 2024-08-20   |                | P103         | Thai Tea     | ... |
| ORD202401228 | 2025-06-17 | 2025-06-18   | 2025-06-21     | P001         | Espresso     | ... |
| ORD202401229 | 2025-01-18 | 2025-01-19   | 2025-01-20     | P102         | Black Tea    | ... |
| ORD202401230 | 2025-04-26 | 2025-04-27   | 2025-04-30     | P103         | Thai Tea     | ... |
| ORD202401231 | 2024-03-26 | 2024-03-26   | 2024-03-28     | P103         | Thai Tea     | ... |
| ORD202401232 | 2024-05-03 | 2024-05-05   | 2024-05-05     | P001         | Espresso     | ... |
| ORD202401233 | 2025-06-18 | 2025-06-18   | 2025-06-18     | P202         | Cheesecake   | ... |
| ORD202401234 | 2024-03-09 | 2024-03-10   |                | P103         | Thai Tea     | ... |
| ORD202401235 | 2025-04-22 |              |                | P003         | Latte        | ... |
| ORD202401236 | 2024-05-02 | 2024-05-04   |                | P203         | Brownie      | ... |
| ORD202401237 | 2025-02-12 |              |                | P202         | Cheesecake   | ... |
| ORD202401238 | 2025-04-03 | 2025-04-04   | 2025-04-05     | P001         | Espresso     | ... |
| ORD202401239 | 2025-02-01 | 2025-02-01   | 2025-02-02     | P003         | Latte        | ... |
| ORD202401240 | 2024-07-24 | 2024-07-26   |                | P003         | Latte        | ... |
| ORD202401241 | 2024-04-26 | 2024-04-27   | 2024-05-01     | P201         | Croissant    | ... |
| ORD202401242 | 2025-03-17 | 2025-03-17   | 2025-03-18     | P101         | Green Tea    | ... |
| ORD202401243 | 2024-03-30 | 2024-03-30   | 2024-03-31     | P004         | Cappuccino   | ... |
| ORD202401244 | 2025-05-18 | 2025-05-18   |                | P004         | Cappuccino   | ... |
| ORD202401245 | 2024-02-20 | 2024-02-21   | 2024-02-25     | P101         | Green Tea    | ... |
| ORD202401246 | 2025-06-15 | 2025-06-15   |                | P103         | Thai Tea     | ... |
| ORD202401247 | 2024-06-16 | 2024-06-16   | 2024-06-18     | P002         | Americano    | ... |
| ORD202401248 | 2024-03-28 | 2024-03-29   | 2024-04-01     | P004         | Cappuccino   | ... |
| ORD202401249 | 2025-06-12 | 2025-06-14   | 2025-06-15     | P201         | Croissant    | ... |
| ORD202401250 | 2025-06-08 | 2025-06-10   | 2025-06-11     | P004         | Cappuccino   | ... |
| ORD202401251 | 2024-12-30 | 2024-12-31   | 2025-01-02     | P201         | Croissant    | ... |
| ORD202401252 | 2024-12-09 | 2024-12-11   | 2024-12-11     | P102         | Black Tea    | ... |
| ORD202401253 | 2024-06-27 | 2024-06-27   | 2024-07-01     | P003         | Latte        | ... |
| ORD202401254 | 2025-01-01 | 2025-01-02   | 2025-01-03     | P203         | Brownie      | ... |
| ORD202401255 | 2025-03-30 | 2025-03-31   |                | P201         | Croissant    | ... |
| ORD202401256 | 2025-04-10 | 2025-04-12   | 2025-04-13     | P001         | Espresso     | ... |
| ORD202401257 | 2024-06-28 |              |                | P001         | Espresso     | ... |
| ORD202401258 | 2024-03-29 | 2024-03-30   |                | P204         | Bagel        | ... |
| ORD202401259 | 2024-01-05 | 2024-01-05   | 2024-01-06     | P102         | Black Tea    | ... |
| ORD202401260 | 2024-01-18 | 2024-01-20   | 2024-01-21     | P005         | Mocha        | ... |
| ORD202401261 | 2024-09-29 |              |                | P204         | Bagel        | ... |
| ORD202401262 | 2024-02-07 | 2024-02-09   |                | P202         | Cheesecake   | ... |
| ORD202401263 | 2024-05-16 | 2024-05-16   | 2024-05-16     | P204         | Bagel        | ... |
| ORD202401264 | 2025-05-28 | 2025-05-30   | 2025-05-30     | P102         | Black Tea    | ... |
| ORD202401265 | 2024-07-09 | 2024-07-11   | 2024-07-14     | P204         | Bagel        | ... |
| ORD202401266 | 2024-07-21 | 2024-07-23   | 2024-07-24     | P203         | Brownie      | ... |
| ORD202401267 | 2024-11-19 |              |                | P201         | Croissant    | ... |
| ORD202401268 | 2024-08-07 | 2024-08-09   |                | P004         | Cappuccino   | ... |
| ORD202401269 | 2024-09-03 | 2024-09-05   | 2024-09-09     | P103         | Thai Tea     | ... |
| ORD202401270 | 2024-03-21 | 2024-03-22   |                | P202         | Cheesecake   | ... |
| ORD202401271 | 2025-02-14 | 2025-02-14   | 2025-02-18     | P203         | Brownie      | ... |
| ORD202401272 | 2024-06-21 | 2024-06-22   | 2024-06-26     | P204         | Bagel        | ... |
| ORD202401273 | 2024-06-15 | 2024-06-17   | 2024-06-17     | P003         | Latte        | ... |
| ORD202401274 | 2025-04-18 | 2025-04-20   | 2025-04-22     | P005         | Mocha        | ... |
| ORD202401275 | 2024-12-15 | 2024-12-15   | 2024-12-19     | P005         | Mocha        | ... |
| ORD202401276 | 2024-08-06 | 2024-08-07   | 2024-08-10     | P103         | Thai Tea     | ... |
| ORD202401277 | 2025-03-30 |              |                | P204         | Bagel        | ... |
| ORD202401278 | 2024-01-28 | 2024-01-30   | 2024-01-30     | P002         | Americano    | ... |
| ORD202401279 | 2025-03-10 | 2025-03-10   | 2025-03-10     | P103         | Thai Tea     | ... |
| ORD202401280 | 2025-05-06 | 2025-05-08   | 2025-05-12     | P003         | Latte        | ... |
| ORD202401281 | 2025-02-17 | 2025-02-17   | 2025-02-18     | P101         | Green Tea    | ... |
| ORD202401282 | 2024-12-13 | 2024-12-14   | 2024-12-16     | P005         | Mocha        | ... |
| ORD202401283 | 2024-09-28 | 2024-09-29   | 2024-09-29     | P202         | Cheesecake   | ... |
| ORD202401284 | 2025-06-15 | 2025-06-15   | 2025-06-18     | P005         | Mocha        | ... |
| ORD202401285 | 2024-09-01 | 2024-09-02   | 2024-09-04     | P202         | Cheesecake   | ... |
| ORD202401286 | 2025-06-20 | 2025-06-22   |                | P201         | Croissant    | ... |
| ORD202401287 | 2024-06-11 | 2024-06-11   | 2024-06-15     | P204         | Bagel        | ... |
| ORD202401288 | 2024-07-14 | 2024-07-15   | 2024-07-16     | P202         | Cheesecake   | ... |
| ORD202401289 | 2024-04-08 |              |                | P203         | Brownie      | ... |
| ORD202401290 | 2024-12-22 | 2024-12-24   | 2024-12-25     | P001         | Espresso     | ... |
| ORD202401291 | 2024-04-06 |              |                | P103         | Thai Tea     | ... |
| ORD202401292 | 2024-12-21 | 2024-12-23   | 2024-12-24     | P102         | Black Tea    | ... |
| ORD202401293 | 2024-01-05 | 2024-01-05   | 2024-01-09     | P103         | Thai Tea     | ... |
| ORD202401294 | 2024-06-10 | 2024-06-10   | 2024-06-14     | P204         | Bagel        | ... |
| ORD202401295 | 2024-10-01 | 2024-10-01   | 2024-10-02     | P103         | Thai Tea     | ... |
| ORD202401296 | 2024-09-16 | 2024-09-17   | 2024-09-18     | P204         | Bagel        | ... |
| ORD202401297 | 2024-01-26 | 2024-01-27   | 2024-01-30     | P204         | Bagel        | ... |
| ORD202401298 | 2025-03-08 | 2025-03-08   | 2025-03-09     | P001         | Espresso     | ... |
| ORD202401299 | 2025-03-16 |              |                | P103         | Thai Tea     | ... |
| ORD202401300 | 2024-07-24 | 2024-07-26   | 2024-07-28     | P002         | Americano    | ... |
| ORD202401301 | 2024-07-04 | 2024-07-04   | 2024-07-08     | P003         | Latte        | ... |
| ORD202401302 | 2024-01-07 | 2024-01-07   | 2024-01-07     | P202         | Cheesecake   | ... |
| ORD202401303 | 2025-04-26 | 2025-04-27   | 2025-04-28     | P002         | Americano    | ... |
| ORD202401304 | 2024-06-29 | 2024-06-29   | 2024-07-02     | P102         | Black Tea    | ... |
| ORD202401305 | 2024-12-05 | 2024-12-07   |                | P005         | Mocha        | ... |
| ORD202401306 | 2024-02-27 | 2024-02-28   | 2024-03-01     | P202         | Cheesecake   | ... |
| ORD202401307 | 2025-03-31 | 2025-04-02   | 2025-04-03     | P201         | Croissant    | ... |
| ORD202401308 | 2024-01-21 | 2024-01-23   |                | P003         | Latte        | ... |
| ORD202401309 | 2024-11-08 | 2024-11-08   | 2024-11-12     | P001         | Espresso     | ... |
| ORD202401310 | 2025-05-09 | 2025-05-10   | 2025-05-13     | P004         | Cappuccino   | ... |
| ORD202401311 | 2024-11-07 | 2024-11-09   | 2024-11-13     | P001         | Espresso     | ... |
| ORD202401312 | 2025-05-11 | 2025-05-13   | 2025-05-15     | P003         | Latte        | ... |
| ORD202401313 | 2025-01-02 | 2025-01-04   | 2025-01-08     | P103         | Thai Tea     | ... |
| ORD202401314 | 2025-06-01 | 2025-06-03   | 2025-06-05     | P203         | Brownie      | ... |
| ORD202401315 | 2024-01-05 | 2024-01-05   | 2024-01-05     | P204         | Bagel        | ... |
| ORD202401316 | 2024-09-20 | 2024-09-20   | 2024-09-22     | P001         | Espresso     | ... |
| ORD202401317 | 2024-07-29 | 2024-07-31   | 2024-08-01     | P004         | Cappuccino   | ... |
| ORD202401318 | 2024-12-25 | 2024-12-26   | 2024-12-30     | P103         | Thai Tea     | ... |
| ORD202401319 | 2024-12-17 | 2024-12-18   |                | P202         | Cheesecake   | ... |
| ORD202401320 | 2024-05-22 | 2024-05-24   | 2024-05-24     | P002         | Americano    | ... |
| ORD202401321 | 2024-12-12 | 2024-12-14   |                | P102         | Black Tea    | ... |
| ORD202401322 | 2024-12-17 | 2024-12-19   | 2024-12-23     | P103         | Thai Tea     | ... |
| ORD202401323 | 2025-03-28 | 2025-03-30   | 2025-03-31     | P001         | Espresso     | ... |
| ORD202401324 | 2024-02-08 | 2024-02-09   | 2024-02-12     | P101         | Green Tea    | ... |
| ORD202401325 | 2024-04-29 | 2024-04-29   | 2024-04-30     | P101         | Green Tea    | ... |
| ORD202401326 | 2024-08-14 | 2024-08-15   | 2024-08-16     | P004         | Cappuccino   | ... |
| ORD202401327 | 2024-04-27 | 2024-04-28   |                | P004         | Cappuccino   | ... |
| ORD202401328 | 2024-09-25 | 2024-09-26   | 2024-09-27     | P203         | Brownie      | ... |
| ORD202401329 | 2025-05-19 | 2025-05-19   | 2025-05-21     | P204         | Bagel        | ... |
| ORD202401330 | 2024-02-06 |              |                | P005         | Mocha        | ... |
| ORD202401331 | 2025-02-28 | 2025-02-28   | 2025-02-28     | P004         | Cappuccino   | ... |
| ORD202401332 | 2025-02-28 |              |                | P203         | Brownie      | ... |
| ORD202401333 | 2024-05-20 | 2024-05-20   | 2024-05-20     | P201         | Croissant    | ... |
| ORD202401334 | 2025-03-08 | 2025-03-09   | 2025-03-09     | P202         | Cheesecake   | ... |
| ORD202401335 | 2024-05-30 | 2024-05-31   | 2024-06-02     | P203         | Brownie      | ... |
| ORD202401336 | 2024-03-11 | 2024-03-12   | 2024-03-12     | P001         | Espresso     | ... |
| ORD202401337 | 2025-01-25 |              |                | P202         | Cheesecake   | ... |
| ORD202401338 | 2024-01-22 | 2024-01-22   | 2024-01-25     | P202         | Cheesecake   | ... |
| ORD202401339 | 2025-05-20 |              |                | P001         | Espresso     | ... |
| ORD202401340 | 2024-05-01 | 2024-05-03   | 2024-05-06     | P204         | Bagel        | ... |
| ORD202401341 | 2024-10-20 |              |                | P204         | Bagel        | ... |
| ORD202401342 | 2024-04-02 | 2024-04-04   | 2024-04-07     | P003         | Latte        | ... |
| ORD202401343 | 2025-03-01 | 2025-03-03   | 2025-03-06     | P003         | Latte        | ... |
| ORD202401344 | 2024-03-15 | 2024-03-15   | 2024-03-15     | P102         | Black Tea    | ... |
| ORD202401345 | 2024-02-25 | 2024-02-25   | 2024-02-28     | P103         | Thai Tea     | ... |
| ORD202401346 | 2024-11-04 | 2024-11-05   | 2024-11-08     | P005         | Mocha        | ... |
| ORD202401347 | 2024-04-08 | 2024-04-08   | 2024-04-09     | P204         | Bagel        | ... |
| ORD202401348 | 2024-03-26 | 2024-03-26   | 2024-03-27     | P002         | Americano    | ... |
| ORD202401349 | 2024-12-25 | 2024-12-25   | 2024-12-26     | P204         | Bagel        | ... |
| ORD202401350 | 2024-11-01 | 2024-11-01   | 2024-11-01     | P003         | Latte        | ... |
| ORD202401351 | 2024-04-07 | 2024-04-07   | 2024-04-09     | P004         | Cappuccino   | ... |
| ORD202401352 | 2025-03-06 | 2025-03-07   | 2025-03-11     | P204         | Bagel        | ... |
| ORD202401353 | 2025-06-09 | 2025-06-10   | 2025-06-13     | P005         | Mocha        | ... |
| ORD202401354 | 2025-05-04 | 2025-05-06   | 2025-05-09     | P005         | Mocha        | ... |
| ORD202401355 | 2025-04-23 | 2025-04-25   |                | P003         | Latte        | ... |
| ORD202401356 | 2024-11-08 | 2024-11-09   | 2024-11-10     | P203         | Brownie      | ... |
| ORD202401357 | 2024-11-08 | 2024-11-10   |                | P202         | Cheesecake   | ... |
| ORD202401358 | 2024-03-21 | 2024-03-23   | 2024-03-27     | P102         | Black Tea    | ... |
| ORD202401359 | 2025-03-11 |              |                | P005         | Mocha        | ... |
| ORD202401360 | 2024-11-22 | 2024-11-22   | 2024-11-26     | P203         | Brownie      | ... |
| ORD202401361 | 2024-04-22 | 2024-04-22   | 2024-04-22     | P201         | Croissant    | ... |
| ORD202401362 | 2024-02-19 | 2024-02-21   | 2024-02-23     | P101         | Green Tea    | ... |
| ORD202401363 | 2024-01-09 | 2024-01-11   | 2024-01-15     | P202         | Cheesecake   | ... |
| ORD202401364 | 2024-04-03 | 2024-04-05   | 2024-04-08     | P202         | Cheesecake   | ... |
| ORD202401365 | 2024-09-29 | 2024-09-30   | 2024-09-30     | P204         | Bagel        | ... |
| ORD202401366 | 2025-01-20 | 2025-01-21   | 2025-01-21     | P001         | Espresso     | ... |
| ORD202401367 | 2024-06-14 | 2024-06-14   | 2024-06-17     | P203         | Brownie      | ... |
| ORD202401368 | 2025-06-01 | 2025-06-03   | 2025-06-04     | P003         | Latte        | ... |
| ORD202401369 | 2024-09-30 | 2024-10-02   | 2024-10-03     | P002         | Americano    | ... |
| ORD202401370 | 2024-04-29 | 2024-04-30   | 2024-05-03     | P204         | Bagel        | ... |
| ORD202401371 | 2024-07-07 | 2024-07-09   | 2024-07-13     | P203         | Brownie      | ... |
| ORD202401372 | 2024-07-10 |              |                | P203         | Brownie      | ... |
| ORD202401373 | 2025-03-18 |              |                | P004         | Cappuccino   | ... |
| ORD202401374 | 2025-05-24 | 2025-05-26   | 2025-05-29     | P003         | Latte        | ... |
| ORD202401375 | 2024-01-30 | 2024-01-30   |                | P101         | Green Tea    | ... |
| ORD202401376 | 2025-01-29 | 2025-01-30   | 2025-02-02     | P201         | Croissant    | ... |
| ORD202401377 | 2025-06-18 | 2025-06-19   | 2025-06-21     | P001         | Espresso     | ... |
| ORD202401378 | 2025-01-29 | 2025-01-31   | 2025-02-02     | P202         | Cheesecake   | ... |
| ORD202401379 | 2024-03-11 |              |                | P002         | Americano    | ... |
| ORD202401380 | 2024-06-08 | 2024-06-09   | 2024-06-13     | P204         | Bagel        | ... |
| ORD202401381 | 2025-06-16 | 2025-06-18   | 2025-06-22     | P103         | Thai Tea     | ... |
| ORD202401382 | 2025-05-14 |              |                | P101         | Green Tea    | ... |
| ORD202401383 | 2024-03-07 | 2024-03-09   | 2024-03-09     | P101         | Green Tea    | ... |
| ORD202401384 | 2024-01-21 |              |                | P001         | Espresso     | ... |
| ORD202401385 | 2025-04-20 | 2025-04-21   | 2025-04-24     | P002         | Americano    | ... |
| ORD202401386 | 2024-02-04 | 2024-02-04   | 2024-02-04     | P102         | Black Tea    | ... |
| ORD202401387 | 2025-04-21 | 2025-04-23   | 2025-04-24     | P003         | Latte        | ... |
| ORD202401388 | 2024-04-19 | 2024-04-20   | 2024-04-20     | P202         | Cheesecake   | ... |
| ORD202401389 | 2024-09-09 | 2024-09-10   | 2024-09-11     | P103         | Thai Tea     | ... |
| ORD202401390 | 2025-04-23 |              |                | P002         | Americano    | ... |
| ORD202401391 | 2024-01-09 |              |                | P003         | Latte        | ... |
| ORD202401392 | 2024-12-27 |              |                | P003         | Latte        | ... |
| ORD202401393 | 2024-05-30 | 2024-06-01   | 2024-06-03     | P102         | Black Tea    | ... |
| ORD202401394 | 2024-10-28 | 2024-10-30   | 2024-10-30     | P004         | Cappuccino   | ... |
| ORD202401395 | 2024-06-29 | 2024-06-30   | 2024-06-30     | P102         | Black Tea    | ... |
| ORD202401396 | 2024-04-16 |              |                | P101         | Green Tea    | ... |
| ORD202401397 | 2025-05-23 | 2025-05-24   | 2025-05-26     | P005         | Mocha        | ... |
| ORD202401398 | 2024-10-26 | 2024-10-26   | 2024-10-26     | P001         | Espresso     | ... |
| ORD202401399 | 2024-07-28 | 2024-07-28   |                | P003         | Latte        | ... |
| ORD202401400 | 2024-11-23 | 2024-11-23   | 2024-11-27     | P001         | Espresso     | ... |
| ORD202401401 | 2024-10-11 | 2024-10-13   | 2024-10-16     | P003         | Latte        | ... |
| ORD202401402 | 2024-09-02 | 2024-09-02   | 2024-09-03     | P204         | Bagel        | ... |
| ORD202401403 | 2024-09-16 | 2024-09-16   |                | P102         | Black Tea    | ... |
| ORD202401404 | 2024-05-12 | 2024-05-14   | 2024-05-18     | P002         | Americano    | ... |
| ORD202401405 | 2024-07-12 | 2024-07-13   | 2024-07-14     | P003         | Latte        | ... |
| ORD202401406 | 2024-03-07 |              |                | P101         | Green Tea    | ... |
| ORD202401407 | 2025-02-13 |              |                | P004         | Cappuccino   | ... |
| ORD202401408 | 2024-01-29 |              |                | P202         | Cheesecake   | ... |
| ORD202401409 | 2024-04-28 | 2024-04-28   | 2024-04-29     | P203         | Brownie      | ... |
| ORD202401410 | 2024-01-27 | 2024-01-29   | 2024-01-29     | P001         | Espresso     | ... |
| ORD202401411 | 2025-04-20 | 2025-04-22   | 2025-04-26     | P101         | Green Tea    | ... |
| ORD202401412 | 2024-08-23 | 2024-08-23   |                | P005         | Mocha        | ... |
| ORD202401413 | 2024-04-03 | 2024-04-04   |                | P103         | Thai Tea     | ... |
| ORD202401414 | 2024-11-10 |              |                | P005         | Mocha        | ... |
| ORD202401415 | 2024-05-04 | 2024-05-06   | 2024-05-08     | P004         | Cappuccino   | ... |
| ORD202401416 | 2024-11-30 | 2024-12-01   | 2024-12-05     | P002         | Americano    | ... |
| ORD202401417 | 2024-08-03 | 2024-08-04   |                | P005         | Mocha        | ... |
| ORD202401418 | 2024-09-29 | 2024-09-29   | 2024-09-29     | P004         | Cappuccino   | ... |
| ORD202401419 | 2024-12-07 | 2024-12-07   | 2024-12-11     | P003         | Latte        | ... |
| ORD202401420 | 2024-03-14 | 2024-03-16   | 2024-03-20     | P002         | Americano    | ... |
| ORD202401421 | 2024-03-29 | 2024-03-29   | 2024-04-01     | P102         | Black Tea    | ... |
| ORD202401422 | 2025-03-26 | 2025-03-26   | 2025-03-27     | P203         | Brownie      | ... |
| ORD202401423 | 2025-03-08 |              |                | P002         | Americano    | ... |
| ORD202401424 | 2024-07-15 | 2024-07-15   | 2024-07-16     | P204         | Bagel        | ... |
| ORD202401425 | 2024-01-16 | 2024-01-18   | 2024-01-19     | P204         | Bagel        | ... |
| ORD202401426 | 2025-03-28 | 2025-03-28   | 2025-04-01     | P001         | Espresso     | ... |
| ORD202401427 | 2024-10-21 | 2024-10-22   | 2024-10-26     | P103         | Thai Tea     | ... |
| ORD202401428 | 2025-01-20 | 2025-01-20   | 2025-01-22     | P204         | Bagel        | ... |
| ORD202401429 | 2025-05-10 | 2025-05-12   | 2025-05-16     | P204         | Bagel        | ... |
| ORD202401430 | 2024-11-24 | 2024-11-26   | 2024-11-30     | P103         | Thai Tea     | ... |
| ORD202401431 | 2025-06-25 | 2025-06-25   | 2025-06-25     | P102         | Black Tea    | ... |
| ORD202401432 | 2024-11-02 | 2024-11-02   | 2024-11-06     | P004         | Cappuccino   | ... |
| ORD202401433 | 2024-02-15 | 2024-02-15   | 2024-02-18     | P003         | Latte        | ... |
| ORD202401434 | 2025-03-06 | 2025-03-07   | 2025-03-07     | P001         | Espresso     | ... |
| ORD202401435 | 2025-04-05 | 2025-04-07   | 2025-04-08     | P101         | Green Tea    | ... |
| ORD202401436 | 2024-05-18 | 2024-05-19   | 2024-05-23     | P201         | Croissant    | ... |
| ORD202401437 | 2025-02-28 |              |                | P001         | Espresso     | ... |
| ORD202401438 | 2024-09-13 |              |                | P204         | Bagel        | ... |
| ORD202401439 | 2024-11-24 | 2024-11-24   | 2024-11-27     | P201         | Croissant    | ... |
| ORD202401440 | 2025-03-28 | 2025-03-29   | 2025-03-30     | P001         | Espresso     | ... |
| ORD202401441 | 2024-01-03 | 2024-01-03   | 2024-01-05     | P201         | Croissant    | ... |
| ORD202401442 | 2025-03-31 | 2025-04-01   | 2025-04-03     | P001         | Espresso     | ... |
| ORD202401443 | 2025-01-31 | 2025-01-31   | 2025-02-03     | P203         | Brownie      | ... |
| ORD202401444 | 2024-02-08 | 2024-02-08   | 2024-02-11     | P102         | Black Tea    | ... |
| ORD202401445 | 2025-01-18 | 2025-01-18   | 2025-01-22     | P201         | Croissant    | ... |
| ORD202401446 | 2025-01-15 | 2025-01-16   |                | P003         | Latte        | ... |
| ORD202401447 | 2024-07-14 | 2024-07-15   | 2024-07-17     | P201         | Croissant    | ... |
| ORD202401448 | 2024-07-02 | 2024-07-04   |                | P005         | Mocha        | ... |
| ORD202401449 | 2024-12-09 | 2024-12-09   |                | P004         | Cappuccino   | ... |
| ORD202401450 | 2024-01-07 | 2024-01-09   | 2024-01-09     | P001         | Espresso     | ... |
| ORD202401451 | 2025-02-26 | 2025-02-28   | 2025-03-03     | P202         | Cheesecake   | ... |
| ORD202401452 | 2024-12-28 | 2024-12-29   | 2024-12-29     | P201         | Croissant    | ... |
| ORD202401453 | 2025-03-15 | 2025-03-16   | 2025-03-19     | P102         | Black Tea    | ... |
| ORD202401454 | 2024-08-09 | 2024-08-09   | 2024-08-13     | P204         | Bagel        | ... |
| ORD202401455 | 2024-07-18 | 2024-07-20   | 2024-07-23     | P202         | Cheesecake   | ... |
| ORD202401456 | 2024-04-14 | 2024-04-15   | 2024-04-17     | P204         | Bagel        | ... |
| ORD202401457 | 2024-10-12 | 2024-10-14   | 2024-10-16     | P001         | Espresso     | ... |
| ORD202401458 | 2024-05-19 | 2024-05-19   | 2024-05-20     | P004         | Cappuccino   | ... |
| ORD202401459 | 2024-02-21 |              |                | P102         | Black Tea    | ... |
| ORD202401460 | 2024-07-29 |              |                | P103         | Thai Tea     | ... |
| ORD202401461 | 2025-06-27 | 2025-06-27   | 2025-07-01     | P003         | Latte        | ... |
| ORD202401462 | 2024-03-26 |              |                | P101         | Green Tea    | ... |
| ORD202401463 | 2025-04-30 | 2025-05-02   | 2025-05-06     | P101         | Green Tea    | ... |
| ORD202401464 | 2024-03-07 | 2024-03-08   | 2024-03-12     | P004         | Cappuccino   | ... |
| ORD202401465 | 2025-02-20 | 2025-02-22   | 2025-02-24     | P003         | Latte        | ... |
| ORD202401466 | 2024-03-22 |              |                | P102         | Black Tea    | ... |
| ORD202401467 | 2024-08-30 | 2024-09-01   | 2024-09-03     | P005         | Mocha        | ... |
| ORD202401468 | 2024-09-05 | 2024-09-06   |                | P203         | Brownie      | ... |
| ORD202401469 | 2024-02-09 | 2024-02-09   | 2024-02-13     | P101         | Green Tea    | ... |
| ORD202401470 | 2025-05-24 | 2025-05-26   | 2025-05-26     | P002         | Americano    | ... |
| ORD202401471 | 2024-12-08 | 2024-12-08   | 2024-12-10     | P002         | Americano    | ... |
| ORD202401472 | 2025-03-21 | 2025-03-21   | 2025-03-23     | P202         | Cheesecake   | ... |
| ORD202401473 | 2024-07-12 | 2024-07-12   | 2024-07-12     | P203         | Brownie      | ... |
| ORD202401474 | 2025-06-04 | 2025-06-04   | 2025-06-05     | P001         | Espresso     | ... |
| ORD202401475 | 2025-01-16 | 2025-01-16   | 2025-01-16     | P005         | Mocha        | ... |
| ORD202401476 | 2024-02-26 | 2024-02-26   | 2024-02-28     | P103         | Thai Tea     | ... |
| ORD202401477 | 2025-01-03 | 2025-01-05   | 2025-01-07     | P005         | Mocha        | ... |
| ORD202401478 | 2025-03-18 | 2025-03-19   | 2025-03-21     | P204         | Bagel        | ... |
| ORD202401479 | 2024-01-29 | 2024-01-30   | 2024-01-30     | P002         | Americano    | ... |
| ORD202401480 | 2025-01-24 | 2025-01-25   | 2025-01-29     | P102         | Black Tea    | ... |
| ORD202401481 | 2024-10-15 | 2024-10-16   | 2024-10-16     | P003         | Latte        | ... |
| ORD202401482 | 2024-12-13 | 2024-12-15   |                | P204         | Bagel        | ... |
| ORD202401483 | 2025-02-14 | 2025-02-14   | 2025-02-18     | P001         | Espresso     | ... |
| ORD202401484 | 2024-03-25 | 2024-03-26   | 2024-03-27     | P203         | Brownie      | ... |
| ORD202401485 | 2024-08-21 |              |                | P204         | Bagel        | ... |
| ORD202401486 | 2025-05-18 | 2025-05-20   |                | P202         | Cheesecake   | ... |
| ORD202401487 | 2025-06-02 | 2025-06-04   | 2025-06-05     | P001         | Espresso     | ... |
| ORD202401488 | 2025-06-02 | 2025-06-04   | 2025-06-05     | P102         | Black Tea    | ... |
| ORD202401489 | 2024-12-18 | 2024-12-20   | 2024-12-21     | P102         | Black Tea    | ... |
| ORD202401490 | 2024-03-20 | 2024-03-22   | 2024-03-24     | P005         | Mocha        | ... |
| ORD202401491 | 2024-09-30 | 2024-09-30   | 2024-09-30     | P002         | Americano    | ... |
| ORD202401492 | 2025-04-12 |              |                | P005         | Mocha        | ... |
| ORD202401493 | 2024-08-04 | 2024-08-05   | 2024-08-09     | P003         | Latte        | ... |
| ORD202401494 | 2025-02-08 | 2025-02-10   | 2025-02-14     | P202         | Cheesecake   | ... |
| ORD202401495 | 2025-06-11 | 2025-06-12   | 2025-06-12     | P102         | Black Tea    | ... |
| ORD202401496 | 2025-01-17 | 2025-01-17   | 2025-01-17     | P001         | Espresso     | ... |
| ORD202401497 | 2024-06-07 | 2024-06-08   | 2024-06-08     | P202         | Cheesecake   | ... |
| ORD202401498 | 2024-09-01 | 2024-09-02   | 2024-09-03     | P001         | Espresso     | ... |
| ORD202401499 | 2024-08-19 |              |                | P001         | Espresso     | ... |
| ORD202401500 | 2024-06-01 | 2024-06-03   | 2024-06-06     | P101         | Green Tea    | ... |
| ORD202401501 | 2025-03-20 | 2025-03-22   | 2025-03-22     | P004         | Cappuccino   | ... |
| ORD202401502 | 2024-05-24 | 2024-05-26   | 2024-05-30     | P201         | Croissant    | ... |
| ORD202401503 | 2024-07-21 | 2024-07-21   |                | P201         | Croissant    | ... |
| ORD202401504 | 2024-04-10 | 2024-04-11   | 2024-04-12     | P003         | Latte        | ... |
| ORD202401505 | 2024-08-26 | 2024-08-26   | 2024-08-27     | P202         | Cheesecake   | ... |
| ORD202401506 | 2025-06-24 | 2025-06-25   | 2025-06-25     | P002         | Americano    | ... |
| ORD202401507 | 2024-12-03 | 2024-12-03   | 2024-12-07     | P201         | Croissant    | ... |
| ORD202401508 | 2025-06-18 | 2025-06-20   | 2025-06-24     | P001         | Espresso     | ... |
| ORD202401509 | 2024-01-12 | 2024-01-14   | 2024-01-18     | P203         | Brownie      | ... |
| ORD202401510 | 2024-08-06 | 2024-08-06   | 2024-08-08     | P204         | Bagel        | ... |
| ORD202401511 | 2024-04-12 |              |                | P002         | Americano    | ... |
| ORD202401512 | 2024-08-09 | 2024-08-09   | 2024-08-10     | P204         | Bagel        | ... |
| ORD202401513 | 2024-08-28 | 2024-08-28   | 2024-08-29     | P204         | Bagel        | ... |
| ORD202401514 | 2025-04-08 | 2025-04-08   |                | P101         | Green Tea    | ... |
| ORD202401515 | 2024-01-10 |              |                | P103         | Thai Tea     | ... |
| ORD202401516 | 2025-01-10 | 2025-01-11   | 2025-01-14     | P103         | Thai Tea     | ... |
| ORD202401517 | 2024-08-28 | 2024-08-30   | 2024-09-02     | P101         | Green Tea    | ... |
| ORD202401518 | 2025-06-11 | 2025-06-11   | 2025-06-15     | P002         | Americano    | ... |
| ORD202401519 | 2025-05-12 | 2025-05-13   | 2025-05-13     | P201         | Croissant    | ... |
| ORD202401520 | 2024-09-27 | 2024-09-27   | 2024-09-28     | P005         | Mocha        | ... |
| ORD202401521 | 2025-01-23 | 2025-01-24   |                | P003         | Latte        | ... |
| ORD202401522 | 2025-03-19 | 2025-03-19   |                | P003         | Latte        | ... |
| ORD202401523 | 2024-04-24 | 2024-04-25   | 2024-04-26     | P201         | Croissant    | ... |
| ORD202401524 | 2024-05-18 | 2024-05-19   |                | P101         | Green Tea    | ... |
| ORD202401525 | 2024-07-10 | 2024-07-11   | 2024-07-11     | P001         | Espresso     | ... |
| ORD202401526 | 2025-05-27 |              |                | P204         | Bagel        | ... |
| ORD202401527 | 2025-05-20 | 2025-05-22   | 2025-05-23     | P005         | Mocha        | ... |
| ORD202401528 | 2025-01-02 | 2025-01-04   |                | P001         | Espresso     | ... |
| ORD202401529 | 2024-05-09 | 2024-05-10   |                | P203         | Brownie      | ... |
| ORD202401530 | 2024-01-12 | 2024-01-14   | 2024-01-17     | P204         | Bagel        | ... |
| ORD202401531 | 2025-05-24 | 2025-05-26   | 2025-05-30     | P002         | Americano    | ... |
| ORD202401532 | 2024-07-07 | 2024-07-07   | 2024-07-11     | P101         | Green Tea    | ... |
| ORD202401533 | 2025-06-29 | 2025-07-01   | 2025-07-05     | P003         | Latte        | ... |
| ORD202401534 | 2024-05-05 | 2024-05-05   | 2024-05-07     | P003         | Latte        | ... |
| ORD202401535 | 2025-03-05 | 2025-03-07   |                | P002         | Americano    | ... |
| ORD202401536 | 2024-11-20 | 2024-11-22   | 2024-11-22     | P201         | Croissant    | ... |
| ORD202401537 | 2024-10-04 | 2024-10-04   |                | P005         | Mocha        | ... |
| ORD202401538 | 2024-07-26 | 2024-07-28   | 2024-08-01     | P103         | Thai Tea     | ... |
| ORD202401539 | 2024-04-18 | 2024-04-18   | 2024-04-21     | P005         | Mocha        | ... |
| ORD202401540 | 2024-11-11 | 2024-11-13   | 2024-11-17     | P204         | Bagel        | ... |
| ORD202401541 | 2024-04-25 | 2024-04-25   | 2024-04-25     | P202         | Cheesecake   | ... |
| ORD202401542 | 2024-03-02 |              |                | P003         | Latte        | ... |
| ORD202401543 | 2025-03-07 | 2025-03-07   | 2025-03-11     | P005         | Mocha        | ... |
| ORD202401544 | 2024-12-27 |              |                | P201         | Croissant    | ... |
| ORD202401545 | 2025-03-07 | 2025-03-07   | 2025-03-10     | P201         | Croissant    | ... |
| ORD202401546 | 2025-02-16 | 2025-02-18   | 2025-02-20     | P201         | Croissant    | ... |
| ORD202401547 | 2024-12-07 |              |                | P103         | Thai Tea     | ... |
| ORD202401548 | 2025-02-02 | 2025-02-02   | 2025-02-03     | P204         | Bagel        | ... |
| ORD202401549 | 2024-09-13 | 2024-09-13   | 2024-09-14     | P001         | Espresso     | ... |
| ORD202401550 | 2024-10-26 | 2024-10-26   | 2024-10-26     | P103         | Thai Tea     | ... |
| ORD202401551 | 2025-06-25 | 2025-06-26   | 2025-06-28     | P103         | Thai Tea     | ... |
| ORD202401552 | 2024-02-04 | 2024-02-06   |                | P005         | Mocha        | ... |
| ORD202401553 | 2025-05-20 | 2025-05-20   | 2025-05-23     | P202         | Cheesecake   | ... |
| ORD202401554 | 2024-03-01 | 2024-03-03   | 2024-03-06     | P004         | Cappuccino   | ... |
| ORD202401555 | 2024-10-19 | 2024-10-19   | 2024-10-20     | P102         | Black Tea    | ... |
| ORD202401556 | 2024-12-13 | 2024-12-14   | 2024-12-14     | P101         | Green Tea    | ... |
| ORD202401557 | 2025-01-11 | 2025-01-12   |                | P201         | Croissant    | ... |
| ORD202401558 | 2025-03-10 | 2025-03-12   | 2025-03-16     | P001         | Espresso     | ... |
| ORD202401559 | 2024-02-20 | 2024-02-21   | 2024-02-21     | P204         | Bagel        | ... |
| ORD202401560 | 2024-08-24 | 2024-08-24   | 2024-08-26     | P102         | Black Tea    | ... |
| ORD202401561 | 2024-01-05 | 2024-01-07   | 2024-01-08     | P202         | Cheesecake   | ... |
| ORD202401562 | 2024-10-07 | 2024-10-09   | 2024-10-13     | P203         | Brownie      | ... |
| ORD202401563 | 2025-03-05 |              |                | P002         | Americano    | ... |
| ORD202401564 | 2025-02-14 | 2025-02-14   | 2025-02-18     | P204         | Bagel        | ... |
| ORD202401565 | 2024-08-18 | 2024-08-20   | 2024-08-24     | P203         | Brownie      | ... |
| ORD202401566 | 2024-06-04 | 2024-06-05   | 2024-06-07     | P204         | Bagel        | ... |
| ORD202401567 | 2024-01-01 | 2024-01-02   | 2024-01-02     | P103         | Thai Tea     | ... |
| ORD202401568 | 2024-06-27 |              |                | P101         | Green Tea    | ... |
| ORD202401569 | 2024-12-30 | 2024-12-30   | 2025-01-03     | P003         | Latte        | ... |
| ORD202401570 | 2024-06-24 | 2024-06-25   |                | P102         | Black Tea    | ... |
| ORD202401571 | 2025-01-07 |              |                | P202         | Cheesecake   | ... |
| ORD202401572 | 2024-06-24 |              |                | P201         | Croissant    | ... |
| ORD202401573 | 2024-08-15 | 2024-08-15   | 2024-08-15     | P001         | Espresso     | ... |
| ORD202401574 | 2024-07-10 | 2024-07-12   | 2024-07-15     | P103         | Thai Tea     | ... |
| ORD202401575 | 2024-11-02 |              |                | P101         | Green Tea    | ... |
| ORD202401576 | 2025-05-09 |              |                | P201         | Croissant    | ... |
| ORD202401577 | 2024-06-22 | 2024-06-24   |                | P102         | Black Tea    | ... |
| ORD202401578 | 2024-11-19 | 2024-11-20   | 2024-11-21     | P005         | Mocha        | ... |
| ORD202401579 | 2025-01-13 | 2025-01-14   | 2025-01-15     | P203         | Brownie      | ... |
| ORD202401580 | 2024-12-03 | 2024-12-03   | 2024-12-06     | P203         | Brownie      | ... |
| ORD202401581 | 2024-01-28 | 2024-01-30   | 2024-02-03     | P004         | Cappuccino   | ... |
| ORD202401582 | 2024-02-26 | 2024-02-27   | 2024-02-29     | P001         | Espresso     | ... |
| ORD202401583 | 2024-09-26 |              |                | P204         | Bagel        | ... |
| ORD202401584 | 2024-01-21 |              |                | P103         | Thai Tea     | ... |
| ORD202401585 | 2024-05-20 | 2024-05-22   | 2024-05-26     | P003         | Latte        | ... |
| ORD202401586 | 2024-11-27 |              |                | P202         | Cheesecake   | ... |
| ORD202401587 | 2024-08-18 | 2024-08-19   | 2024-08-23     | P004         | Cappuccino   | ... |
| ORD202401588 | 2024-10-08 | 2024-10-09   | 2024-10-13     | P102         | Black Tea    | ... |
| ORD202401589 | 2024-11-03 |              |                | P103         | Thai Tea     | ... |
| ORD202401590 | 2024-03-03 | 2024-03-05   | 2024-03-09     | P102         | Black Tea    | ... |
| ORD202401591 | 2024-09-04 | 2024-09-05   | 2024-09-07     | P003         | Latte        | ... |
| ORD202401592 | 2025-03-07 | 2025-03-08   | 2025-03-09     | P004         | Cappuccino   | ... |
| ORD202401593 | 2025-04-05 | 2025-04-06   | 2025-04-08     | P005         | Mocha        | ... |
| ORD202401594 | 2024-08-22 | 2024-08-22   | 2024-08-25     | P005         | Mocha        | ... |
| ORD202401595 | 2024-11-25 | 2024-11-25   |                | P101         | Green Tea    | ... |
| ORD202401596 | 2025-05-01 | 2025-05-01   | 2025-05-04     | P202         | Cheesecake   | ... |
| ORD202401597 | 2024-07-08 | 2024-07-08   | 2024-07-10     | P101         | Green Tea    | ... |
| ORD202401598 | 2024-05-13 | 2024-05-14   | 2024-05-18     | P004         | Cappuccino   | ... |
| ORD202401599 | 2024-10-04 |              |                | P204         | Bagel        | ... |
| ORD202401600 | 2024-11-08 | 2024-11-09   | 2024-11-10     | P201         | Croissant    | ... |
| ORD202401601 | 2025-06-15 | 2025-06-17   | 2025-06-18     | P004         | Cappuccino   | ... |
| ORD202401602 | 2024-04-29 | 2024-04-29   | 2024-05-03     | P102         | Black Tea    | ... |
| ORD202401603 | 2025-04-06 | 2025-04-07   |                | P203         | Brownie      | ... |
| ORD202401604 | 2024-05-26 | 2024-05-28   | 2024-05-30     | P102         | Black Tea    | ... |
| ORD202401605 | 2025-06-13 | 2025-06-15   | 2025-06-15     | P005         | Mocha        | ... |
| ORD202401606 | 2024-07-23 | 2024-07-24   | 2024-07-28     | P101         | Green Tea    | ... |
| ORD202401607 | 2024-06-21 | 2024-06-22   | 2024-06-26     | P004         | Cappuccino   | ... |
| ORD202401608 | 2025-03-01 |              |                | P005         | Mocha        | ... |
| ORD202401609 | 2024-01-14 | 2024-01-15   | 2024-01-18     | P101         | Green Tea    | ... |
| ORD202401610 | 2025-05-01 | 2025-05-03   | 2025-05-04     | P001         | Espresso     | ... |
| ORD202401611 | 2025-03-18 | 2025-03-18   | 2025-03-20     | P002         | Americano    | ... |
| ORD202401612 | 2025-01-23 | 2025-01-23   |                | P001         | Espresso     | ... |
| ORD202401613 | 2025-05-24 | 2025-05-25   | 2025-05-27     | P005         | Mocha        | ... |
| ORD202401614 | 2024-08-04 | 2024-08-06   | 2024-08-06     | P005         | Mocha        | ... |
| ORD202401615 | 2024-11-15 | 2024-11-17   | 2024-11-20     | P102         | Black Tea    | ... |
| ORD202401616 | 2024-10-03 | 2024-10-04   | 2024-10-08     | P204         | Bagel        | ... |
| ORD202401617 | 2024-02-15 | 2024-02-15   |                | P005         | Mocha        | ... |
| ORD202401618 | 2024-09-10 | 2024-09-10   | 2024-09-12     | P004         | Cappuccino   | ... |
| ORD202401619 | 2024-04-11 | 2024-04-12   | 2024-04-14     | P004         | Cappuccino   | ... |
| ORD202401620 | 2025-06-01 | 2025-06-02   | 2025-06-04     | P103         | Thai Tea     | ... |
| ORD202401621 | 2025-01-14 | 2025-01-14   | 2025-01-18     | P004         | Cappuccino   | ... |
| ORD202401622 | 2024-06-25 | 2024-06-27   |                | P202         | Cheesecake   | ... |
| ORD202401623 | 2025-03-02 | 2025-03-04   | 2025-03-07     | P203         | Brownie      | ... |
| ORD202401624 | 2024-12-27 | 2024-12-27   | 2024-12-28     | P005         | Mocha        | ... |
| ORD202401625 | 2024-09-12 | 2024-09-14   | 2024-09-18     | P102         | Black Tea    | ... |
| ORD202401626 | 2024-02-06 | 2024-02-08   |                | P001         | Espresso     | ... |
| ORD202401627 | 2025-03-18 | 2025-03-18   | 2025-03-18     | P001         | Espresso     | ... |
| ORD202401628 | 2025-06-17 | 2025-06-17   | 2025-06-18     | P102         | Black Tea    | ... |
| ORD202401629 | 2024-06-24 | 2024-06-25   | 2024-06-29     | P202         | Cheesecake   | ... |
| ORD202401630 | 2025-05-12 | 2025-05-12   | 2025-05-16     | P102         | Black Tea    | ... |
| ORD202401631 | 2024-07-13 | 2024-07-13   | 2024-07-13     | P201         | Croissant    | ... |
| ORD202401632 | 2024-09-11 |              |                | P004         | Cappuccino   | ... |
| ORD202401633 | 2024-06-05 | 2024-06-07   | 2024-06-07     | P003         | Latte        | ... |
| ORD202401634 | 2025-01-30 | 2025-02-01   | 2025-02-01     | P004         | Cappuccino   | ... |
| ORD202401635 | 2025-03-26 | 2025-03-27   | 2025-03-28     | P101         | Green Tea    | ... |
| ORD202401636 | 2024-02-08 | 2024-02-09   | 2024-02-11     | P005         | Mocha        | ... |
| ORD202401637 | 2025-03-22 | 2025-03-24   | 2025-03-24     | P001         | Espresso     | ... |
| ORD202401638 | 2024-04-17 | 2024-04-17   | 2024-04-17     | P004         | Cappuccino   | ... |
| ORD202401639 | 2024-10-30 | 2024-10-30   | 2024-10-30     | P004         | Cappuccino   | ... |
| ORD202401640 | 2025-01-25 | 2025-01-25   | 2025-01-26     | P201         | Croissant    | ... |
| ORD202401641 | 2024-05-25 | 2024-05-27   | 2024-05-29     | P201         | Croissant    | ... |
| ORD202401642 | 2024-10-30 | 2024-11-01   | 2024-11-02     | P103         | Thai Tea     | ... |
| ORD202401643 | 2024-08-10 | 2024-08-11   | 2024-08-11     | P003         | Latte        | ... |
| ORD202401644 | 2024-12-15 | 2024-12-15   | 2024-12-18     | P003         | Latte        | ... |
| ORD202401645 | 2024-07-26 | 2024-07-28   | 2024-08-01     | P001         | Espresso     | ... |
| ORD202401646 | 2024-08-20 | 2024-08-22   | 2024-08-23     | P203         | Brownie      | ... |
| ORD202401647 | 2025-03-03 | 2025-03-05   | 2025-03-07     | P002         | Americano    | ... |
| ORD202401648 | 2024-10-05 | 2024-10-06   | 2024-10-07     | P103         | Thai Tea     | ... |
| ORD202401649 | 2025-05-11 | 2025-05-12   | 2025-05-14     | P103         | Thai Tea     | ... |
| ORD202401650 | 2025-01-13 |              |                | P005         | Mocha        | ... |
| ORD202401651 | 2025-06-08 | 2025-06-08   | 2025-06-09     | P204         | Bagel        | ... |
| ORD202401652 | 2025-04-05 | 2025-04-06   | 2025-04-09     | P102         | Black Tea    | ... |
| ORD202401653 | 2024-10-30 | 2024-10-31   | 2024-11-04     | P103         | Thai Tea     | ... |
| ORD202401654 | 2024-06-28 | 2024-06-29   | 2024-07-01     | P103         | Thai Tea     | ... |
| ORD202401655 | 2025-01-28 | 2025-01-29   | 2025-02-01     | P002         | Americano    | ... |
| ORD202401656 | 2024-08-20 | 2024-08-20   | 2024-08-22     | P005         | Mocha        | ... |
| ORD202401657 | 2025-01-04 | 2025-01-06   | 2025-01-06     | P202         | Cheesecake   | ... |
| ORD202401658 | 2024-01-01 |              |                | P001         | Espresso     | ... |
| ORD202401659 | 2024-10-10 | 2024-10-12   | 2024-10-16     | P002         | Americano    | ... |
| ORD202401660 | 2025-01-18 | 2025-01-19   | 2025-01-22     | P005         | Mocha        | ... |
| ORD202401661 | 2024-12-04 | 2024-12-04   | 2024-12-04     | P202         | Cheesecake   | ... |
| ORD202401662 | 2025-03-03 |              |                | P103         | Thai Tea     | ... |
| ORD202401663 | 2025-02-19 | 2025-02-20   | 2025-02-22     | P005         | Mocha        | ... |
| ORD202401664 | 2025-03-22 | 2025-03-22   | 2025-03-25     | P204         | Bagel        | ... |
| ORD202401665 | 2024-07-30 | 2024-07-31   |                | P004         | Cappuccino   | ... |
| ORD202401666 | 2024-01-19 | 2024-01-19   | 2024-01-22     | P001         | Espresso     | ... |
| ORD202401667 | 2025-05-04 | 2025-05-06   | 2025-05-10     | P101         | Green Tea    | ... |
| ORD202401668 | 2024-09-10 | 2024-09-11   | 2024-09-12     | P102         | Black Tea    | ... |
| ORD202401669 | 2025-03-07 | 2025-03-07   | 2025-03-09     | P103         | Thai Tea     | ... |
| ORD202401670 | 2024-08-19 | 2024-08-20   | 2024-08-20     | P101         | Green Tea    | ... |
| ORD202401671 | 2024-09-11 | 2024-09-11   | 2024-09-15     | P001         | Espresso     | ... |
| ORD202401672 | 2025-01-09 | 2025-01-10   | 2025-01-11     | P001         | Espresso     | ... |
| ORD202401673 | 2025-03-13 | 2025-03-13   | 2025-03-15     | P003         | Latte        | ... |
| ORD202401674 | 2024-03-22 | 2024-03-22   | 2024-03-24     | P001         | Espresso     | ... |
| ORD202401675 | 2024-12-05 | 2024-12-07   | 2024-12-10     | P204         | Bagel        | ... |
| ORD202401676 | 2024-01-17 | 2024-01-19   | 2024-01-23     | P005         | Mocha        | ... |
| ORD202401677 | 2024-11-01 | 2024-11-01   | 2024-11-01     | P003         | Latte        | ... |
| ORD202401678 | 2024-11-20 | 2024-11-21   | 2024-11-22     | P001         | Espresso     | ... |
| ORD202401679 | 2025-05-25 | 2025-05-25   | 2025-05-28     | P103         | Thai Tea     | ... |
| ORD202401680 | 2024-02-09 | 2024-02-11   | 2024-02-12     | P201         | Croissant    | ... |
| ORD202401681 | 2024-02-26 | 2024-02-27   | 2024-03-01     | P004         | Cappuccino   | ... |
| ORD202401682 | 2024-11-29 |              |                | P204         | Bagel        | ... |
| ORD202401683 | 2025-01-08 | 2025-01-10   | 2025-01-10     | P005         | Mocha        | ... |
| ORD202401684 | 2025-02-27 | 2025-02-27   | 2025-02-28     | P001         | Espresso     | ... |
| ORD202401685 | 2025-01-20 | 2025-01-20   | 2025-01-22     | P202         | Cheesecake   | ... |
| ORD202401686 | 2025-01-30 | 2025-01-30   | 2025-02-02     | P102         | Black Tea    | ... |
| ORD202401687 | 2024-09-26 | 2024-09-26   | 2024-09-27     | P102         | Black Tea    | ... |
| ORD202401688 | 2024-05-26 | 2024-05-27   | 2024-05-29     | P103         | Thai Tea     | ... |
| ORD202401689 | 2025-03-22 | 2025-03-24   |                | P201         | Croissant    | ... |
| ORD202401690 | 2024-05-09 | 2024-05-11   | 2024-05-14     | P002         | Americano    | ... |
| ORD202401691 | 2024-03-18 |              |                | P003         | Latte        | ... |
| ORD202401692 | 2024-04-19 | 2024-04-21   | 2024-04-22     | P001         | Espresso     | ... |
| ORD202401693 | 2024-10-20 | 2024-10-20   | 2024-10-21     | P202         | Cheesecake   | ... |
| ORD202401694 | 2025-03-07 | 2025-03-09   | 2025-03-10     | P102         | Black Tea    | ... |
| ORD202401695 | 2025-05-17 | 2025-05-19   | 2025-05-23     | P102         | Black Tea    | ... |
| ORD202401696 | 2024-05-14 | 2024-05-15   | 2024-05-15     | P002         | Americano    | ... |
| ORD202401697 | 2024-12-06 | 2024-12-08   | 2024-12-12     | P201         | Croissant    | ... |
| ORD202401698 | 2024-02-25 | 2024-02-26   | 2024-03-01     | P102         | Black Tea    | ... |
| ORD202401699 | 2024-03-31 | 2024-04-02   | 2024-04-03     | P002         | Americano    | ... |
| ORD202401700 | 2024-06-05 | 2024-06-07   | 2024-06-10     | P203         | Brownie      | ... |
| ORD202401701 | 2025-01-11 | 2025-01-12   | 2025-01-12     | P203         | Brownie      | ... |
| ORD202401702 | 2024-04-08 | 2024-04-09   | 2024-04-10     | P103         | Thai Tea     | ... |
| ORD202401703 | 2025-03-11 |              |                | P102         | Black Tea    | ... |
| ORD202401704 | 2024-08-08 | 2024-08-09   | 2024-08-10     | P004         | Cappuccino   | ... |
| ORD202401705 | 2024-08-23 | 2024-08-23   | 2024-08-27     | P204         | Bagel        | ... |
| ORD202401706 | 2025-04-28 | 2025-04-28   |                | P103         | Thai Tea     | ... |
| ORD202401707 | 2025-01-23 | 2025-01-24   | 2025-01-28     | P101         | Green Tea    | ... |
| ORD202401708 | 2025-01-25 | 2025-01-25   | 2025-01-29     | P201         | Croissant    | ... |
| ORD202401709 | 2025-02-21 | 2025-02-22   | 2025-02-22     | P001         | Espresso     | ... |
| ORD202401710 | 2025-06-12 | 2025-06-13   | 2025-06-16     | P003         | Latte        | ... |
| ORD202401711 | 2025-04-27 | 2025-04-29   | 2025-04-30     | P103         | Thai Tea     | ... |
| ORD202401712 | 2024-11-07 |              |                | P002         | Americano    | ... |
| ORD202401713 | 2024-08-23 | 2024-08-24   | 2024-08-25     | P102         | Black Tea    | ... |
| ORD202401714 | 2024-01-12 | 2024-01-12   | 2024-01-13     | P101         | Green Tea    | ... |
| ORD202401715 | 2025-06-27 | 2025-06-28   | 2025-06-30     | P101         | Green Tea    | ... |
| ORD202401716 | 2024-10-28 | 2024-10-28   | 2024-10-31     | P103         | Thai Tea     | ... |
| ORD202401717 | 2024-11-29 | 2024-11-29   | 2024-11-30     | P001         | Espresso     | ... |
| ORD202401718 | 2024-03-13 | 2024-03-14   | 2024-03-15     | P202         | Cheesecake   | ... |
| ORD202401719 | 2024-04-27 | 2024-04-27   | 2024-04-29     | P202         | Cheesecake   | ... |
| ORD202401720 | 2024-06-02 | 2024-06-02   | 2024-06-04     | P001         | Espresso     | ... |
| ORD202401721 | 2025-06-10 | 2025-06-11   | 2025-06-12     | P102         | Black Tea    | ... |
| ORD202401722 | 2024-10-10 | 2024-10-12   | 2024-10-12     | P204         | Bagel        | ... |
| ORD202401723 | 2024-06-18 | 2024-06-19   | 2024-06-23     | P003         | Latte        | ... |
| ORD202401724 | 2024-10-28 |              |                | P003         | Latte        | ... |
| ORD202401725 | 2024-01-29 | 2024-01-31   | 2024-02-04     | P201         | Croissant    | ... |
| ORD202401726 | 2024-12-30 | 2024-12-30   |                | P203         | Brownie      | ... |
| ORD202401727 | 2024-02-21 | 2024-02-22   | 2024-02-25     | P103         | Thai Tea     | ... |
| ORD202401728 | 2024-08-18 | 2024-08-18   | 2024-08-18     | P103         | Thai Tea     | ... |
| ORD202401729 | 2024-06-24 |              |                | P202         | Cheesecake   | ... |
| ORD202401730 | 2024-04-09 | 2024-04-09   | 2024-04-13     | P202         | Cheesecake   | ... |
| ORD202401731 | 2024-05-05 | 2024-05-07   | 2024-05-09     | P005         | Mocha        | ... |
| ORD202401732 | 2024-07-11 |              |                | P201         | Croissant    | ... |
| ORD202401733 | 2025-01-29 |              |                | P102         | Black Tea    | ... |
| ORD202401734 | 2025-02-08 | 2025-02-10   |                | P004         | Cappuccino   | ... |
| ORD202401735 | 2025-05-09 | 2025-05-11   | 2025-05-11     | P002         | Americano    | ... |
| ORD202401736 | 2024-05-16 | 2024-05-18   | 2024-05-18     | P102         | Black Tea    | ... |
| ORD202401737 | 2025-02-01 | 2025-02-03   | 2025-02-07     | P002         | Americano    | ... |
| ORD202401738 | 2024-11-12 | 2024-11-12   | 2024-11-16     | P204         | Bagel        | ... |
| ORD202401739 | 2024-05-04 |              |                | P004         | Cappuccino   | ... |
| ORD202401740 | 2025-05-28 | 2025-05-28   | 2025-05-30     | P001         | Espresso     | ... |
| ORD202401741 | 2024-12-26 | 2024-12-26   | 2024-12-26     | P202         | Cheesecake   | ... |
| ORD202401742 | 2024-03-31 | 2024-04-02   | 2024-04-02     | P004         | Cappuccino   | ... |
| ORD202401743 | 2024-03-29 | 2024-03-31   | 2024-03-31     | P001         | Espresso     | ... |
| ORD202401744 | 2025-02-26 |              |                | P102         | Black Tea    | ... |
| ORD202401745 | 2024-07-24 | 2024-07-25   | 2024-07-28     | P101         | Green Tea    | ... |
| ORD202401746 | 2024-09-19 | 2024-09-19   | 2024-09-22     | P201         | Croissant    | ... |
| ORD202401747 | 2024-02-03 | 2024-02-04   | 2024-02-07     | P102         | Black Tea    | ... |
| ORD202401748 | 2024-08-27 |              |                | P005         | Mocha        | ... |
| ORD202401749 | 2024-02-12 | 2024-02-12   | 2024-02-14     | P001         | Espresso     | ... |
| ORD202401750 | 2024-09-24 | 2024-09-24   | 2024-09-25     | P002         | Americano    | ... |
| ORD202401751 | 2024-09-15 | 2024-09-15   | 2024-09-16     | P102         | Black Tea    | ... |
| ORD202401752 | 2025-04-24 |              |                | P005         | Mocha        | ... |
| ORD202401753 | 2024-11-02 | 2024-11-02   |                | P204         | Bagel        | ... |
| ORD202401754 | 2024-07-08 | 2024-07-08   | 2024-07-11     | P004         | Cappuccino   | ... |
| ORD202401755 | 2025-02-16 | 2025-02-16   | 2025-02-18     | P102         | Black Tea    | ... |
| ORD202401756 | 2024-07-10 | 2024-07-12   | 2024-07-16     | P003         | Latte        | ... |
| ORD202401757 | 2025-04-09 | 2025-04-09   | 2025-04-13     | P003         | Latte        | ... |
| ORD202401758 | 2025-06-18 | 2025-06-20   | 2025-06-21     | P203         | Brownie      | ... |
| ORD202401759 | 2024-04-02 | 2024-04-04   | 2024-04-06     | P003         | Latte        | ... |
| ORD202401760 | 2024-01-26 | 2024-01-27   | 2024-01-29     | P004         | Cappuccino   | ... |
| ORD202401761 | 2024-04-11 | 2024-04-13   |                | P101         | Green Tea    | ... |
| ORD202401762 | 2024-07-01 |              |                | P003         | Latte        | ... |
| ORD202401763 | 2025-01-12 | 2025-01-14   | 2025-01-18     | P003         | Latte        | ... |
| ORD202401764 | 2024-08-14 | 2024-08-15   | 2024-08-17     | P001         | Espresso     | ... |
| ORD202401765 | 2024-11-30 | 2024-12-02   | 2024-12-04     | P005         | Mocha        | ... |
| ORD202401766 | 2024-02-01 |              |                | P202         | Cheesecake   | ... |
| ORD202401767 | 2024-01-23 | 2024-01-24   | 2024-01-28     | P101         | Green Tea    | ... |
| ORD202401768 | 2024-02-28 | 2024-02-28   | 2024-02-29     | P203         | Brownie      | ... |
| ORD202401769 | 2025-05-19 | 2025-05-19   | 2025-05-19     | P001         | Espresso     | ... |
| ORD202401770 | 2024-03-11 |              |                | P003         | Latte        | ... |
| ORD202401771 | 2024-06-13 | 2024-06-14   | 2024-06-14     | P103         | Thai Tea     | ... |
| ORD202401772 | 2024-10-18 | 2024-10-20   | 2024-10-20     | P101         | Green Tea    | ... |
| ORD202401773 | 2024-07-02 | 2024-07-04   | 2024-07-08     | P103         | Thai Tea     | ... |
| ORD202401774 | 2025-04-02 | 2025-04-04   | 2025-04-07     | P103         | Thai Tea     | ... |
| ORD202401775 | 2024-03-31 | 2024-04-01   | 2024-04-02     | P102         | Black Tea    | ... |
| ORD202401776 | 2024-04-12 | 2024-04-12   | 2024-04-16     | P202         | Cheesecake   | ... |
| ORD202401777 | 2025-02-23 | 2025-02-25   | 2025-02-28     | P204         | Bagel        | ... |
| ORD202401778 | 2024-12-21 | 2024-12-23   | 2024-12-23     | P004         | Cappuccino   | ... |
| ORD202401779 | 2025-04-29 | 2025-04-29   | 2025-05-01     | P202         | Cheesecake   | ... |
| ORD202401780 | 2024-07-02 | 2024-07-02   | 2024-07-03     | P002         | Americano    | ... |
| ORD202401781 | 2024-01-28 | 2024-01-29   | 2024-02-01     | P003         | Latte        | ... |
| ORD202401782 | 2025-04-02 |              |                | P003         | Latte        | ... |
| ORD202401783 | 2024-01-12 |              |                | P003         | Latte        | ... |
| ORD202401784 | 2024-08-19 | 2024-08-19   | 2024-08-22     | P102         | Black Tea    | ... |
| ORD202401785 | 2024-07-14 | 2024-07-16   | 2024-07-17     | P203         | Brownie      | ... |
| ORD202401786 | 2024-02-14 | 2024-02-16   | 2024-02-19     | P203         | Brownie      | ... |
| ORD202401787 | 2024-12-06 | 2024-12-08   | 2024-12-09     | P002         | Americano    | ... |
| ORD202401788 | 2025-06-05 | 2025-06-07   | 2025-06-07     | P201         | Croissant    | ... |
| ORD202401789 | 2024-01-16 |              |                | P004         | Cappuccino   | ... |
| ORD202401790 | 2024-10-18 | 2024-10-20   | 2024-10-22     | P103         | Thai Tea     | ... |
| ORD202401791 | 2025-04-28 | 2025-04-29   | 2025-04-30     | P102         | Black Tea    | ... |
| ORD202401792 | 2025-06-28 | 2025-06-30   | 2025-07-01     | P203         | Brownie      | ... |
| ORD202401793 | 2024-08-23 |              |                | P003         | Latte        | ... |
| ORD202401794 | 2024-01-09 |              |                | P103         | Thai Tea     | ... |
| ORD202401795 | 2025-02-24 |              |                | P005         | Mocha        | ... |
| ORD202401796 | 2025-02-01 | 2025-02-02   |                | P101         | Green Tea    | ... |
| ORD202401797 | 2024-07-01 | 2024-07-02   | 2024-07-05     | P204         | Bagel        | ... |
| ORD202401798 | 2024-08-06 | 2024-08-06   | 2024-08-07     | P001         | Espresso     | ... |
| ORD202401799 | 2025-05-26 | 2025-05-28   | 2025-05-31     | P103         | Thai Tea     | ... |
| ORD202401800 | 2024-06-11 | 2024-06-13   | 2024-06-13     | P002         | Americano    | ... |
| ORD202401801 | 2025-01-24 | 2025-01-26   | 2025-01-29     | P103         | Thai Tea     | ... |
| ORD202401802 | 2024-04-16 | 2024-04-18   | 2024-04-22     | P203         | Brownie      | ... |
| ORD202401803 | 2024-05-23 | 2024-05-24   | 2024-05-28     | P204         | Bagel        | ... |
| ORD202401804 | 2024-11-27 | 2024-11-29   |                | P203         | Brownie      | ... |
| ORD202401805 | 2024-04-24 | 2024-04-26   | 2024-04-29     | P005         | Mocha        | ... |
| ORD202401806 | 2024-05-29 | 2024-05-31   | 2024-05-31     | P001         | Espresso     | ... |
| ORD202401807 | 2024-03-10 |              |                | P201         | Croissant    | ... |
| ORD202401808 | 2024-08-02 | 2024-08-02   | 2024-08-03     | P201         | Croissant    | ... |
| ORD202401809 | 2025-04-13 | 2025-04-14   | 2025-04-15     | P102         | Black Tea    | ... |
| ORD202401810 | 2024-07-07 | 2024-07-07   | 2024-07-08     | P201         | Croissant    | ... |
| ORD202401811 | 2025-06-18 | 2025-06-18   | 2025-06-19     | P103         | Thai Tea     | ... |
| ORD202401812 | 2024-09-22 | 2024-09-22   | 2024-09-26     | P005         | Mocha        | ... |
| ORD202401813 | 2025-02-01 | 2025-02-01   | 2025-02-01     | P102         | Black Tea    | ... |
| ORD202401814 | 2024-07-09 | 2024-07-11   | 2024-07-13     | P001         | Espresso     | ... |
| ORD202401815 | 2024-04-26 | 2024-04-27   | 2024-04-27     | P001         | Espresso     | ... |
| ORD202401816 | 2025-02-25 | 2025-02-25   | 2025-02-28     | P003         | Latte        | ... |
| ORD202401817 | 2025-01-18 | 2025-01-19   | 2025-01-21     | P004         | Cappuccino   | ... |
| ORD202401818 | 2024-09-16 | 2024-09-17   |                | P204         | Bagel        | ... |
| ORD202401819 | 2025-05-26 | 2025-05-27   | 2025-05-27     | P002         | Americano    | ... |
| ORD202401820 | 2025-06-10 | 2025-06-10   | 2025-06-11     | P201         | Croissant    | ... |
| ORD202401821 | 2024-11-24 | 2024-11-24   | 2024-11-26     | P001         | Espresso     | ... |
| ORD202401822 | 2024-06-14 | 2024-06-16   | 2024-06-19     | P103         | Thai Tea     | ... |
| ORD202401823 | 2025-02-01 | 2025-02-02   | 2025-02-04     | P203         | Brownie      | ... |
| ORD202401824 | 2025-05-07 |              |                | P004         | Cappuccino   | ... |
| ORD202401825 | 2025-03-21 | 2025-03-21   | 2025-03-21     | P203         | Brownie      | ... |
| ORD202401826 | 2024-05-12 |              |                | P004         | Cappuccino   | ... |
| ORD202401827 | 2024-09-16 | 2024-09-18   |                | P204         | Bagel        | ... |
| ORD202401828 | 2024-07-24 | 2024-07-26   | 2024-07-30     | P101         | Green Tea    | ... |
| ORD202401829 | 2025-03-17 | 2025-03-17   | 2025-03-19     | P203         | Brownie      | ... |
| ORD202401830 | 2024-06-07 | 2024-06-07   | 2024-06-07     | P103         | Thai Tea     | ... |
| ORD202401831 | 2025-02-18 | 2025-02-20   | 2025-02-22     | P101         | Green Tea    | ... |
| ORD202401832 | 2025-01-01 | 2025-01-01   | 2025-01-03     | P001         | Espresso     | ... |
| ORD202401833 | 2024-09-15 |              |                | P201         | Croissant    | ... |
| ORD202401834 | 2025-02-15 | 2025-02-16   | 2025-02-17     | P101         | Green Tea    | ... |
| ORD202401835 | 2024-05-03 | 2024-05-03   | 2024-05-07     | P101         | Green Tea    | ... |
| ORD202401836 | 2024-10-16 | 2024-10-17   | 2024-10-17     | P002         | Americano    | ... |
| ORD202401837 | 2024-06-25 | 2024-06-27   | 2024-06-30     | P203         | Brownie      | ... |
| ORD202401838 | 2024-04-06 | 2024-04-06   | 2024-04-07     | P005         | Mocha        | ... |
| ORD202401839 | 2024-06-07 | 2024-06-09   | 2024-06-12     | P002         | Americano    | ... |
| ORD202401840 | 2025-01-02 | 2025-01-04   |                | P003         | Latte        | ... |
| ORD202401841 | 2024-02-29 | 2024-03-02   | 2024-03-06     | P203         | Brownie      | ... |
| ORD202401842 | 2024-02-05 | 2024-02-07   | 2024-02-08     | P103         | Thai Tea     | ... |
| ORD202401843 | 2025-04-26 | 2025-04-27   |                | P101         | Green Tea    | ... |
| ORD202401844 | 2024-02-19 | 2024-02-20   | 2024-02-21     | P004         | Cappuccino   | ... |
| ORD202401845 | 2024-10-13 |              |                | P103         | Thai Tea     | ... |
| ORD202401846 | 2025-04-13 | 2025-04-14   | 2025-04-16     | P203         | Brownie      | ... |
| ORD202401847 | 2024-10-07 | 2024-10-07   | 2024-10-08     | P204         | Bagel        | ... |
| ORD202401848 | 2024-05-10 | 2024-05-12   | 2024-05-14     | P005         | Mocha        | ... |
| ORD202401849 | 2025-06-27 | 2025-06-29   | 2025-07-01     | P003         | Latte        | ... |
| ORD202401850 | 2025-03-04 | 2025-03-05   | 2025-03-08     | P001         | Espresso     | ... |
| ORD202401851 | 2024-10-05 |              |                | P204         | Bagel        | ... |
| ORD202401852 | 2024-12-04 | 2024-12-05   | 2024-12-09     | P001         | Espresso     | ... |
| ORD202401853 | 2024-08-05 | 2024-08-05   | 2024-08-05     | P102         | Black Tea    | ... |
| ORD202401854 | 2024-03-24 |              |                | P101         | Green Tea    | ... |
| ORD202401855 | 2024-07-06 |              |                | P204         | Bagel        | ... |
| ORD202401856 | 2024-09-06 | 2024-09-08   | 2024-09-12     | P001         | Espresso     | ... |
| ORD202401857 | 2024-11-27 | 2024-11-27   | 2024-11-28     | P201         | Croissant    | ... |
| ORD202401858 | 2025-03-21 | 2025-03-22   | 2025-03-24     | P101         | Green Tea    | ... |
| ORD202401859 | 2025-01-16 | 2025-01-18   |                | P103         | Thai Tea     | ... |
| ORD202401860 | 2024-02-13 | 2024-02-15   | 2024-02-16     | P204         | Bagel        | ... |
| ORD202401861 | 2024-07-28 | 2024-07-29   | 2024-08-02     | P002         | Americano    | ... |
| ORD202401862 | 2024-12-17 | 2024-12-18   |                | P201         | Croissant    | ... |
| ORD202401863 | 2024-04-10 | 2024-04-11   | 2024-04-13     | P102         | Black Tea    | ... |
| ORD202401864 | 2025-04-11 | 2025-04-11   | 2025-04-15     | P101         | Green Tea    | ... |
| ORD202401865 | 2025-02-16 | 2025-02-17   | 2025-02-17     | P204         | Bagel        | ... |
| ORD202401866 | 2024-05-14 | 2024-05-16   | 2024-05-18     | P004         | Cappuccino   | ... |
| ORD202401867 | 2025-02-26 |              |                | P201         | Croissant    | ... |
| ORD202401868 | 2024-02-10 | 2024-02-12   | 2024-02-14     | P003         | Latte        | ... |
| ORD202401869 | 2024-09-03 |              |                | P204         | Bagel        | ... |
| ORD202401870 | 2025-05-27 | 2025-05-28   | 2025-06-01     | P005         | Mocha        | ... |
| ORD202401871 | 2024-03-19 | 2024-03-20   | 2024-03-24     | P003         | Latte        | ... |
| ORD202401872 | 2024-10-09 | 2024-10-10   | 2024-10-10     | P002         | Americano    | ... |
| ORD202401873 | 2024-05-08 | 2024-05-10   | 2024-05-14     | P002         | Americano    | ... |
| ORD202401874 | 2025-05-02 | 2025-05-02   | 2025-05-06     | P101         | Green Tea    | ... |
| ORD202401875 | 2024-04-28 |              |                | P103         | Thai Tea     | ... |
| ORD202401876 | 2024-11-30 | 2024-12-02   | 2024-12-04     | P002         | Americano    | ... |
| ORD202401877 | 2024-12-07 | 2024-12-09   | 2024-12-13     | P005         | Mocha        | ... |
| ORD202401878 | 2024-10-17 |              |                | P002         | Americano    | ... |
| ORD202401879 | 2025-05-18 | 2025-05-20   | 2025-05-21     | P203         | Brownie      | ... |
| ORD202401880 | 2025-01-19 |              |                | P101         | Green Tea    | ... |
| ORD202401881 | 2025-05-18 | 2025-05-20   | 2025-05-21     | P101         | Green Tea    | ... |
| ORD202401882 | 2024-03-04 | 2024-03-04   | 2024-03-05     | P005         | Mocha        | ... |
| ORD202401883 | 2024-04-01 | 2024-04-03   | 2024-04-06     | P102         | Black Tea    | ... |
| ORD202401884 | 2024-07-18 | 2024-07-18   | 2024-07-22     | P203         | Brownie      | ... |
| ORD202401885 | 2024-08-02 | 2024-08-02   | 2024-08-05     | P002         | Americano    | ... |
| ORD202401886 | 2025-02-22 |              |                | P003         | Latte        | ... |
| ORD202401887 | 2024-09-30 | 2024-09-30   | 2024-10-01     | P201         | Croissant    | ... |
| ORD202401888 | 2024-03-04 |              |                | P102         | Black Tea    | ... |
| ORD202401889 | 2024-08-15 | 2024-08-15   | 2024-08-18     | P002         | Americano    | ... |
| ORD202401890 | 2024-06-15 | 2024-06-15   | 2024-06-15     | P204         | Bagel        | ... |
| ORD202401891 | 2024-06-16 |              |                | P101         | Green Tea    | ... |
| ORD202401892 | 2024-08-01 | 2024-08-02   | 2024-08-06     | P004         | Cappuccino   | ... |
| ORD202401893 | 2024-06-12 | 2024-06-12   | 2024-06-14     | P201         | Croissant    | ... |
| ORD202401894 | 2024-06-27 | 2024-06-29   | 2024-07-01     | P101         | Green Tea    | ... |
| ORD202401895 | 2025-03-27 | 2025-03-29   | 2025-04-02     | P005         | Mocha        | ... |
| ORD202401896 | 2024-07-30 | 2024-07-30   |                | P203         | Brownie      | ... |
| ORD202401897 | 2024-09-01 | 2024-09-02   | 2024-09-05     | P001         | Espresso     | ... |
| ORD202401898 | 2024-03-08 |              |                | P101         | Green Tea    | ... |
| ORD202401899 | 2024-09-23 | 2024-09-23   | 2024-09-27     | P202         | Cheesecake   | ... |
| ORD202401900 | 2025-02-23 | 2025-02-25   | 2025-02-26     | P005         | Mocha        | ... |
| ORD202401901 | 2025-03-01 | 2025-03-01   | 2025-03-02     | P102         | Black Tea    | ... |
| ORD202401902 | 2024-11-01 | 2024-11-02   | 2024-11-02     | P101         | Green Tea    | ... |
| ORD202401903 | 2024-06-06 |              |                | P005         | Mocha        | ... |
| ORD202401904 | 2025-01-06 | 2025-01-06   | 2025-01-09     | P002         | Americano    | ... |
| ORD202401905 | 2024-09-25 | 2024-09-27   | 2024-09-27     | P005         | Mocha        | ... |
| ORD202401906 | 2025-01-25 |              |                | P004         | Cappuccino   | ... |
| ORD202401907 | 2024-03-30 | 2024-03-30   | 2024-04-01     | P004         | Cappuccino   | ... |
| ORD202401908 | 2024-07-04 | 2024-07-05   | 2024-07-05     | P201         | Croissant    | ... |
| ORD202401909 | 2024-07-16 | 2024-07-18   | 2024-07-18     | P102         | Black Tea    | ... |
| ORD202401910 | 2025-03-13 | 2025-03-15   | 2025-03-18     | P005         | Mocha        | ... |
| ORD202401911 | 2024-10-29 | 2024-10-29   | 2024-11-02     | P103         | Thai Tea     | ... |
| ORD202401912 | 2024-10-16 | 2024-10-18   | 2024-10-21     | P102         | Black Tea    | ... |
| ORD202401913 | 2024-04-28 | 2024-04-28   | 2024-05-01     | P201         | Croissant    | ... |
| ORD202401914 | 2024-11-29 | 2024-11-30   | 2024-12-01     | P202         | Cheesecake   | ... |
| ORD202401915 | 2024-06-26 |              |                | P001         | Espresso     | ... |
| ORD202401916 | 2024-07-11 | 2024-07-13   | 2024-07-14     | P202         | Cheesecake   | ... |
| ORD202401917 | 2025-03-20 | 2025-03-20   | 2025-03-23     | P101         | Green Tea    | ... |
| ORD202401918 | 2024-06-08 | 2024-06-09   | 2024-06-09     | P003         | Latte        | ... |
| ORD202401919 | 2024-10-28 | 2024-10-28   | 2024-10-28     | P202         | Cheesecake   | ... |
| ORD202401920 | 2024-08-12 |              |                | P201         | Croissant    | ... |
| ORD202401921 | 2024-11-23 | 2024-11-24   | 2024-11-24     | P204         | Bagel        | ... |
| ORD202401922 | 2024-12-12 | 2024-12-13   | 2024-12-17     | P202         | Cheesecake   | ... |
| ORD202401923 | 2025-03-15 | 2025-03-16   | 2025-03-19     | P102         | Black Tea    | ... |
| ORD202401924 | 2024-07-26 |              |                | P001         | Espresso     | ... |
| ORD202401925 | 2024-04-12 |              |                | P204         | Bagel        | ... |
| ORD202401926 | 2024-06-06 | 2024-06-07   | 2024-06-07     | P003         | Latte        | ... |
| ORD202401927 | 2025-04-23 | 2025-04-24   | 2025-04-24     | P202         | Cheesecake   | ... |
| ORD202401928 | 2024-12-03 | 2024-12-05   | 2024-12-07     | P003         | Latte        | ... |
| ORD202401929 | 2025-02-01 | 2025-02-03   | 2025-02-03     | P101         | Green Tea    | ... |
| ORD202401930 | 2024-01-05 | 2024-01-05   | 2024-01-06     | P204         | Bagel        | ... |
| ORD202401931 | 2025-03-07 | 2025-03-08   | 2025-03-09     | P103         | Thai Tea     | ... |
| ORD202401932 | 2024-05-22 | 2024-05-24   |                | P005         | Mocha        | ... |
| ORD202401933 | 2024-01-07 | 2024-01-07   | 2024-01-10     | P201         | Croissant    | ... |
| ORD202401934 | 2025-03-03 | 2025-03-03   | 2025-03-05     | P001         | Espresso     | ... |
| ORD202401935 | 2024-04-12 | 2024-04-13   | 2024-04-14     | P201         | Croissant    | ... |
| ORD202401936 | 2025-02-21 | 2025-02-22   |                | P103         | Thai Tea     | ... |
| ORD202401937 | 2024-01-29 | 2024-01-31   | 2024-02-01     | P003         | Latte        | ... |
| ORD202401938 | 2025-06-11 | 2025-06-11   | 2025-06-14     | P004         | Cappuccino   | ... |
| ORD202401939 | 2025-05-26 | 2025-05-28   | 2025-06-01     | P102         | Black Tea    | ... |
| ORD202401940 | 2025-05-16 | 2025-05-16   | 2025-05-20     | P103         | Thai Tea     | ... |
| ORD202401941 | 2024-05-02 | 2024-05-04   | 2024-05-06     | P201         | Croissant    | ... |
| ORD202401942 | 2024-03-08 | 2024-03-10   | 2024-03-10     | P204         | Bagel        | ... |
| ORD202401943 | 2025-03-04 | 2025-03-06   | 2025-03-08     | P003         | Latte        | ... |
| ORD202401944 | 2024-07-04 | 2024-07-06   | 2024-07-08     | P001         | Espresso     | ... |
| ORD202401945 | 2024-08-16 | 2024-08-18   | 2024-08-22     | P201         | Croissant    | ... |
| ORD202401946 | 2024-11-24 | 2024-11-24   | 2024-11-27     | P101         | Green Tea    | ... |
| ORD202401947 | 2024-07-06 |              |                | P102         | Black Tea    | ... |
| ORD202401948 | 2025-01-20 |              |                | P203         | Brownie      | ... |
| ORD202401949 | 2024-05-02 | 2024-05-03   | 2024-05-04     | P101         | Green Tea    | ... |
| ORD202401950 | 2025-02-18 | 2025-02-20   | 2025-02-24     | P101         | Green Tea    | ... |
| ORD202401951 | 2025-04-05 |              |                | P001         | Espresso     | ... |
| ORD202401952 | 2025-02-28 | 2025-03-01   | 2025-03-01     | P204         | Bagel        | ... |
| ORD202401953 | 2024-08-14 | 2024-08-14   |                | P005         | Mocha        | ... |
| ORD202401954 | 2024-11-10 | 2024-11-10   | 2024-11-13     | P004         | Cappuccino   | ... |
| ORD202401955 | 2024-04-22 | 2024-04-24   | 2024-04-26     | P004         | Cappuccino   | ... |
| ORD202401956 | 2024-02-26 | 2024-02-28   | 2024-02-29     | P102         | Black Tea    | ... |
| ORD202401957 | 2024-03-24 | 2024-03-26   | 2024-03-26     | P004         | Cappuccino   | ... |
| ORD202401958 | 2024-11-01 | 2024-11-02   | 2024-11-06     | P002         | Americano    | ... |
| ORD202401959 | 2024-10-22 | 2024-10-22   | 2024-10-24     | P201         | Croissant    | ... |
| ORD202401960 | 2024-10-24 | 2024-10-24   | 2024-10-24     | P202         | Cheesecake   | ... |
| ORD202401961 | 2024-08-01 | 2024-08-02   | 2024-08-04     | P201         | Croissant    | ... |
| ORD202401962 | 2024-08-11 | 2024-08-12   | 2024-08-13     | P102         | Black Tea    | ... |
| ORD202401963 | 2025-02-11 | 2025-02-11   |                | P204         | Bagel        | ... |
| ORD202401964 | 2024-01-25 | 2024-01-27   | 2024-01-31     | P003         | Latte        | ... |
| ORD202401965 | 2025-01-22 | 2025-01-23   | 2025-01-24     | P001         | Espresso     | ... |
| ORD202401966 | 2024-06-11 | 2024-06-13   | 2024-06-13     | P001         | Espresso     | ... |
| ORD202401967 | 2025-03-11 | 2025-03-13   | 2025-03-17     | P003         | Latte        | ... |
| ORD202401968 | 2025-02-14 | 2025-02-16   | 2025-02-20     | P103         | Thai Tea     | ... |
| ORD202401969 | 2025-06-04 | 2025-06-06   | 2025-06-09     | P101         | Green Tea    | ... |
| ORD202401970 | 2024-08-13 | 2024-08-15   | 2024-08-16     | P202         | Cheesecake   | ... |
| ORD202401971 | 2025-03-26 | 2025-03-26   | 2025-03-26     | P203         | Brownie      | ... |
| ORD202401972 | 2025-03-01 | 2025-03-03   | 2025-03-04     | P204         | Bagel        | ... |
| ORD202401973 | 2025-03-01 | 2025-03-01   | 2025-03-01     | P102         | Black Tea    | ... |
| ORD202401974 | 2025-04-11 |              |                | P004         | Cappuccino   | ... |
| ORD202401975 | 2024-01-09 | 2024-01-10   | 2024-01-12     | P005         | Mocha        | ... |
| ORD202401976 | 2024-12-11 | 2024-12-11   | 2024-12-11     | P204         | Bagel        | ... |
| ORD202401977 | 2024-07-12 | 2024-07-13   | 2024-07-13     | P103         | Thai Tea     | ... |
| ORD202401978 | 2024-08-03 | 2024-08-03   | 2024-08-05     | P004         | Cappuccino   | ... |
| ORD202401979 | 2025-01-24 |              |                | P202         | Cheesecake   | ... |
| ORD202401980 | 2025-03-07 | 2025-03-07   | 2025-03-08     | P103         | Thai Tea     | ... |
| ORD202401981 | 2024-01-20 | 2024-01-21   |                | P002         | Americano    | ... |
| ORD202401982 | 2025-06-18 |              |                | P101         | Green Tea    | ... |
| ORD202401983 | 2025-02-10 | 2025-02-12   | 2025-02-14     | P103         | Thai Tea     | ... |
| ORD202401984 | 2024-06-08 | 2024-06-09   | 2024-06-12     | P003         | Latte        | ... |
| ORD202401985 | 2024-10-21 | 2024-10-22   | 2024-10-25     | P003         | Latte        | ... |
| ORD202401986 | 2025-03-28 | 2025-03-28   | 2025-03-31     | P201         | Croissant    | ... |
| ORD202401987 | 2024-12-24 | 2024-12-24   | 2024-12-26     | P103         | Thai Tea     | ... |
| ORD202401988 | 2024-08-05 |              |                | P005         | Mocha        | ... |
| ORD202401989 | 2024-02-22 | 2024-02-24   | 2024-02-27     | P201         | Croissant    | ... |
| ORD202401990 | 2024-02-24 | 2024-02-25   | 2024-02-26     | P004         | Cappuccino   | ... |
| ORD202401991 | 2024-07-06 | 2024-07-06   |                | P003         | Latte        | ... |
| ORD202401992 | 2025-01-14 | 2025-01-16   | 2025-01-19     | P005         | Mocha        | ... |
| ORD202401993 | 2024-11-12 |              |                | P005         | Mocha        | ... |
| ORD202401994 | 2025-05-05 | 2025-05-05   | 2025-05-08     | P202         | Cheesecake   | ... |
| ORD202401995 | 2025-03-25 | 2025-03-27   | 2025-03-29     | P005         | Mocha        | ... |
| ORD202401996 | 2024-10-31 | 2024-11-01   | 2024-11-02     | P002         | Americano    | ... |
| ORD202401997 | 2025-04-26 |              |                | P003         | Latte        | ... |
| ORD202401998 | 2024-08-01 | 2024-08-03   | 2024-08-05     | P101         | Green Tea    | ... |
| ORD202401999 | 2024-12-27 | 2024-12-29   | 2024-12-30     | P001         | Espresso     | ... |
| ORD202402000 | 2025-04-25 | 2025-04-25   | 2025-04-28     | P005         | Mocha        | ... |

[0m03:29:52.634943 [debug] [MainThread]: Resource report: {"command_name": "show", "command_success": true, "command_wall_clock_time": 6.0900264, "process_in_blocks": "16", "process_kernel_time": 0.309431, "process_mem_max_rss": "116116", "process_out_blocks": "0", "process_user_time": 6.837446}
[0m03:29:52.637527 [debug] [MainThread]: Command `dbt show` succeeded at 03:29:52.637181 after 6.09 seconds
[0m03:29:52.639628 [debug] [MainThread]: Sending event: {'category': 'dbt', 'action': 'invocation', 'label': 'end', 'context': [<snowplow_tracker.self_describing_json.SelfDescribingJson object at 0x7f786b615b50>, <snowplow_tracker.self_describing_json.SelfDescribingJson object at 0x7f786b2e2ba0>, <snowplow_tracker.self_describing_json.SelfDescribingJson object at 0x7f78693ebd70>]}
[0m03:29:52.641480 [debug] [MainThread]: Flushing usage events
[0m03:29:53.775331 [debug] [MainThread]: An error was encountered while trying to flush usage events
[0m03:33:10.500207 [debug] [MainThread]: Sending event: {'category': 'dbt', 'action': 'invocation', 'label': 'start', 'context': [<snowplow_tracker.self_describing_json.SelfDescribingJson object at 0x7f8a3cede930>, <snowplow_tracker.self_describing_json.SelfDescribingJson object at 0x7f8a3e103260>, <snowplow_tracker.self_describing_json.SelfDescribingJson object at 0x7f8a3c9a4bc0>]}


============================== 03:33:10.504958 | 2d2613ef-f5a4-4892-bd52-35dbe2bb35d5 ==============================
[0m03:33:10.504958 [info ] [MainThread]: Running with dbt=1.9.0
[0m03:33:10.506847 [debug] [MainThread]: running dbt with arguments {'printer_width': '80', 'indirect_selection': 'eager', 'write_json': 'True', 'log_cache_events': 'False', 'partial_parse': 'True', 'cache_selected_only': 'False', 'profiles_dir': '/root/.dbt', 'fail_fast': 'False', 'warn_error': 'None', 'log_path': '/usr/app/lab7/logs', 'version_check': 'True', 'debug': 'False', 'use_colors': 'True', 'use_experimental_parser': 'False', 'empty': 'False', 'quiet': 'False', 'no_print': 'None', 'warn_error_options': 'WarnErrorOptions(include=[], exclude=[])', 'introspect': 'True', 'log_format': 'default', 'static_parser': 'True', 'target_path': 'None', 'invocation_command': 'dbt build', 'send_anonymous_usage_stats': 'True'}
[0m03:33:10.703050 [debug] [MainThread]: Sending event: {'category': 'dbt', 'action': 'project_id', 'label': '2d2613ef-f5a4-4892-bd52-35dbe2bb35d5', 'context': [<snowplow_tracker.self_describing_json.SelfDescribingJson object at 0x7f8a3d0023c0>]}
[0m03:33:10.767914 [debug] [MainThread]: Sending event: {'category': 'dbt', 'action': 'adapter_info', 'label': '2d2613ef-f5a4-4892-bd52-35dbe2bb35d5', 'context': [<snowplow_tracker.self_describing_json.SelfDescribingJson object at 0x7f8a3adc4320>]}
[0m03:33:10.769933 [info ] [MainThread]: Registered adapter: postgres=1.9.0
[0m03:33:10.850785 [debug] [MainThread]: checksum: c99e828bba267739642b5a3ce85f17518764ea526e0e6c4fdc649171c1a66bff, vars: {}, profile: , target: , version: 1.9.0
[0m03:33:11.232278 [debug] [MainThread]: Partial parsing enabled: 0 files deleted, 12 files added, 1 files changed.
[0m03:33:11.233800 [debug] [MainThread]: Partial parsing: added file: lab7://models/facts/fact_orders_txn.sql
[0m03:33:11.234893 [debug] [MainThread]: Partial parsing: added file: lab7://models/dimensions/dim_payment_method.sql
[0m03:33:11.235840 [debug] [MainThread]: Partial parsing: added file: lab7://tests/assert_daily_snapshot_grain.sql
[0m03:33:11.236740 [debug] [MainThread]: Partial parsing: added file: lab7://models/dimensions/dim_store.sql
[0m03:33:11.237702 [debug] [MainThread]: Partial parsing: added file: lab7://models/staging/stg_orders_log.sql
[0m03:33:11.238707 [debug] [MainThread]: Partial parsing: added file: lab7://models/facts/fact_orders_lifecycle.sql
[0m03:33:11.239679 [debug] [MainThread]: Partial parsing: added file: lab7://models/dimensions/dim_product.sql
[0m03:33:11.240670 [debug] [MainThread]: Partial parsing: added file: lab7://models/dimensions/dim_staff.sql
[0m03:33:11.241563 [debug] [MainThread]: Partial parsing: added file: lab7://models/dimensions/dim_customer.sql
[0m03:33:11.242448 [debug] [MainThread]: Partial parsing: added file: lab7://models/dimensions/dim_date.sql
[0m03:33:11.243389 [debug] [MainThread]: Partial parsing: added file: lab7://models/facts/fact_orders_daily_snapshot.sql
[0m03:33:11.244299 [debug] [MainThread]: Partial parsing: added file: lab7://models/dimensions/dim_order_status.sql
[0m03:33:11.245864 [debug] [MainThread]: Partial parsing: updated file: lab7://models/schema.yml
[0m03:33:12.064353 [warn ] [MainThread]: [[33mWARNING[0m]: Configuration paths exist in your dbt_project.yml file which do not apply to any resources.
There are 3 unused configuration paths:
- models.staging
- models.dimensions
- models.facts
[0m03:33:12.074565 [debug] [MainThread]: Sending event: {'category': 'dbt', 'action': 'load_project', 'label': '2d2613ef-f5a4-4892-bd52-35dbe2bb35d5', 'context': [<snowplow_tracker.self_describing_json.SelfDescribingJson object at 0x7f8a390bf800>]}
[0m03:33:12.216322 [debug] [MainThread]: Wrote artifact WritableManifest to /usr/app/lab7/target/manifest.json
[0m03:33:12.224684 [debug] [MainThread]: Wrote artifact SemanticManifest to /usr/app/lab7/target/semantic_manifest.json
[0m03:33:12.351487 [debug] [MainThread]: Sending event: {'category': 'dbt', 'action': 'resource_counts', 'label': '2d2613ef-f5a4-4892-bd52-35dbe2bb35d5', 'context': [<snowplow_tracker.self_describing_json.SelfDescribingJson object at 0x7f8a3a924590>]}
[0m03:33:12.353122 [info ] [MainThread]: Found 1 seed, 71 data tests, 11 models, 429 macros
[0m03:33:12.363310 [info ] [MainThread]: 
[0m03:33:12.364782 [info ] [MainThread]: Concurrency: 4 threads (target='dev')
[0m03:33:12.366146 [info ] [MainThread]: 
[0m03:33:12.368285 [debug] [MainThread]: Acquiring new postgres connection 'master'
[0m03:33:12.378234 [debug] [ThreadPool]: Acquiring new postgres connection 'list_lab7'
[0m03:33:12.423289 [debug] [ThreadPool]: Using postgres connection "list_lab7"
[0m03:33:12.424634 [debug] [ThreadPool]: On list_lab7: /* {"app": "dbt", "dbt_version": "1.9.0", "profile_name": "lab7", "target_name": "dev", "connection_name": "list_lab7"} */

    select distinct nspname from pg_namespace
  
[0m03:33:12.425713 [debug] [ThreadPool]: Opening a new connection, currently in state init
[0m03:33:12.434596 [debug] [ThreadPool]: SQL status: SELECT 5 in 0.009 seconds
[0m03:33:12.436820 [debug] [ThreadPool]: On list_lab7: Close
[0m03:33:12.440027 [debug] [ThreadPool]: Re-using an available connection from the pool (formerly list_lab7, now list_lab7_dbt)
[0m03:33:12.447042 [debug] [ThreadPool]: Using postgres connection "list_lab7_dbt"
[0m03:33:12.448228 [debug] [ThreadPool]: On list_lab7_dbt: BEGIN
[0m03:33:12.449399 [debug] [ThreadPool]: Opening a new connection, currently in state closed
[0m03:33:12.455570 [debug] [ThreadPool]: SQL status: BEGIN in 0.006 seconds
[0m03:33:12.456822 [debug] [ThreadPool]: Using postgres connection "list_lab7_dbt"
[0m03:33:12.457941 [debug] [ThreadPool]: On list_lab7_dbt: /* {"app": "dbt", "dbt_version": "1.9.0", "profile_name": "lab7", "target_name": "dev", "connection_name": "list_lab7_dbt"} */
select
      'lab7' as database,
      tablename as name,
      schemaname as schema,
      'table' as type
    from pg_tables
    where schemaname ilike 'dbt'
    union all
    select
      'lab7' as database,
      viewname as name,
      schemaname as schema,
      'view' as type
    from pg_views
    where schemaname ilike 'dbt'
    union all
    select
      'lab7' as database,
      matviewname as name,
      schemaname as schema,
      'materialized_view' as type
    from pg_matviews
    where schemaname ilike 'dbt'
  
[0m03:33:12.461844 [debug] [ThreadPool]: SQL status: SELECT 1 in 0.003 seconds
[0m03:33:12.464040 [debug] [ThreadPool]: On list_lab7_dbt: ROLLBACK
[0m03:33:12.465300 [debug] [ThreadPool]: On list_lab7_dbt: Close
[0m03:33:12.472238 [debug] [MainThread]: Using postgres connection "master"
[0m03:33:12.473445 [debug] [MainThread]: On master: BEGIN
[0m03:33:12.474374 [debug] [MainThread]: Opening a new connection, currently in state init
[0m03:33:12.481373 [debug] [MainThread]: SQL status: BEGIN in 0.007 seconds
[0m03:33:12.482632 [debug] [MainThread]: Using postgres connection "master"
[0m03:33:12.483593 [debug] [MainThread]: On master: /* {"app": "dbt", "dbt_version": "1.9.0", "profile_name": "lab7", "target_name": "dev", "connection_name": "master"} */
with relation as (
        select
            pg_rewrite.ev_class as class,
            pg_rewrite.oid as id
        from pg_rewrite
    ),
    class as (
        select
            oid as id,
            relname as name,
            relnamespace as schema,
            relkind as kind
        from pg_class
    ),
    dependency as (
        select distinct
            pg_depend.objid as id,
            pg_depend.refobjid as ref
        from pg_depend
    ),
    schema as (
        select
            pg_namespace.oid as id,
            pg_namespace.nspname as name
        from pg_namespace
        where nspname != 'information_schema' and nspname not like 'pg\_%'
    ),
    referenced as (
        select
            relation.id AS id,
            referenced_class.name ,
            referenced_class.schema ,
            referenced_class.kind
        from relation
        join class as referenced_class on relation.class=referenced_class.id
        where referenced_class.kind in ('r', 'v', 'm')
    ),
    relationships as (
        select
            referenced.name as referenced_name,
            referenced.schema as referenced_schema_id,
            dependent_class.name as dependent_name,
            dependent_class.schema as dependent_schema_id,
            referenced.kind as kind
        from referenced
        join dependency on referenced.id=dependency.id
        join class as dependent_class on dependency.ref=dependent_class.id
        where
            (referenced.name != dependent_class.name or
             referenced.schema != dependent_class.schema)
    )

    select
        referenced_schema.name as referenced_schema,
        relationships.referenced_name as referenced_name,
        dependent_schema.name as dependent_schema,
        relationships.dependent_name as dependent_name
    from relationships
    join schema as dependent_schema on relationships.dependent_schema_id=dependent_schema.id
    join schema as referenced_schema on relationships.referenced_schema_id=referenced_schema.id
    group by referenced_schema, referenced_name, dependent_schema, dependent_name
    order by referenced_schema, referenced_name, dependent_schema, dependent_name;
[0m03:33:12.487784 [debug] [MainThread]: SQL status: SELECT 0 in 0.003 seconds
[0m03:33:12.490538 [debug] [MainThread]: Sending event: {'category': 'dbt', 'action': 'runnable_timing', 'label': '2d2613ef-f5a4-4892-bd52-35dbe2bb35d5', 'context': [<snowplow_tracker.self_describing_json.SelfDescribingJson object at 0x7f8a38ea7fb0>]}
[0m03:33:12.491964 [debug] [MainThread]: On master: ROLLBACK
[0m03:33:12.493262 [debug] [MainThread]: Using postgres connection "master"
[0m03:33:12.494353 [debug] [MainThread]: On master: BEGIN
[0m03:33:12.495653 [debug] [MainThread]: SQL status: BEGIN in 0.000 seconds
[0m03:33:12.496552 [debug] [MainThread]: On master: COMMIT
[0m03:33:12.497409 [debug] [MainThread]: Using postgres connection "master"
[0m03:33:12.498353 [debug] [MainThread]: On master: COMMIT
[0m03:33:12.499566 [debug] [MainThread]: SQL status: COMMIT in 0.000 seconds
[0m03:33:12.500701 [debug] [MainThread]: On master: Close
[0m03:33:12.504024 [debug] [Thread-1 (]: Began running node seed.lab7.orders_log
[0m03:33:12.505427 [info ] [Thread-1 (]: 1 of 83 START seed file dbt.orders_log ......................................... [RUN]
[0m03:33:12.506959 [debug] [Thread-1 (]: Re-using an available connection from the pool (formerly list_lab7_dbt, now seed.lab7.orders_log)
[0m03:33:12.508102 [debug] [Thread-1 (]: Began compiling node seed.lab7.orders_log
[0m03:33:12.509197 [debug] [Thread-1 (]: Began executing node seed.lab7.orders_log
[0m03:33:12.584392 [debug] [Thread-1 (]: Using postgres connection "seed.lab7.orders_log"
[0m03:33:12.585875 [debug] [Thread-1 (]: On seed.lab7.orders_log: BEGIN
[0m03:33:12.586893 [debug] [Thread-1 (]: Opening a new connection, currently in state closed
[0m03:33:12.593409 [debug] [Thread-1 (]: SQL status: BEGIN in 0.006 seconds
[0m03:33:12.594617 [debug] [Thread-1 (]: Using postgres connection "seed.lab7.orders_log"
[0m03:33:12.595480 [debug] [Thread-1 (]: On seed.lab7.orders_log: /* {"app": "dbt", "dbt_version": "1.9.0", "profile_name": "lab7", "target_name": "dev", "node_id": "seed.lab7.orders_log"} */
truncate table "lab7"."dbt"."orders_log"
[0m03:33:12.601889 [debug] [Thread-1 (]: SQL status: TRUNCATE TABLE in 0.005 seconds
[0m03:33:17.059753 [debug] [Thread-1 (]: Using postgres connection "seed.lab7.orders_log"
[0m03:33:17.062651 [debug] [Thread-1 (]: On seed.lab7.orders_log: 
          insert into "lab7"."dbt"."orders_log" ("order_id", "order_date", "shipped_date", "delivered_date", "product_code", "product_name", "category", "size", "unit_price", "quantity", "discount_amount", "net_amount", "cost_amount", "margin_amount", "customer_code", "customer_name", "store_code", "store_name", "staff_code", "staff_name", "payment_method", "status") values
          (%s,%s,%s,%s,%s,%s,%s,%s,%s,%s,%s,%s,%s,%s,%s,%s,%s,%s,%s,%s,%s,%s),(%s,%s,%s,%s,%s,%s,%s,%s,%s,%s,%s,%s,%s,%s,%s,%s,%s,%s,%...
[0m03:33:17.223675 [debug] [Thread-1 (]: SQL status: INSERT 0 2000 in 0.160 seconds
[0m03:33:17.235920 [debug] [Thread-1 (]: Writing runtime SQL for node "seed.lab7.orders_log"
[0m03:33:17.264241 [debug] [Thread-1 (]: On seed.lab7.orders_log: COMMIT
[0m03:33:17.265661 [debug] [Thread-1 (]: Using postgres connection "seed.lab7.orders_log"
[0m03:33:17.266796 [debug] [Thread-1 (]: On seed.lab7.orders_log: COMMIT
[0m03:33:17.274478 [debug] [Thread-1 (]: SQL status: COMMIT in 0.006 seconds
[0m03:33:17.279224 [debug] [Thread-1 (]: On seed.lab7.orders_log: Close
[0m03:33:17.284089 [debug] [Thread-1 (]: Sending event: {'category': 'dbt', 'action': 'run_model', 'label': '2d2613ef-f5a4-4892-bd52-35dbe2bb35d5', 'context': [<snowplow_tracker.self_describing_json.SelfDescribingJson object at 0x7f8a3e24e540>]}
[0m03:33:17.285629 [info ] [Thread-1 (]: 1 of 83 OK loaded seed file dbt.orders_log ..................................... [[32mINSERT 2000[0m in 4.77s]
[0m03:33:17.287292 [debug] [Thread-1 (]: Finished running node seed.lab7.orders_log
[0m03:33:17.290817 [debug] [Thread-3 (]: Began running node test.lab7.accepted_values_orders_log_status__ORDERED__SHIPPED__DELIVERED__CANCELLED.667634d32f
[0m03:33:17.291355 [debug] [Thread-4 (]: Began running node test.lab7.not_null_orders_log_order_id.f30de7ef19
[0m03:33:17.292130 [debug] [Thread-2 (]: Began running node test.lab7.unique_orders_log_order_id.cb5c580cb1
[0m03:33:17.293108 [info ] [Thread-3 (]: 2 of 83 START test accepted_values_orders_log_status__ORDERED__SHIPPED__DELIVERED__CANCELLED  [RUN]
[0m03:33:17.294154 [info ] [Thread-4 (]: 3 of 83 START test not_null_orders_log_order_id ................................ [RUN]
[0m03:33:17.295587 [info ] [Thread-2 (]: 4 of 83 START test unique_orders_log_order_id .................................. [RUN]
[0m03:33:17.297747 [debug] [Thread-3 (]: Acquiring new postgres connection 'test.lab7.accepted_values_orders_log_status__ORDERED__SHIPPED__DELIVERED__CANCELLED.667634d32f'
[0m03:33:17.299265 [debug] [Thread-4 (]: Acquiring new postgres connection 'test.lab7.not_null_orders_log_order_id.f30de7ef19'
[0m03:33:17.300478 [debug] [Thread-2 (]: Acquiring new postgres connection 'test.lab7.unique_orders_log_order_id.cb5c580cb1'
[0m03:33:17.301448 [debug] [Thread-3 (]: Began compiling node test.lab7.accepted_values_orders_log_status__ORDERED__SHIPPED__DELIVERED__CANCELLED.667634d32f
[0m03:33:17.302640 [debug] [Thread-4 (]: Began compiling node test.lab7.not_null_orders_log_order_id.f30de7ef19
[0m03:33:17.303853 [debug] [Thread-2 (]: Began compiling node test.lab7.unique_orders_log_order_id.cb5c580cb1
[0m03:33:17.339120 [debug] [Thread-3 (]: Writing injected SQL for node "test.lab7.accepted_values_orders_log_status__ORDERED__SHIPPED__DELIVERED__CANCELLED.667634d32f"
[0m03:33:17.354596 [debug] [Thread-4 (]: Writing injected SQL for node "test.lab7.not_null_orders_log_order_id.f30de7ef19"
[0m03:33:17.364967 [debug] [Thread-2 (]: Writing injected SQL for node "test.lab7.unique_orders_log_order_id.cb5c580cb1"
[0m03:33:17.372809 [debug] [Thread-3 (]: Began executing node test.lab7.accepted_values_orders_log_status__ORDERED__SHIPPED__DELIVERED__CANCELLED.667634d32f
[0m03:33:17.373738 [debug] [Thread-2 (]: Began executing node test.lab7.unique_orders_log_order_id.cb5c580cb1
[0m03:33:17.380204 [debug] [Thread-4 (]: Began executing node test.lab7.not_null_orders_log_order_id.f30de7ef19
[0m03:33:17.392548 [debug] [Thread-3 (]: Writing runtime sql for node "test.lab7.accepted_values_orders_log_status__ORDERED__SHIPPED__DELIVERED__CANCELLED.667634d32f"
[0m03:33:17.395193 [debug] [Thread-2 (]: Writing runtime sql for node "test.lab7.unique_orders_log_order_id.cb5c580cb1"
[0m03:33:17.398754 [debug] [Thread-4 (]: Writing runtime sql for node "test.lab7.not_null_orders_log_order_id.f30de7ef19"
[0m03:33:17.408928 [debug] [Thread-4 (]: Using postgres connection "test.lab7.not_null_orders_log_order_id.f30de7ef19"
[0m03:33:17.410214 [debug] [Thread-4 (]: On test.lab7.not_null_orders_log_order_id.f30de7ef19: BEGIN
[0m03:33:17.411607 [debug] [Thread-3 (]: Using postgres connection "test.lab7.accepted_values_orders_log_status__ORDERED__SHIPPED__DELIVERED__CANCELLED.667634d32f"
[0m03:33:17.412237 [debug] [Thread-4 (]: Opening a new connection, currently in state init
[0m03:33:17.413649 [debug] [Thread-3 (]: On test.lab7.accepted_values_orders_log_status__ORDERED__SHIPPED__DELIVERED__CANCELLED.667634d32f: BEGIN
[0m03:33:17.414468 [debug] [Thread-2 (]: Using postgres connection "test.lab7.unique_orders_log_order_id.cb5c580cb1"
[0m03:33:17.416030 [debug] [Thread-3 (]: Opening a new connection, currently in state init
[0m03:33:17.417247 [debug] [Thread-2 (]: On test.lab7.unique_orders_log_order_id.cb5c580cb1: BEGIN
[0m03:33:17.419509 [debug] [Thread-2 (]: Opening a new connection, currently in state init
[0m03:33:17.422154 [debug] [Thread-4 (]: SQL status: BEGIN in 0.010 seconds
[0m03:33:17.423634 [debug] [Thread-4 (]: Using postgres connection "test.lab7.not_null_orders_log_order_id.f30de7ef19"
[0m03:33:17.424843 [debug] [Thread-3 (]: SQL status: BEGIN in 0.009 seconds
[0m03:33:17.425335 [debug] [Thread-4 (]: On test.lab7.not_null_orders_log_order_id.f30de7ef19: /* {"app": "dbt", "dbt_version": "1.9.0", "profile_name": "lab7", "target_name": "dev", "node_id": "test.lab7.not_null_orders_log_order_id.f30de7ef19"} */
select
      count(*) as failures,
      count(*) != 0 as should_warn,
      count(*) != 0 as should_error
    from (
      
    
    



select order_id
from "lab7"."dbt"."orders_log"
where order_id is null



      
    ) dbt_internal_test
[0m03:33:17.426705 [debug] [Thread-3 (]: Using postgres connection "test.lab7.accepted_values_orders_log_status__ORDERED__SHIPPED__DELIVERED__CANCELLED.667634d32f"
[0m03:33:17.427172 [debug] [Thread-2 (]: SQL status: BEGIN in 0.008 seconds
[0m03:33:17.429052 [debug] [Thread-3 (]: On test.lab7.accepted_values_orders_log_status__ORDERED__SHIPPED__DELIVERED__CANCELLED.667634d32f: /* {"app": "dbt", "dbt_version": "1.9.0", "profile_name": "lab7", "target_name": "dev", "node_id": "test.lab7.accepted_values_orders_log_status__ORDERED__SHIPPED__DELIVERED__CANCELLED.667634d32f"} */
select
      count(*) as failures,
      count(*) != 0 as should_warn,
      count(*) != 0 as should_error
    from (
      
    
    

with all_values as (

    select
        status as value_field,
        count(*) as n_records

    from "lab7"."dbt"."orders_log"
    group by status

)

select *
from all_values
where value_field not in (
    'ORDERED','SHIPPED','DELIVERED','CANCELLED'
)



      
    ) dbt_internal_test
[0m03:33:17.430049 [debug] [Thread-4 (]: SQL status: SELECT 1 in 0.002 seconds
[0m03:33:17.430739 [debug] [Thread-2 (]: Using postgres connection "test.lab7.unique_orders_log_order_id.cb5c580cb1"
[0m03:33:17.437010 [debug] [Thread-4 (]: On test.lab7.not_null_orders_log_order_id.f30de7ef19: ROLLBACK
[0m03:33:17.437554 [debug] [Thread-3 (]: SQL status: SELECT 1 in 0.006 seconds
[0m03:33:17.438456 [debug] [Thread-2 (]: On test.lab7.unique_orders_log_order_id.cb5c580cb1: /* {"app": "dbt", "dbt_version": "1.9.0", "profile_name": "lab7", "target_name": "dev", "node_id": "test.lab7.unique_orders_log_order_id.cb5c580cb1"} */
select
      count(*) as failures,
      count(*) != 0 as should_warn,
      count(*) != 0 as should_error
    from (
      
    
    

select
    order_id as unique_field,
    count(*) as n_records

from "lab7"."dbt"."orders_log"
where order_id is not null
group by order_id
having count(*) > 1



      
    ) dbt_internal_test
[0m03:33:17.439851 [debug] [Thread-4 (]: On test.lab7.not_null_orders_log_order_id.f30de7ef19: Close
[0m03:33:17.441685 [debug] [Thread-3 (]: On test.lab7.accepted_values_orders_log_status__ORDERED__SHIPPED__DELIVERED__CANCELLED.667634d32f: ROLLBACK
[0m03:33:17.444022 [info ] [Thread-4 (]: 3 of 83 PASS not_null_orders_log_order_id ...................................... [[32mPASS[0m in 0.14s]
[0m03:33:17.445090 [debug] [Thread-2 (]: SQL status: SELECT 1 in 0.002 seconds
[0m03:33:17.445607 [debug] [Thread-3 (]: On test.lab7.accepted_values_orders_log_status__ORDERED__SHIPPED__DELIVERED__CANCELLED.667634d32f: Close
[0m03:33:17.446962 [debug] [Thread-4 (]: Finished running node test.lab7.not_null_orders_log_order_id.f30de7ef19
[0m03:33:17.449677 [debug] [Thread-2 (]: On test.lab7.unique_orders_log_order_id.cb5c580cb1: ROLLBACK
[0m03:33:17.451325 [info ] [Thread-3 (]: 2 of 83 PASS accepted_values_orders_log_status__ORDERED__SHIPPED__DELIVERED__CANCELLED  [[32mPASS[0m in 0.15s]
[0m03:33:17.453619 [debug] [Thread-2 (]: On test.lab7.unique_orders_log_order_id.cb5c580cb1: Close
[0m03:33:17.454880 [debug] [Thread-3 (]: Finished running node test.lab7.accepted_values_orders_log_status__ORDERED__SHIPPED__DELIVERED__CANCELLED.667634d32f
[0m03:33:17.456488 [info ] [Thread-2 (]: 4 of 83 PASS unique_orders_log_order_id ........................................ [[32mPASS[0m in 0.16s]
[0m03:33:17.458385 [debug] [Thread-2 (]: Finished running node test.lab7.unique_orders_log_order_id.cb5c580cb1
[0m03:33:17.460644 [debug] [Thread-1 (]: Began running node model.lab7.stg_orders_log
[0m03:33:17.461995 [info ] [Thread-1 (]: 5 of 83 START sql view model dbt.stg_orders_log ................................ [RUN]
[0m03:33:17.463865 [debug] [Thread-1 (]: Re-using an available connection from the pool (formerly seed.lab7.orders_log, now model.lab7.stg_orders_log)
[0m03:33:17.465219 [debug] [Thread-1 (]: Began compiling node model.lab7.stg_orders_log
[0m03:33:17.469866 [debug] [Thread-1 (]: Writing injected SQL for node "model.lab7.stg_orders_log"
[0m03:33:17.488590 [debug] [Thread-1 (]: Began executing node model.lab7.stg_orders_log
[0m03:33:17.523838 [debug] [Thread-1 (]: Writing runtime sql for node "model.lab7.stg_orders_log"
[0m03:33:17.539096 [debug] [Thread-1 (]: Using postgres connection "model.lab7.stg_orders_log"
[0m03:33:17.540281 [debug] [Thread-1 (]: On model.lab7.stg_orders_log: BEGIN
[0m03:33:17.541273 [debug] [Thread-1 (]: Opening a new connection, currently in state closed
[0m03:33:17.549632 [debug] [Thread-1 (]: SQL status: BEGIN in 0.008 seconds
[0m03:33:17.550884 [debug] [Thread-1 (]: Using postgres connection "model.lab7.stg_orders_log"
[0m03:33:17.551825 [debug] [Thread-1 (]: On model.lab7.stg_orders_log: /* {"app": "dbt", "dbt_version": "1.9.0", "profile_name": "lab7", "target_name": "dev", "node_id": "model.lab7.stg_orders_log"} */

  create view "lab7"."dbt"."stg_orders_log__dbt_tmp"
    
    
  as (
    

select
    trim(order_id) as order_id,
    nullif(trim(order_date), '')::date as order_date,
    nullif(trim(shipped_date), '')::date as shipped_date,
    nullif(trim(delivered_date), '')::date as delivered_date,
    trim(product_code) as product_code,
    trim(product_name) as product_name,
    trim(category) as category,
    nullif(trim(size), '') as size,
    nullif(trim(unit_price), '')::numeric(12, 2) as unit_price,
    nullif(trim(quantity), '')::integer as quantity,
    nullif(trim(discount_amount), '')::numeric(12, 2)
        as discount_amount,
    nullif(trim(net_amount), '')::numeric(12, 2) as net_amount,
    nullif(trim(cost_amount), '')::numeric(12, 2) as cost_amount,
    nullif(trim(margin_amount), '')::numeric(12, 2) as margin_amount,
    trim(customer_code) as customer_code,
    trim(customer_name) as customer_name,
    trim(store_code) as store_code,
    trim(store_name) as store_name,
    trim(staff_code) as staff_code,
    trim(staff_name) as staff_name,
    trim(payment_method) as payment_method,
    trim(status) as status

from "lab7"."dbt"."orders_log"
  );
[0m03:33:17.566763 [debug] [Thread-1 (]: SQL status: CREATE VIEW in 0.014 seconds
[0m03:33:17.574690 [debug] [Thread-1 (]: Using postgres connection "model.lab7.stg_orders_log"
[0m03:33:17.575818 [debug] [Thread-1 (]: On model.lab7.stg_orders_log: /* {"app": "dbt", "dbt_version": "1.9.0", "profile_name": "lab7", "target_name": "dev", "node_id": "model.lab7.stg_orders_log"} */
alter table "lab7"."dbt"."stg_orders_log__dbt_tmp" rename to "stg_orders_log"
[0m03:33:17.579719 [debug] [Thread-1 (]: SQL status: ALTER TABLE in 0.003 seconds
[0m03:33:17.581978 [debug] [Thread-1 (]: On model.lab7.stg_orders_log: COMMIT
[0m03:33:17.583004 [debug] [Thread-1 (]: Using postgres connection "model.lab7.stg_orders_log"
[0m03:33:17.584157 [debug] [Thread-1 (]: On model.lab7.stg_orders_log: COMMIT
[0m03:33:17.587990 [debug] [Thread-1 (]: SQL status: COMMIT in 0.003 seconds
[0m03:33:17.595555 [debug] [Thread-1 (]: Applying DROP to: "lab7"."dbt"."stg_orders_log__dbt_backup"
[0m03:33:17.605075 [debug] [Thread-1 (]: Using postgres connection "model.lab7.stg_orders_log"
[0m03:33:17.606483 [debug] [Thread-1 (]: On model.lab7.stg_orders_log: /* {"app": "dbt", "dbt_version": "1.9.0", "profile_name": "lab7", "target_name": "dev", "node_id": "model.lab7.stg_orders_log"} */
drop view if exists "lab7"."dbt"."stg_orders_log__dbt_backup" cascade
[0m03:33:17.610926 [debug] [Thread-1 (]: SQL status: DROP VIEW in 0.003 seconds
[0m03:33:17.613809 [debug] [Thread-1 (]: On model.lab7.stg_orders_log: Close
[0m03:33:17.615403 [debug] [Thread-1 (]: Sending event: {'category': 'dbt', 'action': 'run_model', 'label': '2d2613ef-f5a4-4892-bd52-35dbe2bb35d5', 'context': [<snowplow_tracker.self_describing_json.SelfDescribingJson object at 0x7f8a30d7fc50>]}
[0m03:33:17.617199 [info ] [Thread-1 (]: 5 of 83 OK created sql view model dbt.stg_orders_log ........................... [[32mCREATE VIEW[0m in 0.15s]
[0m03:33:17.619190 [debug] [Thread-1 (]: Finished running node model.lab7.stg_orders_log
[0m03:33:17.621814 [debug] [Thread-3 (]: Began running node test.lab7.not_null_stg_orders_log_customer_code.758ff8898d
[0m03:33:17.622363 [debug] [Thread-2 (]: Began running node test.lab7.not_null_stg_orders_log_order_date.da8b534281
[0m03:33:17.622942 [debug] [Thread-4 (]: Began running node test.lab7.not_null_stg_orders_log_order_id.7406ea2206
[0m03:33:17.623590 [debug] [Thread-1 (]: Began running node test.lab7.not_null_stg_orders_log_product_code.dc29c535f1
[0m03:33:17.624393 [info ] [Thread-3 (]: 6 of 83 START test not_null_stg_orders_log_customer_code ....................... [RUN]
[0m03:33:17.625567 [info ] [Thread-2 (]: 7 of 83 START test not_null_stg_orders_log_order_date .......................... [RUN]
[0m03:33:17.626930 [info ] [Thread-4 (]: 8 of 83 START test not_null_stg_orders_log_order_id ............................ [RUN]
[0m03:33:17.628172 [info ] [Thread-1 (]: 9 of 83 START test not_null_stg_orders_log_product_code ........................ [RUN]
[0m03:33:17.630025 [debug] [Thread-3 (]: Re-using an available connection from the pool (formerly test.lab7.accepted_values_orders_log_status__ORDERED__SHIPPED__DELIVERED__CANCELLED.667634d32f, now test.lab7.not_null_stg_orders_log_customer_code.758ff8898d)
[0m03:33:17.632391 [debug] [Thread-2 (]: Re-using an available connection from the pool (formerly test.lab7.unique_orders_log_order_id.cb5c580cb1, now test.lab7.not_null_stg_orders_log_order_date.da8b534281)
[0m03:33:17.634177 [debug] [Thread-4 (]: Re-using an available connection from the pool (formerly test.lab7.not_null_orders_log_order_id.f30de7ef19, now test.lab7.not_null_stg_orders_log_order_id.7406ea2206)
[0m03:33:17.635616 [debug] [Thread-1 (]: Re-using an available connection from the pool (formerly model.lab7.stg_orders_log, now test.lab7.not_null_stg_orders_log_product_code.dc29c535f1)
[0m03:33:17.636958 [debug] [Thread-3 (]: Began compiling node test.lab7.not_null_stg_orders_log_customer_code.758ff8898d
[0m03:33:17.638093 [debug] [Thread-2 (]: Began compiling node test.lab7.not_null_stg_orders_log_order_date.da8b534281
[0m03:33:17.639184 [debug] [Thread-4 (]: Began compiling node test.lab7.not_null_stg_orders_log_order_id.7406ea2206
[0m03:33:17.640237 [debug] [Thread-1 (]: Began compiling node test.lab7.not_null_stg_orders_log_product_code.dc29c535f1
[0m03:33:17.645364 [debug] [Thread-3 (]: Writing injected SQL for node "test.lab7.not_null_stg_orders_log_customer_code.758ff8898d"
[0m03:33:17.651226 [debug] [Thread-2 (]: Writing injected SQL for node "test.lab7.not_null_stg_orders_log_order_date.da8b534281"
[0m03:33:17.657585 [debug] [Thread-4 (]: Writing injected SQL for node "test.lab7.not_null_stg_orders_log_order_id.7406ea2206"
[0m03:33:17.663194 [debug] [Thread-1 (]: Writing injected SQL for node "test.lab7.not_null_stg_orders_log_product_code.dc29c535f1"
[0m03:33:17.673343 [debug] [Thread-3 (]: Began executing node test.lab7.not_null_stg_orders_log_customer_code.758ff8898d
[0m03:33:17.676749 [debug] [Thread-3 (]: Writing runtime sql for node "test.lab7.not_null_stg_orders_log_customer_code.758ff8898d"
[0m03:33:17.678570 [debug] [Thread-1 (]: Began executing node test.lab7.not_null_stg_orders_log_product_code.dc29c535f1
[0m03:33:17.679195 [debug] [Thread-2 (]: Began executing node test.lab7.not_null_stg_orders_log_order_date.da8b534281
[0m03:33:17.683156 [debug] [Thread-1 (]: Writing runtime sql for node "test.lab7.not_null_stg_orders_log_product_code.dc29c535f1"
[0m03:33:17.683889 [debug] [Thread-4 (]: Began executing node test.lab7.not_null_stg_orders_log_order_id.7406ea2206
[0m03:33:17.687958 [debug] [Thread-2 (]: Writing runtime sql for node "test.lab7.not_null_stg_orders_log_order_date.da8b534281"
[0m03:33:17.693065 [debug] [Thread-4 (]: Writing runtime sql for node "test.lab7.not_null_stg_orders_log_order_id.7406ea2206"
[0m03:33:17.699906 [debug] [Thread-1 (]: Using postgres connection "test.lab7.not_null_stg_orders_log_product_code.dc29c535f1"
[0m03:33:17.701592 [debug] [Thread-1 (]: On test.lab7.not_null_stg_orders_log_product_code.dc29c535f1: BEGIN
[0m03:33:17.702144 [debug] [Thread-3 (]: Using postgres connection "test.lab7.not_null_stg_orders_log_customer_code.758ff8898d"
[0m03:33:17.703235 [debug] [Thread-1 (]: Opening a new connection, currently in state closed
[0m03:33:17.704713 [debug] [Thread-2 (]: Using postgres connection "test.lab7.not_null_stg_orders_log_order_date.da8b534281"
[0m03:33:17.705221 [debug] [Thread-3 (]: On test.lab7.not_null_stg_orders_log_customer_code.758ff8898d: BEGIN
[0m03:33:17.707817 [debug] [Thread-4 (]: Using postgres connection "test.lab7.not_null_stg_orders_log_order_id.7406ea2206"
[0m03:33:17.708879 [debug] [Thread-2 (]: On test.lab7.not_null_stg_orders_log_order_date.da8b534281: BEGIN
[0m03:33:17.710428 [debug] [Thread-3 (]: Opening a new connection, currently in state closed
[0m03:33:17.711940 [debug] [Thread-4 (]: On test.lab7.not_null_stg_orders_log_order_id.7406ea2206: BEGIN
[0m03:33:17.713422 [debug] [Thread-2 (]: Opening a new connection, currently in state closed
[0m03:33:17.714758 [debug] [Thread-1 (]: SQL status: BEGIN in 0.011 seconds
[0m03:33:17.716348 [debug] [Thread-4 (]: Opening a new connection, currently in state closed
[0m03:33:17.718801 [debug] [Thread-1 (]: Using postgres connection "test.lab7.not_null_stg_orders_log_product_code.dc29c535f1"
[0m03:33:17.721042 [debug] [Thread-1 (]: On test.lab7.not_null_stg_orders_log_product_code.dc29c535f1: /* {"app": "dbt", "dbt_version": "1.9.0", "profile_name": "lab7", "target_name": "dev", "node_id": "test.lab7.not_null_stg_orders_log_product_code.dc29c535f1"} */
select
      count(*) as failures,
      count(*) != 0 as should_warn,
      count(*) != 0 as should_error
    from (
      
    
    



select product_code
from "lab7"."dbt"."stg_orders_log"
where product_code is null



      
    ) dbt_internal_test
[0m03:33:17.724789 [debug] [Thread-2 (]: SQL status: BEGIN in 0.011 seconds
[0m03:33:17.725365 [debug] [Thread-3 (]: SQL status: BEGIN in 0.015 seconds
[0m03:33:17.725965 [debug] [Thread-1 (]: SQL status: SELECT 1 in 0.004 seconds
[0m03:33:17.726883 [debug] [Thread-4 (]: SQL status: BEGIN in 0.011 seconds
[0m03:33:17.727303 [debug] [Thread-2 (]: Using postgres connection "test.lab7.not_null_stg_orders_log_order_date.da8b534281"
[0m03:33:17.728389 [debug] [Thread-3 (]: Using postgres connection "test.lab7.not_null_stg_orders_log_customer_code.758ff8898d"
[0m03:33:17.730926 [debug] [Thread-1 (]: On test.lab7.not_null_stg_orders_log_product_code.dc29c535f1: ROLLBACK
[0m03:33:17.732104 [debug] [Thread-4 (]: Using postgres connection "test.lab7.not_null_stg_orders_log_order_id.7406ea2206"
[0m03:33:17.733189 [debug] [Thread-2 (]: On test.lab7.not_null_stg_orders_log_order_date.da8b534281: /* {"app": "dbt", "dbt_version": "1.9.0", "profile_name": "lab7", "target_name": "dev", "node_id": "test.lab7.not_null_stg_orders_log_order_date.da8b534281"} */
select
      count(*) as failures,
      count(*) != 0 as should_warn,
      count(*) != 0 as should_error
    from (
      
    
    



select order_date
from "lab7"."dbt"."stg_orders_log"
where order_date is null



      
    ) dbt_internal_test
[0m03:33:17.734317 [debug] [Thread-3 (]: On test.lab7.not_null_stg_orders_log_customer_code.758ff8898d: /* {"app": "dbt", "dbt_version": "1.9.0", "profile_name": "lab7", "target_name": "dev", "node_id": "test.lab7.not_null_stg_orders_log_customer_code.758ff8898d"} */
select
      count(*) as failures,
      count(*) != 0 as should_warn,
      count(*) != 0 as should_error
    from (
      
    
    



select customer_code
from "lab7"."dbt"."stg_orders_log"
where customer_code is null



      
    ) dbt_internal_test
[0m03:33:17.735678 [debug] [Thread-1 (]: On test.lab7.not_null_stg_orders_log_product_code.dc29c535f1: Close
[0m03:33:17.736697 [debug] [Thread-4 (]: On test.lab7.not_null_stg_orders_log_order_id.7406ea2206: /* {"app": "dbt", "dbt_version": "1.9.0", "profile_name": "lab7", "target_name": "dev", "node_id": "test.lab7.not_null_stg_orders_log_order_id.7406ea2206"} */
select
      count(*) as failures,
      count(*) != 0 as should_warn,
      count(*) != 0 as should_error
    from (
      
    
    



select order_id
from "lab7"."dbt"."stg_orders_log"
where order_id is null



      
    ) dbt_internal_test
[0m03:33:17.740034 [info ] [Thread-1 (]: 9 of 83 PASS not_null_stg_orders_log_product_code .............................. [[32mPASS[0m in 0.10s]
[0m03:33:17.741220 [debug] [Thread-2 (]: SQL status: SELECT 1 in 0.003 seconds
[0m03:33:17.742029 [debug] [Thread-3 (]: SQL status: SELECT 1 in 0.003 seconds
[0m03:33:17.743462 [debug] [Thread-1 (]: Finished running node test.lab7.not_null_stg_orders_log_product_code.dc29c535f1
[0m03:33:17.744564 [debug] [Thread-4 (]: SQL status: SELECT 1 in 0.003 seconds
[0m03:33:17.746592 [debug] [Thread-2 (]: On test.lab7.not_null_stg_orders_log_order_date.da8b534281: ROLLBACK
[0m03:33:17.749018 [debug] [Thread-3 (]: On test.lab7.not_null_stg_orders_log_customer_code.758ff8898d: ROLLBACK
[0m03:33:17.750229 [debug] [Thread-1 (]: Began running node test.lab7.not_null_stg_orders_log_staff_code.97c70af6ae
[0m03:33:17.752497 [debug] [Thread-4 (]: On test.lab7.not_null_stg_orders_log_order_id.7406ea2206: ROLLBACK
[0m03:33:17.753880 [debug] [Thread-2 (]: On test.lab7.not_null_stg_orders_log_order_date.da8b534281: Close
[0m03:33:17.754902 [debug] [Thread-3 (]: On test.lab7.not_null_stg_orders_log_customer_code.758ff8898d: Close
[0m03:33:17.755776 [info ] [Thread-1 (]: 10 of 83 START test not_null_stg_orders_log_staff_code ......................... [RUN]
[0m03:33:17.757575 [debug] [Thread-4 (]: On test.lab7.not_null_stg_orders_log_order_id.7406ea2206: Close
[0m03:33:17.759541 [info ] [Thread-2 (]: 7 of 83 PASS not_null_stg_orders_log_order_date ................................ [[32mPASS[0m in 0.13s]
[0m03:33:17.761351 [info ] [Thread-3 (]: 6 of 83 PASS not_null_stg_orders_log_customer_code ............................. [[32mPASS[0m in 0.13s]
[0m03:33:17.763076 [debug] [Thread-1 (]: Re-using an available connection from the pool (formerly test.lab7.not_null_stg_orders_log_product_code.dc29c535f1, now test.lab7.not_null_stg_orders_log_staff_code.97c70af6ae)
[0m03:33:17.765701 [info ] [Thread-4 (]: 8 of 83 PASS not_null_stg_orders_log_order_id .................................. [[32mPASS[0m in 0.13s]
[0m03:33:17.767260 [debug] [Thread-2 (]: Finished running node test.lab7.not_null_stg_orders_log_order_date.da8b534281
[0m03:33:17.768949 [debug] [Thread-3 (]: Finished running node test.lab7.not_null_stg_orders_log_customer_code.758ff8898d
[0m03:33:17.770125 [debug] [Thread-1 (]: Began compiling node test.lab7.not_null_stg_orders_log_staff_code.97c70af6ae
[0m03:33:17.772111 [debug] [Thread-4 (]: Finished running node test.lab7.not_null_stg_orders_log_order_id.7406ea2206
[0m03:33:17.773581 [debug] [Thread-2 (]: Began running node test.lab7.not_null_stg_orders_log_store_code.8d7cf239df
[0m03:33:17.774855 [debug] [Thread-3 (]: Began running node test.lab7.unique_stg_orders_log_order_id.059d5fe38a
[0m03:33:17.780732 [debug] [Thread-1 (]: Writing injected SQL for node "test.lab7.not_null_stg_orders_log_staff_code.97c70af6ae"
[0m03:33:17.782898 [info ] [Thread-2 (]: 11 of 83 START test not_null_stg_orders_log_store_code ......................... [RUN]
[0m03:33:17.784167 [info ] [Thread-3 (]: 12 of 83 START test unique_stg_orders_log_order_id ............................. [RUN]
[0m03:33:17.787059 [debug] [Thread-2 (]: Re-using an available connection from the pool (formerly test.lab7.not_null_stg_orders_log_order_date.da8b534281, now test.lab7.not_null_stg_orders_log_store_code.8d7cf239df)
[0m03:33:17.788609 [debug] [Thread-3 (]: Re-using an available connection from the pool (formerly test.lab7.not_null_stg_orders_log_customer_code.758ff8898d, now test.lab7.unique_stg_orders_log_order_id.059d5fe38a)
[0m03:33:17.790205 [debug] [Thread-2 (]: Began compiling node test.lab7.not_null_stg_orders_log_store_code.8d7cf239df
[0m03:33:17.791814 [debug] [Thread-3 (]: Began compiling node test.lab7.unique_stg_orders_log_order_id.059d5fe38a
[0m03:33:17.797993 [debug] [Thread-2 (]: Writing injected SQL for node "test.lab7.not_null_stg_orders_log_store_code.8d7cf239df"
[0m03:33:17.805153 [debug] [Thread-1 (]: Began executing node test.lab7.not_null_stg_orders_log_staff_code.97c70af6ae
[0m03:33:17.805705 [debug] [Thread-3 (]: Writing injected SQL for node "test.lab7.unique_stg_orders_log_order_id.059d5fe38a"
[0m03:33:17.812925 [debug] [Thread-1 (]: Writing runtime sql for node "test.lab7.not_null_stg_orders_log_staff_code.97c70af6ae"
[0m03:33:17.818792 [debug] [Thread-2 (]: Began executing node test.lab7.not_null_stg_orders_log_store_code.8d7cf239df
[0m03:33:17.822523 [debug] [Thread-2 (]: Writing runtime sql for node "test.lab7.not_null_stg_orders_log_store_code.8d7cf239df"
[0m03:33:17.824285 [debug] [Thread-1 (]: Using postgres connection "test.lab7.not_null_stg_orders_log_staff_code.97c70af6ae"
[0m03:33:17.824778 [debug] [Thread-3 (]: Began executing node test.lab7.unique_stg_orders_log_order_id.059d5fe38a
[0m03:33:17.825761 [debug] [Thread-1 (]: On test.lab7.not_null_stg_orders_log_staff_code.97c70af6ae: BEGIN
[0m03:33:17.829378 [debug] [Thread-3 (]: Writing runtime sql for node "test.lab7.unique_stg_orders_log_order_id.059d5fe38a"
[0m03:33:17.831135 [debug] [Thread-1 (]: Opening a new connection, currently in state closed
[0m03:33:17.831960 [debug] [Thread-2 (]: Using postgres connection "test.lab7.not_null_stg_orders_log_store_code.8d7cf239df"
[0m03:33:17.834932 [debug] [Thread-2 (]: On test.lab7.not_null_stg_orders_log_store_code.8d7cf239df: BEGIN
[0m03:33:17.836299 [debug] [Thread-2 (]: Opening a new connection, currently in state closed
[0m03:33:17.839848 [debug] [Thread-1 (]: SQL status: BEGIN in 0.009 seconds
[0m03:33:17.841198 [debug] [Thread-1 (]: Using postgres connection "test.lab7.not_null_stg_orders_log_staff_code.97c70af6ae"
[0m03:33:17.842428 [debug] [Thread-1 (]: On test.lab7.not_null_stg_orders_log_staff_code.97c70af6ae: /* {"app": "dbt", "dbt_version": "1.9.0", "profile_name": "lab7", "target_name": "dev", "node_id": "test.lab7.not_null_stg_orders_log_staff_code.97c70af6ae"} */
select
      count(*) as failures,
      count(*) != 0 as should_warn,
      count(*) != 0 as should_error
    from (
      
    
    



select staff_code
from "lab7"."dbt"."stg_orders_log"
where staff_code is null



      
    ) dbt_internal_test
[0m03:33:17.843023 [debug] [Thread-3 (]: Using postgres connection "test.lab7.unique_stg_orders_log_order_id.059d5fe38a"
[0m03:33:17.843949 [debug] [Thread-2 (]: SQL status: BEGIN in 0.008 seconds
[0m03:33:17.845098 [debug] [Thread-3 (]: On test.lab7.unique_stg_orders_log_order_id.059d5fe38a: BEGIN
[0m03:33:17.846239 [debug] [Thread-2 (]: Using postgres connection "test.lab7.not_null_stg_orders_log_store_code.8d7cf239df"
[0m03:33:17.846736 [debug] [Thread-1 (]: SQL status: SELECT 1 in 0.002 seconds
[0m03:33:17.847653 [debug] [Thread-3 (]: Opening a new connection, currently in state closed
[0m03:33:17.849005 [debug] [Thread-2 (]: On test.lab7.not_null_stg_orders_log_store_code.8d7cf239df: /* {"app": "dbt", "dbt_version": "1.9.0", "profile_name": "lab7", "target_name": "dev", "node_id": "test.lab7.not_null_stg_orders_log_store_code.8d7cf239df"} */
select
      count(*) as failures,
      count(*) != 0 as should_warn,
      count(*) != 0 as should_error
    from (
      
    
    



select store_code
from "lab7"."dbt"."stg_orders_log"
where store_code is null



      
    ) dbt_internal_test
[0m03:33:17.851714 [debug] [Thread-1 (]: On test.lab7.not_null_stg_orders_log_staff_code.97c70af6ae: ROLLBACK
[0m03:33:17.856778 [debug] [Thread-2 (]: SQL status: SELECT 1 in 0.003 seconds
[0m03:33:17.858051 [debug] [Thread-1 (]: On test.lab7.not_null_stg_orders_log_staff_code.97c70af6ae: Close
[0m03:33:17.858577 [debug] [Thread-3 (]: SQL status: BEGIN in 0.011 seconds
[0m03:33:17.860561 [debug] [Thread-2 (]: On test.lab7.not_null_stg_orders_log_store_code.8d7cf239df: ROLLBACK
[0m03:33:17.862172 [info ] [Thread-1 (]: 10 of 83 PASS not_null_stg_orders_log_staff_code ............................... [[32mPASS[0m in 0.10s]
[0m03:33:17.862989 [debug] [Thread-3 (]: Using postgres connection "test.lab7.unique_stg_orders_log_order_id.059d5fe38a"
[0m03:33:17.864731 [debug] [Thread-2 (]: On test.lab7.not_null_stg_orders_log_store_code.8d7cf239df: Close
[0m03:33:17.866033 [debug] [Thread-1 (]: Finished running node test.lab7.not_null_stg_orders_log_staff_code.97c70af6ae
[0m03:33:17.867249 [debug] [Thread-3 (]: On test.lab7.unique_stg_orders_log_order_id.059d5fe38a: /* {"app": "dbt", "dbt_version": "1.9.0", "profile_name": "lab7", "target_name": "dev", "node_id": "test.lab7.unique_stg_orders_log_order_id.059d5fe38a"} */
select
      count(*) as failures,
      count(*) != 0 as should_warn,
      count(*) != 0 as should_error
    from (
      
    
    

select
    order_id as unique_field,
    count(*) as n_records

from "lab7"."dbt"."stg_orders_log"
where order_id is not null
group by order_id
having count(*) > 1



      
    ) dbt_internal_test
[0m03:33:17.868623 [info ] [Thread-2 (]: 11 of 83 PASS not_null_stg_orders_log_store_code ............................... [[32mPASS[0m in 0.08s]
[0m03:33:17.871340 [debug] [Thread-2 (]: Finished running node test.lab7.not_null_stg_orders_log_store_code.8d7cf239df
[0m03:33:17.874088 [debug] [Thread-3 (]: SQL status: SELECT 1 in 0.004 seconds
[0m03:33:17.877543 [debug] [Thread-3 (]: On test.lab7.unique_stg_orders_log_order_id.059d5fe38a: ROLLBACK
[0m03:33:17.879119 [debug] [Thread-3 (]: On test.lab7.unique_stg_orders_log_order_id.059d5fe38a: Close
[0m03:33:17.881119 [info ] [Thread-3 (]: 12 of 83 PASS unique_stg_orders_log_order_id ................................... [[32mPASS[0m in 0.09s]
[0m03:33:17.882862 [debug] [Thread-3 (]: Finished running node test.lab7.unique_stg_orders_log_order_id.059d5fe38a
[0m03:33:17.885221 [debug] [Thread-4 (]: Began running node model.lab7.dim_customer
[0m03:33:17.885690 [debug] [Thread-1 (]: Began running node model.lab7.dim_date
[0m03:33:17.886198 [debug] [Thread-2 (]: Began running node model.lab7.dim_order_status
[0m03:33:17.886626 [debug] [Thread-3 (]: Began running node model.lab7.dim_payment_method
[0m03:33:17.887412 [info ] [Thread-4 (]: 13 of 83 START sql view model dbt.dim_customer ................................. [RUN]
[0m03:33:17.888587 [info ] [Thread-1 (]: 14 of 83 START sql view model dbt.dim_date ..................................... [RUN]
[0m03:33:17.890025 [info ] [Thread-2 (]: 15 of 83 START sql view model dbt.dim_order_status ............................. [RUN]
[0m03:33:17.891448 [info ] [Thread-3 (]: 16 of 83 START sql view model dbt.dim_payment_method ........................... [RUN]
[0m03:33:17.892829 [debug] [Thread-4 (]: Re-using an available connection from the pool (formerly test.lab7.not_null_stg_orders_log_order_id.7406ea2206, now model.lab7.dim_customer)
[0m03:33:17.894228 [debug] [Thread-1 (]: Re-using an available connection from the pool (formerly test.lab7.not_null_stg_orders_log_staff_code.97c70af6ae, now model.lab7.dim_date)
[0m03:33:17.895611 [debug] [Thread-2 (]: Re-using an available connection from the pool (formerly test.lab7.not_null_stg_orders_log_store_code.8d7cf239df, now model.lab7.dim_order_status)
[0m03:33:17.896813 [debug] [Thread-3 (]: Re-using an available connection from the pool (formerly test.lab7.unique_stg_orders_log_order_id.059d5fe38a, now model.lab7.dim_payment_method)
[0m03:33:17.898203 [debug] [Thread-4 (]: Began compiling node model.lab7.dim_customer
[0m03:33:17.899802 [debug] [Thread-1 (]: Began compiling node model.lab7.dim_date
[0m03:33:17.900971 [debug] [Thread-2 (]: Began compiling node model.lab7.dim_order_status
[0m03:33:17.902057 [debug] [Thread-3 (]: Began compiling node model.lab7.dim_payment_method
[0m03:33:17.905922 [debug] [Thread-4 (]: Writing injected SQL for node "model.lab7.dim_customer"
[0m03:33:17.909706 [debug] [Thread-1 (]: Writing injected SQL for node "model.lab7.dim_date"
[0m03:33:17.913405 [debug] [Thread-2 (]: Writing injected SQL for node "model.lab7.dim_order_status"
[0m03:33:17.916948 [debug] [Thread-3 (]: Writing injected SQL for node "model.lab7.dim_payment_method"
[0m03:33:17.927511 [debug] [Thread-4 (]: Began executing node model.lab7.dim_customer
[0m03:33:17.933045 [debug] [Thread-4 (]: Writing runtime sql for node "model.lab7.dim_customer"
[0m03:33:17.934650 [debug] [Thread-3 (]: Began executing node model.lab7.dim_payment_method
[0m03:33:17.935411 [debug] [Thread-2 (]: Began executing node model.lab7.dim_order_status
[0m03:33:17.936343 [debug] [Thread-1 (]: Began executing node model.lab7.dim_date
[0m03:33:17.941160 [debug] [Thread-3 (]: Writing runtime sql for node "model.lab7.dim_payment_method"
[0m03:33:17.946894 [debug] [Thread-2 (]: Writing runtime sql for node "model.lab7.dim_order_status"
[0m03:33:17.952243 [debug] [Thread-1 (]: Writing runtime sql for node "model.lab7.dim_date"
[0m03:33:17.957879 [debug] [Thread-4 (]: Using postgres connection "model.lab7.dim_customer"
[0m03:33:17.959062 [debug] [Thread-4 (]: On model.lab7.dim_customer: BEGIN
[0m03:33:17.959678 [debug] [Thread-3 (]: Using postgres connection "model.lab7.dim_payment_method"
[0m03:33:17.960758 [debug] [Thread-4 (]: Opening a new connection, currently in state closed
[0m03:33:17.961685 [debug] [Thread-2 (]: Using postgres connection "model.lab7.dim_order_status"
[0m03:33:17.962394 [debug] [Thread-3 (]: On model.lab7.dim_payment_method: BEGIN
[0m03:33:17.964764 [debug] [Thread-1 (]: Using postgres connection "model.lab7.dim_date"
[0m03:33:17.965829 [debug] [Thread-2 (]: On model.lab7.dim_order_status: BEGIN
[0m03:33:17.967460 [debug] [Thread-3 (]: Opening a new connection, currently in state closed
[0m03:33:17.969064 [debug] [Thread-1 (]: On model.lab7.dim_date: BEGIN
[0m03:33:17.970674 [debug] [Thread-2 (]: Opening a new connection, currently in state closed
[0m03:33:17.972025 [debug] [Thread-4 (]: SQL status: BEGIN in 0.011 seconds
[0m03:33:17.974093 [debug] [Thread-1 (]: Opening a new connection, currently in state closed
[0m03:33:17.976794 [debug] [Thread-4 (]: Using postgres connection "model.lab7.dim_customer"
[0m03:33:17.978976 [debug] [Thread-4 (]: On model.lab7.dim_customer: /* {"app": "dbt", "dbt_version": "1.9.0", "profile_name": "lab7", "target_name": "dev", "node_id": "model.lab7.dim_customer"} */

  create view "lab7"."dbt"."dim_customer__dbt_tmp"
    
    
  as (
    select
    md5(customer_code) as customer_key,
    customer_code,
    max(customer_name) as customer_name

from "lab7"."dbt"."stg_orders_log"
group by customer_code
  );
[0m03:33:17.980086 [debug] [Thread-3 (]: SQL status: BEGIN in 0.013 seconds
[0m03:33:17.981861 [debug] [Thread-3 (]: Using postgres connection "model.lab7.dim_payment_method"
[0m03:33:17.983118 [debug] [Thread-3 (]: On model.lab7.dim_payment_method: /* {"app": "dbt", "dbt_version": "1.9.0", "profile_name": "lab7", "target_name": "dev", "node_id": "model.lab7.dim_payment_method"} */

  create view "lab7"."dbt"."dim_payment_method__dbt_tmp"
    
    
  as (
    select
    md5(payment_method) as payment_method_key,
    payment_method

from "lab7"."dbt"."stg_orders_log"
group by payment_method
  );
[0m03:33:17.984375 [debug] [Thread-1 (]: SQL status: BEGIN in 0.010 seconds
[0m03:33:17.985475 [debug] [Thread-2 (]: SQL status: BEGIN in 0.015 seconds
[0m03:33:17.985922 [debug] [Thread-1 (]: Using postgres connection "model.lab7.dim_date"
[0m03:33:17.986396 [debug] [Thread-4 (]: SQL status: CREATE VIEW in 0.005 seconds
[0m03:33:17.986833 [debug] [Thread-3 (]: SQL status: CREATE VIEW in 0.003 seconds
[0m03:33:17.987769 [debug] [Thread-2 (]: Using postgres connection "model.lab7.dim_order_status"
[0m03:33:17.988887 [debug] [Thread-1 (]: On model.lab7.dim_date: /* {"app": "dbt", "dbt_version": "1.9.0", "profile_name": "lab7", "target_name": "dev", "node_id": "model.lab7.dim_date"} */

  create view "lab7"."dbt"."dim_date__dbt_tmp"
    
    
  as (
    with bounds as (
    select
        min(order_date) as min_date,
        max(
            greatest(
                order_date,
                coalesce(shipped_date, order_date),
                coalesce(delivered_date, order_date)
            )
        ) as max_date
    from "lab7"."dbt"."stg_orders_log"

),

date_spine as (
    select g.date_day::date as full_date
    from bounds
    cross join lateral generate_series(
        bounds.min_date,
        bounds.max_date,
        interval '1 day'
    ) as g(date_day)

)

select
    to_char(full_date, 'YYYYMMDD')::integer as date_key,
    full_date,
    extract(year from full_date)::integer as year,
    extract(month from full_date)::integer as month,
    extract(day from full_date)::integer as day,
    (
        extract(year from full_date)::integer * 100
        + extract(month from full_date)::integer
    ) as yyyymm
from date_spine
  );
[0m03:33:17.994210 [debug] [Thread-4 (]: Using postgres connection "model.lab7.dim_customer"
[0m03:33:17.998068 [debug] [Thread-3 (]: Using postgres connection "model.lab7.dim_payment_method"
[0m03:33:17.999285 [debug] [Thread-2 (]: On model.lab7.dim_order_status: /* {"app": "dbt", "dbt_version": "1.9.0", "profile_name": "lab7", "target_name": "dev", "node_id": "model.lab7.dim_order_status"} */

  create view "lab7"."dbt"."dim_order_status__dbt_tmp"
    
    
  as (
    select
    md5(status) as status_key,
    status

from "lab7"."dbt"."stg_orders_log"
group by status
  );
[0m03:33:18.002223 [debug] [Thread-4 (]: On model.lab7.dim_customer: /* {"app": "dbt", "dbt_version": "1.9.0", "profile_name": "lab7", "target_name": "dev", "node_id": "model.lab7.dim_customer"} */
alter table "lab7"."dbt"."dim_customer__dbt_tmp" rename to "dim_customer"
[0m03:33:18.003401 [debug] [Thread-3 (]: On model.lab7.dim_payment_method: /* {"app": "dbt", "dbt_version": "1.9.0", "profile_name": "lab7", "target_name": "dev", "node_id": "model.lab7.dim_payment_method"} */
alter table "lab7"."dbt"."dim_payment_method__dbt_tmp" rename to "dim_payment_method"
[0m03:33:18.005979 [debug] [Thread-4 (]: SQL status: ALTER TABLE in 0.001 seconds
[0m03:33:18.006819 [debug] [Thread-3 (]: SQL status: ALTER TABLE in 0.000 seconds
[0m03:33:18.008705 [debug] [Thread-4 (]: On model.lab7.dim_customer: COMMIT
[0m03:33:18.009136 [debug] [Thread-2 (]: SQL status: CREATE VIEW in 0.005 seconds
[0m03:33:18.009680 [debug] [Thread-1 (]: SQL status: CREATE VIEW in 0.009 seconds
[0m03:33:18.011536 [debug] [Thread-3 (]: On model.lab7.dim_payment_method: COMMIT
[0m03:33:18.012666 [debug] [Thread-4 (]: Using postgres connection "model.lab7.dim_customer"
[0m03:33:18.016534 [debug] [Thread-2 (]: Using postgres connection "model.lab7.dim_order_status"
[0m03:33:18.019933 [debug] [Thread-1 (]: Using postgres connection "model.lab7.dim_date"
[0m03:33:18.021139 [debug] [Thread-3 (]: Using postgres connection "model.lab7.dim_payment_method"
[0m03:33:18.022264 [debug] [Thread-4 (]: On model.lab7.dim_customer: COMMIT
[0m03:33:18.023162 [debug] [Thread-2 (]: On model.lab7.dim_order_status: /* {"app": "dbt", "dbt_version": "1.9.0", "profile_name": "lab7", "target_name": "dev", "node_id": "model.lab7.dim_order_status"} */
alter table "lab7"."dbt"."dim_order_status__dbt_tmp" rename to "dim_order_status"
[0m03:33:18.024177 [debug] [Thread-1 (]: On model.lab7.dim_date: /* {"app": "dbt", "dbt_version": "1.9.0", "profile_name": "lab7", "target_name": "dev", "node_id": "model.lab7.dim_date"} */
alter table "lab7"."dbt"."dim_date__dbt_tmp" rename to "dim_date"
[0m03:33:18.025423 [debug] [Thread-3 (]: On model.lab7.dim_payment_method: COMMIT
[0m03:33:18.027628 [debug] [Thread-2 (]: SQL status: ALTER TABLE in 0.000 seconds
[0m03:33:18.031278 [debug] [Thread-2 (]: On model.lab7.dim_order_status: COMMIT
[0m03:33:18.031809 [debug] [Thread-1 (]: SQL status: ALTER TABLE in 0.003 seconds
[0m03:33:18.032375 [debug] [Thread-4 (]: SQL status: COMMIT in 0.006 seconds
[0m03:33:18.033014 [debug] [Thread-3 (]: SQL status: COMMIT in 0.004 seconds
[0m03:33:18.033410 [debug] [Thread-2 (]: Using postgres connection "model.lab7.dim_order_status"
[0m03:33:18.035525 [debug] [Thread-1 (]: On model.lab7.dim_date: COMMIT
[0m03:33:18.038631 [debug] [Thread-4 (]: Applying DROP to: "lab7"."dbt"."dim_customer__dbt_backup"
[0m03:33:18.041419 [debug] [Thread-3 (]: Applying DROP to: "lab7"."dbt"."dim_payment_method__dbt_backup"
[0m03:33:18.042510 [debug] [Thread-2 (]: On model.lab7.dim_order_status: COMMIT
[0m03:33:18.043592 [debug] [Thread-1 (]: Using postgres connection "model.lab7.dim_date"
[0m03:33:18.044847 [debug] [Thread-4 (]: Using postgres connection "model.lab7.dim_customer"
[0m03:33:18.046160 [debug] [Thread-3 (]: Using postgres connection "model.lab7.dim_payment_method"
[0m03:33:18.047939 [debug] [Thread-1 (]: On model.lab7.dim_date: COMMIT
[0m03:33:18.048572 [debug] [Thread-2 (]: SQL status: COMMIT in 0.001 seconds
[0m03:33:18.049483 [debug] [Thread-4 (]: On model.lab7.dim_customer: /* {"app": "dbt", "dbt_version": "1.9.0", "profile_name": "lab7", "target_name": "dev", "node_id": "model.lab7.dim_customer"} */
drop view if exists "lab7"."dbt"."dim_customer__dbt_backup" cascade
[0m03:33:18.050463 [debug] [Thread-3 (]: On model.lab7.dim_payment_method: /* {"app": "dbt", "dbt_version": "1.9.0", "profile_name": "lab7", "target_name": "dev", "node_id": "model.lab7.dim_payment_method"} */
drop view if exists "lab7"."dbt"."dim_payment_method__dbt_backup" cascade
[0m03:33:18.054200 [debug] [Thread-2 (]: Applying DROP to: "lab7"."dbt"."dim_order_status__dbt_backup"
[0m03:33:18.054671 [debug] [Thread-1 (]: SQL status: COMMIT in 0.003 seconds
[0m03:33:18.055785 [debug] [Thread-4 (]: SQL status: DROP VIEW in 0.000 seconds
[0m03:33:18.056936 [debug] [Thread-3 (]: SQL status: DROP VIEW in 0.000 seconds
[0m03:33:18.057939 [debug] [Thread-2 (]: Using postgres connection "model.lab7.dim_order_status"
[0m03:33:18.061032 [debug] [Thread-1 (]: Applying DROP to: "lab7"."dbt"."dim_date__dbt_backup"
[0m03:33:18.063302 [debug] [Thread-4 (]: On model.lab7.dim_customer: Close
[0m03:33:18.065473 [debug] [Thread-3 (]: On model.lab7.dim_payment_method: Close
[0m03:33:18.066558 [debug] [Thread-2 (]: On model.lab7.dim_order_status: /* {"app": "dbt", "dbt_version": "1.9.0", "profile_name": "lab7", "target_name": "dev", "node_id": "model.lab7.dim_order_status"} */
drop view if exists "lab7"."dbt"."dim_order_status__dbt_backup" cascade
[0m03:33:18.068072 [debug] [Thread-1 (]: Using postgres connection "model.lab7.dim_date"
[0m03:33:18.069562 [debug] [Thread-4 (]: Sending event: {'category': 'dbt', 'action': 'run_model', 'label': '2d2613ef-f5a4-4892-bd52-35dbe2bb35d5', 'context': [<snowplow_tracker.self_describing_json.SelfDescribingJson object at 0x7f8a30a59af0>]}
[0m03:33:18.070773 [debug] [Thread-3 (]: Sending event: {'category': 'dbt', 'action': 'run_model', 'label': '2d2613ef-f5a4-4892-bd52-35dbe2bb35d5', 'context': [<snowplow_tracker.self_describing_json.SelfDescribingJson object at 0x7f8a30d1efc0>]}
[0m03:33:18.072115 [debug] [Thread-2 (]: SQL status: DROP VIEW in 0.000 seconds
[0m03:33:18.072717 [debug] [Thread-1 (]: On model.lab7.dim_date: /* {"app": "dbt", "dbt_version": "1.9.0", "profile_name": "lab7", "target_name": "dev", "node_id": "model.lab7.dim_date"} */
drop view if exists "lab7"."dbt"."dim_date__dbt_backup" cascade
[0m03:33:18.074064 [info ] [Thread-4 (]: 13 of 83 OK created sql view model dbt.dim_customer ............................ [[32mCREATE VIEW[0m in 0.18s]
[0m03:33:18.075355 [info ] [Thread-3 (]: 16 of 83 OK created sql view model dbt.dim_payment_method ...................... [[32mCREATE VIEW[0m in 0.17s]
[0m03:33:18.077990 [debug] [Thread-2 (]: On model.lab7.dim_order_status: Close
[0m03:33:18.079578 [debug] [Thread-1 (]: SQL status: DROP VIEW in 0.000 seconds
[0m03:33:18.080506 [debug] [Thread-4 (]: Finished running node model.lab7.dim_customer
[0m03:33:18.081871 [debug] [Thread-3 (]: Finished running node model.lab7.dim_payment_method
[0m03:33:18.083182 [debug] [Thread-2 (]: Sending event: {'category': 'dbt', 'action': 'run_model', 'label': '2d2613ef-f5a4-4892-bd52-35dbe2bb35d5', 'context': [<snowplow_tracker.self_describing_json.SelfDescribingJson object at 0x7f8a30d0c2c0>]}
[0m03:33:18.085306 [debug] [Thread-1 (]: On model.lab7.dim_date: Close
[0m03:33:18.086539 [debug] [Thread-4 (]: Began running node model.lab7.dim_product
[0m03:33:18.087857 [debug] [Thread-3 (]: Began running node model.lab7.dim_staff
[0m03:33:18.089492 [info ] [Thread-2 (]: 15 of 83 OK created sql view model dbt.dim_order_status ........................ [[32mCREATE VIEW[0m in 0.19s]
[0m03:33:18.091008 [debug] [Thread-1 (]: Sending event: {'category': 'dbt', 'action': 'run_model', 'label': '2d2613ef-f5a4-4892-bd52-35dbe2bb35d5', 'context': [<snowplow_tracker.self_describing_json.SelfDescribingJson object at 0x7f8a309f5070>]}
[0m03:33:18.092105 [info ] [Thread-4 (]: 17 of 83 START sql view model dbt.dim_product .................................. [RUN]
[0m03:33:18.093847 [info ] [Thread-3 (]: 18 of 83 START sql view model dbt.dim_staff .................................... [RUN]
[0m03:33:18.095793 [debug] [Thread-2 (]: Finished running node model.lab7.dim_order_status
[0m03:33:18.097807 [info ] [Thread-1 (]: 14 of 83 OK created sql view model dbt.dim_date ................................ [[32mCREATE VIEW[0m in 0.20s]
[0m03:33:18.099956 [debug] [Thread-4 (]: Re-using an available connection from the pool (formerly model.lab7.dim_customer, now model.lab7.dim_product)
[0m03:33:18.101952 [debug] [Thread-3 (]: Re-using an available connection from the pool (formerly model.lab7.dim_payment_method, now model.lab7.dim_staff)
[0m03:33:18.103296 [debug] [Thread-2 (]: Began running node model.lab7.dim_store
[0m03:33:18.104894 [debug] [Thread-1 (]: Finished running node model.lab7.dim_date
[0m03:33:18.106343 [debug] [Thread-4 (]: Began compiling node model.lab7.dim_product
[0m03:33:18.107887 [debug] [Thread-3 (]: Began compiling node model.lab7.dim_staff
[0m03:33:18.109457 [info ] [Thread-2 (]: 19 of 83 START sql view model dbt.dim_store .................................... [RUN]
[0m03:33:18.111149 [debug] [Thread-1 (]: Began running node test.lab7.not_null_dim_customer_customer_code.ada171a051
[0m03:33:18.116458 [debug] [Thread-4 (]: Writing injected SQL for node "model.lab7.dim_product"
[0m03:33:18.121085 [debug] [Thread-3 (]: Writing injected SQL for node "model.lab7.dim_staff"
[0m03:33:18.122499 [debug] [Thread-2 (]: Re-using an available connection from the pool (formerly model.lab7.dim_order_status, now model.lab7.dim_store)
[0m03:33:18.123625 [info ] [Thread-1 (]: 20 of 83 START test not_null_dim_customer_customer_code ........................ [RUN]
[0m03:33:18.126453 [debug] [Thread-2 (]: Began compiling node model.lab7.dim_store
[0m03:33:18.128031 [debug] [Thread-1 (]: Re-using an available connection from the pool (formerly model.lab7.dim_date, now test.lab7.not_null_dim_customer_customer_code.ada171a051)
[0m03:33:18.133108 [debug] [Thread-2 (]: Writing injected SQL for node "model.lab7.dim_store"
[0m03:33:18.134852 [debug] [Thread-4 (]: Began executing node model.lab7.dim_product
[0m03:33:18.135656 [debug] [Thread-1 (]: Began compiling node test.lab7.not_null_dim_customer_customer_code.ada171a051
[0m03:33:18.136225 [debug] [Thread-3 (]: Began executing node model.lab7.dim_staff
[0m03:33:18.142205 [debug] [Thread-4 (]: Writing runtime sql for node "model.lab7.dim_product"
[0m03:33:18.150826 [debug] [Thread-1 (]: Writing injected SQL for node "test.lab7.not_null_dim_customer_customer_code.ada171a051"
[0m03:33:18.155563 [debug] [Thread-3 (]: Writing runtime sql for node "model.lab7.dim_staff"
[0m03:33:18.156121 [debug] [Thread-2 (]: Began executing node model.lab7.dim_store
[0m03:33:18.163058 [debug] [Thread-2 (]: Writing runtime sql for node "model.lab7.dim_store"
[0m03:33:18.169033 [debug] [Thread-4 (]: Using postgres connection "model.lab7.dim_product"
[0m03:33:18.169651 [debug] [Thread-1 (]: Began executing node test.lab7.not_null_dim_customer_customer_code.ada171a051
[0m03:33:18.170957 [debug] [Thread-4 (]: On model.lab7.dim_product: BEGIN
[0m03:33:18.171491 [debug] [Thread-3 (]: Using postgres connection "model.lab7.dim_staff"
[0m03:33:18.175307 [debug] [Thread-1 (]: Writing runtime sql for node "test.lab7.not_null_dim_customer_customer_code.ada171a051"
[0m03:33:18.175943 [debug] [Thread-2 (]: Using postgres connection "model.lab7.dim_store"
[0m03:33:18.176985 [debug] [Thread-4 (]: Opening a new connection, currently in state closed
[0m03:33:18.178181 [debug] [Thread-3 (]: On model.lab7.dim_staff: BEGIN
[0m03:33:18.180660 [debug] [Thread-2 (]: On model.lab7.dim_store: BEGIN
[0m03:33:18.183191 [debug] [Thread-3 (]: Opening a new connection, currently in state closed
[0m03:33:18.184510 [debug] [Thread-2 (]: Opening a new connection, currently in state closed
[0m03:33:18.189917 [debug] [Thread-1 (]: Using postgres connection "test.lab7.not_null_dim_customer_customer_code.ada171a051"
[0m03:33:18.191447 [debug] [Thread-4 (]: SQL status: BEGIN in 0.014 seconds
[0m03:33:18.192315 [debug] [Thread-1 (]: On test.lab7.not_null_dim_customer_customer_code.ada171a051: BEGIN
[0m03:33:18.193339 [debug] [Thread-2 (]: SQL status: BEGIN in 0.009 seconds
[0m03:33:18.194110 [debug] [Thread-4 (]: Using postgres connection "model.lab7.dim_product"
[0m03:33:18.194603 [debug] [Thread-3 (]: SQL status: BEGIN in 0.011 seconds
[0m03:33:18.195615 [debug] [Thread-1 (]: Opening a new connection, currently in state closed
[0m03:33:18.196956 [debug] [Thread-2 (]: Using postgres connection "model.lab7.dim_store"
[0m03:33:18.198245 [debug] [Thread-4 (]: On model.lab7.dim_product: /* {"app": "dbt", "dbt_version": "1.9.0", "profile_name": "lab7", "target_name": "dev", "node_id": "model.lab7.dim_product"} */

  create view "lab7"."dbt"."dim_product__dbt_tmp"
    
    
  as (
    select
    md5(product_code) as product_key,
    product_code,
    max(product_name) as product_name,
    max(category) as category,
    case
        when bool_or(size in ('S', 'M', 'L')) then 'S/M/L'
        else '-'
    end as size_domain

from "lab7"."dbt"."stg_orders_log"
group by product_code
  );
[0m03:33:18.199532 [debug] [Thread-3 (]: Using postgres connection "model.lab7.dim_staff"
[0m03:33:18.201729 [debug] [Thread-2 (]: On model.lab7.dim_store: /* {"app": "dbt", "dbt_version": "1.9.0", "profile_name": "lab7", "target_name": "dev", "node_id": "model.lab7.dim_store"} */

  create view "lab7"."dbt"."dim_store__dbt_tmp"
    
    
  as (
    select
    md5(store_code) as store_key,
    store_code,
    max(store_name) as store_name

from "lab7"."dbt"."stg_orders_log"
group by store_code
  );
[0m03:33:18.203721 [debug] [Thread-3 (]: On model.lab7.dim_staff: /* {"app": "dbt", "dbt_version": "1.9.0", "profile_name": "lab7", "target_name": "dev", "node_id": "model.lab7.dim_staff"} */

  create view "lab7"."dbt"."dim_staff__dbt_tmp"
    
    
  as (
    select
    md5(staff_code) as staff_key,
    staff_code,
    max(staff_name) as staff_name

from "lab7"."dbt"."stg_orders_log"
group by staff_code
  );
[0m03:33:18.207388 [debug] [Thread-1 (]: SQL status: BEGIN in 0.012 seconds
[0m03:33:18.208928 [debug] [Thread-2 (]: SQL status: CREATE VIEW in 0.004 seconds
[0m03:33:18.209655 [debug] [Thread-1 (]: Using postgres connection "test.lab7.not_null_dim_customer_customer_code.ada171a051"
[0m03:33:18.210290 [debug] [Thread-4 (]: SQL status: CREATE VIEW in 0.007 seconds
[0m03:33:18.211596 [debug] [Thread-3 (]: SQL status: CREATE VIEW in 0.006 seconds
[0m03:33:18.216500 [debug] [Thread-2 (]: Using postgres connection "model.lab7.dim_store"
[0m03:33:18.217990 [debug] [Thread-1 (]: On test.lab7.not_null_dim_customer_customer_code.ada171a051: /* {"app": "dbt", "dbt_version": "1.9.0", "profile_name": "lab7", "target_name": "dev", "node_id": "test.lab7.not_null_dim_customer_customer_code.ada171a051"} */
select
      count(*) as failures,
      count(*) != 0 as should_warn,
      count(*) != 0 as should_error
    from (
      
    
    



select customer_code
from "lab7"."dbt"."dim_customer"
where customer_code is null



      
    ) dbt_internal_test
[0m03:33:18.222114 [debug] [Thread-4 (]: Using postgres connection "model.lab7.dim_product"
[0m03:33:18.225471 [debug] [Thread-3 (]: Using postgres connection "model.lab7.dim_staff"
[0m03:33:18.226671 [debug] [Thread-2 (]: On model.lab7.dim_store: /* {"app": "dbt", "dbt_version": "1.9.0", "profile_name": "lab7", "target_name": "dev", "node_id": "model.lab7.dim_store"} */
alter table "lab7"."dbt"."dim_store__dbt_tmp" rename to "dim_store"
[0m03:33:18.228641 [debug] [Thread-4 (]: On model.lab7.dim_product: /* {"app": "dbt", "dbt_version": "1.9.0", "profile_name": "lab7", "target_name": "dev", "node_id": "model.lab7.dim_product"} */
alter table "lab7"."dbt"."dim_product__dbt_tmp" rename to "dim_product"
[0m03:33:18.230039 [debug] [Thread-3 (]: On model.lab7.dim_staff: /* {"app": "dbt", "dbt_version": "1.9.0", "profile_name": "lab7", "target_name": "dev", "node_id": "model.lab7.dim_staff"} */
alter table "lab7"."dbt"."dim_staff__dbt_tmp" rename to "dim_staff"
[0m03:33:18.230741 [debug] [Thread-1 (]: SQL status: SELECT 1 in 0.003 seconds
[0m03:33:18.231787 [debug] [Thread-2 (]: SQL status: ALTER TABLE in 0.000 seconds
[0m03:33:18.232769 [debug] [Thread-4 (]: SQL status: ALTER TABLE in 0.000 seconds
[0m03:33:18.233853 [debug] [Thread-3 (]: SQL status: ALTER TABLE in 0.000 seconds
[0m03:33:18.235791 [debug] [Thread-1 (]: On test.lab7.not_null_dim_customer_customer_code.ada171a051: ROLLBACK
[0m03:33:18.238409 [debug] [Thread-2 (]: On model.lab7.dim_store: COMMIT
[0m03:33:18.240724 [debug] [Thread-4 (]: On model.lab7.dim_product: COMMIT
[0m03:33:18.242985 [debug] [Thread-3 (]: On model.lab7.dim_staff: COMMIT
[0m03:33:18.244237 [debug] [Thread-1 (]: On test.lab7.not_null_dim_customer_customer_code.ada171a051: Close
[0m03:33:18.245176 [debug] [Thread-2 (]: Using postgres connection "model.lab7.dim_store"
[0m03:33:18.246434 [debug] [Thread-4 (]: Using postgres connection "model.lab7.dim_product"
[0m03:33:18.247574 [debug] [Thread-3 (]: Using postgres connection "model.lab7.dim_staff"
[0m03:33:18.249120 [info ] [Thread-1 (]: 20 of 83 PASS not_null_dim_customer_customer_code .............................. [[32mPASS[0m in 0.12s]
[0m03:33:18.250222 [debug] [Thread-2 (]: On model.lab7.dim_store: COMMIT
[0m03:33:18.251535 [debug] [Thread-4 (]: On model.lab7.dim_product: COMMIT
[0m03:33:18.252853 [debug] [Thread-3 (]: On model.lab7.dim_staff: COMMIT
[0m03:33:18.254267 [debug] [Thread-1 (]: Finished running node test.lab7.not_null_dim_customer_customer_code.ada171a051
[0m03:33:18.257118 [debug] [Thread-2 (]: SQL status: COMMIT in 0.002 seconds
[0m03:33:18.258087 [debug] [Thread-1 (]: Began running node test.lab7.not_null_dim_customer_customer_key.c289fe4d1f
[0m03:33:18.258704 [debug] [Thread-4 (]: SQL status: COMMIT in 0.002 seconds
[0m03:33:18.259390 [debug] [Thread-3 (]: SQL status: COMMIT in 0.002 seconds
[0m03:33:18.262187 [debug] [Thread-2 (]: Applying DROP to: "lab7"."dbt"."dim_store__dbt_backup"
[0m03:33:18.263416 [info ] [Thread-1 (]: 21 of 83 START test not_null_dim_customer_customer_key ......................... [RUN]
[0m03:33:18.267375 [debug] [Thread-4 (]: Applying DROP to: "lab7"."dbt"."dim_product__dbt_backup"
[0m03:33:18.271875 [debug] [Thread-3 (]: Applying DROP to: "lab7"."dbt"."dim_staff__dbt_backup"
[0m03:33:18.274311 [debug] [Thread-2 (]: Using postgres connection "model.lab7.dim_store"
[0m03:33:18.276183 [debug] [Thread-1 (]: Re-using an available connection from the pool (formerly test.lab7.not_null_dim_customer_customer_code.ada171a051, now test.lab7.not_null_dim_customer_customer_key.c289fe4d1f)
[0m03:33:18.277747 [debug] [Thread-4 (]: Using postgres connection "model.lab7.dim_product"
[0m03:33:18.279243 [debug] [Thread-3 (]: Using postgres connection "model.lab7.dim_staff"
[0m03:33:18.280615 [debug] [Thread-2 (]: On model.lab7.dim_store: /* {"app": "dbt", "dbt_version": "1.9.0", "profile_name": "lab7", "target_name": "dev", "node_id": "model.lab7.dim_store"} */
drop view if exists "lab7"."dbt"."dim_store__dbt_backup" cascade
[0m03:33:18.282068 [debug] [Thread-1 (]: Began compiling node test.lab7.not_null_dim_customer_customer_key.c289fe4d1f
[0m03:33:18.283423 [debug] [Thread-4 (]: On model.lab7.dim_product: /* {"app": "dbt", "dbt_version": "1.9.0", "profile_name": "lab7", "target_name": "dev", "node_id": "model.lab7.dim_product"} */
drop view if exists "lab7"."dbt"."dim_product__dbt_backup" cascade
[0m03:33:18.284502 [debug] [Thread-3 (]: On model.lab7.dim_staff: /* {"app": "dbt", "dbt_version": "1.9.0", "profile_name": "lab7", "target_name": "dev", "node_id": "model.lab7.dim_staff"} */
drop view if exists "lab7"."dbt"."dim_staff__dbt_backup" cascade
[0m03:33:18.286137 [debug] [Thread-2 (]: SQL status: DROP VIEW in 0.000 seconds
[0m03:33:18.292813 [debug] [Thread-1 (]: Writing injected SQL for node "test.lab7.not_null_dim_customer_customer_key.c289fe4d1f"
[0m03:33:18.294222 [debug] [Thread-4 (]: SQL status: DROP VIEW in 0.000 seconds
[0m03:33:18.295210 [debug] [Thread-3 (]: SQL status: DROP VIEW in 0.000 seconds
[0m03:33:18.297048 [debug] [Thread-2 (]: On model.lab7.dim_store: Close
[0m03:33:18.300898 [debug] [Thread-4 (]: On model.lab7.dim_product: Close
[0m03:33:18.303224 [debug] [Thread-3 (]: On model.lab7.dim_staff: Close
[0m03:33:18.304728 [debug] [Thread-2 (]: Sending event: {'category': 'dbt', 'action': 'run_model', 'label': '2d2613ef-f5a4-4892-bd52-35dbe2bb35d5', 'context': [<snowplow_tracker.self_describing_json.SelfDescribingJson object at 0x7f8a30aa69c0>]}
[0m03:33:18.305919 [debug] [Thread-4 (]: Sending event: {'category': 'dbt', 'action': 'run_model', 'label': '2d2613ef-f5a4-4892-bd52-35dbe2bb35d5', 'context': [<snowplow_tracker.self_describing_json.SelfDescribingJson object at 0x7f8a30a48680>]}
[0m03:33:18.307264 [debug] [Thread-3 (]: Sending event: {'category': 'dbt', 'action': 'run_model', 'label': '2d2613ef-f5a4-4892-bd52-35dbe2bb35d5', 'context': [<snowplow_tracker.self_describing_json.SelfDescribingJson object at 0x7f8a30dcfe30>]}
[0m03:33:18.307831 [debug] [Thread-1 (]: Began executing node test.lab7.not_null_dim_customer_customer_key.c289fe4d1f
[0m03:33:18.308884 [info ] [Thread-2 (]: 19 of 83 OK created sql view model dbt.dim_store ............................... [[32mCREATE VIEW[0m in 0.18s]
[0m03:33:18.310751 [info ] [Thread-4 (]: 17 of 83 OK created sql view model dbt.dim_product ............................. [[32mCREATE VIEW[0m in 0.21s]
[0m03:33:18.312716 [info ] [Thread-3 (]: 18 of 83 OK created sql view model dbt.dim_staff ............................... [[32mCREATE VIEW[0m in 0.21s]
[0m03:33:18.316980 [debug] [Thread-1 (]: Writing runtime sql for node "test.lab7.not_null_dim_customer_customer_key.c289fe4d1f"
[0m03:33:18.318715 [debug] [Thread-2 (]: Finished running node model.lab7.dim_store
[0m03:33:18.320256 [debug] [Thread-4 (]: Finished running node model.lab7.dim_product
[0m03:33:18.321716 [debug] [Thread-3 (]: Finished running node model.lab7.dim_staff
[0m03:33:18.323803 [debug] [Thread-2 (]: Began running node test.lab7.unique_dim_customer_customer_code.f017329349
[0m03:33:18.325249 [debug] [Thread-4 (]: Began running node test.lab7.unique_dim_customer_customer_key.7b0683cc6e
[0m03:33:18.326671 [debug] [Thread-3 (]: Began running node test.lab7.not_null_dim_payment_method_payment_method.f126149731
[0m03:33:18.328079 [info ] [Thread-2 (]: 22 of 83 START test unique_dim_customer_customer_code .......................... [RUN]
[0m03:33:18.329660 [info ] [Thread-4 (]: 23 of 83 START test unique_dim_customer_customer_key ........................... [RUN]
[0m03:33:18.331828 [info ] [Thread-3 (]: 24 of 83 START test not_null_dim_payment_method_payment_method ................. [RUN]
[0m03:33:18.333813 [debug] [Thread-2 (]: Re-using an available connection from the pool (formerly model.lab7.dim_store, now test.lab7.unique_dim_customer_customer_code.f017329349)
[0m03:33:18.334651 [debug] [Thread-1 (]: Using postgres connection "test.lab7.not_null_dim_customer_customer_key.c289fe4d1f"
[0m03:33:18.336000 [debug] [Thread-4 (]: Re-using an available connection from the pool (formerly model.lab7.dim_product, now test.lab7.unique_dim_customer_customer_key.7b0683cc6e)
[0m03:33:18.338016 [debug] [Thread-3 (]: Re-using an available connection from the pool (formerly model.lab7.dim_staff, now test.lab7.not_null_dim_payment_method_payment_method.f126149731)
[0m03:33:18.339383 [debug] [Thread-2 (]: Began compiling node test.lab7.unique_dim_customer_customer_code.f017329349
[0m03:33:18.340632 [debug] [Thread-1 (]: On test.lab7.not_null_dim_customer_customer_key.c289fe4d1f: BEGIN
[0m03:33:18.341882 [debug] [Thread-4 (]: Began compiling node test.lab7.unique_dim_customer_customer_key.7b0683cc6e
[0m03:33:18.343026 [debug] [Thread-3 (]: Began compiling node test.lab7.not_null_dim_payment_method_payment_method.f126149731
[0m03:33:18.350418 [debug] [Thread-2 (]: Writing injected SQL for node "test.lab7.unique_dim_customer_customer_code.f017329349"
[0m03:33:18.351537 [debug] [Thread-1 (]: Opening a new connection, currently in state closed
[0m03:33:18.356656 [debug] [Thread-4 (]: Writing injected SQL for node "test.lab7.unique_dim_customer_customer_key.7b0683cc6e"
[0m03:33:18.362622 [debug] [Thread-3 (]: Writing injected SQL for node "test.lab7.not_null_dim_payment_method_payment_method.f126149731"
[0m03:33:18.369689 [debug] [Thread-4 (]: Began executing node test.lab7.unique_dim_customer_customer_key.7b0683cc6e
[0m03:33:18.373657 [debug] [Thread-4 (]: Writing runtime sql for node "test.lab7.unique_dim_customer_customer_key.7b0683cc6e"
[0m03:33:18.374202 [debug] [Thread-2 (]: Began executing node test.lab7.unique_dim_customer_customer_code.f017329349
[0m03:33:18.375531 [debug] [Thread-1 (]: SQL status: BEGIN in 0.024 seconds
[0m03:33:18.376348 [debug] [Thread-3 (]: Began executing node test.lab7.not_null_dim_payment_method_payment_method.f126149731
[0m03:33:18.379860 [debug] [Thread-2 (]: Writing runtime sql for node "test.lab7.unique_dim_customer_customer_code.f017329349"
[0m03:33:18.381517 [debug] [Thread-1 (]: Using postgres connection "test.lab7.not_null_dim_customer_customer_key.c289fe4d1f"
[0m03:33:18.385113 [debug] [Thread-3 (]: Writing runtime sql for node "test.lab7.not_null_dim_payment_method_payment_method.f126149731"
[0m03:33:18.386871 [debug] [Thread-4 (]: Using postgres connection "test.lab7.unique_dim_customer_customer_key.7b0683cc6e"
[0m03:33:18.387686 [debug] [Thread-1 (]: On test.lab7.not_null_dim_customer_customer_key.c289fe4d1f: /* {"app": "dbt", "dbt_version": "1.9.0", "profile_name": "lab7", "target_name": "dev", "node_id": "test.lab7.not_null_dim_customer_customer_key.c289fe4d1f"} */
select
      count(*) as failures,
      count(*) != 0 as should_warn,
      count(*) != 0 as should_error
    from (
      
    
    



select customer_key
from "lab7"."dbt"."dim_customer"
where customer_key is null



      
    ) dbt_internal_test
[0m03:33:18.389774 [debug] [Thread-4 (]: On test.lab7.unique_dim_customer_customer_key.7b0683cc6e: BEGIN
[0m03:33:18.392000 [debug] [Thread-4 (]: Opening a new connection, currently in state closed
[0m03:33:18.393986 [debug] [Thread-2 (]: Using postgres connection "test.lab7.unique_dim_customer_customer_code.f017329349"
[0m03:33:18.395445 [debug] [Thread-2 (]: On test.lab7.unique_dim_customer_customer_code.f017329349: BEGIN
[0m03:33:18.396258 [debug] [Thread-3 (]: Using postgres connection "test.lab7.not_null_dim_payment_method_payment_method.f126149731"
[0m03:33:18.397124 [debug] [Thread-2 (]: Opening a new connection, currently in state closed
[0m03:33:18.398037 [debug] [Thread-1 (]: SQL status: SELECT 1 in 0.007 seconds
[0m03:33:18.398952 [debug] [Thread-3 (]: On test.lab7.not_null_dim_payment_method_payment_method.f126149731: BEGIN
[0m03:33:18.401023 [debug] [Thread-4 (]: SQL status: BEGIN in 0.009 seconds
[0m03:33:18.403466 [debug] [Thread-1 (]: On test.lab7.not_null_dim_customer_customer_key.c289fe4d1f: ROLLBACK
[0m03:33:18.404782 [debug] [Thread-3 (]: Opening a new connection, currently in state closed
[0m03:33:18.406090 [debug] [Thread-4 (]: Using postgres connection "test.lab7.unique_dim_customer_customer_key.7b0683cc6e"
[0m03:33:18.406785 [debug] [Thread-2 (]: SQL status: BEGIN in 0.010 seconds
[0m03:33:18.408385 [debug] [Thread-1 (]: On test.lab7.not_null_dim_customer_customer_key.c289fe4d1f: Close
[0m03:33:18.410429 [debug] [Thread-4 (]: On test.lab7.unique_dim_customer_customer_key.7b0683cc6e: /* {"app": "dbt", "dbt_version": "1.9.0", "profile_name": "lab7", "target_name": "dev", "node_id": "test.lab7.unique_dim_customer_customer_key.7b0683cc6e"} */
select
      count(*) as failures,
      count(*) != 0 as should_warn,
      count(*) != 0 as should_error
    from (
      
    
    

select
    customer_key as unique_field,
    count(*) as n_records

from "lab7"."dbt"."dim_customer"
where customer_key is not null
group by customer_key
having count(*) > 1



      
    ) dbt_internal_test
[0m03:33:18.411596 [debug] [Thread-2 (]: Using postgres connection "test.lab7.unique_dim_customer_customer_code.f017329349"
[0m03:33:18.413101 [info ] [Thread-1 (]: 21 of 83 PASS not_null_dim_customer_customer_key ............................... [[32mPASS[0m in 0.14s]
[0m03:33:18.415316 [debug] [Thread-2 (]: On test.lab7.unique_dim_customer_customer_code.f017329349: /* {"app": "dbt", "dbt_version": "1.9.0", "profile_name": "lab7", "target_name": "dev", "node_id": "test.lab7.unique_dim_customer_customer_code.f017329349"} */
select
      count(*) as failures,
      count(*) != 0 as should_warn,
      count(*) != 0 as should_error
    from (
      
    
    

select
    customer_code as unique_field,
    count(*) as n_records

from "lab7"."dbt"."dim_customer"
where customer_code is not null
group by customer_code
having count(*) > 1



      
    ) dbt_internal_test
[0m03:33:18.417204 [debug] [Thread-1 (]: Finished running node test.lab7.not_null_dim_customer_customer_key.c289fe4d1f
[0m03:33:18.419620 [debug] [Thread-1 (]: Began running node test.lab7.not_null_dim_payment_method_payment_method_key.76372ae2e2
[0m03:33:18.420405 [debug] [Thread-4 (]: SQL status: SELECT 1 in 0.006 seconds
[0m03:33:18.422260 [debug] [Thread-3 (]: SQL status: BEGIN in 0.017 seconds
[0m03:33:18.421592 [info ] [Thread-1 (]: 25 of 83 START test not_null_dim_payment_method_payment_method_key ............. [RUN]
[0m03:33:18.423123 [debug] [Thread-2 (]: SQL status: SELECT 1 in 0.005 seconds
[0m03:33:18.425728 [debug] [Thread-4 (]: On test.lab7.unique_dim_customer_customer_key.7b0683cc6e: ROLLBACK
[0m03:33:18.427540 [debug] [Thread-3 (]: Using postgres connection "test.lab7.not_null_dim_payment_method_payment_method.f126149731"
[0m03:33:18.429255 [debug] [Thread-1 (]: Re-using an available connection from the pool (formerly test.lab7.not_null_dim_customer_customer_key.c289fe4d1f, now test.lab7.not_null_dim_payment_method_payment_method_key.76372ae2e2)
[0m03:33:18.432402 [debug] [Thread-2 (]: On test.lab7.unique_dim_customer_customer_code.f017329349: ROLLBACK
[0m03:33:18.434031 [debug] [Thread-4 (]: On test.lab7.unique_dim_customer_customer_key.7b0683cc6e: Close
[0m03:33:18.435011 [debug] [Thread-3 (]: On test.lab7.not_null_dim_payment_method_payment_method.f126149731: /* {"app": "dbt", "dbt_version": "1.9.0", "profile_name": "lab7", "target_name": "dev", "node_id": "test.lab7.not_null_dim_payment_method_payment_method.f126149731"} */
select
      count(*) as failures,
      count(*) != 0 as should_warn,
      count(*) != 0 as should_error
    from (
      
    
    



select payment_method
from "lab7"."dbt"."dim_payment_method"
where payment_method is null



      
    ) dbt_internal_test
[0m03:33:18.436207 [debug] [Thread-1 (]: Began compiling node test.lab7.not_null_dim_payment_method_payment_method_key.76372ae2e2
[0m03:33:18.437619 [debug] [Thread-2 (]: On test.lab7.unique_dim_customer_customer_code.f017329349: Close
[0m03:33:18.439100 [info ] [Thread-4 (]: 23 of 83 PASS unique_dim_customer_customer_key ................................. [[32mPASS[0m in 0.10s]
[0m03:33:18.446583 [debug] [Thread-3 (]: SQL status: SELECT 1 in 0.006 seconds
[0m03:33:18.446067 [debug] [Thread-1 (]: Writing injected SQL for node "test.lab7.not_null_dim_payment_method_payment_method_key.76372ae2e2"
[0m03:33:18.448458 [info ] [Thread-2 (]: 22 of 83 PASS unique_dim_customer_customer_code ................................ [[32mPASS[0m in 0.11s]
[0m03:33:18.450138 [debug] [Thread-4 (]: Finished running node test.lab7.unique_dim_customer_customer_key.7b0683cc6e
[0m03:33:18.453826 [debug] [Thread-3 (]: On test.lab7.not_null_dim_payment_method_payment_method.f126149731: ROLLBACK
[0m03:33:18.456777 [debug] [Thread-2 (]: Finished running node test.lab7.unique_dim_customer_customer_code.f017329349
[0m03:33:18.458307 [debug] [Thread-4 (]: Began running node test.lab7.unique_dim_payment_method_payment_method.32f7241d9a
[0m03:33:18.460111 [debug] [Thread-3 (]: On test.lab7.not_null_dim_payment_method_payment_method.f126149731: Close
[0m03:33:18.461190 [debug] [Thread-2 (]: Began running node test.lab7.unique_dim_payment_method_payment_method_key.6bc7cdf301
[0m03:33:18.462481 [info ] [Thread-4 (]: 26 of 83 START test unique_dim_payment_method_payment_method ................... [RUN]
[0m03:33:18.465044 [info ] [Thread-3 (]: 24 of 83 PASS not_null_dim_payment_method_payment_method ....................... [[32mPASS[0m in 0.13s]
[0m03:33:18.467035 [info ] [Thread-2 (]: 27 of 83 START test unique_dim_payment_method_payment_method_key ............... [RUN]
[0m03:33:18.468484 [debug] [Thread-1 (]: Began executing node test.lab7.not_null_dim_payment_method_payment_method_key.76372ae2e2
[0m03:33:18.469667 [debug] [Thread-4 (]: Re-using an available connection from the pool (formerly test.lab7.unique_dim_customer_customer_key.7b0683cc6e, now test.lab7.unique_dim_payment_method_payment_method.32f7241d9a)
[0m03:33:18.471495 [debug] [Thread-3 (]: Finished running node test.lab7.not_null_dim_payment_method_payment_method.f126149731
[0m03:33:18.472921 [debug] [Thread-2 (]: Re-using an available connection from the pool (formerly test.lab7.unique_dim_customer_customer_code.f017329349, now test.lab7.unique_dim_payment_method_payment_method_key.6bc7cdf301)
[0m03:33:18.476375 [debug] [Thread-1 (]: Writing runtime sql for node "test.lab7.not_null_dim_payment_method_payment_method_key.76372ae2e2"
[0m03:33:18.477544 [debug] [Thread-4 (]: Began compiling node test.lab7.unique_dim_payment_method_payment_method.32f7241d9a
[0m03:33:18.478727 [debug] [Thread-3 (]: Began running node test.lab7.not_null_dim_order_status_status.cffa1ec047
[0m03:33:18.480023 [debug] [Thread-2 (]: Began compiling node test.lab7.unique_dim_payment_method_payment_method_key.6bc7cdf301
[0m03:33:18.486679 [debug] [Thread-4 (]: Writing injected SQL for node "test.lab7.unique_dim_payment_method_payment_method.32f7241d9a"
[0m03:33:18.488557 [info ] [Thread-3 (]: 28 of 83 START test not_null_dim_order_status_status ........................... [RUN]
[0m03:33:18.494905 [debug] [Thread-2 (]: Writing injected SQL for node "test.lab7.unique_dim_payment_method_payment_method_key.6bc7cdf301"
[0m03:33:18.497274 [debug] [Thread-1 (]: Using postgres connection "test.lab7.not_null_dim_payment_method_payment_method_key.76372ae2e2"
[0m03:33:18.498428 [debug] [Thread-3 (]: Re-using an available connection from the pool (formerly test.lab7.not_null_dim_payment_method_payment_method.f126149731, now test.lab7.not_null_dim_order_status_status.cffa1ec047)
[0m03:33:18.500943 [debug] [Thread-1 (]: On test.lab7.not_null_dim_payment_method_payment_method_key.76372ae2e2: BEGIN
[0m03:33:18.502250 [debug] [Thread-3 (]: Began compiling node test.lab7.not_null_dim_order_status_status.cffa1ec047
[0m03:33:18.503640 [debug] [Thread-1 (]: Opening a new connection, currently in state closed
[0m03:33:18.510576 [debug] [Thread-4 (]: Began executing node test.lab7.unique_dim_payment_method_payment_method.32f7241d9a
[0m03:33:18.514655 [debug] [Thread-3 (]: Writing injected SQL for node "test.lab7.not_null_dim_order_status_status.cffa1ec047"
[0m03:33:18.608336 [debug] [Thread-4 (]: Writing runtime sql for node "test.lab7.unique_dim_payment_method_payment_method.32f7241d9a"
[0m03:33:18.608953 [debug] [Thread-2 (]: Began executing node test.lab7.unique_dim_payment_method_payment_method_key.6bc7cdf301
[0m03:33:18.609454 [debug] [Thread-1 (]: SQL status: BEGIN in 0.106 seconds
[0m03:33:18.613624 [debug] [Thread-2 (]: Writing runtime sql for node "test.lab7.unique_dim_payment_method_payment_method_key.6bc7cdf301"
[0m03:33:18.614947 [debug] [Thread-1 (]: Using postgres connection "test.lab7.not_null_dim_payment_method_payment_method_key.76372ae2e2"
[0m03:33:18.617186 [debug] [Thread-1 (]: On test.lab7.not_null_dim_payment_method_payment_method_key.76372ae2e2: /* {"app": "dbt", "dbt_version": "1.9.0", "profile_name": "lab7", "target_name": "dev", "node_id": "test.lab7.not_null_dim_payment_method_payment_method_key.76372ae2e2"} */
select
      count(*) as failures,
      count(*) != 0 as should_warn,
      count(*) != 0 as should_error
    from (
      
    
    



select payment_method_key
from "lab7"."dbt"."dim_payment_method"
where payment_method_key is null



      
    ) dbt_internal_test
[0m03:33:18.619673 [debug] [Thread-3 (]: Began executing node test.lab7.not_null_dim_order_status_status.cffa1ec047
[0m03:33:18.620331 [debug] [Thread-4 (]: Using postgres connection "test.lab7.unique_dim_payment_method_payment_method.32f7241d9a"
[0m03:33:18.623913 [debug] [Thread-3 (]: Writing runtime sql for node "test.lab7.not_null_dim_order_status_status.cffa1ec047"
[0m03:33:18.624619 [debug] [Thread-1 (]: SQL status: SELECT 1 in 0.006 seconds
[0m03:33:18.626428 [debug] [Thread-4 (]: On test.lab7.unique_dim_payment_method_payment_method.32f7241d9a: BEGIN
[0m03:33:18.627229 [debug] [Thread-2 (]: Using postgres connection "test.lab7.unique_dim_payment_method_payment_method_key.6bc7cdf301"
[0m03:33:18.631596 [debug] [Thread-1 (]: On test.lab7.not_null_dim_payment_method_payment_method_key.76372ae2e2: ROLLBACK
[0m03:33:18.633583 [debug] [Thread-4 (]: Opening a new connection, currently in state closed
[0m03:33:18.635320 [debug] [Thread-2 (]: On test.lab7.unique_dim_payment_method_payment_method_key.6bc7cdf301: BEGIN
[0m03:33:18.637034 [debug] [Thread-1 (]: On test.lab7.not_null_dim_payment_method_payment_method_key.76372ae2e2: Close
[0m03:33:18.639282 [debug] [Thread-2 (]: Opening a new connection, currently in state closed
[0m03:33:18.640402 [debug] [Thread-3 (]: Using postgres connection "test.lab7.not_null_dim_order_status_status.cffa1ec047"
[0m03:33:18.642146 [info ] [Thread-1 (]: 25 of 83 PASS not_null_dim_payment_method_payment_method_key ................... [[32mPASS[0m in 0.21s]
[0m03:33:18.645177 [debug] [Thread-3 (]: On test.lab7.not_null_dim_order_status_status.cffa1ec047: BEGIN
[0m03:33:18.646522 [debug] [Thread-4 (]: SQL status: BEGIN in 0.013 seconds
[0m03:33:18.647815 [debug] [Thread-1 (]: Finished running node test.lab7.not_null_dim_payment_method_payment_method_key.76372ae2e2
[0m03:33:18.649677 [debug] [Thread-3 (]: Opening a new connection, currently in state closed
[0m03:33:18.650746 [debug] [Thread-2 (]: SQL status: BEGIN in 0.012 seconds
[0m03:33:18.651450 [debug] [Thread-4 (]: Using postgres connection "test.lab7.unique_dim_payment_method_payment_method.32f7241d9a"
[0m03:33:18.652753 [debug] [Thread-1 (]: Began running node test.lab7.not_null_dim_order_status_status_key.7932cb5755
[0m03:33:18.655301 [debug] [Thread-2 (]: Using postgres connection "test.lab7.unique_dim_payment_method_payment_method_key.6bc7cdf301"
[0m03:33:18.656688 [debug] [Thread-4 (]: On test.lab7.unique_dim_payment_method_payment_method.32f7241d9a: /* {"app": "dbt", "dbt_version": "1.9.0", "profile_name": "lab7", "target_name": "dev", "node_id": "test.lab7.unique_dim_payment_method_payment_method.32f7241d9a"} */
select
      count(*) as failures,
      count(*) != 0 as should_warn,
      count(*) != 0 as should_error
    from (
      
    
    

select
    payment_method as unique_field,
    count(*) as n_records

from "lab7"."dbt"."dim_payment_method"
where payment_method is not null
group by payment_method
having count(*) > 1



      
    ) dbt_internal_test
[0m03:33:18.658377 [info ] [Thread-1 (]: 29 of 83 START test not_null_dim_order_status_status_key ....................... [RUN]
[0m03:33:18.660457 [debug] [Thread-2 (]: On test.lab7.unique_dim_payment_method_payment_method_key.6bc7cdf301: /* {"app": "dbt", "dbt_version": "1.9.0", "profile_name": "lab7", "target_name": "dev", "node_id": "test.lab7.unique_dim_payment_method_payment_method_key.6bc7cdf301"} */
select
      count(*) as failures,
      count(*) != 0 as should_warn,
      count(*) != 0 as should_error
    from (
      
    
    

select
    payment_method_key as unique_field,
    count(*) as n_records

from "lab7"."dbt"."dim_payment_method"
where payment_method_key is not null
group by payment_method_key
having count(*) > 1



      
    ) dbt_internal_test
[0m03:33:18.662039 [debug] [Thread-3 (]: SQL status: BEGIN in 0.012 seconds
[0m03:33:18.664038 [debug] [Thread-1 (]: Re-using an available connection from the pool (formerly test.lab7.not_null_dim_payment_method_payment_method_key.76372ae2e2, now test.lab7.not_null_dim_order_status_status_key.7932cb5755)
[0m03:33:18.673256 [debug] [Thread-3 (]: Using postgres connection "test.lab7.not_null_dim_order_status_status.cffa1ec047"
[0m03:33:18.675578 [debug] [Thread-1 (]: Began compiling node test.lab7.not_null_dim_order_status_status_key.7932cb5755
[0m03:33:18.676664 [debug] [Thread-4 (]: SQL status: SELECT 1 in 0.014 seconds
[0m03:33:18.678044 [debug] [Thread-3 (]: On test.lab7.not_null_dim_order_status_status.cffa1ec047: /* {"app": "dbt", "dbt_version": "1.9.0", "profile_name": "lab7", "target_name": "dev", "node_id": "test.lab7.not_null_dim_order_status_status.cffa1ec047"} */
select
      count(*) as failures,
      count(*) != 0 as should_warn,
      count(*) != 0 as should_error
    from (
      
    
    



select status
from "lab7"."dbt"."dim_order_status"
where status is null



      
    ) dbt_internal_test
[0m03:33:18.685497 [debug] [Thread-2 (]: SQL status: SELECT 1 in 0.020 seconds
[0m03:33:18.688793 [debug] [Thread-1 (]: Writing injected SQL for node "test.lab7.not_null_dim_order_status_status_key.7932cb5755"
[0m03:33:18.693238 [debug] [Thread-4 (]: On test.lab7.unique_dim_payment_method_payment_method.32f7241d9a: ROLLBACK
[0m03:33:18.698910 [debug] [Thread-2 (]: On test.lab7.unique_dim_payment_method_payment_method_key.6bc7cdf301: ROLLBACK
[0m03:33:18.699884 [debug] [Thread-3 (]: SQL status: SELECT 1 in 0.005 seconds
[0m03:33:18.702697 [debug] [Thread-4 (]: On test.lab7.unique_dim_payment_method_payment_method.32f7241d9a: Close
[0m03:33:18.704353 [debug] [Thread-2 (]: On test.lab7.unique_dim_payment_method_payment_method_key.6bc7cdf301: Close
[0m03:33:18.707911 [debug] [Thread-3 (]: On test.lab7.not_null_dim_order_status_status.cffa1ec047: ROLLBACK
[0m03:33:18.710694 [info ] [Thread-4 (]: 26 of 83 PASS unique_dim_payment_method_payment_method ......................... [[32mPASS[0m in 0.24s]
[0m03:33:18.713235 [info ] [Thread-2 (]: 27 of 83 PASS unique_dim_payment_method_payment_method_key ..................... [[32mPASS[0m in 0.24s]
[0m03:33:18.714294 [debug] [Thread-1 (]: Began executing node test.lab7.not_null_dim_order_status_status_key.7932cb5755
[0m03:33:18.715735 [debug] [Thread-3 (]: On test.lab7.not_null_dim_order_status_status.cffa1ec047: Close
[0m03:33:18.717290 [debug] [Thread-4 (]: Finished running node test.lab7.unique_dim_payment_method_payment_method.32f7241d9a
[0m03:33:18.719007 [debug] [Thread-2 (]: Finished running node test.lab7.unique_dim_payment_method_payment_method_key.6bc7cdf301
[0m03:33:18.723786 [debug] [Thread-1 (]: Writing runtime sql for node "test.lab7.not_null_dim_order_status_status_key.7932cb5755"
[0m03:33:18.726797 [info ] [Thread-3 (]: 28 of 83 PASS not_null_dim_order_status_status ................................. [[32mPASS[0m in 0.23s]
[0m03:33:18.728664 [debug] [Thread-4 (]: Began running node test.lab7.unique_dim_order_status_status.7240ecdde5
[0m03:33:18.730689 [debug] [Thread-2 (]: Began running node test.lab7.unique_dim_order_status_status_key.13d04d3461
[0m03:33:18.733410 [debug] [Thread-3 (]: Finished running node test.lab7.not_null_dim_order_status_status.cffa1ec047
[0m03:33:18.734788 [info ] [Thread-4 (]: 30 of 83 START test unique_dim_order_status_status ............................. [RUN]
[0m03:33:18.736116 [info ] [Thread-2 (]: 31 of 83 START test unique_dim_order_status_status_key ......................... [RUN]
[0m03:33:18.738395 [debug] [Thread-3 (]: Began running node test.lab7.not_null_dim_date_date_key.881d0a31b6
[0m03:33:18.740171 [debug] [Thread-4 (]: Re-using an available connection from the pool (formerly test.lab7.unique_dim_payment_method_payment_method.32f7241d9a, now test.lab7.unique_dim_order_status_status.7240ecdde5)
[0m03:33:18.741817 [debug] [Thread-2 (]: Re-using an available connection from the pool (formerly test.lab7.unique_dim_payment_method_payment_method_key.6bc7cdf301, now test.lab7.unique_dim_order_status_status_key.13d04d3461)
[0m03:33:18.742660 [debug] [Thread-1 (]: Using postgres connection "test.lab7.not_null_dim_order_status_status_key.7932cb5755"
[0m03:33:18.743704 [info ] [Thread-3 (]: 32 of 83 START test not_null_dim_date_date_key ................................. [RUN]
[0m03:33:18.745294 [debug] [Thread-4 (]: Began compiling node test.lab7.unique_dim_order_status_status.7240ecdde5
[0m03:33:18.746803 [debug] [Thread-2 (]: Began compiling node test.lab7.unique_dim_order_status_status_key.13d04d3461
[0m03:33:18.748542 [debug] [Thread-1 (]: On test.lab7.not_null_dim_order_status_status_key.7932cb5755: BEGIN
[0m03:33:18.750840 [debug] [Thread-3 (]: Re-using an available connection from the pool (formerly test.lab7.not_null_dim_order_status_status.cffa1ec047, now test.lab7.not_null_dim_date_date_key.881d0a31b6)
[0m03:33:18.759887 [debug] [Thread-4 (]: Writing injected SQL for node "test.lab7.unique_dim_order_status_status.7240ecdde5"
[0m03:33:18.767521 [debug] [Thread-2 (]: Writing injected SQL for node "test.lab7.unique_dim_order_status_status_key.13d04d3461"
[0m03:33:18.768966 [debug] [Thread-1 (]: Opening a new connection, currently in state closed
[0m03:33:18.770468 [debug] [Thread-3 (]: Began compiling node test.lab7.not_null_dim_date_date_key.881d0a31b6
[0m03:33:18.780222 [debug] [Thread-3 (]: Writing injected SQL for node "test.lab7.not_null_dim_date_date_key.881d0a31b6"
[0m03:33:18.781692 [debug] [Thread-1 (]: SQL status: BEGIN in 0.013 seconds
[0m03:33:18.783163 [debug] [Thread-1 (]: Using postgres connection "test.lab7.not_null_dim_order_status_status_key.7932cb5755"
[0m03:33:18.785463 [debug] [Thread-1 (]: On test.lab7.not_null_dim_order_status_status_key.7932cb5755: /* {"app": "dbt", "dbt_version": "1.9.0", "profile_name": "lab7", "target_name": "dev", "node_id": "test.lab7.not_null_dim_order_status_status_key.7932cb5755"} */
select
      count(*) as failures,
      count(*) != 0 as should_warn,
      count(*) != 0 as should_error
    from (
      
    
    



select status_key
from "lab7"."dbt"."dim_order_status"
where status_key is null



      
    ) dbt_internal_test
[0m03:33:18.787030 [debug] [Thread-4 (]: Began executing node test.lab7.unique_dim_order_status_status.7240ecdde5
[0m03:33:18.788300 [debug] [Thread-2 (]: Began executing node test.lab7.unique_dim_order_status_status_key.13d04d3461
[0m03:33:18.792564 [debug] [Thread-4 (]: Writing runtime sql for node "test.lab7.unique_dim_order_status_status.7240ecdde5"
[0m03:33:18.793564 [debug] [Thread-1 (]: SQL status: SELECT 1 in 0.007 seconds
[0m03:33:18.798233 [debug] [Thread-2 (]: Writing runtime sql for node "test.lab7.unique_dim_order_status_status_key.13d04d3461"
[0m03:33:18.798887 [debug] [Thread-3 (]: Began executing node test.lab7.not_null_dim_date_date_key.881d0a31b6
[0m03:33:18.802778 [debug] [Thread-1 (]: On test.lab7.not_null_dim_order_status_status_key.7932cb5755: ROLLBACK
[0m03:33:18.807759 [debug] [Thread-3 (]: Writing runtime sql for node "test.lab7.not_null_dim_date_date_key.881d0a31b6"
[0m03:33:18.809811 [debug] [Thread-4 (]: Using postgres connection "test.lab7.unique_dim_order_status_status.7240ecdde5"
[0m03:33:18.810499 [debug] [Thread-1 (]: On test.lab7.not_null_dim_order_status_status_key.7932cb5755: Close
[0m03:33:18.812339 [debug] [Thread-2 (]: Using postgres connection "test.lab7.unique_dim_order_status_status_key.13d04d3461"
[0m03:33:18.813730 [debug] [Thread-4 (]: On test.lab7.unique_dim_order_status_status.7240ecdde5: BEGIN
[0m03:33:18.817573 [debug] [Thread-3 (]: Using postgres connection "test.lab7.not_null_dim_date_date_key.881d0a31b6"
[0m03:33:18.816678 [info ] [Thread-1 (]: 29 of 83 PASS not_null_dim_order_status_status_key ............................. [[32mPASS[0m in 0.15s]
[0m03:33:18.818867 [debug] [Thread-2 (]: On test.lab7.unique_dim_order_status_status_key.13d04d3461: BEGIN
[0m03:33:18.820609 [debug] [Thread-4 (]: Opening a new connection, currently in state closed
[0m03:33:18.822005 [debug] [Thread-3 (]: On test.lab7.not_null_dim_date_date_key.881d0a31b6: BEGIN
[0m03:33:18.827698 [debug] [Thread-3 (]: Opening a new connection, currently in state closed
[0m03:33:18.825231 [debug] [Thread-2 (]: Opening a new connection, currently in state closed
[0m03:33:18.823854 [debug] [Thread-1 (]: Finished running node test.lab7.not_null_dim_order_status_status_key.7932cb5755
[0m03:33:18.832912 [debug] [Thread-1 (]: Began running node test.lab7.not_null_dim_date_full_date.598d7b137c
[0m03:33:18.834142 [debug] [Thread-4 (]: SQL status: BEGIN in 0.014 seconds
[0m03:33:18.834906 [info ] [Thread-1 (]: 33 of 83 START test not_null_dim_date_full_date ................................ [RUN]
[0m03:33:18.836358 [debug] [Thread-4 (]: Using postgres connection "test.lab7.unique_dim_order_status_status.7240ecdde5"
[0m03:33:18.837841 [debug] [Thread-2 (]: SQL status: BEGIN in 0.012 seconds
[0m03:33:18.838387 [debug] [Thread-3 (]: SQL status: BEGIN in 0.011 seconds
[0m03:33:18.839240 [debug] [Thread-1 (]: Re-using an available connection from the pool (formerly test.lab7.not_null_dim_order_status_status_key.7932cb5755, now test.lab7.not_null_dim_date_full_date.598d7b137c)
[0m03:33:18.840660 [debug] [Thread-4 (]: On test.lab7.unique_dim_order_status_status.7240ecdde5: /* {"app": "dbt", "dbt_version": "1.9.0", "profile_name": "lab7", "target_name": "dev", "node_id": "test.lab7.unique_dim_order_status_status.7240ecdde5"} */
select
      count(*) as failures,
      count(*) != 0 as should_warn,
      count(*) != 0 as should_error
    from (
      
    
    

select
    status as unique_field,
    count(*) as n_records

from "lab7"."dbt"."dim_order_status"
where status is not null
group by status
having count(*) > 1



      
    ) dbt_internal_test
[0m03:33:18.841745 [debug] [Thread-2 (]: Using postgres connection "test.lab7.unique_dim_order_status_status_key.13d04d3461"
[0m03:33:18.842878 [debug] [Thread-3 (]: Using postgres connection "test.lab7.not_null_dim_date_date_key.881d0a31b6"
[0m03:33:18.844069 [debug] [Thread-1 (]: Began compiling node test.lab7.not_null_dim_date_full_date.598d7b137c
[0m03:33:18.846255 [debug] [Thread-2 (]: On test.lab7.unique_dim_order_status_status_key.13d04d3461: /* {"app": "dbt", "dbt_version": "1.9.0", "profile_name": "lab7", "target_name": "dev", "node_id": "test.lab7.unique_dim_order_status_status_key.13d04d3461"} */
select
      count(*) as failures,
      count(*) != 0 as should_warn,
      count(*) != 0 as should_error
    from (
      
    
    

select
    status_key as unique_field,
    count(*) as n_records

from "lab7"."dbt"."dim_order_status"
where status_key is not null
group by status_key
having count(*) > 1



      
    ) dbt_internal_test
[0m03:33:18.847753 [debug] [Thread-3 (]: On test.lab7.not_null_dim_date_date_key.881d0a31b6: /* {"app": "dbt", "dbt_version": "1.9.0", "profile_name": "lab7", "target_name": "dev", "node_id": "test.lab7.not_null_dim_date_date_key.881d0a31b6"} */
select
      count(*) as failures,
      count(*) != 0 as should_warn,
      count(*) != 0 as should_error
    from (
      
    
    



select date_key
from "lab7"."dbt"."dim_date"
where date_key is null



      
    ) dbt_internal_test
[0m03:33:18.848778 [debug] [Thread-4 (]: SQL status: SELECT 1 in 0.004 seconds
[0m03:33:18.854904 [debug] [Thread-1 (]: Writing injected SQL for node "test.lab7.not_null_dim_date_full_date.598d7b137c"
[0m03:33:18.861792 [debug] [Thread-4 (]: On test.lab7.unique_dim_order_status_status.7240ecdde5: ROLLBACK
[0m03:33:18.862369 [debug] [Thread-2 (]: SQL status: SELECT 1 in 0.006 seconds
[0m03:33:18.864693 [debug] [Thread-4 (]: On test.lab7.unique_dim_order_status_status.7240ecdde5: Close
[0m03:33:18.867298 [debug] [Thread-2 (]: On test.lab7.unique_dim_order_status_status_key.13d04d3461: ROLLBACK
[0m03:33:18.867913 [debug] [Thread-3 (]: SQL status: SELECT 1 in 0.011 seconds
[0m03:33:18.869427 [info ] [Thread-4 (]: 30 of 83 PASS unique_dim_order_status_status ................................... [[32mPASS[0m in 0.13s]
[0m03:33:18.870852 [debug] [Thread-2 (]: On test.lab7.unique_dim_order_status_status_key.13d04d3461: Close
[0m03:33:18.873628 [debug] [Thread-3 (]: On test.lab7.not_null_dim_date_date_key.881d0a31b6: ROLLBACK
[0m03:33:18.875429 [debug] [Thread-4 (]: Finished running node test.lab7.unique_dim_order_status_status.7240ecdde5
[0m03:33:18.876104 [debug] [Thread-1 (]: Began executing node test.lab7.not_null_dim_date_full_date.598d7b137c
[0m03:33:18.877561 [info ] [Thread-2 (]: 31 of 83 PASS unique_dim_order_status_status_key ............................... [[32mPASS[0m in 0.14s]
[0m03:33:18.878875 [debug] [Thread-3 (]: On test.lab7.not_null_dim_date_date_key.881d0a31b6: Close
[0m03:33:18.880262 [debug] [Thread-4 (]: Began running node test.lab7.unique_dim_date_date_key.0869fd48f9
[0m03:33:18.884658 [debug] [Thread-1 (]: Writing runtime sql for node "test.lab7.not_null_dim_date_full_date.598d7b137c"
[0m03:33:18.886569 [debug] [Thread-2 (]: Finished running node test.lab7.unique_dim_order_status_status_key.13d04d3461
[0m03:33:18.888382 [info ] [Thread-3 (]: 32 of 83 PASS not_null_dim_date_date_key ....................................... [[32mPASS[0m in 0.14s]
[0m03:33:18.889724 [info ] [Thread-4 (]: 34 of 83 START test unique_dim_date_date_key ................................... [RUN]
[0m03:33:18.892907 [debug] [Thread-2 (]: Began running node test.lab7.unique_dim_date_full_date.fd8739c008
[0m03:33:18.894995 [debug] [Thread-3 (]: Finished running node test.lab7.not_null_dim_date_date_key.881d0a31b6
[0m03:33:18.897087 [debug] [Thread-4 (]: Re-using an available connection from the pool (formerly test.lab7.unique_dim_order_status_status.7240ecdde5, now test.lab7.unique_dim_date_date_key.0869fd48f9)
[0m03:33:18.899101 [info ] [Thread-2 (]: 35 of 83 START test unique_dim_date_full_date .................................. [RUN]
[0m03:33:18.902653 [debug] [Thread-3 (]: Began running node test.lab7.not_null_dim_store_store_code.993f2cbf42
[0m03:33:18.907231 [debug] [Thread-4 (]: Began compiling node test.lab7.unique_dim_date_date_key.0869fd48f9
[0m03:33:18.908445 [debug] [Thread-1 (]: Using postgres connection "test.lab7.not_null_dim_date_full_date.598d7b137c"
[0m03:33:18.910540 [debug] [Thread-2 (]: Re-using an available connection from the pool (formerly test.lab7.unique_dim_order_status_status_key.13d04d3461, now test.lab7.unique_dim_date_full_date.fd8739c008)
[0m03:33:18.912884 [info ] [Thread-3 (]: 36 of 83 START test not_null_dim_store_store_code .............................. [RUN]
[0m03:33:18.925561 [debug] [Thread-4 (]: Writing injected SQL for node "test.lab7.unique_dim_date_date_key.0869fd48f9"
[0m03:33:18.927141 [debug] [Thread-1 (]: On test.lab7.not_null_dim_date_full_date.598d7b137c: BEGIN
[0m03:33:18.928817 [debug] [Thread-2 (]: Began compiling node test.lab7.unique_dim_date_full_date.fd8739c008
[0m03:33:18.930778 [debug] [Thread-3 (]: Re-using an available connection from the pool (formerly test.lab7.not_null_dim_date_date_key.881d0a31b6, now test.lab7.not_null_dim_store_store_code.993f2cbf42)
[0m03:33:18.934108 [debug] [Thread-1 (]: Opening a new connection, currently in state closed
[0m03:33:18.943147 [debug] [Thread-2 (]: Writing injected SQL for node "test.lab7.unique_dim_date_full_date.fd8739c008"
[0m03:33:18.944641 [debug] [Thread-3 (]: Began compiling node test.lab7.not_null_dim_store_store_code.993f2cbf42
[0m03:33:18.948227 [debug] [Thread-4 (]: Began executing node test.lab7.unique_dim_date_date_key.0869fd48f9
[0m03:33:18.955911 [debug] [Thread-3 (]: Writing injected SQL for node "test.lab7.not_null_dim_store_store_code.993f2cbf42"
[0m03:33:18.957385 [debug] [Thread-1 (]: SQL status: BEGIN in 0.023 seconds
[0m03:33:18.961648 [debug] [Thread-4 (]: Writing runtime sql for node "test.lab7.unique_dim_date_date_key.0869fd48f9"
[0m03:33:18.963488 [debug] [Thread-2 (]: Began executing node test.lab7.unique_dim_date_full_date.fd8739c008
[0m03:33:18.964554 [debug] [Thread-1 (]: Using postgres connection "test.lab7.not_null_dim_date_full_date.598d7b137c"
[0m03:33:18.970325 [debug] [Thread-2 (]: Writing runtime sql for node "test.lab7.unique_dim_date_full_date.fd8739c008"
[0m03:33:18.972323 [debug] [Thread-1 (]: On test.lab7.not_null_dim_date_full_date.598d7b137c: /* {"app": "dbt", "dbt_version": "1.9.0", "profile_name": "lab7", "target_name": "dev", "node_id": "test.lab7.not_null_dim_date_full_date.598d7b137c"} */
select
      count(*) as failures,
      count(*) != 0 as should_warn,
      count(*) != 0 as should_error
    from (
      
    
    



select full_date
from "lab7"."dbt"."dim_date"
where full_date is null



      
    ) dbt_internal_test
[0m03:33:18.973234 [debug] [Thread-3 (]: Began executing node test.lab7.not_null_dim_store_store_code.993f2cbf42
[0m03:33:18.976704 [debug] [Thread-4 (]: Using postgres connection "test.lab7.unique_dim_date_date_key.0869fd48f9"
[0m03:33:18.982184 [debug] [Thread-3 (]: Writing runtime sql for node "test.lab7.not_null_dim_store_store_code.993f2cbf42"
[0m03:33:18.984622 [debug] [Thread-4 (]: On test.lab7.unique_dim_date_date_key.0869fd48f9: BEGIN
[0m03:33:18.985536 [debug] [Thread-2 (]: Using postgres connection "test.lab7.unique_dim_date_full_date.fd8739c008"
[0m03:33:18.986314 [debug] [Thread-1 (]: SQL status: SELECT 1 in 0.010 seconds
[0m03:33:18.989247 [debug] [Thread-4 (]: Opening a new connection, currently in state closed
[0m03:33:18.992593 [debug] [Thread-2 (]: On test.lab7.unique_dim_date_full_date.fd8739c008: BEGIN
[0m03:33:18.995772 [debug] [Thread-1 (]: On test.lab7.not_null_dim_date_full_date.598d7b137c: ROLLBACK
[0m03:33:18.998278 [debug] [Thread-2 (]: Opening a new connection, currently in state closed
[0m03:33:19.000280 [debug] [Thread-1 (]: On test.lab7.not_null_dim_date_full_date.598d7b137c: Close
[0m03:33:19.001030 [debug] [Thread-3 (]: Using postgres connection "test.lab7.not_null_dim_store_store_code.993f2cbf42"
[0m03:33:19.003217 [info ] [Thread-1 (]: 33 of 83 PASS not_null_dim_date_full_date ...................................... [[32mPASS[0m in 0.16s]
[0m03:33:19.004539 [debug] [Thread-3 (]: On test.lab7.not_null_dim_store_store_code.993f2cbf42: BEGIN
[0m03:33:19.005242 [debug] [Thread-4 (]: SQL status: BEGIN in 0.017 seconds
[0m03:33:19.007121 [debug] [Thread-1 (]: Finished running node test.lab7.not_null_dim_date_full_date.598d7b137c
[0m03:33:19.008470 [debug] [Thread-3 (]: Opening a new connection, currently in state closed
[0m03:33:19.009004 [debug] [Thread-2 (]: SQL status: BEGIN in 0.011 seconds
[0m03:33:19.010418 [debug] [Thread-4 (]: Using postgres connection "test.lab7.unique_dim_date_date_key.0869fd48f9"
[0m03:33:19.011898 [debug] [Thread-1 (]: Began running node test.lab7.not_null_dim_store_store_key.507238c054
[0m03:33:19.014184 [debug] [Thread-2 (]: Using postgres connection "test.lab7.unique_dim_date_full_date.fd8739c008"
[0m03:33:19.015665 [debug] [Thread-4 (]: On test.lab7.unique_dim_date_date_key.0869fd48f9: /* {"app": "dbt", "dbt_version": "1.9.0", "profile_name": "lab7", "target_name": "dev", "node_id": "test.lab7.unique_dim_date_date_key.0869fd48f9"} */
select
      count(*) as failures,
      count(*) != 0 as should_warn,
      count(*) != 0 as should_error
    from (
      
    
    

select
    date_key as unique_field,
    count(*) as n_records

from "lab7"."dbt"."dim_date"
where date_key is not null
group by date_key
having count(*) > 1



      
    ) dbt_internal_test
[0m03:33:19.017077 [info ] [Thread-1 (]: 37 of 83 START test not_null_dim_store_store_key ............................... [RUN]
[0m03:33:19.018406 [debug] [Thread-2 (]: On test.lab7.unique_dim_date_full_date.fd8739c008: /* {"app": "dbt", "dbt_version": "1.9.0", "profile_name": "lab7", "target_name": "dev", "node_id": "test.lab7.unique_dim_date_full_date.fd8739c008"} */
select
      count(*) as failures,
      count(*) != 0 as should_warn,
      count(*) != 0 as should_error
    from (
      
    
    

select
    full_date as unique_field,
    count(*) as n_records

from "lab7"."dbt"."dim_date"
where full_date is not null
group by full_date
having count(*) > 1



      
    ) dbt_internal_test
[0m03:33:19.019888 [debug] [Thread-3 (]: SQL status: BEGIN in 0.011 seconds
[0m03:33:19.022014 [debug] [Thread-1 (]: Re-using an available connection from the pool (formerly test.lab7.not_null_dim_date_full_date.598d7b137c, now test.lab7.not_null_dim_store_store_key.507238c054)
[0m03:33:19.024328 [debug] [Thread-3 (]: Using postgres connection "test.lab7.not_null_dim_store_store_code.993f2cbf42"
[0m03:33:19.025713 [debug] [Thread-1 (]: Began compiling node test.lab7.not_null_dim_store_store_key.507238c054
[0m03:33:19.027103 [debug] [Thread-3 (]: On test.lab7.not_null_dim_store_store_code.993f2cbf42: /* {"app": "dbt", "dbt_version": "1.9.0", "profile_name": "lab7", "target_name": "dev", "node_id": "test.lab7.not_null_dim_store_store_code.993f2cbf42"} */
select
      count(*) as failures,
      count(*) != 0 as should_warn,
      count(*) != 0 as should_error
    from (
      
    
    



select store_code
from "lab7"."dbt"."dim_store"
where store_code is null



      
    ) dbt_internal_test
[0m03:33:19.027712 [debug] [Thread-4 (]: SQL status: SELECT 1 in 0.007 seconds
[0m03:33:19.034311 [debug] [Thread-1 (]: Writing injected SQL for node "test.lab7.not_null_dim_store_store_key.507238c054"
[0m03:33:19.034951 [debug] [Thread-2 (]: SQL status: SELECT 1 in 0.012 seconds
[0m03:33:19.038250 [debug] [Thread-4 (]: On test.lab7.unique_dim_date_date_key.0869fd48f9: ROLLBACK
[0m03:33:19.038768 [debug] [Thread-3 (]: SQL status: SELECT 1 in 0.003 seconds
[0m03:33:19.042908 [debug] [Thread-2 (]: On test.lab7.unique_dim_date_full_date.fd8739c008: ROLLBACK
[0m03:33:19.044547 [debug] [Thread-4 (]: On test.lab7.unique_dim_date_date_key.0869fd48f9: Close
[0m03:33:19.046672 [debug] [Thread-3 (]: On test.lab7.not_null_dim_store_store_code.993f2cbf42: ROLLBACK
[0m03:33:19.048149 [debug] [Thread-2 (]: On test.lab7.unique_dim_date_full_date.fd8739c008: Close
[0m03:33:19.049856 [info ] [Thread-4 (]: 34 of 83 PASS unique_dim_date_date_key ......................................... [[32mPASS[0m in 0.15s]
[0m03:33:19.050657 [debug] [Thread-1 (]: Began executing node test.lab7.not_null_dim_store_store_key.507238c054
[0m03:33:19.052011 [debug] [Thread-3 (]: On test.lab7.not_null_dim_store_store_code.993f2cbf42: Close
[0m03:33:19.053912 [info ] [Thread-2 (]: 35 of 83 PASS unique_dim_date_full_date ........................................ [[32mPASS[0m in 0.14s]
[0m03:33:19.055822 [debug] [Thread-4 (]: Finished running node test.lab7.unique_dim_date_date_key.0869fd48f9
[0m03:33:19.060182 [debug] [Thread-1 (]: Writing runtime sql for node "test.lab7.not_null_dim_store_store_key.507238c054"
[0m03:33:19.062131 [info ] [Thread-3 (]: 36 of 83 PASS not_null_dim_store_store_code .................................... [[32mPASS[0m in 0.13s]
[0m03:33:19.063596 [debug] [Thread-2 (]: Finished running node test.lab7.unique_dim_date_full_date.fd8739c008
[0m03:33:19.065177 [debug] [Thread-4 (]: Began running node test.lab7.unique_dim_store_store_code.d0eb5264c5
[0m03:33:19.068161 [debug] [Thread-3 (]: Finished running node test.lab7.not_null_dim_store_store_code.993f2cbf42
[0m03:33:19.069843 [debug] [Thread-2 (]: Began running node test.lab7.unique_dim_store_store_key.9baa94554a
[0m03:33:19.072085 [info ] [Thread-4 (]: 38 of 83 START test unique_dim_store_store_code ................................ [RUN]
[0m03:33:19.073733 [debug] [Thread-3 (]: Began running node test.lab7.not_null_dim_product_product_code.a555e7d6c4
[0m03:33:19.075441 [info ] [Thread-2 (]: 39 of 83 START test unique_dim_store_store_key ................................. [RUN]
[0m03:33:19.077317 [debug] [Thread-4 (]: Re-using an available connection from the pool (formerly test.lab7.unique_dim_date_date_key.0869fd48f9, now test.lab7.unique_dim_store_store_code.d0eb5264c5)
[0m03:33:19.078590 [debug] [Thread-1 (]: Using postgres connection "test.lab7.not_null_dim_store_store_key.507238c054"
[0m03:33:19.079552 [info ] [Thread-3 (]: 40 of 83 START test not_null_dim_product_product_code .......................... [RUN]
[0m03:33:19.081025 [debug] [Thread-2 (]: Re-using an available connection from the pool (formerly test.lab7.unique_dim_date_full_date.fd8739c008, now test.lab7.unique_dim_store_store_key.9baa94554a)
[0m03:33:19.082602 [debug] [Thread-4 (]: Began compiling node test.lab7.unique_dim_store_store_code.d0eb5264c5
[0m03:33:19.084241 [debug] [Thread-1 (]: On test.lab7.not_null_dim_store_store_key.507238c054: BEGIN
[0m03:33:19.085637 [debug] [Thread-3 (]: Re-using an available connection from the pool (formerly test.lab7.not_null_dim_store_store_code.993f2cbf42, now test.lab7.not_null_dim_product_product_code.a555e7d6c4)
[0m03:33:19.086915 [debug] [Thread-2 (]: Began compiling node test.lab7.unique_dim_store_store_key.9baa94554a
[0m03:33:19.094094 [debug] [Thread-4 (]: Writing injected SQL for node "test.lab7.unique_dim_store_store_code.d0eb5264c5"
[0m03:33:19.095448 [debug] [Thread-1 (]: Opening a new connection, currently in state closed
[0m03:33:19.096787 [debug] [Thread-3 (]: Began compiling node test.lab7.not_null_dim_product_product_code.a555e7d6c4
[0m03:33:19.102403 [debug] [Thread-2 (]: Writing injected SQL for node "test.lab7.unique_dim_store_store_key.9baa94554a"
[0m03:33:19.113270 [debug] [Thread-3 (]: Writing injected SQL for node "test.lab7.not_null_dim_product_product_code.a555e7d6c4"
[0m03:33:19.113803 [debug] [Thread-1 (]: SQL status: BEGIN in 0.018 seconds
[0m03:33:19.116544 [debug] [Thread-4 (]: Began executing node test.lab7.unique_dim_store_store_code.d0eb5264c5
[0m03:33:19.117123 [debug] [Thread-1 (]: Using postgres connection "test.lab7.not_null_dim_store_store_key.507238c054"
[0m03:33:19.121369 [debug] [Thread-4 (]: Writing runtime sql for node "test.lab7.unique_dim_store_store_code.d0eb5264c5"
[0m03:33:19.122066 [debug] [Thread-2 (]: Began executing node test.lab7.unique_dim_store_store_key.9baa94554a
[0m03:33:19.123655 [debug] [Thread-1 (]: On test.lab7.not_null_dim_store_store_key.507238c054: /* {"app": "dbt", "dbt_version": "1.9.0", "profile_name": "lab7", "target_name": "dev", "node_id": "test.lab7.not_null_dim_store_store_key.507238c054"} */
select
      count(*) as failures,
      count(*) != 0 as should_warn,
      count(*) != 0 as should_error
    from (
      
    
    



select store_key
from "lab7"."dbt"."dim_store"
where store_key is null



      
    ) dbt_internal_test
[0m03:33:19.124828 [debug] [Thread-3 (]: Began executing node test.lab7.not_null_dim_product_product_code.a555e7d6c4
[0m03:33:19.129519 [debug] [Thread-2 (]: Writing runtime sql for node "test.lab7.unique_dim_store_store_key.9baa94554a"
[0m03:33:19.134606 [debug] [Thread-3 (]: Writing runtime sql for node "test.lab7.not_null_dim_product_product_code.a555e7d6c4"
[0m03:33:19.135677 [debug] [Thread-1 (]: SQL status: SELECT 1 in 0.005 seconds
[0m03:33:19.136793 [debug] [Thread-4 (]: Using postgres connection "test.lab7.unique_dim_store_store_code.d0eb5264c5"
[0m03:33:19.140561 [debug] [Thread-1 (]: On test.lab7.not_null_dim_store_store_key.507238c054: ROLLBACK
[0m03:33:19.142079 [debug] [Thread-4 (]: On test.lab7.unique_dim_store_store_code.d0eb5264c5: BEGIN
[0m03:33:19.143062 [debug] [Thread-2 (]: Using postgres connection "test.lab7.unique_dim_store_store_key.9baa94554a"
[0m03:33:19.144159 [debug] [Thread-1 (]: On test.lab7.not_null_dim_store_store_key.507238c054: Close
[0m03:33:19.145199 [debug] [Thread-4 (]: Opening a new connection, currently in state closed
[0m03:33:19.145956 [debug] [Thread-3 (]: Using postgres connection "test.lab7.not_null_dim_product_product_code.a555e7d6c4"
[0m03:33:19.147075 [debug] [Thread-2 (]: On test.lab7.unique_dim_store_store_key.9baa94554a: BEGIN
[0m03:33:19.149175 [info ] [Thread-1 (]: 37 of 83 PASS not_null_dim_store_store_key ..................................... [[32mPASS[0m in 0.13s]
[0m03:33:19.152075 [debug] [Thread-3 (]: On test.lab7.not_null_dim_product_product_code.a555e7d6c4: BEGIN
[0m03:33:19.153729 [debug] [Thread-2 (]: Opening a new connection, currently in state closed
[0m03:33:19.155628 [debug] [Thread-1 (]: Finished running node test.lab7.not_null_dim_store_store_key.507238c054
[0m03:33:19.157050 [debug] [Thread-3 (]: Opening a new connection, currently in state closed
[0m03:33:19.158118 [debug] [Thread-4 (]: SQL status: BEGIN in 0.013 seconds
[0m03:33:19.159883 [debug] [Thread-1 (]: Began running node test.lab7.not_null_dim_product_product_key.f0e1d838d3
[0m03:33:19.162347 [debug] [Thread-4 (]: Using postgres connection "test.lab7.unique_dim_store_store_code.d0eb5264c5"
[0m03:33:19.164204 [info ] [Thread-1 (]: 41 of 83 START test not_null_dim_product_product_key ........................... [RUN]
[0m03:33:19.166647 [debug] [Thread-4 (]: On test.lab7.unique_dim_store_store_code.d0eb5264c5: /* {"app": "dbt", "dbt_version": "1.9.0", "profile_name": "lab7", "target_name": "dev", "node_id": "test.lab7.unique_dim_store_store_code.d0eb5264c5"} */
select
      count(*) as failures,
      count(*) != 0 as should_warn,
      count(*) != 0 as should_error
    from (
      
    
    

select
    store_code as unique_field,
    count(*) as n_records

from "lab7"."dbt"."dim_store"
where store_code is not null
group by store_code
having count(*) > 1



      
    ) dbt_internal_test
[0m03:33:19.169671 [debug] [Thread-1 (]: Re-using an available connection from the pool (formerly test.lab7.not_null_dim_store_store_key.507238c054, now test.lab7.not_null_dim_product_product_key.f0e1d838d3)
[0m03:33:19.170508 [debug] [Thread-2 (]: SQL status: BEGIN in 0.017 seconds
[0m03:33:19.171702 [debug] [Thread-3 (]: SQL status: BEGIN in 0.015 seconds
[0m03:33:19.173496 [debug] [Thread-1 (]: Began compiling node test.lab7.not_null_dim_product_product_key.f0e1d838d3
[0m03:33:19.175641 [debug] [Thread-2 (]: Using postgres connection "test.lab7.unique_dim_store_store_key.9baa94554a"
[0m03:33:19.177030 [debug] [Thread-4 (]: SQL status: SELECT 1 in 0.005 seconds
[0m03:33:19.178044 [debug] [Thread-3 (]: Using postgres connection "test.lab7.not_null_dim_product_product_code.a555e7d6c4"
[0m03:33:19.184541 [debug] [Thread-1 (]: Writing injected SQL for node "test.lab7.not_null_dim_product_product_key.f0e1d838d3"
[0m03:33:19.185859 [debug] [Thread-2 (]: On test.lab7.unique_dim_store_store_key.9baa94554a: /* {"app": "dbt", "dbt_version": "1.9.0", "profile_name": "lab7", "target_name": "dev", "node_id": "test.lab7.unique_dim_store_store_key.9baa94554a"} */
select
      count(*) as failures,
      count(*) != 0 as should_warn,
      count(*) != 0 as should_error
    from (
      
    
    

select
    store_key as unique_field,
    count(*) as n_records

from "lab7"."dbt"."dim_store"
where store_key is not null
group by store_key
having count(*) > 1



      
    ) dbt_internal_test
[0m03:33:19.188722 [debug] [Thread-4 (]: On test.lab7.unique_dim_store_store_code.d0eb5264c5: ROLLBACK
[0m03:33:19.190081 [debug] [Thread-3 (]: On test.lab7.not_null_dim_product_product_code.a555e7d6c4: /* {"app": "dbt", "dbt_version": "1.9.0", "profile_name": "lab7", "target_name": "dev", "node_id": "test.lab7.not_null_dim_product_product_code.a555e7d6c4"} */
select
      count(*) as failures,
      count(*) != 0 as should_warn,
      count(*) != 0 as should_error
    from (
      
    
    



select product_code
from "lab7"."dbt"."dim_product"
where product_code is null



      
    ) dbt_internal_test
[0m03:33:19.193973 [debug] [Thread-4 (]: On test.lab7.unique_dim_store_store_code.d0eb5264c5: Close
[0m03:33:19.196983 [info ] [Thread-4 (]: 38 of 83 PASS unique_dim_store_store_code ...................................... [[32mPASS[0m in 0.12s]
[0m03:33:19.198088 [debug] [Thread-3 (]: SQL status: SELECT 1 in 0.003 seconds
[0m03:33:19.198890 [debug] [Thread-2 (]: SQL status: SELECT 1 in 0.006 seconds
[0m03:33:19.210040 [debug] [Thread-4 (]: Finished running node test.lab7.unique_dim_store_store_code.d0eb5264c5
[0m03:33:19.213449 [debug] [Thread-3 (]: On test.lab7.not_null_dim_product_product_code.a555e7d6c4: ROLLBACK
[0m03:33:19.214025 [debug] [Thread-1 (]: Began executing node test.lab7.not_null_dim_product_product_key.f0e1d838d3
[0m03:33:19.216702 [debug] [Thread-2 (]: On test.lab7.unique_dim_store_store_key.9baa94554a: ROLLBACK
[0m03:33:19.218811 [debug] [Thread-4 (]: Began running node test.lab7.unique_dim_product_product_code.2ff659b986
[0m03:33:19.220593 [debug] [Thread-3 (]: On test.lab7.not_null_dim_product_product_code.a555e7d6c4: Close
[0m03:33:19.224726 [debug] [Thread-1 (]: Writing runtime sql for node "test.lab7.not_null_dim_product_product_key.f0e1d838d3"
[0m03:33:19.226666 [debug] [Thread-2 (]: On test.lab7.unique_dim_store_store_key.9baa94554a: Close
[0m03:33:19.227748 [info ] [Thread-4 (]: 42 of 83 START test unique_dim_product_product_code ............................ [RUN]
[0m03:33:19.229755 [info ] [Thread-3 (]: 40 of 83 PASS not_null_dim_product_product_code ................................ [[32mPASS[0m in 0.14s]
[0m03:33:19.232834 [info ] [Thread-2 (]: 39 of 83 PASS unique_dim_store_store_key ....................................... [[32mPASS[0m in 0.15s]
[0m03:33:19.234521 [debug] [Thread-4 (]: Re-using an available connection from the pool (formerly test.lab7.unique_dim_store_store_code.d0eb5264c5, now test.lab7.unique_dim_product_product_code.2ff659b986)
[0m03:33:19.236592 [debug] [Thread-3 (]: Finished running node test.lab7.not_null_dim_product_product_code.a555e7d6c4
[0m03:33:19.238105 [debug] [Thread-2 (]: Finished running node test.lab7.unique_dim_store_store_key.9baa94554a
[0m03:33:19.239585 [debug] [Thread-4 (]: Began compiling node test.lab7.unique_dim_product_product_code.2ff659b986
[0m03:33:19.241432 [debug] [Thread-3 (]: Began running node test.lab7.unique_dim_product_product_key.1753236bd0
[0m03:33:19.242303 [debug] [Thread-1 (]: Using postgres connection "test.lab7.not_null_dim_product_product_key.f0e1d838d3"
[0m03:33:19.243772 [debug] [Thread-2 (]: Began running node test.lab7.not_null_dim_staff_staff_code.51314055d4
[0m03:33:19.250835 [debug] [Thread-4 (]: Writing injected SQL for node "test.lab7.unique_dim_product_product_code.2ff659b986"
[0m03:33:19.252192 [info ] [Thread-3 (]: 43 of 83 START test unique_dim_product_product_key ............................. [RUN]
[0m03:33:19.253917 [debug] [Thread-1 (]: On test.lab7.not_null_dim_product_product_key.f0e1d838d3: BEGIN
[0m03:33:19.255719 [info ] [Thread-2 (]: 44 of 83 START test not_null_dim_staff_staff_code .............................. [RUN]
[0m03:33:19.258403 [debug] [Thread-3 (]: Re-using an available connection from the pool (formerly test.lab7.not_null_dim_product_product_code.a555e7d6c4, now test.lab7.unique_dim_product_product_key.1753236bd0)
[0m03:33:19.259921 [debug] [Thread-1 (]: Opening a new connection, currently in state closed
[0m03:33:19.261334 [debug] [Thread-2 (]: Re-using an available connection from the pool (formerly test.lab7.unique_dim_store_store_key.9baa94554a, now test.lab7.not_null_dim_staff_staff_code.51314055d4)
[0m03:33:19.262766 [debug] [Thread-3 (]: Began compiling node test.lab7.unique_dim_product_product_key.1753236bd0
[0m03:33:19.265100 [debug] [Thread-2 (]: Began compiling node test.lab7.not_null_dim_staff_staff_code.51314055d4
[0m03:33:19.272402 [debug] [Thread-4 (]: Began executing node test.lab7.unique_dim_product_product_code.2ff659b986
[0m03:33:19.274354 [debug] [Thread-3 (]: Writing injected SQL for node "test.lab7.unique_dim_product_product_key.1753236bd0"
[0m03:33:19.275003 [debug] [Thread-1 (]: SQL status: BEGIN in 0.015 seconds
[0m03:33:19.281503 [debug] [Thread-2 (]: Writing injected SQL for node "test.lab7.not_null_dim_staff_staff_code.51314055d4"
[0m03:33:19.285775 [debug] [Thread-4 (]: Writing runtime sql for node "test.lab7.unique_dim_product_product_code.2ff659b986"
[0m03:33:19.288619 [debug] [Thread-1 (]: Using postgres connection "test.lab7.not_null_dim_product_product_key.f0e1d838d3"
[0m03:33:19.292003 [debug] [Thread-1 (]: On test.lab7.not_null_dim_product_product_key.f0e1d838d3: /* {"app": "dbt", "dbt_version": "1.9.0", "profile_name": "lab7", "target_name": "dev", "node_id": "test.lab7.not_null_dim_product_product_key.f0e1d838d3"} */
select
      count(*) as failures,
      count(*) != 0 as should_warn,
      count(*) != 0 as should_error
    from (
      
    
    



select product_key
from "lab7"."dbt"."dim_product"
where product_key is null



      
    ) dbt_internal_test
[0m03:33:19.295078 [debug] [Thread-3 (]: Began executing node test.lab7.unique_dim_product_product_key.1753236bd0
[0m03:33:19.299849 [debug] [Thread-3 (]: Writing runtime sql for node "test.lab7.unique_dim_product_product_key.1753236bd0"
[0m03:33:19.300617 [debug] [Thread-1 (]: SQL status: SELECT 1 in 0.007 seconds
[0m03:33:19.301845 [debug] [Thread-2 (]: Began executing node test.lab7.not_null_dim_staff_staff_code.51314055d4
[0m03:33:19.303035 [debug] [Thread-4 (]: Using postgres connection "test.lab7.unique_dim_product_product_code.2ff659b986"
[0m03:33:19.306616 [debug] [Thread-1 (]: On test.lab7.not_null_dim_product_product_key.f0e1d838d3: ROLLBACK
[0m03:33:19.311132 [debug] [Thread-2 (]: Writing runtime sql for node "test.lab7.not_null_dim_staff_staff_code.51314055d4"
[0m03:33:19.313057 [debug] [Thread-4 (]: On test.lab7.unique_dim_product_product_code.2ff659b986: BEGIN
[0m03:33:19.313970 [debug] [Thread-3 (]: Using postgres connection "test.lab7.unique_dim_product_product_key.1753236bd0"
[0m03:33:19.315630 [debug] [Thread-1 (]: On test.lab7.not_null_dim_product_product_key.f0e1d838d3: Close
[0m03:33:19.317896 [debug] [Thread-4 (]: Opening a new connection, currently in state closed
[0m03:33:19.319475 [debug] [Thread-3 (]: On test.lab7.unique_dim_product_product_key.1753236bd0: BEGIN
[0m03:33:19.321545 [info ] [Thread-1 (]: 41 of 83 PASS not_null_dim_product_product_key ................................. [[32mPASS[0m in 0.15s]
[0m03:33:19.324248 [debug] [Thread-3 (]: Opening a new connection, currently in state closed
[0m03:33:19.326381 [debug] [Thread-1 (]: Finished running node test.lab7.not_null_dim_product_product_key.f0e1d838d3
[0m03:33:19.329479 [debug] [Thread-2 (]: Using postgres connection "test.lab7.not_null_dim_staff_staff_code.51314055d4"
[0m03:33:19.330468 [debug] [Thread-1 (]: Began running node test.lab7.not_null_dim_staff_staff_key.b7dc3eb451
[0m03:33:19.331901 [debug] [Thread-4 (]: SQL status: BEGIN in 0.014 seconds
[0m03:33:19.332875 [debug] [Thread-2 (]: On test.lab7.not_null_dim_staff_staff_code.51314055d4: BEGIN
[0m03:33:19.334620 [info ] [Thread-1 (]: 45 of 83 START test not_null_dim_staff_staff_key ............................... [RUN]
[0m03:33:19.336391 [debug] [Thread-3 (]: SQL status: BEGIN in 0.012 seconds
[0m03:33:19.337565 [debug] [Thread-4 (]: Using postgres connection "test.lab7.unique_dim_product_product_code.2ff659b986"
[0m03:33:19.339724 [debug] [Thread-2 (]: Opening a new connection, currently in state closed
[0m03:33:19.341488 [debug] [Thread-1 (]: Re-using an available connection from the pool (formerly test.lab7.not_null_dim_product_product_key.f0e1d838d3, now test.lab7.not_null_dim_staff_staff_key.b7dc3eb451)
[0m03:33:19.343006 [debug] [Thread-3 (]: Using postgres connection "test.lab7.unique_dim_product_product_key.1753236bd0"
[0m03:33:19.344320 [debug] [Thread-4 (]: On test.lab7.unique_dim_product_product_code.2ff659b986: /* {"app": "dbt", "dbt_version": "1.9.0", "profile_name": "lab7", "target_name": "dev", "node_id": "test.lab7.unique_dim_product_product_code.2ff659b986"} */
select
      count(*) as failures,
      count(*) != 0 as should_warn,
      count(*) != 0 as should_error
    from (
      
    
    

select
    product_code as unique_field,
    count(*) as n_records

from "lab7"."dbt"."dim_product"
where product_code is not null
group by product_code
having count(*) > 1



      
    ) dbt_internal_test
[0m03:33:19.347388 [debug] [Thread-1 (]: Began compiling node test.lab7.not_null_dim_staff_staff_key.b7dc3eb451
[0m03:33:19.349237 [debug] [Thread-3 (]: On test.lab7.unique_dim_product_product_key.1753236bd0: /* {"app": "dbt", "dbt_version": "1.9.0", "profile_name": "lab7", "target_name": "dev", "node_id": "test.lab7.unique_dim_product_product_key.1753236bd0"} */
select
      count(*) as failures,
      count(*) != 0 as should_warn,
      count(*) != 0 as should_error
    from (
      
    
    

select
    product_key as unique_field,
    count(*) as n_records

from "lab7"."dbt"."dim_product"
where product_key is not null
group by product_key
having count(*) > 1



      
    ) dbt_internal_test
[0m03:33:19.357450 [debug] [Thread-4 (]: SQL status: SELECT 1 in 0.006 seconds
[0m03:33:19.361417 [debug] [Thread-1 (]: Writing injected SQL for node "test.lab7.not_null_dim_staff_staff_key.b7dc3eb451"
[0m03:33:19.362033 [debug] [Thread-2 (]: SQL status: BEGIN in 0.022 seconds
[0m03:33:19.365204 [debug] [Thread-4 (]: On test.lab7.unique_dim_product_product_code.2ff659b986: ROLLBACK
[0m03:33:19.367638 [debug] [Thread-2 (]: Using postgres connection "test.lab7.not_null_dim_staff_staff_code.51314055d4"
[0m03:33:19.368261 [debug] [Thread-3 (]: SQL status: SELECT 1 in 0.006 seconds
[0m03:33:19.369841 [debug] [Thread-4 (]: On test.lab7.unique_dim_product_product_code.2ff659b986: Close
[0m03:33:19.370933 [debug] [Thread-2 (]: On test.lab7.not_null_dim_staff_staff_code.51314055d4: /* {"app": "dbt", "dbt_version": "1.9.0", "profile_name": "lab7", "target_name": "dev", "node_id": "test.lab7.not_null_dim_staff_staff_code.51314055d4"} */
select
      count(*) as failures,
      count(*) != 0 as should_warn,
      count(*) != 0 as should_error
    from (
      
    
    



select staff_code
from "lab7"."dbt"."dim_staff"
where staff_code is null



      
    ) dbt_internal_test
[0m03:33:19.373849 [debug] [Thread-3 (]: On test.lab7.unique_dim_product_product_key.1753236bd0: ROLLBACK
[0m03:33:19.375583 [info ] [Thread-4 (]: 42 of 83 PASS unique_dim_product_product_code .................................. [[32mPASS[0m in 0.14s]
[0m03:33:19.376261 [debug] [Thread-1 (]: Began executing node test.lab7.not_null_dim_staff_staff_key.b7dc3eb451
[0m03:33:19.378920 [debug] [Thread-3 (]: On test.lab7.unique_dim_product_product_key.1753236bd0: Close
[0m03:33:19.380458 [debug] [Thread-4 (]: Finished running node test.lab7.unique_dim_product_product_code.2ff659b986
[0m03:33:19.381013 [debug] [Thread-2 (]: SQL status: SELECT 1 in 0.004 seconds
[0m03:33:19.384879 [debug] [Thread-1 (]: Writing runtime sql for node "test.lab7.not_null_dim_staff_staff_key.b7dc3eb451"
[0m03:33:19.386788 [info ] [Thread-3 (]: 43 of 83 PASS unique_dim_product_product_key ................................... [[32mPASS[0m in 0.13s]
[0m03:33:19.387883 [debug] [Thread-4 (]: Began running node test.lab7.unique_dim_staff_staff_code.7a5ad320bd
[0m03:33:19.391465 [debug] [Thread-2 (]: On test.lab7.not_null_dim_staff_staff_code.51314055d4: ROLLBACK
[0m03:33:19.394535 [debug] [Thread-3 (]: Finished running node test.lab7.unique_dim_product_product_key.1753236bd0
[0m03:33:19.396128 [info ] [Thread-4 (]: 46 of 83 START test unique_dim_staff_staff_code ................................ [RUN]
[0m03:33:19.398732 [debug] [Thread-2 (]: On test.lab7.not_null_dim_staff_staff_code.51314055d4: Close
[0m03:33:19.400745 [debug] [Thread-3 (]: Began running node test.lab7.unique_dim_staff_staff_key.eebb0d941a
[0m03:33:19.403169 [debug] [Thread-4 (]: Re-using an available connection from the pool (formerly test.lab7.unique_dim_product_product_code.2ff659b986, now test.lab7.unique_dim_staff_staff_code.7a5ad320bd)
[0m03:33:19.405310 [info ] [Thread-2 (]: 44 of 83 PASS not_null_dim_staff_staff_code .................................... [[32mPASS[0m in 0.14s]
[0m03:33:19.406338 [debug] [Thread-1 (]: Using postgres connection "test.lab7.not_null_dim_staff_staff_key.b7dc3eb451"
[0m03:33:19.407417 [info ] [Thread-3 (]: 47 of 83 START test unique_dim_staff_staff_key ................................. [RUN]
[0m03:33:19.409150 [debug] [Thread-4 (]: Began compiling node test.lab7.unique_dim_staff_staff_code.7a5ad320bd
[0m03:33:19.411465 [debug] [Thread-2 (]: Finished running node test.lab7.not_null_dim_staff_staff_code.51314055d4
[0m03:33:19.413064 [debug] [Thread-1 (]: On test.lab7.not_null_dim_staff_staff_key.b7dc3eb451: BEGIN
[0m03:33:19.415045 [debug] [Thread-3 (]: Re-using an available connection from the pool (formerly test.lab7.unique_dim_product_product_key.1753236bd0, now test.lab7.unique_dim_staff_staff_key.eebb0d941a)
[0m03:33:19.421397 [debug] [Thread-4 (]: Writing injected SQL for node "test.lab7.unique_dim_staff_staff_code.7a5ad320bd"
[0m03:33:19.422940 [debug] [Thread-2 (]: Began running node model.lab7.fact_orders_lifecycle
[0m03:33:19.424150 [debug] [Thread-1 (]: Opening a new connection, currently in state closed
[0m03:33:19.425250 [debug] [Thread-3 (]: Began compiling node test.lab7.unique_dim_staff_staff_key.eebb0d941a
[0m03:33:19.427370 [info ] [Thread-2 (]: 48 of 83 START sql incremental model dbt.fact_orders_lifecycle ................. [RUN]
[0m03:33:19.436565 [debug] [Thread-3 (]: Writing injected SQL for node "test.lab7.unique_dim_staff_staff_key.eebb0d941a"
[0m03:33:19.437997 [debug] [Thread-2 (]: Re-using an available connection from the pool (formerly test.lab7.not_null_dim_staff_staff_code.51314055d4, now model.lab7.fact_orders_lifecycle)
[0m03:33:19.439120 [debug] [Thread-1 (]: SQL status: BEGIN in 0.015 seconds
[0m03:33:19.441224 [debug] [Thread-2 (]: Began compiling node model.lab7.fact_orders_lifecycle
[0m03:33:19.442985 [debug] [Thread-1 (]: Using postgres connection "test.lab7.not_null_dim_staff_staff_key.b7dc3eb451"
[0m03:33:19.443582 [debug] [Thread-4 (]: Began executing node test.lab7.unique_dim_staff_staff_code.7a5ad320bd
[0m03:33:19.451242 [debug] [Thread-2 (]: Writing injected SQL for node "model.lab7.fact_orders_lifecycle"
[0m03:33:19.452106 [debug] [Thread-3 (]: Began executing node test.lab7.unique_dim_staff_staff_key.eebb0d941a
[0m03:33:19.453155 [debug] [Thread-1 (]: On test.lab7.not_null_dim_staff_staff_key.b7dc3eb451: /* {"app": "dbt", "dbt_version": "1.9.0", "profile_name": "lab7", "target_name": "dev", "node_id": "test.lab7.not_null_dim_staff_staff_key.b7dc3eb451"} */
select
      count(*) as failures,
      count(*) != 0 as should_warn,
      count(*) != 0 as should_error
    from (
      
    
    



select staff_key
from "lab7"."dbt"."dim_staff"
where staff_key is null



      
    ) dbt_internal_test
[0m03:33:19.457336 [debug] [Thread-4 (]: Writing runtime sql for node "test.lab7.unique_dim_staff_staff_code.7a5ad320bd"
[0m03:33:19.462571 [debug] [Thread-3 (]: Writing runtime sql for node "test.lab7.unique_dim_staff_staff_key.eebb0d941a"
[0m03:33:19.469776 [debug] [Thread-1 (]: SQL status: SELECT 1 in 0.005 seconds
[0m03:33:19.471688 [debug] [Thread-4 (]: Using postgres connection "test.lab7.unique_dim_staff_staff_code.7a5ad320bd"
[0m03:33:19.474287 [debug] [Thread-1 (]: On test.lab7.not_null_dim_staff_staff_key.b7dc3eb451: ROLLBACK
[0m03:33:19.476420 [debug] [Thread-4 (]: On test.lab7.unique_dim_staff_staff_code.7a5ad320bd: BEGIN
[0m03:33:19.477226 [debug] [Thread-3 (]: Using postgres connection "test.lab7.unique_dim_staff_staff_key.eebb0d941a"
[0m03:33:19.477737 [debug] [Thread-2 (]: Began executing node model.lab7.fact_orders_lifecycle
[0m03:33:19.479256 [debug] [Thread-1 (]: On test.lab7.not_null_dim_staff_staff_key.b7dc3eb451: Close
[0m03:33:19.480344 [debug] [Thread-4 (]: Opening a new connection, currently in state closed
[0m03:33:19.481674 [debug] [Thread-3 (]: On test.lab7.unique_dim_staff_staff_key.eebb0d941a: BEGIN
[0m03:33:19.513977 [info ] [Thread-1 (]: 45 of 83 PASS not_null_dim_staff_staff_key ..................................... [[32mPASS[0m in 0.17s]
[0m03:33:19.531549 [debug] [Thread-2 (]: Writing runtime sql for node "model.lab7.fact_orders_lifecycle"
[0m03:33:19.533220 [debug] [Thread-3 (]: Opening a new connection, currently in state closed
[0m03:33:19.535260 [debug] [Thread-1 (]: Finished running node test.lab7.not_null_dim_staff_staff_key.b7dc3eb451
[0m03:33:19.538128 [debug] [Thread-4 (]: SQL status: BEGIN in 0.058 seconds
[0m03:33:19.540792 [debug] [Thread-4 (]: Using postgres connection "test.lab7.unique_dim_staff_staff_code.7a5ad320bd"
[0m03:33:19.542175 [debug] [Thread-4 (]: On test.lab7.unique_dim_staff_staff_code.7a5ad320bd: /* {"app": "dbt", "dbt_version": "1.9.0", "profile_name": "lab7", "target_name": "dev", "node_id": "test.lab7.unique_dim_staff_staff_code.7a5ad320bd"} */
select
      count(*) as failures,
      count(*) != 0 as should_warn,
      count(*) != 0 as should_error
    from (
      
    
    

select
    staff_code as unique_field,
    count(*) as n_records

from "lab7"."dbt"."dim_staff"
where staff_code is not null
group by staff_code
having count(*) > 1



      
    ) dbt_internal_test
[0m03:33:19.544821 [debug] [Thread-3 (]: SQL status: BEGIN in 0.012 seconds
[0m03:33:19.546273 [debug] [Thread-3 (]: Using postgres connection "test.lab7.unique_dim_staff_staff_key.eebb0d941a"
[0m03:33:19.546845 [debug] [Thread-4 (]: SQL status: SELECT 1 in 0.003 seconds
[0m03:33:19.547767 [debug] [Thread-3 (]: On test.lab7.unique_dim_staff_staff_key.eebb0d941a: /* {"app": "dbt", "dbt_version": "1.9.0", "profile_name": "lab7", "target_name": "dev", "node_id": "test.lab7.unique_dim_staff_staff_key.eebb0d941a"} */
select
      count(*) as failures,
      count(*) != 0 as should_warn,
      count(*) != 0 as should_error
    from (
      
    
    

select
    staff_key as unique_field,
    count(*) as n_records

from "lab7"."dbt"."dim_staff"
where staff_key is not null
group by staff_key
having count(*) > 1



      
    ) dbt_internal_test
[0m03:33:19.550652 [debug] [Thread-4 (]: On test.lab7.unique_dim_staff_staff_code.7a5ad320bd: ROLLBACK
[0m03:33:19.553064 [debug] [Thread-2 (]: Using postgres connection "model.lab7.fact_orders_lifecycle"
[0m03:33:19.553824 [debug] [Thread-4 (]: On test.lab7.unique_dim_staff_staff_code.7a5ad320bd: Close
[0m03:33:19.554924 [debug] [Thread-2 (]: On model.lab7.fact_orders_lifecycle: BEGIN
[0m03:33:19.556618 [info ] [Thread-4 (]: 46 of 83 PASS unique_dim_staff_staff_code ...................................... [[32mPASS[0m in 0.15s]
[0m03:33:19.557446 [debug] [Thread-3 (]: SQL status: SELECT 1 in 0.005 seconds
[0m03:33:19.557946 [debug] [Thread-2 (]: Opening a new connection, currently in state closed
[0m03:33:19.559773 [debug] [Thread-4 (]: Finished running node test.lab7.unique_dim_staff_staff_code.7a5ad320bd
[0m03:33:19.562614 [debug] [Thread-3 (]: On test.lab7.unique_dim_staff_staff_key.eebb0d941a: ROLLBACK
[0m03:33:19.565897 [debug] [Thread-3 (]: On test.lab7.unique_dim_staff_staff_key.eebb0d941a: Close
[0m03:33:19.567691 [info ] [Thread-3 (]: 47 of 83 PASS unique_dim_staff_staff_key ....................................... [[32mPASS[0m in 0.15s]
[0m03:33:19.569685 [debug] [Thread-3 (]: Finished running node test.lab7.unique_dim_staff_staff_key.eebb0d941a
[0m03:33:19.570945 [debug] [Thread-2 (]: SQL status: BEGIN in 0.013 seconds
[0m03:33:19.572479 [debug] [Thread-1 (]: Began running node model.lab7.fact_orders_txn
[0m03:33:19.573578 [debug] [Thread-2 (]: Using postgres connection "model.lab7.fact_orders_lifecycle"
[0m03:33:19.575312 [info ] [Thread-1 (]: 49 of 83 START sql view model dbt.fact_orders_txn .............................. [RUN]
[0m03:33:19.577189 [debug] [Thread-2 (]: On model.lab7.fact_orders_lifecycle: /* {"app": "dbt", "dbt_version": "1.9.0", "profile_name": "lab7", "target_name": "dev", "node_id": "model.lab7.fact_orders_lifecycle"} */

      
  
    

  create  table "lab7"."dbt"."fact_orders_lifecycle"
  
  
    as
  
  (
    

select
    s.order_id,
    od.date_key as order_date_key,
    sd.date_key as shipped_date_key,
    dd.date_key as delivered_date_key,

    case
        when s.shipped_date is not null
            then s.shipped_date - s.order_date
    end as days_to_ship,
    case
        when s.delivered_date is not null
            then s.delivered_date - s.order_date
    end as days_to_deliver,
    case
        when s.shipped_date is not null
            and s.delivered_date is not null
            then s.delivered_date - s.shipped_date
    end as days_ship_to_deliver,

    os.status_key as current_status_key,
    cast('2026-08-26 03:33:10.495355+00:00' as timestamptz) as load_datetime,
    '2d2613ef-f5a4-4892-bd52-35dbe2bb35d5' as batch_id
from "lab7"."dbt"."stg_orders_log" as s
left join "lab7"."dbt"."dim_date" as od
    on s.order_date = od.full_date
left join "lab7"."dbt"."dim_date" as sd
    on s.shipped_date = sd.full_date
left join "lab7"."dbt"."dim_date" as dd
    on s.delivered_date = dd.full_date
join "lab7"."dbt"."dim_order_status" as os
    on s.status = os.status
  );
  
  
[0m03:33:19.578990 [debug] [Thread-1 (]: Re-using an available connection from the pool (formerly test.lab7.not_null_dim_staff_staff_key.b7dc3eb451, now model.lab7.fact_orders_txn)
[0m03:33:19.581310 [debug] [Thread-1 (]: Began compiling node model.lab7.fact_orders_txn
[0m03:33:19.588000 [debug] [Thread-1 (]: Writing injected SQL for node "model.lab7.fact_orders_txn"
[0m03:33:19.598933 [debug] [Thread-1 (]: Began executing node model.lab7.fact_orders_txn
[0m03:33:19.606971 [debug] [Thread-1 (]: Writing runtime sql for node "model.lab7.fact_orders_txn"
[0m03:33:19.618813 [debug] [Thread-1 (]: Using postgres connection "model.lab7.fact_orders_txn"
[0m03:33:19.620300 [debug] [Thread-1 (]: On model.lab7.fact_orders_txn: BEGIN
[0m03:33:19.621504 [debug] [Thread-1 (]: Opening a new connection, currently in state closed
[0m03:33:19.628692 [debug] [Thread-1 (]: SQL status: BEGIN in 0.007 seconds
[0m03:33:19.630472 [debug] [Thread-1 (]: Using postgres connection "model.lab7.fact_orders_txn"
[0m03:33:19.631842 [debug] [Thread-1 (]: On model.lab7.fact_orders_txn: /* {"app": "dbt", "dbt_version": "1.9.0", "profile_name": "lab7", "target_name": "dev", "node_id": "model.lab7.fact_orders_txn"} */

  create view "lab7"."dbt"."fact_orders_txn__dbt_tmp"
    
    
  as (
    select
    md5(s.order_id) as order_fact_key,
    -- Degenerate dimension
    s.order_id,
    -- Foreign keys
    d.date_key as order_date_key,
    p.product_key,
    c.customer_key,
    st.store_key,
    sf.staff_key,
    pm.payment_method_key,
    os.status_key,
    -- Measures
    s.unit_price,
    s.quantity,
    (s.unit_price * s.quantity)::numeric(14, 2) as gross_amount,
    s.discount_amount,
    s.net_amount,
    s.cost_amount,
    s.margin_amount,
    -- Audit columns
    cast('2026-08-26 03:33:10.495355+00:00' as timestamptz) as load_datetime,
    '2d2613ef-f5a4-4892-bd52-35dbe2bb35d5' as batch_id,
    'orders_log.csv'::varchar as source_system

from "lab7"."dbt"."stg_orders_log" as s
join "lab7"."dbt"."dim_date" as d
    on s.order_date = d.full_date
join "lab7"."dbt"."dim_product" as p
    on s.product_code = p.product_code
join "lab7"."dbt"."dim_customer" as c
    on s.customer_code = c.customer_code
join "lab7"."dbt"."dim_store" as st
    on s.store_code = st.store_code
join "lab7"."dbt"."dim_staff" as sf
    on s.staff_code = sf.staff_code
join "lab7"."dbt"."dim_payment_method" as pm
    on s.payment_method = pm.payment_method
join "lab7"."dbt"."dim_order_status" as os
    on s.status = os.status
  );
[0m03:33:19.640323 [debug] [Thread-1 (]: SQL status: CREATE VIEW in 0.007 seconds
[0m03:33:19.648955 [debug] [Thread-2 (]: SQL status: SELECT 2000 in 0.068 seconds
[0m03:33:19.649625 [debug] [Thread-1 (]: Using postgres connection "model.lab7.fact_orders_txn"
[0m03:33:19.658170 [debug] [Thread-2 (]: On model.lab7.fact_orders_lifecycle: COMMIT
[0m03:33:19.659599 [debug] [Thread-1 (]: On model.lab7.fact_orders_txn: /* {"app": "dbt", "dbt_version": "1.9.0", "profile_name": "lab7", "target_name": "dev", "node_id": "model.lab7.fact_orders_txn"} */
alter table "lab7"."dbt"."fact_orders_txn__dbt_tmp" rename to "fact_orders_txn"
[0m03:33:19.661158 [debug] [Thread-2 (]: Using postgres connection "model.lab7.fact_orders_lifecycle"
[0m03:33:19.663648 [debug] [Thread-2 (]: On model.lab7.fact_orders_lifecycle: COMMIT
[0m03:33:19.664302 [debug] [Thread-1 (]: SQL status: ALTER TABLE in 0.002 seconds
[0m03:33:19.668225 [debug] [Thread-1 (]: On model.lab7.fact_orders_txn: COMMIT
[0m03:33:19.669953 [debug] [Thread-1 (]: Using postgres connection "model.lab7.fact_orders_txn"
[0m03:33:19.671393 [debug] [Thread-2 (]: SQL status: COMMIT in 0.006 seconds
[0m03:33:19.671899 [debug] [Thread-1 (]: On model.lab7.fact_orders_txn: COMMIT
[0m03:33:19.673564 [debug] [Thread-2 (]: On model.lab7.fact_orders_lifecycle: Close
[0m03:33:19.675786 [debug] [Thread-2 (]: Sending event: {'category': 'dbt', 'action': 'run_model', 'label': '2d2613ef-f5a4-4892-bd52-35dbe2bb35d5', 'context': [<snowplow_tracker.self_describing_json.SelfDescribingJson object at 0x7f8a3908f590>]}
[0m03:33:19.676538 [debug] [Thread-1 (]: SQL status: COMMIT in 0.002 seconds
[0m03:33:19.677718 [info ] [Thread-2 (]: 48 of 83 OK created sql incremental model dbt.fact_orders_lifecycle ............ [[32mSELECT 2000[0m in 0.24s]
[0m03:33:19.681691 [debug] [Thread-1 (]: Applying DROP to: "lab7"."dbt"."fact_orders_txn__dbt_backup"
[0m03:33:19.683316 [debug] [Thread-2 (]: Finished running node model.lab7.fact_orders_lifecycle
[0m03:33:19.685054 [debug] [Thread-1 (]: Using postgres connection "model.lab7.fact_orders_txn"
[0m03:33:19.687566 [debug] [Thread-3 (]: Began running node test.lab7.not_null_fact_orders_lifecycle_current_status_key.574e06edb6
[0m03:33:19.688412 [debug] [Thread-4 (]: Began running node test.lab7.not_null_fact_orders_lifecycle_order_date_key.08bdfd8cfa
[0m03:33:19.689431 [debug] [Thread-2 (]: Began running node test.lab7.not_null_fact_orders_lifecycle_order_id.3ad382cd75
[0m03:33:19.693501 [debug] [Thread-1 (]: On model.lab7.fact_orders_txn: /* {"app": "dbt", "dbt_version": "1.9.0", "profile_name": "lab7", "target_name": "dev", "node_id": "model.lab7.fact_orders_txn"} */
drop view if exists "lab7"."dbt"."fact_orders_txn__dbt_backup" cascade
[0m03:33:19.696858 [info ] [Thread-3 (]: 50 of 83 START test not_null_fact_orders_lifecycle_current_status_key .......... [RUN]
[0m03:33:19.699705 [info ] [Thread-4 (]: 51 of 83 START test not_null_fact_orders_lifecycle_order_date_key .............. [RUN]
[0m03:33:19.704731 [info ] [Thread-2 (]: 52 of 83 START test not_null_fact_orders_lifecycle_order_id .................... [RUN]
[0m03:33:19.707828 [debug] [Thread-1 (]: SQL status: DROP VIEW in 0.001 seconds
[0m03:33:19.709596 [debug] [Thread-3 (]: Re-using an available connection from the pool (formerly test.lab7.unique_dim_staff_staff_key.eebb0d941a, now test.lab7.not_null_fact_orders_lifecycle_current_status_key.574e06edb6)
[0m03:33:19.711538 [debug] [Thread-4 (]: Re-using an available connection from the pool (formerly test.lab7.unique_dim_staff_staff_code.7a5ad320bd, now test.lab7.not_null_fact_orders_lifecycle_order_date_key.08bdfd8cfa)
[0m03:33:19.713329 [debug] [Thread-2 (]: Re-using an available connection from the pool (formerly model.lab7.fact_orders_lifecycle, now test.lab7.not_null_fact_orders_lifecycle_order_id.3ad382cd75)
[0m03:33:19.717673 [debug] [Thread-1 (]: On model.lab7.fact_orders_txn: Close
[0m03:33:19.720823 [debug] [Thread-3 (]: Began compiling node test.lab7.not_null_fact_orders_lifecycle_current_status_key.574e06edb6
[0m03:33:19.723307 [debug] [Thread-4 (]: Began compiling node test.lab7.not_null_fact_orders_lifecycle_order_date_key.08bdfd8cfa
[0m03:33:19.725457 [debug] [Thread-2 (]: Began compiling node test.lab7.not_null_fact_orders_lifecycle_order_id.3ad382cd75
[0m03:33:19.728387 [debug] [Thread-1 (]: Sending event: {'category': 'dbt', 'action': 'run_model', 'label': '2d2613ef-f5a4-4892-bd52-35dbe2bb35d5', 'context': [<snowplow_tracker.self_describing_json.SelfDescribingJson object at 0x7f8a3919b7d0>]}
[0m03:33:19.737466 [debug] [Thread-3 (]: Writing injected SQL for node "test.lab7.not_null_fact_orders_lifecycle_current_status_key.574e06edb6"
[0m03:33:19.743366 [debug] [Thread-4 (]: Writing injected SQL for node "test.lab7.not_null_fact_orders_lifecycle_order_date_key.08bdfd8cfa"
[0m03:33:19.750636 [debug] [Thread-2 (]: Writing injected SQL for node "test.lab7.not_null_fact_orders_lifecycle_order_id.3ad382cd75"
[0m03:33:19.752587 [info ] [Thread-1 (]: 49 of 83 OK created sql view model dbt.fact_orders_txn ......................... [[32mCREATE VIEW[0m in 0.15s]
[0m03:33:19.758157 [debug] [Thread-1 (]: Finished running node model.lab7.fact_orders_txn
[0m03:33:19.759741 [debug] [Thread-1 (]: Began running node test.lab7.relationships_fact_orders_lifecycle_current_status_key__status_key__ref_dim_order_status_.03a4962664
[0m03:33:19.761191 [info ] [Thread-1 (]: 53 of 83 START test relationships_fact_orders_lifecycle_current_status_key__status_key__ref_dim_order_status_  [RUN]
[0m03:33:19.762706 [debug] [Thread-1 (]: Re-using an available connection from the pool (formerly model.lab7.fact_orders_txn, now test.lab7.relationships_fact_orders_lifecycle_current_status_key__status_key__ref_dim_order_status_.03a4962664)
[0m03:33:19.764414 [debug] [Thread-1 (]: Began compiling node test.lab7.relationships_fact_orders_lifecycle_current_status_key__status_key__ref_dim_order_status_.03a4962664
[0m03:33:19.765454 [debug] [Thread-3 (]: Began executing node test.lab7.not_null_fact_orders_lifecycle_current_status_key.574e06edb6
[0m03:33:19.774895 [debug] [Thread-1 (]: Writing injected SQL for node "test.lab7.relationships_fact_orders_lifecycle_current_status_key__status_key__ref_dim_order_status_.03a4962664"
[0m03:33:19.775741 [debug] [Thread-4 (]: Began executing node test.lab7.not_null_fact_orders_lifecycle_order_date_key.08bdfd8cfa
[0m03:33:19.780125 [debug] [Thread-3 (]: Writing runtime sql for node "test.lab7.not_null_fact_orders_lifecycle_current_status_key.574e06edb6"
[0m03:33:19.780828 [debug] [Thread-2 (]: Began executing node test.lab7.not_null_fact_orders_lifecycle_order_id.3ad382cd75
[0m03:33:19.786116 [debug] [Thread-4 (]: Writing runtime sql for node "test.lab7.not_null_fact_orders_lifecycle_order_date_key.08bdfd8cfa"
[0m03:33:19.792566 [debug] [Thread-2 (]: Writing runtime sql for node "test.lab7.not_null_fact_orders_lifecycle_order_id.3ad382cd75"
[0m03:33:19.795911 [debug] [Thread-1 (]: Began executing node test.lab7.relationships_fact_orders_lifecycle_current_status_key__status_key__ref_dim_order_status_.03a4962664
[0m03:33:19.800301 [debug] [Thread-1 (]: Writing runtime sql for node "test.lab7.relationships_fact_orders_lifecycle_current_status_key__status_key__ref_dim_order_status_.03a4962664"
[0m03:33:19.802551 [debug] [Thread-4 (]: Using postgres connection "test.lab7.not_null_fact_orders_lifecycle_order_date_key.08bdfd8cfa"
[0m03:33:19.803361 [debug] [Thread-3 (]: Using postgres connection "test.lab7.not_null_fact_orders_lifecycle_current_status_key.574e06edb6"
[0m03:33:19.805120 [debug] [Thread-4 (]: On test.lab7.not_null_fact_orders_lifecycle_order_date_key.08bdfd8cfa: BEGIN
[0m03:33:19.805834 [debug] [Thread-2 (]: Using postgres connection "test.lab7.not_null_fact_orders_lifecycle_order_id.3ad382cd75"
[0m03:33:19.807193 [debug] [Thread-3 (]: On test.lab7.not_null_fact_orders_lifecycle_current_status_key.574e06edb6: BEGIN
[0m03:33:19.808911 [debug] [Thread-4 (]: Opening a new connection, currently in state closed
[0m03:33:19.809859 [debug] [Thread-1 (]: Using postgres connection "test.lab7.relationships_fact_orders_lifecycle_current_status_key__status_key__ref_dim_order_status_.03a4962664"
[0m03:33:19.811309 [debug] [Thread-2 (]: On test.lab7.not_null_fact_orders_lifecycle_order_id.3ad382cd75: BEGIN
[0m03:33:19.812832 [debug] [Thread-3 (]: Opening a new connection, currently in state closed
[0m03:33:19.815477 [debug] [Thread-1 (]: On test.lab7.relationships_fact_orders_lifecycle_current_status_key__status_key__ref_dim_order_status_.03a4962664: BEGIN
[0m03:33:19.816850 [debug] [Thread-2 (]: Opening a new connection, currently in state closed
[0m03:33:19.819535 [debug] [Thread-1 (]: Opening a new connection, currently in state closed
[0m03:33:19.821405 [debug] [Thread-4 (]: SQL status: BEGIN in 0.012 seconds
[0m03:33:19.823658 [debug] [Thread-4 (]: Using postgres connection "test.lab7.not_null_fact_orders_lifecycle_order_date_key.08bdfd8cfa"
[0m03:33:19.825077 [debug] [Thread-4 (]: On test.lab7.not_null_fact_orders_lifecycle_order_date_key.08bdfd8cfa: /* {"app": "dbt", "dbt_version": "1.9.0", "profile_name": "lab7", "target_name": "dev", "node_id": "test.lab7.not_null_fact_orders_lifecycle_order_date_key.08bdfd8cfa"} */
select
      count(*) as failures,
      count(*) != 0 as should_warn,
      count(*) != 0 as should_error
    from (
      
    
    



select order_date_key
from "lab7"."dbt"."fact_orders_lifecycle"
where order_date_key is null



      
    ) dbt_internal_test
[0m03:33:19.825623 [debug] [Thread-3 (]: SQL status: BEGIN in 0.013 seconds
[0m03:33:19.827427 [debug] [Thread-2 (]: SQL status: BEGIN in 0.011 seconds
[0m03:33:19.827957 [debug] [Thread-3 (]: Using postgres connection "test.lab7.not_null_fact_orders_lifecycle_current_status_key.574e06edb6"
[0m03:33:19.828532 [debug] [Thread-4 (]: SQL status: SELECT 1 in 0.002 seconds
[0m03:33:19.829024 [debug] [Thread-1 (]: SQL status: BEGIN in 0.010 seconds
[0m03:33:19.829843 [debug] [Thread-2 (]: Using postgres connection "test.lab7.not_null_fact_orders_lifecycle_order_id.3ad382cd75"
[0m03:33:19.831150 [debug] [Thread-3 (]: On test.lab7.not_null_fact_orders_lifecycle_current_status_key.574e06edb6: /* {"app": "dbt", "dbt_version": "1.9.0", "profile_name": "lab7", "target_name": "dev", "node_id": "test.lab7.not_null_fact_orders_lifecycle_current_status_key.574e06edb6"} */
select
      count(*) as failures,
      count(*) != 0 as should_warn,
      count(*) != 0 as should_error
    from (
      
    
    



select current_status_key
from "lab7"."dbt"."fact_orders_lifecycle"
where current_status_key is null



      
    ) dbt_internal_test
[0m03:33:19.833739 [debug] [Thread-4 (]: On test.lab7.not_null_fact_orders_lifecycle_order_date_key.08bdfd8cfa: ROLLBACK
[0m03:33:19.834897 [debug] [Thread-1 (]: Using postgres connection "test.lab7.relationships_fact_orders_lifecycle_current_status_key__status_key__ref_dim_order_status_.03a4962664"
[0m03:33:19.835952 [debug] [Thread-2 (]: On test.lab7.not_null_fact_orders_lifecycle_order_id.3ad382cd75: /* {"app": "dbt", "dbt_version": "1.9.0", "profile_name": "lab7", "target_name": "dev", "node_id": "test.lab7.not_null_fact_orders_lifecycle_order_id.3ad382cd75"} */
select
      count(*) as failures,
      count(*) != 0 as should_warn,
      count(*) != 0 as should_error
    from (
      
    
    



select order_id
from "lab7"."dbt"."fact_orders_lifecycle"
where order_id is null



      
    ) dbt_internal_test
[0m03:33:19.838010 [debug] [Thread-4 (]: On test.lab7.not_null_fact_orders_lifecycle_order_date_key.08bdfd8cfa: Close
[0m03:33:19.838501 [debug] [Thread-3 (]: SQL status: SELECT 1 in 0.001 seconds
[0m03:33:19.839156 [debug] [Thread-1 (]: On test.lab7.relationships_fact_orders_lifecycle_current_status_key__status_key__ref_dim_order_status_.03a4962664: /* {"app": "dbt", "dbt_version": "1.9.0", "profile_name": "lab7", "target_name": "dev", "node_id": "test.lab7.relationships_fact_orders_lifecycle_current_status_key__status_key__ref_dim_order_status_.03a4962664"} */
select
      count(*) as failures,
      count(*) != 0 as should_warn,
      count(*) != 0 as should_error
    from (
      
    
    

with child as (
    select current_status_key as from_field
    from "lab7"."dbt"."fact_orders_lifecycle"
    where current_status_key is not null
),

parent as (
    select status_key as to_field
    from "lab7"."dbt"."dim_order_status"
)

select
    from_field

from child
left join parent
    on child.from_field = parent.to_field

where parent.to_field is null



      
    ) dbt_internal_test
[0m03:33:19.842607 [debug] [Thread-2 (]: SQL status: SELECT 1 in 0.002 seconds
[0m03:33:19.841859 [info ] [Thread-4 (]: 51 of 83 PASS not_null_fact_orders_lifecycle_order_date_key .................... [[32mPASS[0m in 0.13s]
[0m03:33:19.845173 [debug] [Thread-3 (]: On test.lab7.not_null_fact_orders_lifecycle_current_status_key.574e06edb6: ROLLBACK
[0m03:33:19.848726 [debug] [Thread-2 (]: On test.lab7.not_null_fact_orders_lifecycle_order_id.3ad382cd75: ROLLBACK
[0m03:33:19.850210 [debug] [Thread-4 (]: Finished running node test.lab7.not_null_fact_orders_lifecycle_order_date_key.08bdfd8cfa
[0m03:33:19.850731 [debug] [Thread-1 (]: SQL status: SELECT 1 in 0.004 seconds
[0m03:33:19.851973 [debug] [Thread-3 (]: On test.lab7.not_null_fact_orders_lifecycle_current_status_key.574e06edb6: Close
[0m03:33:19.853060 [debug] [Thread-2 (]: On test.lab7.not_null_fact_orders_lifecycle_order_id.3ad382cd75: Close
[0m03:33:19.854014 [debug] [Thread-4 (]: Began running node test.lab7.relationships_fact_orders_lifecycle_delivered_date_key__date_key__ref_dim_date_.28cb64af10
[0m03:33:19.857096 [debug] [Thread-1 (]: On test.lab7.relationships_fact_orders_lifecycle_current_status_key__status_key__ref_dim_order_status_.03a4962664: ROLLBACK
[0m03:33:19.859548 [info ] [Thread-3 (]: 50 of 83 PASS not_null_fact_orders_lifecycle_current_status_key ................ [[32mPASS[0m in 0.15s]
[0m03:33:19.861840 [info ] [Thread-2 (]: 52 of 83 PASS not_null_fact_orders_lifecycle_order_id .......................... [[32mPASS[0m in 0.15s]
[0m03:33:19.863679 [info ] [Thread-4 (]: 54 of 83 START test relationships_fact_orders_lifecycle_delivered_date_key__date_key__ref_dim_date_  [RUN]
[0m03:33:19.866073 [debug] [Thread-1 (]: On test.lab7.relationships_fact_orders_lifecycle_current_status_key__status_key__ref_dim_order_status_.03a4962664: Close
[0m03:33:19.867745 [debug] [Thread-3 (]: Finished running node test.lab7.not_null_fact_orders_lifecycle_current_status_key.574e06edb6
[0m03:33:19.869547 [debug] [Thread-2 (]: Finished running node test.lab7.not_null_fact_orders_lifecycle_order_id.3ad382cd75
[0m03:33:19.870843 [debug] [Thread-4 (]: Re-using an available connection from the pool (formerly test.lab7.not_null_fact_orders_lifecycle_order_date_key.08bdfd8cfa, now test.lab7.relationships_fact_orders_lifecycle_delivered_date_key__date_key__ref_dim_date_.28cb64af10)
[0m03:33:19.872543 [info ] [Thread-1 (]: 53 of 83 PASS relationships_fact_orders_lifecycle_current_status_key__status_key__ref_dim_order_status_  [[32mPASS[0m in 0.11s]
[0m03:33:19.873591 [debug] [Thread-3 (]: Began running node test.lab7.relationships_fact_orders_lifecycle_order_date_key__date_key__ref_dim_date_.c0dd2d2ff4
[0m03:33:19.874951 [debug] [Thread-2 (]: Began running node test.lab7.relationships_fact_orders_lifecycle_shipped_date_key__date_key__ref_dim_date_.f5d1cb7a6c
[0m03:33:19.876140 [debug] [Thread-4 (]: Began compiling node test.lab7.relationships_fact_orders_lifecycle_delivered_date_key__date_key__ref_dim_date_.28cb64af10
[0m03:33:19.877519 [debug] [Thread-1 (]: Finished running node test.lab7.relationships_fact_orders_lifecycle_current_status_key__status_key__ref_dim_order_status_.03a4962664
[0m03:33:19.879127 [info ] [Thread-3 (]: 55 of 83 START test relationships_fact_orders_lifecycle_order_date_key__date_key__ref_dim_date_  [RUN]
[0m03:33:19.880722 [info ] [Thread-2 (]: 56 of 83 START test relationships_fact_orders_lifecycle_shipped_date_key__date_key__ref_dim_date_  [RUN]
[0m03:33:19.889786 [debug] [Thread-4 (]: Writing injected SQL for node "test.lab7.relationships_fact_orders_lifecycle_delivered_date_key__date_key__ref_dim_date_.28cb64af10"
[0m03:33:19.891465 [debug] [Thread-1 (]: Began running node test.lab7.unique_fact_orders_lifecycle_order_id.344f720e28
[0m03:33:19.892861 [debug] [Thread-3 (]: Re-using an available connection from the pool (formerly test.lab7.not_null_fact_orders_lifecycle_current_status_key.574e06edb6, now test.lab7.relationships_fact_orders_lifecycle_order_date_key__date_key__ref_dim_date_.c0dd2d2ff4)
[0m03:33:19.894082 [debug] [Thread-2 (]: Re-using an available connection from the pool (formerly test.lab7.not_null_fact_orders_lifecycle_order_id.3ad382cd75, now test.lab7.relationships_fact_orders_lifecycle_shipped_date_key__date_key__ref_dim_date_.f5d1cb7a6c)
[0m03:33:19.896386 [info ] [Thread-1 (]: 57 of 83 START test unique_fact_orders_lifecycle_order_id ...................... [RUN]
[0m03:33:19.898065 [debug] [Thread-3 (]: Began compiling node test.lab7.relationships_fact_orders_lifecycle_order_date_key__date_key__ref_dim_date_.c0dd2d2ff4
[0m03:33:19.899746 [debug] [Thread-2 (]: Began compiling node test.lab7.relationships_fact_orders_lifecycle_shipped_date_key__date_key__ref_dim_date_.f5d1cb7a6c
[0m03:33:19.901860 [debug] [Thread-1 (]: Re-using an available connection from the pool (formerly test.lab7.relationships_fact_orders_lifecycle_current_status_key__status_key__ref_dim_order_status_.03a4962664, now test.lab7.unique_fact_orders_lifecycle_order_id.344f720e28)
[0m03:33:19.912677 [debug] [Thread-3 (]: Writing injected SQL for node "test.lab7.relationships_fact_orders_lifecycle_order_date_key__date_key__ref_dim_date_.c0dd2d2ff4"
[0m03:33:19.920129 [debug] [Thread-2 (]: Writing injected SQL for node "test.lab7.relationships_fact_orders_lifecycle_shipped_date_key__date_key__ref_dim_date_.f5d1cb7a6c"
[0m03:33:19.921282 [debug] [Thread-1 (]: Began compiling node test.lab7.unique_fact_orders_lifecycle_order_id.344f720e28
[0m03:33:19.922027 [debug] [Thread-4 (]: Began executing node test.lab7.relationships_fact_orders_lifecycle_delivered_date_key__date_key__ref_dim_date_.28cb64af10
[0m03:33:19.928985 [debug] [Thread-1 (]: Writing injected SQL for node "test.lab7.unique_fact_orders_lifecycle_order_id.344f720e28"
[0m03:33:19.932782 [debug] [Thread-4 (]: Writing runtime sql for node "test.lab7.relationships_fact_orders_lifecycle_delivered_date_key__date_key__ref_dim_date_.28cb64af10"
[0m03:33:19.936131 [debug] [Thread-3 (]: Began executing node test.lab7.relationships_fact_orders_lifecycle_order_date_key__date_key__ref_dim_date_.c0dd2d2ff4
[0m03:33:19.940716 [debug] [Thread-3 (]: Writing runtime sql for node "test.lab7.relationships_fact_orders_lifecycle_order_date_key__date_key__ref_dim_date_.c0dd2d2ff4"
[0m03:33:19.941292 [debug] [Thread-2 (]: Began executing node test.lab7.relationships_fact_orders_lifecycle_shipped_date_key__date_key__ref_dim_date_.f5d1cb7a6c
[0m03:33:19.946023 [debug] [Thread-2 (]: Writing runtime sql for node "test.lab7.relationships_fact_orders_lifecycle_shipped_date_key__date_key__ref_dim_date_.f5d1cb7a6c"
[0m03:33:19.946589 [debug] [Thread-1 (]: Began executing node test.lab7.unique_fact_orders_lifecycle_order_id.344f720e28
[0m03:33:19.949083 [debug] [Thread-4 (]: Using postgres connection "test.lab7.relationships_fact_orders_lifecycle_delivered_date_key__date_key__ref_dim_date_.28cb64af10"
[0m03:33:19.952572 [debug] [Thread-1 (]: Writing runtime sql for node "test.lab7.unique_fact_orders_lifecycle_order_id.344f720e28"
[0m03:33:19.954758 [debug] [Thread-4 (]: On test.lab7.relationships_fact_orders_lifecycle_delivered_date_key__date_key__ref_dim_date_.28cb64af10: BEGIN
[0m03:33:19.955473 [debug] [Thread-2 (]: Using postgres connection "test.lab7.relationships_fact_orders_lifecycle_shipped_date_key__date_key__ref_dim_date_.f5d1cb7a6c"
[0m03:33:19.956123 [debug] [Thread-3 (]: Using postgres connection "test.lab7.relationships_fact_orders_lifecycle_order_date_key__date_key__ref_dim_date_.c0dd2d2ff4"
[0m03:33:19.958144 [debug] [Thread-4 (]: Opening a new connection, currently in state closed
[0m03:33:19.959871 [debug] [Thread-2 (]: On test.lab7.relationships_fact_orders_lifecycle_shipped_date_key__date_key__ref_dim_date_.f5d1cb7a6c: BEGIN
[0m03:33:19.961232 [debug] [Thread-3 (]: On test.lab7.relationships_fact_orders_lifecycle_order_date_key__date_key__ref_dim_date_.c0dd2d2ff4: BEGIN
[0m03:33:19.963711 [debug] [Thread-2 (]: Opening a new connection, currently in state closed
[0m03:33:19.965334 [debug] [Thread-3 (]: Opening a new connection, currently in state closed
[0m03:33:19.968743 [debug] [Thread-1 (]: Using postgres connection "test.lab7.unique_fact_orders_lifecycle_order_id.344f720e28"
[0m03:33:19.970280 [debug] [Thread-4 (]: SQL status: BEGIN in 0.012 seconds
[0m03:33:19.971806 [debug] [Thread-1 (]: On test.lab7.unique_fact_orders_lifecycle_order_id.344f720e28: BEGIN
[0m03:33:19.973344 [debug] [Thread-4 (]: Using postgres connection "test.lab7.relationships_fact_orders_lifecycle_delivered_date_key__date_key__ref_dim_date_.28cb64af10"
[0m03:33:19.974531 [debug] [Thread-2 (]: SQL status: BEGIN in 0.011 seconds
[0m03:33:19.975568 [debug] [Thread-1 (]: Opening a new connection, currently in state closed
[0m03:33:19.976118 [debug] [Thread-3 (]: SQL status: BEGIN in 0.011 seconds
[0m03:33:19.977180 [debug] [Thread-4 (]: On test.lab7.relationships_fact_orders_lifecycle_delivered_date_key__date_key__ref_dim_date_.28cb64af10: /* {"app": "dbt", "dbt_version": "1.9.0", "profile_name": "lab7", "target_name": "dev", "node_id": "test.lab7.relationships_fact_orders_lifecycle_delivered_date_key__date_key__ref_dim_date_.28cb64af10"} */
select
      count(*) as failures,
      count(*) != 0 as should_warn,
      count(*) != 0 as should_error
    from (
      
    
    

with child as (
    select delivered_date_key as from_field
    from "lab7"."dbt"."fact_orders_lifecycle"
    where delivered_date_key is not null
),

parent as (
    select date_key as to_field
    from "lab7"."dbt"."dim_date"
)

select
    from_field

from child
left join parent
    on child.from_field = parent.to_field

where parent.to_field is null



      
    ) dbt_internal_test
[0m03:33:19.978583 [debug] [Thread-2 (]: Using postgres connection "test.lab7.relationships_fact_orders_lifecycle_shipped_date_key__date_key__ref_dim_date_.f5d1cb7a6c"
[0m03:33:19.981064 [debug] [Thread-3 (]: Using postgres connection "test.lab7.relationships_fact_orders_lifecycle_order_date_key__date_key__ref_dim_date_.c0dd2d2ff4"
[0m03:33:19.983352 [debug] [Thread-2 (]: On test.lab7.relationships_fact_orders_lifecycle_shipped_date_key__date_key__ref_dim_date_.f5d1cb7a6c: /* {"app": "dbt", "dbt_version": "1.9.0", "profile_name": "lab7", "target_name": "dev", "node_id": "test.lab7.relationships_fact_orders_lifecycle_shipped_date_key__date_key__ref_dim_date_.f5d1cb7a6c"} */
select
      count(*) as failures,
      count(*) != 0 as should_warn,
      count(*) != 0 as should_error
    from (
      
    
    

with child as (
    select shipped_date_key as from_field
    from "lab7"."dbt"."fact_orders_lifecycle"
    where shipped_date_key is not null
),

parent as (
    select date_key as to_field
    from "lab7"."dbt"."dim_date"
)

select
    from_field

from child
left join parent
    on child.from_field = parent.to_field

where parent.to_field is null



      
    ) dbt_internal_test
[0m03:33:19.984828 [debug] [Thread-3 (]: On test.lab7.relationships_fact_orders_lifecycle_order_date_key__date_key__ref_dim_date_.c0dd2d2ff4: /* {"app": "dbt", "dbt_version": "1.9.0", "profile_name": "lab7", "target_name": "dev", "node_id": "test.lab7.relationships_fact_orders_lifecycle_order_date_key__date_key__ref_dim_date_.c0dd2d2ff4"} */
select
      count(*) as failures,
      count(*) != 0 as should_warn,
      count(*) != 0 as should_error
    from (
      
    
    

with child as (
    select order_date_key as from_field
    from "lab7"."dbt"."fact_orders_lifecycle"
    where order_date_key is not null
),

parent as (
    select date_key as to_field
    from "lab7"."dbt"."dim_date"
)

select
    from_field

from child
left join parent
    on child.from_field = parent.to_field

where parent.to_field is null



      
    ) dbt_internal_test
[0m03:33:19.989068 [debug] [Thread-1 (]: SQL status: BEGIN in 0.013 seconds
[0m03:33:19.990448 [debug] [Thread-4 (]: SQL status: SELECT 1 in 0.008 seconds
[0m03:33:19.991268 [debug] [Thread-1 (]: Using postgres connection "test.lab7.unique_fact_orders_lifecycle_order_id.344f720e28"
[0m03:33:19.994077 [debug] [Thread-4 (]: On test.lab7.relationships_fact_orders_lifecycle_delivered_date_key__date_key__ref_dim_date_.28cb64af10: ROLLBACK
[0m03:33:19.994600 [debug] [Thread-2 (]: SQL status: SELECT 1 in 0.008 seconds
[0m03:33:19.995075 [debug] [Thread-3 (]: SQL status: SELECT 1 in 0.008 seconds
[0m03:33:19.996064 [debug] [Thread-1 (]: On test.lab7.unique_fact_orders_lifecycle_order_id.344f720e28: /* {"app": "dbt", "dbt_version": "1.9.0", "profile_name": "lab7", "target_name": "dev", "node_id": "test.lab7.unique_fact_orders_lifecycle_order_id.344f720e28"} */
select
      count(*) as failures,
      count(*) != 0 as should_warn,
      count(*) != 0 as should_error
    from (
      
    
    

select
    order_id as unique_field,
    count(*) as n_records

from "lab7"."dbt"."fact_orders_lifecycle"
where order_id is not null
group by order_id
having count(*) > 1



      
    ) dbt_internal_test
[0m03:33:19.997565 [debug] [Thread-4 (]: On test.lab7.relationships_fact_orders_lifecycle_delivered_date_key__date_key__ref_dim_date_.28cb64af10: Close
[0m03:33:20.000004 [debug] [Thread-2 (]: On test.lab7.relationships_fact_orders_lifecycle_shipped_date_key__date_key__ref_dim_date_.f5d1cb7a6c: ROLLBACK
[0m03:33:20.002428 [debug] [Thread-3 (]: On test.lab7.relationships_fact_orders_lifecycle_order_date_key__date_key__ref_dim_date_.c0dd2d2ff4: ROLLBACK
[0m03:33:20.004765 [info ] [Thread-4 (]: 54 of 83 PASS relationships_fact_orders_lifecycle_delivered_date_key__date_key__ref_dim_date_  [[32mPASS[0m in 0.13s]
[0m03:33:20.006032 [debug] [Thread-2 (]: On test.lab7.relationships_fact_orders_lifecycle_shipped_date_key__date_key__ref_dim_date_.f5d1cb7a6c: Close
[0m03:33:20.006591 [debug] [Thread-1 (]: SQL status: SELECT 1 in 0.003 seconds
[0m03:33:20.007890 [debug] [Thread-3 (]: On test.lab7.relationships_fact_orders_lifecycle_order_date_key__date_key__ref_dim_date_.c0dd2d2ff4: Close
[0m03:33:20.008947 [debug] [Thread-4 (]: Finished running node test.lab7.relationships_fact_orders_lifecycle_delivered_date_key__date_key__ref_dim_date_.28cb64af10
[0m03:33:20.010709 [info ] [Thread-2 (]: 56 of 83 PASS relationships_fact_orders_lifecycle_shipped_date_key__date_key__ref_dim_date_  [[32mPASS[0m in 0.12s]
[0m03:33:20.013171 [debug] [Thread-1 (]: On test.lab7.unique_fact_orders_lifecycle_order_id.344f720e28: ROLLBACK
[0m03:33:20.015131 [info ] [Thread-3 (]: 55 of 83 PASS relationships_fact_orders_lifecycle_order_date_key__date_key__ref_dim_date_  [[32mPASS[0m in 0.12s]
[0m03:33:20.016198 [debug] [Thread-4 (]: Began running node test.lab7.not_null_fact_orders_txn_customer_key.ecf899fe63
[0m03:33:20.017743 [debug] [Thread-2 (]: Finished running node test.lab7.relationships_fact_orders_lifecycle_shipped_date_key__date_key__ref_dim_date_.f5d1cb7a6c
[0m03:33:20.019404 [debug] [Thread-1 (]: On test.lab7.unique_fact_orders_lifecycle_order_id.344f720e28: Close
[0m03:33:20.020669 [debug] [Thread-3 (]: Finished running node test.lab7.relationships_fact_orders_lifecycle_order_date_key__date_key__ref_dim_date_.c0dd2d2ff4
[0m03:33:20.021953 [info ] [Thread-4 (]: 58 of 83 START test not_null_fact_orders_txn_customer_key ...................... [RUN]
[0m03:33:20.023366 [debug] [Thread-2 (]: Began running node test.lab7.not_null_fact_orders_txn_order_date_key.e34370608b
[0m03:33:20.024820 [info ] [Thread-1 (]: 57 of 83 PASS unique_fact_orders_lifecycle_order_id ............................ [[32mPASS[0m in 0.12s]
[0m03:33:20.025837 [debug] [Thread-3 (]: Began running node test.lab7.not_null_fact_orders_txn_order_fact_key.f59decc678
[0m03:33:20.027669 [debug] [Thread-4 (]: Re-using an available connection from the pool (formerly test.lab7.relationships_fact_orders_lifecycle_delivered_date_key__date_key__ref_dim_date_.28cb64af10, now test.lab7.not_null_fact_orders_txn_customer_key.ecf899fe63)
[0m03:33:20.029391 [info ] [Thread-2 (]: 59 of 83 START test not_null_fact_orders_txn_order_date_key .................... [RUN]
[0m03:33:20.031120 [debug] [Thread-1 (]: Finished running node test.lab7.unique_fact_orders_lifecycle_order_id.344f720e28
[0m03:33:20.032439 [info ] [Thread-3 (]: 60 of 83 START test not_null_fact_orders_txn_order_fact_key .................... [RUN]
[0m03:33:20.033627 [debug] [Thread-4 (]: Began compiling node test.lab7.not_null_fact_orders_txn_customer_key.ecf899fe63
[0m03:33:20.035017 [debug] [Thread-2 (]: Re-using an available connection from the pool (formerly test.lab7.relationships_fact_orders_lifecycle_shipped_date_key__date_key__ref_dim_date_.f5d1cb7a6c, now test.lab7.not_null_fact_orders_txn_order_date_key.e34370608b)
[0m03:33:20.036519 [debug] [Thread-1 (]: Began running node test.lab7.not_null_fact_orders_txn_order_id.8c00a18ad6
[0m03:33:20.038364 [debug] [Thread-3 (]: Re-using an available connection from the pool (formerly test.lab7.relationships_fact_orders_lifecycle_order_date_key__date_key__ref_dim_date_.c0dd2d2ff4, now test.lab7.not_null_fact_orders_txn_order_fact_key.f59decc678)
[0m03:33:20.045828 [debug] [Thread-4 (]: Writing injected SQL for node "test.lab7.not_null_fact_orders_txn_customer_key.ecf899fe63"
[0m03:33:20.046943 [debug] [Thread-2 (]: Began compiling node test.lab7.not_null_fact_orders_txn_order_date_key.e34370608b
[0m03:33:20.048683 [info ] [Thread-1 (]: 61 of 83 START test not_null_fact_orders_txn_order_id .......................... [RUN]
[0m03:33:20.050242 [debug] [Thread-3 (]: Began compiling node test.lab7.not_null_fact_orders_txn_order_fact_key.f59decc678
[0m03:33:20.057689 [debug] [Thread-2 (]: Writing injected SQL for node "test.lab7.not_null_fact_orders_txn_order_date_key.e34370608b"
[0m03:33:20.059047 [debug] [Thread-1 (]: Re-using an available connection from the pool (formerly test.lab7.unique_fact_orders_lifecycle_order_id.344f720e28, now test.lab7.not_null_fact_orders_txn_order_id.8c00a18ad6)
[0m03:33:20.066359 [debug] [Thread-3 (]: Writing injected SQL for node "test.lab7.not_null_fact_orders_txn_order_fact_key.f59decc678"
[0m03:33:20.068262 [debug] [Thread-4 (]: Began executing node test.lab7.not_null_fact_orders_txn_customer_key.ecf899fe63
[0m03:33:20.069602 [debug] [Thread-1 (]: Began compiling node test.lab7.not_null_fact_orders_txn_order_id.8c00a18ad6
[0m03:33:20.074948 [debug] [Thread-4 (]: Writing runtime sql for node "test.lab7.not_null_fact_orders_txn_customer_key.ecf899fe63"
[0m03:33:20.081930 [debug] [Thread-2 (]: Began executing node test.lab7.not_null_fact_orders_txn_order_date_key.e34370608b
[0m03:33:20.081389 [debug] [Thread-1 (]: Writing injected SQL for node "test.lab7.not_null_fact_orders_txn_order_id.8c00a18ad6"
[0m03:33:20.084452 [debug] [Thread-3 (]: Began executing node test.lab7.not_null_fact_orders_txn_order_fact_key.f59decc678
[0m03:33:20.091706 [debug] [Thread-2 (]: Writing runtime sql for node "test.lab7.not_null_fact_orders_txn_order_date_key.e34370608b"
[0m03:33:20.096024 [debug] [Thread-3 (]: Writing runtime sql for node "test.lab7.not_null_fact_orders_txn_order_fact_key.f59decc678"
[0m03:33:20.097767 [debug] [Thread-4 (]: Using postgres connection "test.lab7.not_null_fact_orders_txn_customer_key.ecf899fe63"
[0m03:33:20.099899 [debug] [Thread-4 (]: On test.lab7.not_null_fact_orders_txn_customer_key.ecf899fe63: BEGIN
[0m03:33:20.101446 [debug] [Thread-4 (]: Opening a new connection, currently in state closed
[0m03:33:20.102892 [debug] [Thread-1 (]: Began executing node test.lab7.not_null_fact_orders_txn_order_id.8c00a18ad6
[0m03:33:20.107773 [debug] [Thread-1 (]: Writing runtime sql for node "test.lab7.not_null_fact_orders_txn_order_id.8c00a18ad6"
[0m03:33:20.108421 [debug] [Thread-2 (]: Using postgres connection "test.lab7.not_null_fact_orders_txn_order_date_key.e34370608b"
[0m03:33:20.111158 [debug] [Thread-3 (]: Using postgres connection "test.lab7.not_null_fact_orders_txn_order_fact_key.f59decc678"
[0m03:33:20.112342 [debug] [Thread-2 (]: On test.lab7.not_null_fact_orders_txn_order_date_key.e34370608b: BEGIN
[0m03:33:20.113191 [debug] [Thread-4 (]: SQL status: BEGIN in 0.012 seconds
[0m03:33:20.114470 [debug] [Thread-3 (]: On test.lab7.not_null_fact_orders_txn_order_fact_key.f59decc678: BEGIN
[0m03:33:20.116470 [debug] [Thread-2 (]: Opening a new connection, currently in state closed
[0m03:33:20.117144 [debug] [Thread-1 (]: Using postgres connection "test.lab7.not_null_fact_orders_txn_order_id.8c00a18ad6"
[0m03:33:20.118219 [debug] [Thread-4 (]: Using postgres connection "test.lab7.not_null_fact_orders_txn_customer_key.ecf899fe63"
[0m03:33:20.119642 [debug] [Thread-3 (]: Opening a new connection, currently in state closed
[0m03:33:20.122127 [debug] [Thread-1 (]: On test.lab7.not_null_fact_orders_txn_order_id.8c00a18ad6: BEGIN
[0m03:33:20.123509 [debug] [Thread-4 (]: On test.lab7.not_null_fact_orders_txn_customer_key.ecf899fe63: /* {"app": "dbt", "dbt_version": "1.9.0", "profile_name": "lab7", "target_name": "dev", "node_id": "test.lab7.not_null_fact_orders_txn_customer_key.ecf899fe63"} */
select
      count(*) as failures,
      count(*) != 0 as should_warn,
      count(*) != 0 as should_error
    from (
      
    
    



select customer_key
from "lab7"."dbt"."fact_orders_txn"
where customer_key is null



      
    ) dbt_internal_test
[0m03:33:20.125912 [debug] [Thread-1 (]: Opening a new connection, currently in state closed
[0m03:33:20.127289 [debug] [Thread-2 (]: SQL status: BEGIN in 0.011 seconds
[0m03:33:20.129804 [debug] [Thread-2 (]: Using postgres connection "test.lab7.not_null_fact_orders_txn_order_date_key.e34370608b"
[0m03:33:20.131143 [debug] [Thread-2 (]: On test.lab7.not_null_fact_orders_txn_order_date_key.e34370608b: /* {"app": "dbt", "dbt_version": "1.9.0", "profile_name": "lab7", "target_name": "dev", "node_id": "test.lab7.not_null_fact_orders_txn_order_date_key.e34370608b"} */
select
      count(*) as failures,
      count(*) != 0 as should_warn,
      count(*) != 0 as should_error
    from (
      
    
    



select order_date_key
from "lab7"."dbt"."fact_orders_txn"
where order_date_key is null



      
    ) dbt_internal_test
[0m03:33:20.133302 [debug] [Thread-3 (]: SQL status: BEGIN in 0.014 seconds
[0m03:33:20.134559 [debug] [Thread-1 (]: SQL status: BEGIN in 0.009 seconds
[0m03:33:20.135104 [debug] [Thread-3 (]: Using postgres connection "test.lab7.not_null_fact_orders_txn_order_fact_key.f59decc678"
[0m03:33:20.136201 [debug] [Thread-1 (]: Using postgres connection "test.lab7.not_null_fact_orders_txn_order_id.8c00a18ad6"
[0m03:33:20.137481 [debug] [Thread-3 (]: On test.lab7.not_null_fact_orders_txn_order_fact_key.f59decc678: /* {"app": "dbt", "dbt_version": "1.9.0", "profile_name": "lab7", "target_name": "dev", "node_id": "test.lab7.not_null_fact_orders_txn_order_fact_key.f59decc678"} */
select
      count(*) as failures,
      count(*) != 0 as should_warn,
      count(*) != 0 as should_error
    from (
      
    
    



select order_fact_key
from "lab7"."dbt"."fact_orders_txn"
where order_fact_key is null



      
    ) dbt_internal_test
[0m03:33:20.138730 [debug] [Thread-1 (]: On test.lab7.not_null_fact_orders_txn_order_id.8c00a18ad6: /* {"app": "dbt", "dbt_version": "1.9.0", "profile_name": "lab7", "target_name": "dev", "node_id": "test.lab7.not_null_fact_orders_txn_order_id.8c00a18ad6"} */
select
      count(*) as failures,
      count(*) != 0 as should_warn,
      count(*) != 0 as should_error
    from (
      
    
    



select order_id
from "lab7"."dbt"."fact_orders_txn"
where order_id is null



      
    ) dbt_internal_test
[0m03:33:20.146067 [debug] [Thread-4 (]: SQL status: SELECT 1 in 0.018 seconds
[0m03:33:20.149808 [debug] [Thread-4 (]: On test.lab7.not_null_fact_orders_txn_customer_key.ecf899fe63: ROLLBACK
[0m03:33:20.151422 [debug] [Thread-4 (]: On test.lab7.not_null_fact_orders_txn_customer_key.ecf899fe63: Close
[0m03:33:20.153151 [info ] [Thread-4 (]: 58 of 83 PASS not_null_fact_orders_txn_customer_key ............................ [[32mPASS[0m in 0.13s]
[0m03:33:20.155291 [debug] [Thread-4 (]: Finished running node test.lab7.not_null_fact_orders_txn_customer_key.ecf899fe63
[0m03:33:20.157211 [debug] [Thread-4 (]: Began running node test.lab7.not_null_fact_orders_txn_payment_method_key.7330006d00
[0m03:33:20.158568 [info ] [Thread-4 (]: 62 of 83 START test not_null_fact_orders_txn_payment_method_key ................ [RUN]
[0m03:33:20.159717 [debug] [Thread-1 (]: SQL status: SELECT 1 in 0.019 seconds
[0m03:33:20.160780 [debug] [Thread-4 (]: Re-using an available connection from the pool (formerly test.lab7.not_null_fact_orders_txn_customer_key.ecf899fe63, now test.lab7.not_null_fact_orders_txn_payment_method_key.7330006d00)
[0m03:33:20.161484 [debug] [Thread-3 (]: SQL status: SELECT 1 in 0.021 seconds
[0m03:33:20.164095 [debug] [Thread-1 (]: On test.lab7.not_null_fact_orders_txn_order_id.8c00a18ad6: ROLLBACK
[0m03:33:20.165534 [debug] [Thread-4 (]: Began compiling node test.lab7.not_null_fact_orders_txn_payment_method_key.7330006d00
[0m03:33:20.168565 [debug] [Thread-3 (]: On test.lab7.not_null_fact_orders_txn_order_fact_key.f59decc678: ROLLBACK
[0m03:33:20.170811 [debug] [Thread-1 (]: On test.lab7.not_null_fact_orders_txn_order_id.8c00a18ad6: Close
[0m03:33:20.178988 [debug] [Thread-4 (]: Writing injected SQL for node "test.lab7.not_null_fact_orders_txn_payment_method_key.7330006d00"
[0m03:33:20.180575 [debug] [Thread-3 (]: On test.lab7.not_null_fact_orders_txn_order_fact_key.f59decc678: Close
[0m03:33:20.182159 [info ] [Thread-1 (]: 61 of 83 PASS not_null_fact_orders_txn_order_id ................................ [[32mPASS[0m in 0.12s]
[0m03:33:20.185039 [info ] [Thread-3 (]: 60 of 83 PASS not_null_fact_orders_txn_order_fact_key .......................... [[32mPASS[0m in 0.15s]
[0m03:33:20.186845 [debug] [Thread-1 (]: Finished running node test.lab7.not_null_fact_orders_txn_order_id.8c00a18ad6
[0m03:33:20.188715 [debug] [Thread-3 (]: Finished running node test.lab7.not_null_fact_orders_txn_order_fact_key.f59decc678
[0m03:33:20.190210 [debug] [Thread-1 (]: Began running node test.lab7.not_null_fact_orders_txn_product_key.fb21325291
[0m03:33:20.191519 [debug] [Thread-3 (]: Began running node test.lab7.not_null_fact_orders_txn_staff_key.1683b6fbbe
[0m03:33:20.192885 [info ] [Thread-1 (]: 63 of 83 START test not_null_fact_orders_txn_product_key ....................... [RUN]
[0m03:33:20.194904 [debug] [Thread-4 (]: Began executing node test.lab7.not_null_fact_orders_txn_payment_method_key.7330006d00
[0m03:33:20.194281 [info ] [Thread-3 (]: 64 of 83 START test not_null_fact_orders_txn_staff_key ......................... [RUN]
[0m03:33:20.196826 [debug] [Thread-1 (]: Re-using an available connection from the pool (formerly test.lab7.not_null_fact_orders_txn_order_id.8c00a18ad6, now test.lab7.not_null_fact_orders_txn_product_key.fb21325291)
[0m03:33:20.202096 [debug] [Thread-4 (]: Writing runtime sql for node "test.lab7.not_null_fact_orders_txn_payment_method_key.7330006d00"
[0m03:33:20.204368 [debug] [Thread-3 (]: Re-using an available connection from the pool (formerly test.lab7.not_null_fact_orders_txn_order_fact_key.f59decc678, now test.lab7.not_null_fact_orders_txn_staff_key.1683b6fbbe)
[0m03:33:20.206077 [debug] [Thread-1 (]: Began compiling node test.lab7.not_null_fact_orders_txn_product_key.fb21325291
[0m03:33:20.208515 [debug] [Thread-3 (]: Began compiling node test.lab7.not_null_fact_orders_txn_staff_key.1683b6fbbe
[0m03:33:20.214541 [debug] [Thread-1 (]: Writing injected SQL for node "test.lab7.not_null_fact_orders_txn_product_key.fb21325291"
[0m03:33:20.221961 [debug] [Thread-3 (]: Writing injected SQL for node "test.lab7.not_null_fact_orders_txn_staff_key.1683b6fbbe"
[0m03:33:20.224759 [debug] [Thread-4 (]: Using postgres connection "test.lab7.not_null_fact_orders_txn_payment_method_key.7330006d00"
[0m03:33:20.226708 [debug] [Thread-4 (]: On test.lab7.not_null_fact_orders_txn_payment_method_key.7330006d00: BEGIN
[0m03:33:20.228242 [debug] [Thread-4 (]: Opening a new connection, currently in state closed
[0m03:33:20.230993 [debug] [Thread-1 (]: Began executing node test.lab7.not_null_fact_orders_txn_product_key.fb21325291
[0m03:33:20.236120 [debug] [Thread-1 (]: Writing runtime sql for node "test.lab7.not_null_fact_orders_txn_product_key.fb21325291"
[0m03:33:20.238680 [debug] [Thread-4 (]: SQL status: BEGIN in 0.010 seconds
[0m03:33:20.239597 [debug] [Thread-3 (]: Began executing node test.lab7.not_null_fact_orders_txn_staff_key.1683b6fbbe
[0m03:33:20.240829 [debug] [Thread-4 (]: Using postgres connection "test.lab7.not_null_fact_orders_txn_payment_method_key.7330006d00"
[0m03:33:20.245968 [debug] [Thread-3 (]: Writing runtime sql for node "test.lab7.not_null_fact_orders_txn_staff_key.1683b6fbbe"
[0m03:33:20.247979 [debug] [Thread-4 (]: On test.lab7.not_null_fact_orders_txn_payment_method_key.7330006d00: /* {"app": "dbt", "dbt_version": "1.9.0", "profile_name": "lab7", "target_name": "dev", "node_id": "test.lab7.not_null_fact_orders_txn_payment_method_key.7330006d00"} */
select
      count(*) as failures,
      count(*) != 0 as should_warn,
      count(*) != 0 as should_error
    from (
      
    
    



select payment_method_key
from "lab7"."dbt"."fact_orders_txn"
where payment_method_key is null



      
    ) dbt_internal_test
[0m03:33:20.252587 [debug] [Thread-1 (]: Using postgres connection "test.lab7.not_null_fact_orders_txn_product_key.fb21325291"
[0m03:33:20.254350 [debug] [Thread-1 (]: On test.lab7.not_null_fact_orders_txn_product_key.fb21325291: BEGIN
[0m03:33:20.255485 [debug] [Thread-3 (]: Using postgres connection "test.lab7.not_null_fact_orders_txn_staff_key.1683b6fbbe"
[0m03:33:20.256826 [debug] [Thread-1 (]: Opening a new connection, currently in state closed
[0m03:33:20.258331 [debug] [Thread-3 (]: On test.lab7.not_null_fact_orders_txn_staff_key.1683b6fbbe: BEGIN
[0m03:33:20.261139 [debug] [Thread-3 (]: Opening a new connection, currently in state closed
[0m03:33:20.267919 [debug] [Thread-1 (]: SQL status: BEGIN in 0.011 seconds
[0m03:33:20.269729 [debug] [Thread-1 (]: Using postgres connection "test.lab7.not_null_fact_orders_txn_product_key.fb21325291"
[0m03:33:20.270427 [debug] [Thread-3 (]: SQL status: BEGIN in 0.009 seconds
[0m03:33:20.271638 [debug] [Thread-1 (]: On test.lab7.not_null_fact_orders_txn_product_key.fb21325291: /* {"app": "dbt", "dbt_version": "1.9.0", "profile_name": "lab7", "target_name": "dev", "node_id": "test.lab7.not_null_fact_orders_txn_product_key.fb21325291"} */
select
      count(*) as failures,
      count(*) != 0 as should_warn,
      count(*) != 0 as should_error
    from (
      
    
    



select product_key
from "lab7"."dbt"."fact_orders_txn"
where product_key is null



      
    ) dbt_internal_test
[0m03:33:20.272933 [debug] [Thread-3 (]: Using postgres connection "test.lab7.not_null_fact_orders_txn_staff_key.1683b6fbbe"
[0m03:33:20.273733 [debug] [Thread-4 (]: SQL status: SELECT 1 in 0.023 seconds
[0m03:33:20.275810 [debug] [Thread-3 (]: On test.lab7.not_null_fact_orders_txn_staff_key.1683b6fbbe: /* {"app": "dbt", "dbt_version": "1.9.0", "profile_name": "lab7", "target_name": "dev", "node_id": "test.lab7.not_null_fact_orders_txn_staff_key.1683b6fbbe"} */
select
      count(*) as failures,
      count(*) != 0 as should_warn,
      count(*) != 0 as should_error
    from (
      
    
    



select staff_key
from "lab7"."dbt"."fact_orders_txn"
where staff_key is null



      
    ) dbt_internal_test
[0m03:33:20.278690 [debug] [Thread-4 (]: On test.lab7.not_null_fact_orders_txn_payment_method_key.7330006d00: ROLLBACK
[0m03:33:20.281300 [debug] [Thread-4 (]: On test.lab7.not_null_fact_orders_txn_payment_method_key.7330006d00: Close
[0m03:33:20.282996 [info ] [Thread-4 (]: 62 of 83 PASS not_null_fact_orders_txn_payment_method_key ...................... [[32mPASS[0m in 0.12s]
[0m03:33:20.285103 [debug] [Thread-4 (]: Finished running node test.lab7.not_null_fact_orders_txn_payment_method_key.7330006d00
[0m03:33:20.285796 [debug] [Thread-1 (]: SQL status: SELECT 1 in 0.011 seconds
[0m03:33:20.287198 [debug] [Thread-4 (]: Began running node test.lab7.not_null_fact_orders_txn_status_key.b35843deb6
[0m03:33:20.291367 [debug] [Thread-1 (]: On test.lab7.not_null_fact_orders_txn_product_key.fb21325291: ROLLBACK
[0m03:33:20.293350 [info ] [Thread-4 (]: 65 of 83 START test not_null_fact_orders_txn_status_key ........................ [RUN]
[0m03:33:20.295334 [debug] [Thread-1 (]: On test.lab7.not_null_fact_orders_txn_product_key.fb21325291: Close
[0m03:33:20.296875 [debug] [Thread-4 (]: Re-using an available connection from the pool (formerly test.lab7.not_null_fact_orders_txn_payment_method_key.7330006d00, now test.lab7.not_null_fact_orders_txn_status_key.b35843deb6)
[0m03:33:20.300325 [debug] [Thread-3 (]: SQL status: SELECT 1 in 0.020 seconds
[0m03:33:20.299388 [info ] [Thread-1 (]: 63 of 83 PASS not_null_fact_orders_txn_product_key ............................. [[32mPASS[0m in 0.10s]
[0m03:33:20.301705 [debug] [Thread-4 (]: Began compiling node test.lab7.not_null_fact_orders_txn_status_key.b35843deb6
[0m03:33:20.305754 [debug] [Thread-3 (]: On test.lab7.not_null_fact_orders_txn_staff_key.1683b6fbbe: ROLLBACK
[0m03:33:20.307971 [debug] [Thread-1 (]: Finished running node test.lab7.not_null_fact_orders_txn_product_key.fb21325291
[0m03:33:20.315008 [debug] [Thread-4 (]: Writing injected SQL for node "test.lab7.not_null_fact_orders_txn_status_key.b35843deb6"
[0m03:33:20.316584 [debug] [Thread-3 (]: On test.lab7.not_null_fact_orders_txn_staff_key.1683b6fbbe: Close
[0m03:33:20.317745 [debug] [Thread-1 (]: Began running node test.lab7.not_null_fact_orders_txn_store_key.b6c0ff160d
[0m03:33:20.320661 [info ] [Thread-3 (]: 64 of 83 PASS not_null_fact_orders_txn_staff_key ............................... [[32mPASS[0m in 0.12s]
[0m03:33:20.322771 [info ] [Thread-1 (]: 66 of 83 START test not_null_fact_orders_txn_store_key ......................... [RUN]
[0m03:33:20.325320 [debug] [Thread-3 (]: Finished running node test.lab7.not_null_fact_orders_txn_staff_key.1683b6fbbe
[0m03:33:20.327647 [debug] [Thread-1 (]: Re-using an available connection from the pool (formerly test.lab7.not_null_fact_orders_txn_product_key.fb21325291, now test.lab7.not_null_fact_orders_txn_store_key.b6c0ff160d)
[0m03:33:20.329845 [debug] [Thread-3 (]: Began running node test.lab7.relationships_fact_orders_txn_customer_key__customer_key__ref_dim_customer_.214aad2aaa
[0m03:33:20.331664 [debug] [Thread-1 (]: Began compiling node test.lab7.not_null_fact_orders_txn_store_key.b6c0ff160d
[0m03:33:20.333410 [info ] [Thread-3 (]: 67 of 83 START test relationships_fact_orders_txn_customer_key__customer_key__ref_dim_customer_  [RUN]
[0m03:33:20.343030 [debug] [Thread-1 (]: Writing injected SQL for node "test.lab7.not_null_fact_orders_txn_store_key.b6c0ff160d"
[0m03:33:20.345280 [debug] [Thread-3 (]: Re-using an available connection from the pool (formerly test.lab7.not_null_fact_orders_txn_staff_key.1683b6fbbe, now test.lab7.relationships_fact_orders_txn_customer_key__customer_key__ref_dim_customer_.214aad2aaa)
[0m03:33:20.347366 [debug] [Thread-4 (]: Began executing node test.lab7.not_null_fact_orders_txn_status_key.b35843deb6
[0m03:33:20.348540 [debug] [Thread-3 (]: Began compiling node test.lab7.relationships_fact_orders_txn_customer_key__customer_key__ref_dim_customer_.214aad2aaa
[0m03:33:20.353787 [debug] [Thread-4 (]: Writing runtime sql for node "test.lab7.not_null_fact_orders_txn_status_key.b35843deb6"
[0m03:33:20.361724 [debug] [Thread-1 (]: Began executing node test.lab7.not_null_fact_orders_txn_store_key.b6c0ff160d
[0m03:33:20.368348 [debug] [Thread-3 (]: Writing injected SQL for node "test.lab7.relationships_fact_orders_txn_customer_key__customer_key__ref_dim_customer_.214aad2aaa"
[0m03:33:20.374851 [debug] [Thread-1 (]: Writing runtime sql for node "test.lab7.not_null_fact_orders_txn_store_key.b6c0ff160d"
[0m03:33:20.381877 [debug] [Thread-4 (]: Using postgres connection "test.lab7.not_null_fact_orders_txn_status_key.b35843deb6"
[0m03:33:20.383780 [debug] [Thread-4 (]: On test.lab7.not_null_fact_orders_txn_status_key.b35843deb6: BEGIN
[0m03:33:20.384745 [debug] [Thread-1 (]: Using postgres connection "test.lab7.not_null_fact_orders_txn_store_key.b6c0ff160d"
[0m03:33:20.386295 [debug] [Thread-4 (]: Opening a new connection, currently in state closed
[0m03:33:20.387592 [debug] [Thread-3 (]: Began executing node test.lab7.relationships_fact_orders_txn_customer_key__customer_key__ref_dim_customer_.214aad2aaa
[0m03:33:20.388988 [debug] [Thread-1 (]: On test.lab7.not_null_fact_orders_txn_store_key.b6c0ff160d: BEGIN
[0m03:33:20.395717 [debug] [Thread-3 (]: Writing runtime sql for node "test.lab7.relationships_fact_orders_txn_customer_key__customer_key__ref_dim_customer_.214aad2aaa"
[0m03:33:20.397831 [debug] [Thread-1 (]: Opening a new connection, currently in state closed
[0m03:33:20.400358 [debug] [Thread-4 (]: SQL status: BEGIN in 0.014 seconds
[0m03:33:20.403190 [debug] [Thread-4 (]: Using postgres connection "test.lab7.not_null_fact_orders_txn_status_key.b35843deb6"
[0m03:33:20.405052 [debug] [Thread-4 (]: On test.lab7.not_null_fact_orders_txn_status_key.b35843deb6: /* {"app": "dbt", "dbt_version": "1.9.0", "profile_name": "lab7", "target_name": "dev", "node_id": "test.lab7.not_null_fact_orders_txn_status_key.b35843deb6"} */
select
      count(*) as failures,
      count(*) != 0 as should_warn,
      count(*) != 0 as should_error
    from (
      
    
    



select status_key
from "lab7"."dbt"."fact_orders_txn"
where status_key is null



      
    ) dbt_internal_test
[0m03:33:20.410334 [debug] [Thread-1 (]: SQL status: BEGIN in 0.012 seconds
[0m03:33:20.412374 [debug] [Thread-1 (]: Using postgres connection "test.lab7.not_null_fact_orders_txn_store_key.b6c0ff160d"
[0m03:33:20.413314 [debug] [Thread-3 (]: Using postgres connection "test.lab7.relationships_fact_orders_txn_customer_key__customer_key__ref_dim_customer_.214aad2aaa"
[0m03:33:20.414715 [debug] [Thread-1 (]: On test.lab7.not_null_fact_orders_txn_store_key.b6c0ff160d: /* {"app": "dbt", "dbt_version": "1.9.0", "profile_name": "lab7", "target_name": "dev", "node_id": "test.lab7.not_null_fact_orders_txn_store_key.b6c0ff160d"} */
select
      count(*) as failures,
      count(*) != 0 as should_warn,
      count(*) != 0 as should_error
    from (
      
    
    



select store_key
from "lab7"."dbt"."fact_orders_txn"
where store_key is null



      
    ) dbt_internal_test
[0m03:33:20.416812 [debug] [Thread-3 (]: On test.lab7.relationships_fact_orders_txn_customer_key__customer_key__ref_dim_customer_.214aad2aaa: BEGIN
[0m03:33:20.420116 [debug] [Thread-3 (]: Opening a new connection, currently in state closed
[0m03:33:20.420887 [debug] [Thread-4 (]: SQL status: SELECT 1 in 0.014 seconds
[0m03:33:20.425502 [debug] [Thread-4 (]: On test.lab7.not_null_fact_orders_txn_status_key.b35843deb6: ROLLBACK
[0m03:33:20.427587 [debug] [Thread-4 (]: On test.lab7.not_null_fact_orders_txn_status_key.b35843deb6: Close
[0m03:33:20.430752 [debug] [Thread-3 (]: SQL status: BEGIN in 0.011 seconds
[0m03:33:20.430046 [info ] [Thread-4 (]: 65 of 83 PASS not_null_fact_orders_txn_status_key .............................. [[32mPASS[0m in 0.13s]
[0m03:33:20.432877 [debug] [Thread-3 (]: Using postgres connection "test.lab7.relationships_fact_orders_txn_customer_key__customer_key__ref_dim_customer_.214aad2aaa"
[0m03:33:20.434960 [debug] [Thread-4 (]: Finished running node test.lab7.not_null_fact_orders_txn_status_key.b35843deb6
[0m03:33:20.436589 [debug] [Thread-3 (]: On test.lab7.relationships_fact_orders_txn_customer_key__customer_key__ref_dim_customer_.214aad2aaa: /* {"app": "dbt", "dbt_version": "1.9.0", "profile_name": "lab7", "target_name": "dev", "node_id": "test.lab7.relationships_fact_orders_txn_customer_key__customer_key__ref_dim_customer_.214aad2aaa"} */
select
      count(*) as failures,
      count(*) != 0 as should_warn,
      count(*) != 0 as should_error
    from (
      
    
    

with child as (
    select customer_key as from_field
    from "lab7"."dbt"."fact_orders_txn"
    where customer_key is not null
),

parent as (
    select customer_key as to_field
    from "lab7"."dbt"."dim_customer"
)

select
    from_field

from child
left join parent
    on child.from_field = parent.to_field

where parent.to_field is null



      
    ) dbt_internal_test
[0m03:33:20.438356 [debug] [Thread-4 (]: Began running node test.lab7.relationships_fact_orders_txn_order_date_key__date_key__ref_dim_date_.a3fed44c85
[0m03:33:20.441205 [info ] [Thread-4 (]: 68 of 83 START test relationships_fact_orders_txn_order_date_key__date_key__ref_dim_date_  [RUN]
[0m03:33:20.442154 [debug] [Thread-1 (]: SQL status: SELECT 1 in 0.023 seconds
[0m03:33:20.443664 [debug] [Thread-4 (]: Re-using an available connection from the pool (formerly test.lab7.not_null_fact_orders_txn_status_key.b35843deb6, now test.lab7.relationships_fact_orders_txn_order_date_key__date_key__ref_dim_date_.a3fed44c85)
[0m03:33:20.447695 [debug] [Thread-1 (]: On test.lab7.not_null_fact_orders_txn_store_key.b6c0ff160d: ROLLBACK
[0m03:33:20.450567 [debug] [Thread-4 (]: Began compiling node test.lab7.relationships_fact_orders_txn_order_date_key__date_key__ref_dim_date_.a3fed44c85
[0m03:33:20.453095 [debug] [Thread-1 (]: On test.lab7.not_null_fact_orders_txn_store_key.b6c0ff160d: Close
[0m03:33:20.463035 [debug] [Thread-4 (]: Writing injected SQL for node "test.lab7.relationships_fact_orders_txn_order_date_key__date_key__ref_dim_date_.a3fed44c85"
[0m03:33:20.465287 [info ] [Thread-1 (]: 66 of 83 PASS not_null_fact_orders_txn_store_key ............................... [[32mPASS[0m in 0.14s]
[0m03:33:20.468688 [debug] [Thread-1 (]: Finished running node test.lab7.not_null_fact_orders_txn_store_key.b6c0ff160d
[0m03:33:20.470731 [debug] [Thread-1 (]: Began running node test.lab7.relationships_fact_orders_txn_payment_method_key__payment_method_key__ref_dim_payment_method_.f1058a673e
[0m03:33:20.472645 [info ] [Thread-1 (]: 69 of 83 START test relationships_fact_orders_txn_payment_method_key__payment_method_key__ref_dim_payment_method_  [RUN]
[0m03:33:20.474681 [debug] [Thread-1 (]: Re-using an available connection from the pool (formerly test.lab7.not_null_fact_orders_txn_store_key.b6c0ff160d, now test.lab7.relationships_fact_orders_txn_payment_method_key__payment_method_key__ref_dim_payment_method_.f1058a673e)
[0m03:33:20.476566 [debug] [Thread-1 (]: Began compiling node test.lab7.relationships_fact_orders_txn_payment_method_key__payment_method_key__ref_dim_payment_method_.f1058a673e
[0m03:33:20.485690 [debug] [Thread-4 (]: Began executing node test.lab7.relationships_fact_orders_txn_order_date_key__date_key__ref_dim_date_.a3fed44c85
[0m03:33:20.490514 [debug] [Thread-1 (]: Writing injected SQL for node "test.lab7.relationships_fact_orders_txn_payment_method_key__payment_method_key__ref_dim_payment_method_.f1058a673e"
[0m03:33:20.496410 [debug] [Thread-4 (]: Writing runtime sql for node "test.lab7.relationships_fact_orders_txn_order_date_key__date_key__ref_dim_date_.a3fed44c85"
[0m03:33:20.523126 [debug] [Thread-1 (]: Began executing node test.lab7.relationships_fact_orders_txn_payment_method_key__payment_method_key__ref_dim_payment_method_.f1058a673e
[0m03:33:20.523935 [debug] [Thread-4 (]: Using postgres connection "test.lab7.relationships_fact_orders_txn_order_date_key__date_key__ref_dim_date_.a3fed44c85"
[0m03:33:20.527827 [debug] [Thread-1 (]: Writing runtime sql for node "test.lab7.relationships_fact_orders_txn_payment_method_key__payment_method_key__ref_dim_payment_method_.f1058a673e"
[0m03:33:20.529627 [debug] [Thread-4 (]: On test.lab7.relationships_fact_orders_txn_order_date_key__date_key__ref_dim_date_.a3fed44c85: BEGIN
[0m03:33:20.532161 [debug] [Thread-4 (]: Opening a new connection, currently in state closed
[0m03:33:20.541324 [debug] [Thread-4 (]: SQL status: BEGIN in 0.009 seconds
[0m03:33:20.542090 [debug] [Thread-1 (]: Using postgres connection "test.lab7.relationships_fact_orders_txn_payment_method_key__payment_method_key__ref_dim_payment_method_.f1058a673e"
[0m03:33:20.543196 [debug] [Thread-4 (]: Using postgres connection "test.lab7.relationships_fact_orders_txn_order_date_key__date_key__ref_dim_date_.a3fed44c85"
[0m03:33:20.544500 [debug] [Thread-1 (]: On test.lab7.relationships_fact_orders_txn_payment_method_key__payment_method_key__ref_dim_payment_method_.f1058a673e: BEGIN
[0m03:33:20.545788 [debug] [Thread-4 (]: On test.lab7.relationships_fact_orders_txn_order_date_key__date_key__ref_dim_date_.a3fed44c85: /* {"app": "dbt", "dbt_version": "1.9.0", "profile_name": "lab7", "target_name": "dev", "node_id": "test.lab7.relationships_fact_orders_txn_order_date_key__date_key__ref_dim_date_.a3fed44c85"} */
select
      count(*) as failures,
      count(*) != 0 as should_warn,
      count(*) != 0 as should_error
    from (
      
    
    

with child as (
    select order_date_key as from_field
    from "lab7"."dbt"."fact_orders_txn"
    where order_date_key is not null
),

parent as (
    select date_key as to_field
    from "lab7"."dbt"."dim_date"
)

select
    from_field

from child
left join parent
    on child.from_field = parent.to_field

where parent.to_field is null



      
    ) dbt_internal_test
[0m03:33:20.547006 [debug] [Thread-1 (]: Opening a new connection, currently in state closed
[0m03:33:20.555467 [debug] [Thread-1 (]: SQL status: BEGIN in 0.008 seconds
[0m03:33:20.557231 [debug] [Thread-1 (]: Using postgres connection "test.lab7.relationships_fact_orders_txn_payment_method_key__payment_method_key__ref_dim_payment_method_.f1058a673e"
[0m03:33:20.558536 [debug] [Thread-1 (]: On test.lab7.relationships_fact_orders_txn_payment_method_key__payment_method_key__ref_dim_payment_method_.f1058a673e: /* {"app": "dbt", "dbt_version": "1.9.0", "profile_name": "lab7", "target_name": "dev", "node_id": "test.lab7.relationships_fact_orders_txn_payment_method_key__payment_method_key__ref_dim_payment_method_.f1058a673e"} */
select
      count(*) as failures,
      count(*) != 0 as should_warn,
      count(*) != 0 as should_error
    from (
      
    
    

with child as (
    select payment_method_key as from_field
    from "lab7"."dbt"."fact_orders_txn"
    where payment_method_key is not null
),

parent as (
    select payment_method_key as to_field
    from "lab7"."dbt"."dim_payment_method"
)

select
    from_field

from child
left join parent
    on child.from_field = parent.to_field

where parent.to_field is null



      
    ) dbt_internal_test
[0m03:33:20.595214 [debug] [Thread-1 (]: SQL status: SELECT 1 in 0.035 seconds
[0m03:33:20.598370 [debug] [Thread-1 (]: On test.lab7.relationships_fact_orders_txn_payment_method_key__payment_method_key__ref_dim_payment_method_.f1058a673e: ROLLBACK
[0m03:33:20.599895 [debug] [Thread-1 (]: On test.lab7.relationships_fact_orders_txn_payment_method_key__payment_method_key__ref_dim_payment_method_.f1058a673e: Close
[0m03:33:20.601634 [info ] [Thread-1 (]: 69 of 83 PASS relationships_fact_orders_txn_payment_method_key__payment_method_key__ref_dim_payment_method_  [[32mPASS[0m in 0.13s]
[0m03:33:20.603884 [debug] [Thread-1 (]: Finished running node test.lab7.relationships_fact_orders_txn_payment_method_key__payment_method_key__ref_dim_payment_method_.f1058a673e
[0m03:33:20.605755 [debug] [Thread-1 (]: Began running node test.lab7.relationships_fact_orders_txn_product_key__product_key__ref_dim_product_.ae0635e04e
[0m03:33:20.607293 [info ] [Thread-1 (]: 70 of 83 START test relationships_fact_orders_txn_product_key__product_key__ref_dim_product_  [RUN]
[0m03:33:20.608888 [debug] [Thread-1 (]: Re-using an available connection from the pool (formerly test.lab7.relationships_fact_orders_txn_payment_method_key__payment_method_key__ref_dim_payment_method_.f1058a673e, now test.lab7.relationships_fact_orders_txn_product_key__product_key__ref_dim_product_.ae0635e04e)
[0m03:33:20.610458 [debug] [Thread-1 (]: Began compiling node test.lab7.relationships_fact_orders_txn_product_key__product_key__ref_dim_product_.ae0635e04e
[0m03:33:20.618074 [debug] [Thread-1 (]: Writing injected SQL for node "test.lab7.relationships_fact_orders_txn_product_key__product_key__ref_dim_product_.ae0635e04e"
[0m03:33:20.630616 [debug] [Thread-1 (]: Began executing node test.lab7.relationships_fact_orders_txn_product_key__product_key__ref_dim_product_.ae0635e04e
[0m03:33:20.635606 [debug] [Thread-1 (]: Writing runtime sql for node "test.lab7.relationships_fact_orders_txn_product_key__product_key__ref_dim_product_.ae0635e04e"
[0m03:33:20.647801 [debug] [Thread-1 (]: Using postgres connection "test.lab7.relationships_fact_orders_txn_product_key__product_key__ref_dim_product_.ae0635e04e"
[0m03:33:20.649494 [debug] [Thread-1 (]: On test.lab7.relationships_fact_orders_txn_product_key__product_key__ref_dim_product_.ae0635e04e: BEGIN
[0m03:33:20.651170 [debug] [Thread-1 (]: Opening a new connection, currently in state closed
[0m03:33:20.661426 [debug] [Thread-1 (]: SQL status: BEGIN in 0.010 seconds
[0m03:33:20.662946 [debug] [Thread-1 (]: Using postgres connection "test.lab7.relationships_fact_orders_txn_product_key__product_key__ref_dim_product_.ae0635e04e"
[0m03:33:20.664197 [debug] [Thread-1 (]: On test.lab7.relationships_fact_orders_txn_product_key__product_key__ref_dim_product_.ae0635e04e: /* {"app": "dbt", "dbt_version": "1.9.0", "profile_name": "lab7", "target_name": "dev", "node_id": "test.lab7.relationships_fact_orders_txn_product_key__product_key__ref_dim_product_.ae0635e04e"} */
select
      count(*) as failures,
      count(*) != 0 as should_warn,
      count(*) != 0 as should_error
    from (
      
    
    

with child as (
    select product_key as from_field
    from "lab7"."dbt"."fact_orders_txn"
    where product_key is not null
),

parent as (
    select product_key as to_field
    from "lab7"."dbt"."dim_product"
)

select
    from_field

from child
left join parent
    on child.from_field = parent.to_field

where parent.to_field is null



      
    ) dbt_internal_test
[0m03:33:20.713998 [debug] [Thread-1 (]: SQL status: SELECT 1 in 0.048 seconds
[0m03:33:20.717067 [debug] [Thread-1 (]: On test.lab7.relationships_fact_orders_txn_product_key__product_key__ref_dim_product_.ae0635e04e: ROLLBACK
[0m03:33:20.718575 [debug] [Thread-1 (]: On test.lab7.relationships_fact_orders_txn_product_key__product_key__ref_dim_product_.ae0635e04e: Close
[0m03:33:20.720501 [info ] [Thread-1 (]: 70 of 83 PASS relationships_fact_orders_txn_product_key__product_key__ref_dim_product_  [[32mPASS[0m in 0.11s]
[0m03:33:20.722769 [debug] [Thread-1 (]: Finished running node test.lab7.relationships_fact_orders_txn_product_key__product_key__ref_dim_product_.ae0635e04e
[0m03:33:20.724476 [debug] [Thread-1 (]: Began running node test.lab7.relationships_fact_orders_txn_staff_key__staff_key__ref_dim_staff_.96b47a2f00
[0m03:33:20.725893 [info ] [Thread-1 (]: 71 of 83 START test relationships_fact_orders_txn_staff_key__staff_key__ref_dim_staff_  [RUN]
[0m03:33:20.727693 [debug] [Thread-1 (]: Re-using an available connection from the pool (formerly test.lab7.relationships_fact_orders_txn_product_key__product_key__ref_dim_product_.ae0635e04e, now test.lab7.relationships_fact_orders_txn_staff_key__staff_key__ref_dim_staff_.96b47a2f00)
[0m03:33:20.729504 [debug] [Thread-1 (]: Began compiling node test.lab7.relationships_fact_orders_txn_staff_key__staff_key__ref_dim_staff_.96b47a2f00
[0m03:33:20.740005 [debug] [Thread-1 (]: Writing injected SQL for node "test.lab7.relationships_fact_orders_txn_staff_key__staff_key__ref_dim_staff_.96b47a2f00"
[0m03:33:20.751484 [debug] [Thread-1 (]: Began executing node test.lab7.relationships_fact_orders_txn_staff_key__staff_key__ref_dim_staff_.96b47a2f00
[0m03:33:20.755556 [debug] [Thread-1 (]: Writing runtime sql for node "test.lab7.relationships_fact_orders_txn_staff_key__staff_key__ref_dim_staff_.96b47a2f00"
[0m03:33:20.767402 [debug] [Thread-1 (]: Using postgres connection "test.lab7.relationships_fact_orders_txn_staff_key__staff_key__ref_dim_staff_.96b47a2f00"
[0m03:33:20.768906 [debug] [Thread-1 (]: On test.lab7.relationships_fact_orders_txn_staff_key__staff_key__ref_dim_staff_.96b47a2f00: BEGIN
[0m03:33:20.770335 [debug] [Thread-1 (]: Opening a new connection, currently in state closed
[0m03:33:20.779670 [debug] [Thread-1 (]: SQL status: BEGIN in 0.009 seconds
[0m03:33:20.781302 [debug] [Thread-1 (]: Using postgres connection "test.lab7.relationships_fact_orders_txn_staff_key__staff_key__ref_dim_staff_.96b47a2f00"
[0m03:33:20.782520 [debug] [Thread-1 (]: On test.lab7.relationships_fact_orders_txn_staff_key__staff_key__ref_dim_staff_.96b47a2f00: /* {"app": "dbt", "dbt_version": "1.9.0", "profile_name": "lab7", "target_name": "dev", "node_id": "test.lab7.relationships_fact_orders_txn_staff_key__staff_key__ref_dim_staff_.96b47a2f00"} */
select
      count(*) as failures,
      count(*) != 0 as should_warn,
      count(*) != 0 as should_error
    from (
      
    
    

with child as (
    select staff_key as from_field
    from "lab7"."dbt"."fact_orders_txn"
    where staff_key is not null
),

parent as (
    select staff_key as to_field
    from "lab7"."dbt"."dim_staff"
)

select
    from_field

from child
left join parent
    on child.from_field = parent.to_field

where parent.to_field is null



      
    ) dbt_internal_test
[0m03:33:20.830640 [debug] [Thread-1 (]: SQL status: SELECT 1 in 0.047 seconds
[0m03:33:20.833669 [debug] [Thread-1 (]: On test.lab7.relationships_fact_orders_txn_staff_key__staff_key__ref_dim_staff_.96b47a2f00: ROLLBACK
[0m03:33:20.835056 [debug] [Thread-1 (]: On test.lab7.relationships_fact_orders_txn_staff_key__staff_key__ref_dim_staff_.96b47a2f00: Close
[0m03:33:20.836762 [info ] [Thread-1 (]: 71 of 83 PASS relationships_fact_orders_txn_staff_key__staff_key__ref_dim_staff_  [[32mPASS[0m in 0.11s]
[0m03:33:20.838629 [debug] [Thread-1 (]: Finished running node test.lab7.relationships_fact_orders_txn_staff_key__staff_key__ref_dim_staff_.96b47a2f00
[0m03:33:20.840303 [debug] [Thread-1 (]: Began running node test.lab7.relationships_fact_orders_txn_status_key__status_key__ref_dim_order_status_.06b63733d7
[0m03:33:20.841739 [info ] [Thread-1 (]: 72 of 83 START test relationships_fact_orders_txn_status_key__status_key__ref_dim_order_status_  [RUN]
[0m03:33:20.843370 [debug] [Thread-1 (]: Re-using an available connection from the pool (formerly test.lab7.relationships_fact_orders_txn_staff_key__staff_key__ref_dim_staff_.96b47a2f00, now test.lab7.relationships_fact_orders_txn_status_key__status_key__ref_dim_order_status_.06b63733d7)
[0m03:33:20.844695 [debug] [Thread-1 (]: Began compiling node test.lab7.relationships_fact_orders_txn_status_key__status_key__ref_dim_order_status_.06b63733d7
[0m03:33:20.853526 [debug] [Thread-1 (]: Writing injected SQL for node "test.lab7.relationships_fact_orders_txn_status_key__status_key__ref_dim_order_status_.06b63733d7"
[0m03:33:20.863518 [debug] [Thread-1 (]: Began executing node test.lab7.relationships_fact_orders_txn_status_key__status_key__ref_dim_order_status_.06b63733d7
[0m03:33:20.870460 [debug] [Thread-1 (]: Writing runtime sql for node "test.lab7.relationships_fact_orders_txn_status_key__status_key__ref_dim_order_status_.06b63733d7"
[0m03:33:20.891739 [debug] [Thread-1 (]: Using postgres connection "test.lab7.relationships_fact_orders_txn_status_key__status_key__ref_dim_order_status_.06b63733d7"
[0m03:33:20.893124 [debug] [Thread-1 (]: On test.lab7.relationships_fact_orders_txn_status_key__status_key__ref_dim_order_status_.06b63733d7: BEGIN
[0m03:33:20.894372 [debug] [Thread-1 (]: Opening a new connection, currently in state closed
[0m03:33:20.902048 [debug] [Thread-1 (]: SQL status: BEGIN in 0.008 seconds
[0m03:33:20.903569 [debug] [Thread-1 (]: Using postgres connection "test.lab7.relationships_fact_orders_txn_status_key__status_key__ref_dim_order_status_.06b63733d7"
[0m03:33:20.904744 [debug] [Thread-1 (]: On test.lab7.relationships_fact_orders_txn_status_key__status_key__ref_dim_order_status_.06b63733d7: /* {"app": "dbt", "dbt_version": "1.9.0", "profile_name": "lab7", "target_name": "dev", "node_id": "test.lab7.relationships_fact_orders_txn_status_key__status_key__ref_dim_order_status_.06b63733d7"} */
select
      count(*) as failures,
      count(*) != 0 as should_warn,
      count(*) != 0 as should_error
    from (
      
    
    

with child as (
    select status_key as from_field
    from "lab7"."dbt"."fact_orders_txn"
    where status_key is not null
),

parent as (
    select status_key as to_field
    from "lab7"."dbt"."dim_order_status"
)

select
    from_field

from child
left join parent
    on child.from_field = parent.to_field

where parent.to_field is null



      
    ) dbt_internal_test
[0m03:33:20.937130 [debug] [Thread-1 (]: SQL status: SELECT 1 in 0.031 seconds
[0m03:33:20.940251 [debug] [Thread-1 (]: On test.lab7.relationships_fact_orders_txn_status_key__status_key__ref_dim_order_status_.06b63733d7: ROLLBACK
[0m03:33:20.941803 [debug] [Thread-1 (]: On test.lab7.relationships_fact_orders_txn_status_key__status_key__ref_dim_order_status_.06b63733d7: Close
[0m03:33:20.943297 [info ] [Thread-1 (]: 72 of 83 PASS relationships_fact_orders_txn_status_key__status_key__ref_dim_order_status_  [[32mPASS[0m in 0.10s]
[0m03:33:20.945276 [debug] [Thread-1 (]: Finished running node test.lab7.relationships_fact_orders_txn_status_key__status_key__ref_dim_order_status_.06b63733d7
[0m03:33:20.946856 [debug] [Thread-1 (]: Began running node test.lab7.relationships_fact_orders_txn_store_key__store_key__ref_dim_store_.ddb2838dcd
[0m03:33:20.948353 [info ] [Thread-1 (]: 73 of 83 START test relationships_fact_orders_txn_store_key__store_key__ref_dim_store_  [RUN]
[0m03:33:20.950284 [debug] [Thread-1 (]: Re-using an available connection from the pool (formerly test.lab7.relationships_fact_orders_txn_status_key__status_key__ref_dim_order_status_.06b63733d7, now test.lab7.relationships_fact_orders_txn_store_key__store_key__ref_dim_store_.ddb2838dcd)
[0m03:33:20.951773 [debug] [Thread-1 (]: Began compiling node test.lab7.relationships_fact_orders_txn_store_key__store_key__ref_dim_store_.ddb2838dcd
[0m03:33:20.962507 [debug] [Thread-1 (]: Writing injected SQL for node "test.lab7.relationships_fact_orders_txn_store_key__store_key__ref_dim_store_.ddb2838dcd"
[0m03:33:20.980861 [debug] [Thread-1 (]: Began executing node test.lab7.relationships_fact_orders_txn_store_key__store_key__ref_dim_store_.ddb2838dcd
[0m03:33:20.985787 [debug] [Thread-1 (]: Writing runtime sql for node "test.lab7.relationships_fact_orders_txn_store_key__store_key__ref_dim_store_.ddb2838dcd"
[0m03:33:20.997665 [debug] [Thread-1 (]: Using postgres connection "test.lab7.relationships_fact_orders_txn_store_key__store_key__ref_dim_store_.ddb2838dcd"
[0m03:33:20.999164 [debug] [Thread-1 (]: On test.lab7.relationships_fact_orders_txn_store_key__store_key__ref_dim_store_.ddb2838dcd: BEGIN
[0m03:33:21.000465 [debug] [Thread-1 (]: Opening a new connection, currently in state closed
[0m03:33:21.008493 [debug] [Thread-1 (]: SQL status: BEGIN in 0.008 seconds
[0m03:33:21.010251 [debug] [Thread-1 (]: Using postgres connection "test.lab7.relationships_fact_orders_txn_store_key__store_key__ref_dim_store_.ddb2838dcd"
[0m03:33:21.011667 [debug] [Thread-1 (]: On test.lab7.relationships_fact_orders_txn_store_key__store_key__ref_dim_store_.ddb2838dcd: /* {"app": "dbt", "dbt_version": "1.9.0", "profile_name": "lab7", "target_name": "dev", "node_id": "test.lab7.relationships_fact_orders_txn_store_key__store_key__ref_dim_store_.ddb2838dcd"} */
select
      count(*) as failures,
      count(*) != 0 as should_warn,
      count(*) != 0 as should_error
    from (
      
    
    

with child as (
    select store_key as from_field
    from "lab7"."dbt"."fact_orders_txn"
    where store_key is not null
),

parent as (
    select store_key as to_field
    from "lab7"."dbt"."dim_store"
)

select
    from_field

from child
left join parent
    on child.from_field = parent.to_field

where parent.to_field is null



      
    ) dbt_internal_test
[0m03:33:21.016274 [debug] [Thread-3 (]: SQL status: SELECT 1 in 0.576 seconds
[0m03:33:21.019399 [debug] [Thread-3 (]: On test.lab7.relationships_fact_orders_txn_customer_key__customer_key__ref_dim_customer_.214aad2aaa: ROLLBACK
[0m03:33:21.020958 [debug] [Thread-3 (]: On test.lab7.relationships_fact_orders_txn_customer_key__customer_key__ref_dim_customer_.214aad2aaa: Close
[0m03:33:21.023071 [info ] [Thread-3 (]: 67 of 83 PASS relationships_fact_orders_txn_customer_key__customer_key__ref_dim_customer_  [[32mPASS[0m in 0.68s]
[0m03:33:21.025967 [debug] [Thread-3 (]: Finished running node test.lab7.relationships_fact_orders_txn_customer_key__customer_key__ref_dim_customer_.214aad2aaa
[0m03:33:21.027873 [debug] [Thread-3 (]: Began running node test.lab7.unique_fact_orders_txn_order_fact_key.81348ee33d
[0m03:33:21.029653 [info ] [Thread-3 (]: 74 of 83 START test unique_fact_orders_txn_order_fact_key ...................... [RUN]
[0m03:33:21.031381 [debug] [Thread-3 (]: Re-using an available connection from the pool (formerly test.lab7.relationships_fact_orders_txn_customer_key__customer_key__ref_dim_customer_.214aad2aaa, now test.lab7.unique_fact_orders_txn_order_fact_key.81348ee33d)
[0m03:33:21.032818 [debug] [Thread-3 (]: Began compiling node test.lab7.unique_fact_orders_txn_order_fact_key.81348ee33d
[0m03:33:21.041492 [debug] [Thread-3 (]: Writing injected SQL for node "test.lab7.unique_fact_orders_txn_order_fact_key.81348ee33d"
[0m03:33:21.053496 [debug] [Thread-3 (]: Began executing node test.lab7.unique_fact_orders_txn_order_fact_key.81348ee33d
[0m03:33:21.058395 [debug] [Thread-3 (]: Writing runtime sql for node "test.lab7.unique_fact_orders_txn_order_fact_key.81348ee33d"
[0m03:33:21.060934 [debug] [Thread-1 (]: SQL status: SELECT 1 in 0.048 seconds
[0m03:33:21.064133 [debug] [Thread-1 (]: On test.lab7.relationships_fact_orders_txn_store_key__store_key__ref_dim_store_.ddb2838dcd: ROLLBACK
[0m03:33:21.065860 [debug] [Thread-1 (]: On test.lab7.relationships_fact_orders_txn_store_key__store_key__ref_dim_store_.ddb2838dcd: Close
[0m03:33:21.067572 [info ] [Thread-1 (]: 73 of 83 PASS relationships_fact_orders_txn_store_key__store_key__ref_dim_store_  [[32mPASS[0m in 0.12s]
[0m03:33:21.069917 [debug] [Thread-1 (]: Finished running node test.lab7.relationships_fact_orders_txn_store_key__store_key__ref_dim_store_.ddb2838dcd
[0m03:33:21.071795 [debug] [Thread-1 (]: Began running node test.lab7.unique_fact_orders_txn_order_id.93a93ef6c4
[0m03:33:21.072930 [debug] [Thread-3 (]: Using postgres connection "test.lab7.unique_fact_orders_txn_order_fact_key.81348ee33d"
[0m03:33:21.073836 [info ] [Thread-1 (]: 75 of 83 START test unique_fact_orders_txn_order_id ............................ [RUN]
[0m03:33:21.076042 [debug] [Thread-3 (]: On test.lab7.unique_fact_orders_txn_order_fact_key.81348ee33d: BEGIN
[0m03:33:21.077837 [debug] [Thread-1 (]: Re-using an available connection from the pool (formerly test.lab7.relationships_fact_orders_txn_store_key__store_key__ref_dim_store_.ddb2838dcd, now test.lab7.unique_fact_orders_txn_order_id.93a93ef6c4)
[0m03:33:21.090676 [debug] [Thread-3 (]: Opening a new connection, currently in state closed
[0m03:33:21.096589 [debug] [Thread-1 (]: Began compiling node test.lab7.unique_fact_orders_txn_order_id.93a93ef6c4
[0m03:33:21.114107 [debug] [Thread-1 (]: Writing injected SQL for node "test.lab7.unique_fact_orders_txn_order_id.93a93ef6c4"
[0m03:33:21.115819 [debug] [Thread-3 (]: SQL status: BEGIN in 0.025 seconds
[0m03:33:21.120873 [debug] [Thread-3 (]: Using postgres connection "test.lab7.unique_fact_orders_txn_order_fact_key.81348ee33d"
[0m03:33:21.123630 [debug] [Thread-3 (]: On test.lab7.unique_fact_orders_txn_order_fact_key.81348ee33d: /* {"app": "dbt", "dbt_version": "1.9.0", "profile_name": "lab7", "target_name": "dev", "node_id": "test.lab7.unique_fact_orders_txn_order_fact_key.81348ee33d"} */
select
      count(*) as failures,
      count(*) != 0 as should_warn,
      count(*) != 0 as should_error
    from (
      
    
    

select
    order_fact_key as unique_field,
    count(*) as n_records

from "lab7"."dbt"."fact_orders_txn"
where order_fact_key is not null
group by order_fact_key
having count(*) > 1



      
    ) dbt_internal_test
[0m03:33:21.137556 [debug] [Thread-1 (]: Began executing node test.lab7.unique_fact_orders_txn_order_id.93a93ef6c4
[0m03:33:21.143040 [debug] [Thread-1 (]: Writing runtime sql for node "test.lab7.unique_fact_orders_txn_order_id.93a93ef6c4"
[0m03:33:21.157471 [debug] [Thread-1 (]: Using postgres connection "test.lab7.unique_fact_orders_txn_order_id.93a93ef6c4"
[0m03:33:21.158867 [debug] [Thread-1 (]: On test.lab7.unique_fact_orders_txn_order_id.93a93ef6c4: BEGIN
[0m03:33:21.160300 [debug] [Thread-1 (]: Opening a new connection, currently in state closed
[0m03:33:21.168154 [debug] [Thread-1 (]: SQL status: BEGIN in 0.008 seconds
[0m03:33:21.168737 [debug] [Thread-3 (]: SQL status: SELECT 1 in 0.043 seconds
[0m03:33:21.169856 [debug] [Thread-1 (]: Using postgres connection "test.lab7.unique_fact_orders_txn_order_id.93a93ef6c4"
[0m03:33:21.172540 [debug] [Thread-3 (]: On test.lab7.unique_fact_orders_txn_order_fact_key.81348ee33d: ROLLBACK
[0m03:33:21.173760 [debug] [Thread-1 (]: On test.lab7.unique_fact_orders_txn_order_id.93a93ef6c4: /* {"app": "dbt", "dbt_version": "1.9.0", "profile_name": "lab7", "target_name": "dev", "node_id": "test.lab7.unique_fact_orders_txn_order_id.93a93ef6c4"} */
select
      count(*) as failures,
      count(*) != 0 as should_warn,
      count(*) != 0 as should_error
    from (
      
    
    

select
    order_id as unique_field,
    count(*) as n_records

from "lab7"."dbt"."fact_orders_txn"
where order_id is not null
group by order_id
having count(*) > 1



      
    ) dbt_internal_test
[0m03:33:21.175167 [debug] [Thread-3 (]: On test.lab7.unique_fact_orders_txn_order_fact_key.81348ee33d: Close
[0m03:33:21.177446 [info ] [Thread-3 (]: 74 of 83 PASS unique_fact_orders_txn_order_fact_key ............................ [[32mPASS[0m in 0.15s]
[0m03:33:21.179543 [debug] [Thread-3 (]: Finished running node test.lab7.unique_fact_orders_txn_order_fact_key.81348ee33d
[0m03:33:21.208416 [debug] [Thread-1 (]: SQL status: SELECT 1 in 0.032 seconds
[0m03:33:21.211784 [debug] [Thread-1 (]: On test.lab7.unique_fact_orders_txn_order_id.93a93ef6c4: ROLLBACK
[0m03:33:21.213290 [debug] [Thread-1 (]: On test.lab7.unique_fact_orders_txn_order_id.93a93ef6c4: Close
[0m03:33:21.214900 [info ] [Thread-1 (]: 75 of 83 PASS unique_fact_orders_txn_order_id .................................. [[32mPASS[0m in 0.14s]
[0m03:33:21.216853 [debug] [Thread-1 (]: Finished running node test.lab7.unique_fact_orders_txn_order_id.93a93ef6c4
[0m03:33:27.131998 [debug] [Thread-2 (]: SQL status: SELECT 1 in 7.001 seconds
[0m03:33:27.135146 [debug] [Thread-2 (]: On test.lab7.not_null_fact_orders_txn_order_date_key.e34370608b: ROLLBACK
[0m03:33:27.136542 [debug] [Thread-2 (]: On test.lab7.not_null_fact_orders_txn_order_date_key.e34370608b: Close
[0m03:33:27.137955 [info ] [Thread-2 (]: 59 of 83 PASS not_null_fact_orders_txn_order_date_key .......................... [[32mPASS[0m in 7.10s]
[0m03:33:27.139464 [debug] [Thread-2 (]: Finished running node test.lab7.not_null_fact_orders_txn_order_date_key.e34370608b
[0m03:33:27.231086 [debug] [Thread-4 (]: SQL status: SELECT 1 in 6.684 seconds
[0m03:33:27.234280 [debug] [Thread-4 (]: On test.lab7.relationships_fact_orders_txn_order_date_key__date_key__ref_dim_date_.a3fed44c85: ROLLBACK
[0m03:33:27.235521 [debug] [Thread-4 (]: On test.lab7.relationships_fact_orders_txn_order_date_key__date_key__ref_dim_date_.a3fed44c85: Close
[0m03:33:27.237091 [info ] [Thread-4 (]: 68 of 83 PASS relationships_fact_orders_txn_order_date_key__date_key__ref_dim_date_  [[32mPASS[0m in 6.79s]
[0m03:33:27.238506 [debug] [Thread-4 (]: Finished running node test.lab7.relationships_fact_orders_txn_order_date_key__date_key__ref_dim_date_.a3fed44c85
[0m03:33:27.240537 [debug] [Thread-3 (]: Began running node model.lab7.fact_orders_daily_snapshot
[0m03:33:27.241850 [info ] [Thread-3 (]: 76 of 83 START sql view model dbt.fact_orders_daily_snapshot ................... [RUN]
[0m03:33:27.243224 [debug] [Thread-3 (]: Re-using an available connection from the pool (formerly test.lab7.unique_fact_orders_txn_order_fact_key.81348ee33d, now model.lab7.fact_orders_daily_snapshot)
[0m03:33:27.244424 [debug] [Thread-3 (]: Began compiling node model.lab7.fact_orders_daily_snapshot
[0m03:33:27.249687 [debug] [Thread-3 (]: Writing injected SQL for node "model.lab7.fact_orders_daily_snapshot"
[0m03:33:27.259772 [debug] [Thread-3 (]: Began executing node model.lab7.fact_orders_daily_snapshot
[0m03:33:27.264879 [debug] [Thread-3 (]: Writing runtime sql for node "model.lab7.fact_orders_daily_snapshot"
[0m03:33:27.276172 [debug] [Thread-3 (]: Using postgres connection "model.lab7.fact_orders_daily_snapshot"
[0m03:33:27.277398 [debug] [Thread-3 (]: On model.lab7.fact_orders_daily_snapshot: BEGIN
[0m03:33:27.279447 [debug] [Thread-3 (]: Opening a new connection, currently in state closed
[0m03:33:27.287187 [debug] [Thread-3 (]: SQL status: BEGIN in 0.008 seconds
[0m03:33:27.288664 [debug] [Thread-3 (]: Using postgres connection "model.lab7.fact_orders_daily_snapshot"
[0m03:33:27.290137 [debug] [Thread-3 (]: On model.lab7.fact_orders_daily_snapshot: /* {"app": "dbt", "dbt_version": "1.9.0", "profile_name": "lab7", "target_name": "dev", "node_id": "model.lab7.fact_orders_daily_snapshot"} */

  create view "lab7"."dbt"."fact_orders_daily_snapshot__dbt_tmp"
    
    
  as (
    with snapshot_grid as (
    select
        d.date_key as snapshot_date_key,
        s.store_key,
        p.product_key
    from "lab7"."dbt"."dim_date" as d
    cross join "lab7"."dbt"."dim_store" as s
    cross join "lab7"."dbt"."dim_product" as p

),

daily_activity as (
    select
        order_date_key as snapshot_date_key,
        store_key,
        product_key,
        count(distinct order_id)::integer as orders_count,
        sum(quantity)::integer as qty_sold,
        sum(gross_amount)::numeric(14, 2) as gross_amount,
        sum(discount_amount)::numeric(14, 2) as discount_amount,
        sum(net_amount)::numeric(14, 2) as net_amount,
        sum(margin_amount)::numeric(14, 2) as margin_amount
    from "lab7"."dbt"."fact_orders_txn"
    group by order_date_key, store_key, product_key

)

select
    g.snapshot_date_key,
    g.store_key,
    g.product_key,
    coalesce(a.orders_count, 0) as orders_count,
    coalesce(a.qty_sold, 0) as qty_sold,
    coalesce(a.gross_amount, 0)::numeric(14, 2) as gross_amount,
    coalesce(a.discount_amount, 0)::numeric(14, 2)
        as discount_amount,
    coalesce(a.net_amount, 0)::numeric(14, 2) as net_amount,
    coalesce(a.margin_amount, 0)::numeric(14, 2) as margin_amount,
    cast('2026-08-26 03:33:10.495355+00:00' as timestamptz) as load_datetime,
    '2d2613ef-f5a4-4892-bd52-35dbe2bb35d5' as batch_id

from snapshot_grid as g
left join daily_activity as a
    on g.snapshot_date_key = a.snapshot_date_key
    and g.store_key = a.store_key
    and g.product_key = a.product_key
  );
[0m03:33:27.297673 [debug] [Thread-3 (]: SQL status: CREATE VIEW in 0.006 seconds
[0m03:33:27.302264 [debug] [Thread-3 (]: Using postgres connection "model.lab7.fact_orders_daily_snapshot"
[0m03:33:27.303767 [debug] [Thread-3 (]: On model.lab7.fact_orders_daily_snapshot: /* {"app": "dbt", "dbt_version": "1.9.0", "profile_name": "lab7", "target_name": "dev", "node_id": "model.lab7.fact_orders_daily_snapshot"} */
alter table "lab7"."dbt"."fact_orders_daily_snapshot__dbt_tmp" rename to "fact_orders_daily_snapshot"
[0m03:33:27.305409 [debug] [Thread-3 (]: SQL status: ALTER TABLE in 0.001 seconds
[0m03:33:27.307724 [debug] [Thread-3 (]: On model.lab7.fact_orders_daily_snapshot: COMMIT
[0m03:33:27.309123 [debug] [Thread-3 (]: Using postgres connection "model.lab7.fact_orders_daily_snapshot"
[0m03:33:27.310554 [debug] [Thread-3 (]: On model.lab7.fact_orders_daily_snapshot: COMMIT
[0m03:33:27.313866 [debug] [Thread-3 (]: SQL status: COMMIT in 0.002 seconds
[0m03:33:27.317771 [debug] [Thread-3 (]: Applying DROP to: "lab7"."dbt"."fact_orders_daily_snapshot__dbt_backup"
[0m03:33:27.319526 [debug] [Thread-3 (]: Using postgres connection "model.lab7.fact_orders_daily_snapshot"
[0m03:33:27.320614 [debug] [Thread-3 (]: On model.lab7.fact_orders_daily_snapshot: /* {"app": "dbt", "dbt_version": "1.9.0", "profile_name": "lab7", "target_name": "dev", "node_id": "model.lab7.fact_orders_daily_snapshot"} */
drop view if exists "lab7"."dbt"."fact_orders_daily_snapshot__dbt_backup" cascade
[0m03:33:27.322188 [debug] [Thread-3 (]: SQL status: DROP VIEW in 0.000 seconds
[0m03:33:27.325732 [debug] [Thread-3 (]: On model.lab7.fact_orders_daily_snapshot: Close
[0m03:33:27.327377 [debug] [Thread-3 (]: Sending event: {'category': 'dbt', 'action': 'run_model', 'label': '2d2613ef-f5a4-4892-bd52-35dbe2bb35d5', 'context': [<snowplow_tracker.self_describing_json.SelfDescribingJson object at 0x7f8a30a59160>]}
[0m03:33:27.328805 [info ] [Thread-3 (]: 76 of 83 OK created sql view model dbt.fact_orders_daily_snapshot .............. [[32mCREATE VIEW[0m in 0.08s]
[0m03:33:27.330631 [debug] [Thread-3 (]: Finished running node model.lab7.fact_orders_daily_snapshot
[0m03:33:27.332925 [debug] [Thread-2 (]: Began running node test.lab7.assert_daily_snapshot_grain
[0m03:33:27.333423 [debug] [Thread-4 (]: Began running node test.lab7.not_null_fact_orders_daily_snapshot_product_key.cd1c0603df
[0m03:33:27.333959 [debug] [Thread-1 (]: Began running node test.lab7.not_null_fact_orders_daily_snapshot_snapshot_date_key.738fffa5d2
[0m03:33:27.334456 [debug] [Thread-3 (]: Began running node test.lab7.not_null_fact_orders_daily_snapshot_store_key.da5361b255
[0m03:33:27.335092 [info ] [Thread-2 (]: 77 of 83 START test assert_daily_snapshot_grain ................................ [RUN]
[0m03:33:27.336316 [info ] [Thread-4 (]: 78 of 83 START test not_null_fact_orders_daily_snapshot_product_key ............ [RUN]
[0m03:33:27.337728 [info ] [Thread-1 (]: 79 of 83 START test not_null_fact_orders_daily_snapshot_snapshot_date_key ...... [RUN]
[0m03:33:27.339379 [info ] [Thread-3 (]: 80 of 83 START test not_null_fact_orders_daily_snapshot_store_key .............. [RUN]
[0m03:33:27.341503 [debug] [Thread-2 (]: Re-using an available connection from the pool (formerly test.lab7.not_null_fact_orders_txn_order_date_key.e34370608b, now test.lab7.assert_daily_snapshot_grain)
[0m03:33:27.344234 [debug] [Thread-4 (]: Re-using an available connection from the pool (formerly test.lab7.relationships_fact_orders_txn_order_date_key__date_key__ref_dim_date_.a3fed44c85, now test.lab7.not_null_fact_orders_daily_snapshot_product_key.cd1c0603df)
[0m03:33:27.346083 [debug] [Thread-1 (]: Re-using an available connection from the pool (formerly test.lab7.unique_fact_orders_txn_order_id.93a93ef6c4, now test.lab7.not_null_fact_orders_daily_snapshot_snapshot_date_key.738fffa5d2)
[0m03:33:27.347942 [debug] [Thread-3 (]: Re-using an available connection from the pool (formerly model.lab7.fact_orders_daily_snapshot, now test.lab7.not_null_fact_orders_daily_snapshot_store_key.da5361b255)
[0m03:33:27.350541 [debug] [Thread-2 (]: Began compiling node test.lab7.assert_daily_snapshot_grain
[0m03:33:27.352280 [debug] [Thread-4 (]: Began compiling node test.lab7.not_null_fact_orders_daily_snapshot_product_key.cd1c0603df
[0m03:33:27.354087 [debug] [Thread-1 (]: Began compiling node test.lab7.not_null_fact_orders_daily_snapshot_snapshot_date_key.738fffa5d2
[0m03:33:27.356236 [debug] [Thread-3 (]: Began compiling node test.lab7.not_null_fact_orders_daily_snapshot_store_key.da5361b255
[0m03:33:27.361824 [debug] [Thread-2 (]: Writing injected SQL for node "test.lab7.assert_daily_snapshot_grain"
[0m03:33:27.370902 [debug] [Thread-4 (]: Writing injected SQL for node "test.lab7.not_null_fact_orders_daily_snapshot_product_key.cd1c0603df"
[0m03:33:27.376061 [debug] [Thread-1 (]: Writing injected SQL for node "test.lab7.not_null_fact_orders_daily_snapshot_snapshot_date_key.738fffa5d2"
[0m03:33:27.382185 [debug] [Thread-3 (]: Writing injected SQL for node "test.lab7.not_null_fact_orders_daily_snapshot_store_key.da5361b255"
[0m03:33:27.389723 [debug] [Thread-4 (]: Began executing node test.lab7.not_null_fact_orders_daily_snapshot_product_key.cd1c0603df
[0m03:33:27.393773 [debug] [Thread-4 (]: Writing runtime sql for node "test.lab7.not_null_fact_orders_daily_snapshot_product_key.cd1c0603df"
[0m03:33:27.394413 [debug] [Thread-2 (]: Began executing node test.lab7.assert_daily_snapshot_grain
[0m03:33:27.396089 [debug] [Thread-1 (]: Began executing node test.lab7.not_null_fact_orders_daily_snapshot_snapshot_date_key.738fffa5d2
[0m03:33:27.397054 [debug] [Thread-3 (]: Began executing node test.lab7.not_null_fact_orders_daily_snapshot_store_key.da5361b255
[0m03:33:27.400654 [debug] [Thread-2 (]: Writing runtime sql for node "test.lab7.assert_daily_snapshot_grain"
[0m03:33:27.404271 [debug] [Thread-1 (]: Writing runtime sql for node "test.lab7.not_null_fact_orders_daily_snapshot_snapshot_date_key.738fffa5d2"
[0m03:33:27.407959 [debug] [Thread-3 (]: Writing runtime sql for node "test.lab7.not_null_fact_orders_daily_snapshot_store_key.da5361b255"
[0m03:33:27.410304 [debug] [Thread-4 (]: Using postgres connection "test.lab7.not_null_fact_orders_daily_snapshot_product_key.cd1c0603df"
[0m03:33:27.413008 [debug] [Thread-4 (]: On test.lab7.not_null_fact_orders_daily_snapshot_product_key.cd1c0603df: BEGIN
[0m03:33:27.414328 [debug] [Thread-4 (]: Opening a new connection, currently in state closed
[0m03:33:27.417601 [debug] [Thread-3 (]: Using postgres connection "test.lab7.not_null_fact_orders_daily_snapshot_store_key.da5361b255"
[0m03:33:27.419256 [debug] [Thread-3 (]: On test.lab7.not_null_fact_orders_daily_snapshot_store_key.da5361b255: BEGIN
[0m03:33:27.420142 [debug] [Thread-2 (]: Using postgres connection "test.lab7.assert_daily_snapshot_grain"
[0m03:33:27.421000 [debug] [Thread-1 (]: Using postgres connection "test.lab7.not_null_fact_orders_daily_snapshot_snapshot_date_key.738fffa5d2"
[0m03:33:27.421845 [debug] [Thread-3 (]: Opening a new connection, currently in state closed
[0m03:33:27.422989 [debug] [Thread-4 (]: SQL status: BEGIN in 0.009 seconds
[0m03:33:27.423792 [debug] [Thread-2 (]: On test.lab7.assert_daily_snapshot_grain: BEGIN
[0m03:33:27.425300 [debug] [Thread-1 (]: On test.lab7.not_null_fact_orders_daily_snapshot_snapshot_date_key.738fffa5d2: BEGIN
[0m03:33:27.427773 [debug] [Thread-4 (]: Using postgres connection "test.lab7.not_null_fact_orders_daily_snapshot_product_key.cd1c0603df"
[0m03:33:27.429479 [debug] [Thread-2 (]: Opening a new connection, currently in state closed
[0m03:33:27.430701 [debug] [Thread-1 (]: Opening a new connection, currently in state closed
[0m03:33:27.431928 [debug] [Thread-4 (]: On test.lab7.not_null_fact_orders_daily_snapshot_product_key.cd1c0603df: /* {"app": "dbt", "dbt_version": "1.9.0", "profile_name": "lab7", "target_name": "dev", "node_id": "test.lab7.not_null_fact_orders_daily_snapshot_product_key.cd1c0603df"} */
select
      count(*) as failures,
      count(*) != 0 as should_warn,
      count(*) != 0 as should_error
    from (
      
    
    



select product_key
from "lab7"."dbt"."fact_orders_daily_snapshot"
where product_key is null



      
    ) dbt_internal_test
[0m03:33:27.432967 [debug] [Thread-3 (]: SQL status: BEGIN in 0.011 seconds
[0m03:33:27.439504 [debug] [Thread-1 (]: SQL status: BEGIN in 0.009 seconds
[0m03:33:27.439969 [debug] [Thread-2 (]: SQL status: BEGIN in 0.011 seconds
[0m03:33:27.444690 [debug] [Thread-4 (]: SQL status: SELECT 1 in 0.009 seconds
[0m03:33:27.445877 [debug] [Thread-3 (]: Using postgres connection "test.lab7.not_null_fact_orders_daily_snapshot_store_key.da5361b255"
[0m03:33:27.447096 [debug] [Thread-1 (]: Using postgres connection "test.lab7.not_null_fact_orders_daily_snapshot_snapshot_date_key.738fffa5d2"
[0m03:33:27.448286 [debug] [Thread-2 (]: Using postgres connection "test.lab7.assert_daily_snapshot_grain"
[0m03:33:27.450722 [debug] [Thread-4 (]: On test.lab7.not_null_fact_orders_daily_snapshot_product_key.cd1c0603df: ROLLBACK
[0m03:33:27.451815 [debug] [Thread-3 (]: On test.lab7.not_null_fact_orders_daily_snapshot_store_key.da5361b255: /* {"app": "dbt", "dbt_version": "1.9.0", "profile_name": "lab7", "target_name": "dev", "node_id": "test.lab7.not_null_fact_orders_daily_snapshot_store_key.da5361b255"} */
select
      count(*) as failures,
      count(*) != 0 as should_warn,
      count(*) != 0 as should_error
    from (
      
    
    



select store_key
from "lab7"."dbt"."fact_orders_daily_snapshot"
where store_key is null



      
    ) dbt_internal_test
[0m03:33:27.453206 [debug] [Thread-1 (]: On test.lab7.not_null_fact_orders_daily_snapshot_snapshot_date_key.738fffa5d2: /* {"app": "dbt", "dbt_version": "1.9.0", "profile_name": "lab7", "target_name": "dev", "node_id": "test.lab7.not_null_fact_orders_daily_snapshot_snapshot_date_key.738fffa5d2"} */
select
      count(*) as failures,
      count(*) != 0 as should_warn,
      count(*) != 0 as should_error
    from (
      
    
    



select snapshot_date_key
from "lab7"."dbt"."fact_orders_daily_snapshot"
where snapshot_date_key is null



      
    ) dbt_internal_test
[0m03:33:27.454318 [debug] [Thread-2 (]: On test.lab7.assert_daily_snapshot_grain: /* {"app": "dbt", "dbt_version": "1.9.0", "profile_name": "lab7", "target_name": "dev", "node_id": "test.lab7.assert_daily_snapshot_grain"} */
select
      count(*) as failures,
      count(*) != 0 as should_warn,
      count(*) != 0 as should_error
    from (
      select
    snapshot_date_key,
    store_key,
    product_key,
    count(*) as row_count

from "lab7"."dbt"."fact_orders_daily_snapshot"
group by snapshot_date_key, store_key, product_key
having count(*) > 1
      
    ) dbt_internal_test
[0m03:33:27.455760 [debug] [Thread-4 (]: On test.lab7.not_null_fact_orders_daily_snapshot_product_key.cd1c0603df: Close
[0m03:33:27.459300 [info ] [Thread-4 (]: 78 of 83 PASS not_null_fact_orders_daily_snapshot_product_key .................. [[32mPASS[0m in 0.12s]
[0m03:33:27.461360 [debug] [Thread-4 (]: Finished running node test.lab7.not_null_fact_orders_daily_snapshot_product_key.cd1c0603df
[0m03:33:27.462979 [debug] [Thread-4 (]: Began running node test.lab7.relationships_fact_orders_daily_snapshot_product_key__product_key__ref_dim_product_.f00674270c
[0m03:33:27.464435 [info ] [Thread-4 (]: 81 of 83 START test relationships_fact_orders_daily_snapshot_product_key__product_key__ref_dim_product_  [RUN]
[0m03:33:27.465970 [debug] [Thread-4 (]: Re-using an available connection from the pool (formerly test.lab7.not_null_fact_orders_daily_snapshot_product_key.cd1c0603df, now test.lab7.relationships_fact_orders_daily_snapshot_product_key__product_key__ref_dim_product_.f00674270c)
[0m03:33:27.466952 [debug] [Thread-1 (]: SQL status: SELECT 1 in 0.010 seconds
[0m03:33:27.467856 [debug] [Thread-4 (]: Began compiling node test.lab7.relationships_fact_orders_daily_snapshot_product_key__product_key__ref_dim_product_.f00674270c
[0m03:33:27.471552 [debug] [Thread-1 (]: On test.lab7.not_null_fact_orders_daily_snapshot_snapshot_date_key.738fffa5d2: ROLLBACK
[0m03:33:27.472252 [debug] [Thread-3 (]: SQL status: SELECT 1 in 0.016 seconds
[0m03:33:27.480084 [debug] [Thread-4 (]: Writing injected SQL for node "test.lab7.relationships_fact_orders_daily_snapshot_product_key__product_key__ref_dim_product_.f00674270c"
[0m03:33:27.481524 [debug] [Thread-1 (]: On test.lab7.not_null_fact_orders_daily_snapshot_snapshot_date_key.738fffa5d2: Close
[0m03:33:27.484242 [debug] [Thread-3 (]: On test.lab7.not_null_fact_orders_daily_snapshot_store_key.da5361b255: ROLLBACK
[0m03:33:27.486766 [info ] [Thread-1 (]: 79 of 83 PASS not_null_fact_orders_daily_snapshot_snapshot_date_key ............ [[32mPASS[0m in 0.14s]
[0m03:33:27.488362 [debug] [Thread-3 (]: On test.lab7.not_null_fact_orders_daily_snapshot_store_key.da5361b255: Close
[0m03:33:27.490227 [debug] [Thread-1 (]: Finished running node test.lab7.not_null_fact_orders_daily_snapshot_snapshot_date_key.738fffa5d2
[0m03:33:27.492624 [info ] [Thread-3 (]: 80 of 83 PASS not_null_fact_orders_daily_snapshot_store_key .................... [[32mPASS[0m in 0.14s]
[0m03:33:27.493922 [debug] [Thread-1 (]: Began running node test.lab7.relationships_fact_orders_daily_snapshot_snapshot_date_key__date_key__ref_dim_date_.aeea4063b9
[0m03:33:27.495893 [debug] [Thread-3 (]: Finished running node test.lab7.not_null_fact_orders_daily_snapshot_store_key.da5361b255
[0m03:33:27.496507 [debug] [Thread-4 (]: Began executing node test.lab7.relationships_fact_orders_daily_snapshot_product_key__product_key__ref_dim_product_.f00674270c
[0m03:33:27.497585 [info ] [Thread-1 (]: 82 of 83 START test relationships_fact_orders_daily_snapshot_snapshot_date_key__date_key__ref_dim_date_  [RUN]
[0m03:33:27.499622 [debug] [Thread-3 (]: Began running node test.lab7.relationships_fact_orders_daily_snapshot_store_key__store_key__ref_dim_store_.703b22a520
[0m03:33:27.504505 [debug] [Thread-4 (]: Writing runtime sql for node "test.lab7.relationships_fact_orders_daily_snapshot_product_key__product_key__ref_dim_product_.f00674270c"
[0m03:33:27.506252 [debug] [Thread-1 (]: Re-using an available connection from the pool (formerly test.lab7.not_null_fact_orders_daily_snapshot_snapshot_date_key.738fffa5d2, now test.lab7.relationships_fact_orders_daily_snapshot_snapshot_date_key__date_key__ref_dim_date_.aeea4063b9)
[0m03:33:27.507812 [info ] [Thread-3 (]: 83 of 83 START test relationships_fact_orders_daily_snapshot_store_key__store_key__ref_dim_store_  [RUN]
[0m03:33:27.510728 [debug] [Thread-1 (]: Began compiling node test.lab7.relationships_fact_orders_daily_snapshot_snapshot_date_key__date_key__ref_dim_date_.aeea4063b9
[0m03:33:27.511519 [debug] [Thread-2 (]: SQL status: SELECT 1 in 0.054 seconds
[0m03:33:27.512739 [debug] [Thread-3 (]: Re-using an available connection from the pool (formerly test.lab7.not_null_fact_orders_daily_snapshot_store_key.da5361b255, now test.lab7.relationships_fact_orders_daily_snapshot_store_key__store_key__ref_dim_store_.703b22a520)
[0m03:33:27.520814 [debug] [Thread-1 (]: Writing injected SQL for node "test.lab7.relationships_fact_orders_daily_snapshot_snapshot_date_key__date_key__ref_dim_date_.aeea4063b9"
[0m03:33:27.523625 [debug] [Thread-2 (]: On test.lab7.assert_daily_snapshot_grain: ROLLBACK
[0m03:33:27.524300 [debug] [Thread-4 (]: Using postgres connection "test.lab7.relationships_fact_orders_daily_snapshot_product_key__product_key__ref_dim_product_.f00674270c"
[0m03:33:27.525301 [debug] [Thread-3 (]: Began compiling node test.lab7.relationships_fact_orders_daily_snapshot_store_key__store_key__ref_dim_store_.703b22a520
[0m03:33:27.527762 [debug] [Thread-2 (]: On test.lab7.assert_daily_snapshot_grain: Close
[0m03:33:27.528740 [debug] [Thread-4 (]: On test.lab7.relationships_fact_orders_daily_snapshot_product_key__product_key__ref_dim_product_.f00674270c: BEGIN
[0m03:33:27.535612 [debug] [Thread-3 (]: Writing injected SQL for node "test.lab7.relationships_fact_orders_daily_snapshot_store_key__store_key__ref_dim_store_.703b22a520"
[0m03:33:27.537268 [info ] [Thread-2 (]: 77 of 83 PASS assert_daily_snapshot_grain ...................................... [[32mPASS[0m in 0.20s]
[0m03:33:27.538239 [debug] [Thread-1 (]: Began executing node test.lab7.relationships_fact_orders_daily_snapshot_snapshot_date_key__date_key__ref_dim_date_.aeea4063b9
[0m03:33:27.539337 [debug] [Thread-4 (]: Opening a new connection, currently in state closed
[0m03:33:27.542612 [debug] [Thread-2 (]: Finished running node test.lab7.assert_daily_snapshot_grain
[0m03:33:27.546689 [debug] [Thread-1 (]: Writing runtime sql for node "test.lab7.relationships_fact_orders_daily_snapshot_snapshot_date_key__date_key__ref_dim_date_.aeea4063b9"
[0m03:33:27.553187 [debug] [Thread-3 (]: Began executing node test.lab7.relationships_fact_orders_daily_snapshot_store_key__store_key__ref_dim_store_.703b22a520
[0m03:33:27.559565 [debug] [Thread-3 (]: Writing runtime sql for node "test.lab7.relationships_fact_orders_daily_snapshot_store_key__store_key__ref_dim_store_.703b22a520"
[0m03:33:27.561170 [debug] [Thread-4 (]: SQL status: BEGIN in 0.022 seconds
[0m03:33:27.562832 [debug] [Thread-1 (]: Using postgres connection "test.lab7.relationships_fact_orders_daily_snapshot_snapshot_date_key__date_key__ref_dim_date_.aeea4063b9"
[0m03:33:27.564205 [debug] [Thread-4 (]: Using postgres connection "test.lab7.relationships_fact_orders_daily_snapshot_product_key__product_key__ref_dim_product_.f00674270c"
[0m03:33:27.565937 [debug] [Thread-1 (]: On test.lab7.relationships_fact_orders_daily_snapshot_snapshot_date_key__date_key__ref_dim_date_.aeea4063b9: BEGIN
[0m03:33:27.568135 [debug] [Thread-4 (]: On test.lab7.relationships_fact_orders_daily_snapshot_product_key__product_key__ref_dim_product_.f00674270c: /* {"app": "dbt", "dbt_version": "1.9.0", "profile_name": "lab7", "target_name": "dev", "node_id": "test.lab7.relationships_fact_orders_daily_snapshot_product_key__product_key__ref_dim_product_.f00674270c"} */
select
      count(*) as failures,
      count(*) != 0 as should_warn,
      count(*) != 0 as should_error
    from (
      
    
    

with child as (
    select product_key as from_field
    from "lab7"."dbt"."fact_orders_daily_snapshot"
    where product_key is not null
),

parent as (
    select product_key as to_field
    from "lab7"."dbt"."dim_product"
)

select
    from_field

from child
left join parent
    on child.from_field = parent.to_field

where parent.to_field is null



      
    ) dbt_internal_test
[0m03:33:27.570052 [debug] [Thread-1 (]: Opening a new connection, currently in state closed
[0m03:33:27.572779 [debug] [Thread-3 (]: Using postgres connection "test.lab7.relationships_fact_orders_daily_snapshot_store_key__store_key__ref_dim_store_.703b22a520"
[0m03:33:27.574959 [debug] [Thread-3 (]: On test.lab7.relationships_fact_orders_daily_snapshot_store_key__store_key__ref_dim_store_.703b22a520: BEGIN
[0m03:33:27.576581 [debug] [Thread-3 (]: Opening a new connection, currently in state closed
[0m03:33:27.581010 [debug] [Thread-1 (]: SQL status: BEGIN in 0.011 seconds
[0m03:33:27.582576 [debug] [Thread-1 (]: Using postgres connection "test.lab7.relationships_fact_orders_daily_snapshot_snapshot_date_key__date_key__ref_dim_date_.aeea4063b9"
[0m03:33:27.583858 [debug] [Thread-1 (]: On test.lab7.relationships_fact_orders_daily_snapshot_snapshot_date_key__date_key__ref_dim_date_.aeea4063b9: /* {"app": "dbt", "dbt_version": "1.9.0", "profile_name": "lab7", "target_name": "dev", "node_id": "test.lab7.relationships_fact_orders_daily_snapshot_snapshot_date_key__date_key__ref_dim_date_.aeea4063b9"} */
select
      count(*) as failures,
      count(*) != 0 as should_warn,
      count(*) != 0 as should_error
    from (
      
    
    

with child as (
    select snapshot_date_key as from_field
    from "lab7"."dbt"."fact_orders_daily_snapshot"
    where snapshot_date_key is not null
),

parent as (
    select date_key as to_field
    from "lab7"."dbt"."dim_date"
)

select
    from_field

from child
left join parent
    on child.from_field = parent.to_field

where parent.to_field is null



      
    ) dbt_internal_test
[0m03:33:27.584478 [debug] [Thread-3 (]: SQL status: BEGIN in 0.008 seconds
[0m03:33:27.586387 [debug] [Thread-3 (]: Using postgres connection "test.lab7.relationships_fact_orders_daily_snapshot_store_key__store_key__ref_dim_store_.703b22a520"
[0m03:33:27.587625 [debug] [Thread-3 (]: On test.lab7.relationships_fact_orders_daily_snapshot_store_key__store_key__ref_dim_store_.703b22a520: /* {"app": "dbt", "dbt_version": "1.9.0", "profile_name": "lab7", "target_name": "dev", "node_id": "test.lab7.relationships_fact_orders_daily_snapshot_store_key__store_key__ref_dim_store_.703b22a520"} */
select
      count(*) as failures,
      count(*) != 0 as should_warn,
      count(*) != 0 as should_error
    from (
      
    
    

with child as (
    select store_key as from_field
    from "lab7"."dbt"."fact_orders_daily_snapshot"
    where store_key is not null
),

parent as (
    select store_key as to_field
    from "lab7"."dbt"."dim_store"
)

select
    from_field

from child
left join parent
    on child.from_field = parent.to_field

where parent.to_field is null



      
    ) dbt_internal_test
[0m03:33:27.599206 [debug] [Thread-4 (]: SQL status: SELECT 1 in 0.027 seconds
[0m03:33:27.602154 [debug] [Thread-4 (]: On test.lab7.relationships_fact_orders_daily_snapshot_product_key__product_key__ref_dim_product_.f00674270c: ROLLBACK
[0m03:33:27.603430 [debug] [Thread-4 (]: On test.lab7.relationships_fact_orders_daily_snapshot_product_key__product_key__ref_dim_product_.f00674270c: Close
[0m03:33:27.604822 [info ] [Thread-4 (]: 81 of 83 PASS relationships_fact_orders_daily_snapshot_product_key__product_key__ref_dim_product_  [[32mPASS[0m in 0.14s]
[0m03:33:27.606671 [debug] [Thread-4 (]: Finished running node test.lab7.relationships_fact_orders_daily_snapshot_product_key__product_key__ref_dim_product_.f00674270c
[0m03:33:27.609380 [debug] [Thread-1 (]: SQL status: SELECT 1 in 0.024 seconds
[0m03:33:27.612063 [debug] [Thread-1 (]: On test.lab7.relationships_fact_orders_daily_snapshot_snapshot_date_key__date_key__ref_dim_date_.aeea4063b9: ROLLBACK
[0m03:33:27.613271 [debug] [Thread-1 (]: On test.lab7.relationships_fact_orders_daily_snapshot_snapshot_date_key__date_key__ref_dim_date_.aeea4063b9: Close
[0m03:33:27.614037 [debug] [Thread-3 (]: SQL status: SELECT 1 in 0.025 seconds
[0m03:33:27.615087 [info ] [Thread-1 (]: 82 of 83 PASS relationships_fact_orders_daily_snapshot_snapshot_date_key__date_key__ref_dim_date_  [[32mPASS[0m in 0.11s]
[0m03:33:27.617298 [debug] [Thread-3 (]: On test.lab7.relationships_fact_orders_daily_snapshot_store_key__store_key__ref_dim_store_.703b22a520: ROLLBACK
[0m03:33:27.619051 [debug] [Thread-1 (]: Finished running node test.lab7.relationships_fact_orders_daily_snapshot_snapshot_date_key__date_key__ref_dim_date_.aeea4063b9
[0m03:33:27.620737 [debug] [Thread-3 (]: On test.lab7.relationships_fact_orders_daily_snapshot_store_key__store_key__ref_dim_store_.703b22a520: Close
[0m03:33:27.623513 [info ] [Thread-3 (]: 83 of 83 PASS relationships_fact_orders_daily_snapshot_store_key__store_key__ref_dim_store_  [[32mPASS[0m in 0.11s]
[0m03:33:27.625717 [debug] [Thread-3 (]: Finished running node test.lab7.relationships_fact_orders_daily_snapshot_store_key__store_key__ref_dim_store_.703b22a520
[0m03:33:27.629347 [debug] [MainThread]: Using postgres connection "master"
[0m03:33:27.630817 [debug] [MainThread]: On master: BEGIN
[0m03:33:27.631787 [debug] [MainThread]: Opening a new connection, currently in state closed
[0m03:33:27.639186 [debug] [MainThread]: SQL status: BEGIN in 0.007 seconds
[0m03:33:27.640695 [debug] [MainThread]: On master: COMMIT
[0m03:33:27.641947 [debug] [MainThread]: Using postgres connection "master"
[0m03:33:27.653693 [debug] [MainThread]: On master: COMMIT
[0m03:33:27.655102 [debug] [MainThread]: SQL status: COMMIT in 0.000 seconds
[0m03:33:27.656162 [debug] [MainThread]: On master: Close
[0m03:33:27.657526 [debug] [MainThread]: Connection 'master' was properly closed.
[0m03:33:27.658544 [debug] [MainThread]: Connection 'test.lab7.relationships_fact_orders_daily_snapshot_snapshot_date_key__date_key__ref_dim_date_.aeea4063b9' was properly closed.
[0m03:33:27.659563 [debug] [MainThread]: Connection 'test.lab7.relationships_fact_orders_daily_snapshot_store_key__store_key__ref_dim_store_.703b22a520' was properly closed.
[0m03:33:27.660435 [debug] [MainThread]: Connection 'test.lab7.relationships_fact_orders_daily_snapshot_product_key__product_key__ref_dim_product_.f00674270c' was properly closed.
[0m03:33:27.661256 [debug] [MainThread]: Connection 'test.lab7.assert_daily_snapshot_grain' was properly closed.
[0m03:33:27.662366 [info ] [MainThread]: 
[0m03:33:27.663467 [info ] [MainThread]: Finished running 1 incremental model, 1 seed, 71 data tests, 10 view models in 0 hours 0 minutes and 15.29 seconds (15.29s).
[0m03:33:27.677145 [debug] [MainThread]: Command end result
[0m03:33:27.740492 [debug] [MainThread]: Wrote artifact WritableManifest to /usr/app/lab7/target/manifest.json
[0m03:33:27.747819 [debug] [MainThread]: Wrote artifact SemanticManifest to /usr/app/lab7/target/semantic_manifest.json
[0m03:33:27.764028 [debug] [MainThread]: Wrote artifact RunExecutionResult to /usr/app/lab7/target/run_results.json
[0m03:33:27.765290 [info ] [MainThread]: 
[0m03:33:27.766548 [info ] [MainThread]: [32mCompleted successfully[0m
[0m03:33:27.768076 [info ] [MainThread]: 
[0m03:33:27.769701 [info ] [MainThread]: Done. PASS=83 WARN=0 ERROR=0 SKIP=0 TOTAL=83
[0m03:33:27.772337 [debug] [MainThread]: Resource report: {"command_name": "build", "command_success": true, "command_wall_clock_time": 17.384304, "process_in_blocks": "2480", "process_kernel_time": 0.843373, "process_mem_max_rss": "126428", "process_out_blocks": "0", "process_user_time": 9.989957}
[0m03:33:27.773768 [debug] [MainThread]: Command `dbt build` succeeded at 03:33:27.773634 after 17.39 seconds
[0m03:33:27.774841 [debug] [MainThread]: Sending event: {'category': 'dbt', 'action': 'invocation', 'label': 'end', 'context': [<snowplow_tracker.self_describing_json.SelfDescribingJson object at 0x7f8a3e4d43b0>, <snowplow_tracker.self_describing_json.SelfDescribingJson object at 0x7f8a39196180>, <snowplow_tracker.self_describing_json.SelfDescribingJson object at 0x7f8a3cdd8320>]}
[0m03:33:27.776162 [debug] [MainThread]: Flushing usage events
[0m03:33:29.079015 [debug] [MainThread]: An error was encountered while trying to flush usage events
[0m03:33:47.289594 [debug] [MainThread]: Sending event: {'category': 'dbt', 'action': 'invocation', 'label': 'start', 'context': [<snowplow_tracker.self_describing_json.SelfDescribingJson object at 0x7f1037c495b0>, <snowplow_tracker.self_describing_json.SelfDescribingJson object at 0x7f1037c843b0>, <snowplow_tracker.self_describing_json.SelfDescribingJson object at 0x7f1038234a40>]}


============================== 03:33:47.293911 | 90a611cd-7f09-4ecd-86ee-0ed71702fc8b ==============================
[0m03:33:47.293911 [info ] [MainThread]: Running with dbt=1.9.0
[0m03:33:47.295440 [debug] [MainThread]: running dbt with arguments {'printer_width': '80', 'indirect_selection': 'eager', 'log_cache_events': 'False', 'write_json': 'True', 'partial_parse': 'True', 'cache_selected_only': 'False', 'profiles_dir': '/root/.dbt', 'version_check': 'True', 'debug': 'False', 'log_path': '/usr/app/lab7/logs', 'fail_fast': 'False', 'warn_error': 'None', 'use_colors': 'True', 'use_experimental_parser': 'False', 'empty': 'None', 'quiet': 'False', 'no_print': 'None', 'warn_error_options': 'WarnErrorOptions(include=[], exclude=[])', 'invocation_command': 'dbt ls --resource-type model', 'log_format': 'default', 'introspect': 'True', 'target_path': 'None', 'static_parser': 'True', 'send_anonymous_usage_stats': 'True'}
[0m03:33:47.494887 [debug] [MainThread]: Sending event: {'category': 'dbt', 'action': 'project_id', 'label': '90a611cd-7f09-4ecd-86ee-0ed71702fc8b', 'context': [<snowplow_tracker.self_describing_json.SelfDescribingJson object at 0x7f10375f7b00>]}
[0m03:33:47.563339 [debug] [MainThread]: Sending event: {'category': 'dbt', 'action': 'adapter_info', 'label': '90a611cd-7f09-4ecd-86ee-0ed71702fc8b', 'context': [<snowplow_tracker.self_describing_json.SelfDescribingJson object at 0x7f1037592b40>]}
[0m03:33:47.565360 [info ] [MainThread]: Registered adapter: postgres=1.9.0
[0m03:33:47.648697 [debug] [MainThread]: checksum: c99e828bba267739642b5a3ce85f17518764ea526e0e6c4fdc649171c1a66bff, vars: {}, profile: , target: , version: 1.9.0
[0m03:33:48.037706 [debug] [MainThread]: Partial parsing enabled: 0 files deleted, 0 files added, 0 files changed.
[0m03:33:48.039362 [debug] [MainThread]: Partial parsing enabled, no changes found, skipping parsing
[0m03:33:48.047383 [warn ] [MainThread]: [[33mWARNING[0m]: Configuration paths exist in your dbt_project.yml file which do not apply to any resources.
There are 3 unused configuration paths:
- models.staging
- models.facts
- models.dimensions
[0m03:33:48.118695 [debug] [MainThread]: Sending event: {'category': 'dbt', 'action': 'load_project', 'label': '90a611cd-7f09-4ecd-86ee-0ed71702fc8b', 'context': [<snowplow_tracker.self_describing_json.SelfDescribingJson object at 0x7f1035eb0680>]}
[0m03:33:48.264702 [debug] [MainThread]: Wrote artifact WritableManifest to /usr/app/lab7/target/manifest.json
[0m03:33:48.272452 [debug] [MainThread]: Wrote artifact SemanticManifest to /usr/app/lab7/target/semantic_manifest.json
[0m03:33:48.301800 [debug] [MainThread]: Sending event: {'category': 'dbt', 'action': 'resource_counts', 'label': '90a611cd-7f09-4ecd-86ee-0ed71702fc8b', 'context': [<snowplow_tracker.self_describing_json.SelfDescribingJson object at 0x7f1035a051c0>]}
[0m03:33:48.303154 [info ] [MainThread]: Found 1 seed, 71 data tests, 11 models, 429 macros
[0m03:33:48.304568 [debug] [MainThread]: Sending event: {'category': 'dbt', 'action': 'runnable_timing', 'label': '90a611cd-7f09-4ecd-86ee-0ed71702fc8b', 'context': [<snowplow_tracker.self_describing_json.SelfDescribingJson object at 0x7f1035a2b170>]}
[0m03:33:48.307558 [info ] [MainThread]: lab7.dimensions.dim_customer
[0m03:33:48.308867 [info ] [MainThread]: lab7.dimensions.dim_date
[0m03:33:48.310362 [info ] [MainThread]: lab7.dimensions.dim_order_status
[0m03:33:48.311689 [info ] [MainThread]: lab7.dimensions.dim_payment_method
[0m03:33:48.313664 [info ] [MainThread]: lab7.dimensions.dim_product
[0m03:33:48.315811 [info ] [MainThread]: lab7.dimensions.dim_staff
[0m03:33:48.317899 [info ] [MainThread]: lab7.dimensions.dim_store
[0m03:33:48.319264 [info ] [MainThread]: lab7.facts.fact_orders_daily_snapshot
[0m03:33:48.320703 [info ] [MainThread]: lab7.facts.fact_orders_lifecycle
[0m03:33:48.322374 [info ] [MainThread]: lab7.facts.fact_orders_txn
[0m03:33:48.324128 [info ] [MainThread]: lab7.staging.stg_orders_log
[0m03:33:48.326476 [debug] [MainThread]: Resource report: {"command_name": "list", "command_success": true, "command_wall_clock_time": 1.1532786, "process_in_blocks": "24", "process_kernel_time": 0.242794, "process_mem_max_rss": "100960", "process_out_blocks": "0", "process_user_time": 1.891773}
[0m03:33:48.328452 [debug] [MainThread]: Command `dbt ls` succeeded at 03:33:48.328206 after 1.16 seconds
[0m03:33:48.330330 [debug] [MainThread]: Sending event: {'category': 'dbt', 'action': 'invocation', 'label': 'end', 'context': [<snowplow_tracker.self_describing_json.SelfDescribingJson object at 0x7f10377e0d40>, <snowplow_tracker.self_describing_json.SelfDescribingJson object at 0x7f1037c48470>, <snowplow_tracker.self_describing_json.SelfDescribingJson object at 0x7f103aecea20>]}
[0m03:33:48.331730 [debug] [MainThread]: Flushing usage events
[0m03:33:49.355428 [debug] [MainThread]: An error was encountered while trying to flush usage events
[0m03:34:01.195843 [debug] [MainThread]: Sending event: {'category': 'dbt', 'action': 'invocation', 'label': 'start', 'context': [<snowplow_tracker.self_describing_json.SelfDescribingJson object at 0x7f0c965c29c0>, <snowplow_tracker.self_describing_json.SelfDescribingJson object at 0x7f0c99125fa0>, <snowplow_tracker.self_describing_json.SelfDescribingJson object at 0x7f0c969d0bc0>]}


============================== 03:34:01.202491 | 1bebda0f-0093-4656-9572-965249876051 ==============================
[0m03:34:01.202491 [info ] [MainThread]: Running with dbt=1.9.0
[0m03:34:01.203891 [debug] [MainThread]: running dbt with arguments {'printer_width': '80', 'indirect_selection': 'eager', 'write_json': 'True', 'log_cache_events': 'False', 'partial_parse': 'True', 'cache_selected_only': 'False', 'warn_error': 'None', 'debug': 'False', 'profiles_dir': '/root/.dbt', 'log_path': '/usr/app/lab7/logs', 'version_check': 'True', 'fail_fast': 'False', 'use_colors': 'True', 'use_experimental_parser': 'False', 'no_print': 'None', 'quiet': 'False', 'empty': 'None', 'log_format': 'default', 'static_parser': 'True', 'warn_error_options': 'WarnErrorOptions(include=[], exclude=[])', 'invocation_command': "dbt show --inline select count(*) as row_count from {{ ref('fact_orders_txn') }}", 'target_path': 'None', 'introspect': 'True', 'send_anonymous_usage_stats': 'True'}
[0m03:34:01.406013 [debug] [MainThread]: Sending event: {'category': 'dbt', 'action': 'project_id', 'label': '1bebda0f-0093-4656-9572-965249876051', 'context': [<snowplow_tracker.self_describing_json.SelfDescribingJson object at 0x7f0c969d0ce0>]}
[0m03:34:01.476150 [debug] [MainThread]: Sending event: {'category': 'dbt', 'action': 'adapter_info', 'label': '1bebda0f-0093-4656-9572-965249876051', 'context': [<snowplow_tracker.self_describing_json.SelfDescribingJson object at 0x7f0c9690a0c0>]}
[0m03:34:01.496012 [info ] [MainThread]: Registered adapter: postgres=1.9.0
[0m03:34:01.591342 [debug] [MainThread]: checksum: c99e828bba267739642b5a3ce85f17518764ea526e0e6c4fdc649171c1a66bff, vars: {}, profile: , target: , version: 1.9.0
[0m03:34:01.941125 [debug] [MainThread]: Partial parsing enabled: 0 files deleted, 0 files added, 0 files changed.
[0m03:34:01.942415 [debug] [MainThread]: Partial parsing enabled, no changes found, skipping parsing
[0m03:34:01.950663 [warn ] [MainThread]: [[33mWARNING[0m]: Configuration paths exist in your dbt_project.yml file which do not apply to any resources.
There are 3 unused configuration paths:
- models.staging
- models.facts
- models.dimensions
[0m03:34:02.017533 [debug] [MainThread]: Sending event: {'category': 'dbt', 'action': 'load_project', 'label': '1bebda0f-0093-4656-9572-965249876051', 'context': [<snowplow_tracker.self_describing_json.SelfDescribingJson object at 0x7f0c96d20ad0>]}
[0m03:34:02.171401 [debug] [MainThread]: Wrote artifact WritableManifest to /usr/app/lab7/target/manifest.json
[0m03:34:02.178436 [debug] [MainThread]: Wrote artifact SemanticManifest to /usr/app/lab7/target/semantic_manifest.json
[0m03:34:02.364817 [debug] [MainThread]: Sending event: {'category': 'dbt', 'action': 'resource_counts', 'label': '1bebda0f-0093-4656-9572-965249876051', 'context': [<snowplow_tracker.self_describing_json.SelfDescribingJson object at 0x7f0c95db7590>]}
[0m03:34:02.366277 [info ] [MainThread]: Found 1 seed, 71 data tests, 11 models, 1 sql operation, 429 macros
[0m03:34:02.367565 [debug] [MainThread]: Sending event: {'category': 'dbt', 'action': 'runnable_timing', 'label': '1bebda0f-0093-4656-9572-965249876051', 'context': [<snowplow_tracker.self_describing_json.SelfDescribingJson object at 0x7f0c93f57d40>]}
[0m03:34:02.372125 [info ] [MainThread]: 
[0m03:34:02.373453 [info ] [MainThread]: Concurrency: 4 threads (target='dev')
[0m03:34:02.374699 [info ] [MainThread]: 
[0m03:34:02.376305 [debug] [MainThread]: Acquiring new postgres connection 'master'
[0m03:34:02.383105 [debug] [ThreadPool]: Acquiring new postgres connection 'list_lab7_dbt'
[0m03:34:02.442891 [debug] [ThreadPool]: Using postgres connection "list_lab7_dbt"
[0m03:34:02.444311 [debug] [ThreadPool]: On list_lab7_dbt: BEGIN
[0m03:34:02.445390 [debug] [ThreadPool]: Opening a new connection, currently in state init
[0m03:34:02.453738 [debug] [ThreadPool]: SQL status: BEGIN in 0.008 seconds
[0m03:34:02.455171 [debug] [ThreadPool]: Using postgres connection "list_lab7_dbt"
[0m03:34:02.456335 [debug] [ThreadPool]: On list_lab7_dbt: /* {"app": "dbt", "dbt_version": "1.9.0", "profile_name": "lab7", "target_name": "dev", "connection_name": "list_lab7_dbt"} */
select
      'lab7' as database,
      tablename as name,
      schemaname as schema,
      'table' as type
    from pg_tables
    where schemaname ilike 'dbt'
    union all
    select
      'lab7' as database,
      viewname as name,
      schemaname as schema,
      'view' as type
    from pg_views
    where schemaname ilike 'dbt'
    union all
    select
      'lab7' as database,
      matviewname as name,
      schemaname as schema,
      'materialized_view' as type
    from pg_matviews
    where schemaname ilike 'dbt'
  
[0m03:34:02.462593 [debug] [ThreadPool]: SQL status: SELECT 12 in 0.005 seconds
[0m03:34:02.465432 [debug] [ThreadPool]: On list_lab7_dbt: ROLLBACK
[0m03:34:02.466870 [debug] [ThreadPool]: On list_lab7_dbt: Close
[0m03:34:02.476729 [debug] [MainThread]: Using postgres connection "master"
[0m03:34:02.478098 [debug] [MainThread]: On master: BEGIN
[0m03:34:02.479061 [debug] [MainThread]: Opening a new connection, currently in state init
[0m03:34:02.486435 [debug] [MainThread]: SQL status: BEGIN in 0.007 seconds
[0m03:34:02.487833 [debug] [MainThread]: Using postgres connection "master"
[0m03:34:02.489377 [debug] [MainThread]: On master: /* {"app": "dbt", "dbt_version": "1.9.0", "profile_name": "lab7", "target_name": "dev", "connection_name": "master"} */
with relation as (
        select
            pg_rewrite.ev_class as class,
            pg_rewrite.oid as id
        from pg_rewrite
    ),
    class as (
        select
            oid as id,
            relname as name,
            relnamespace as schema,
            relkind as kind
        from pg_class
    ),
    dependency as (
        select distinct
            pg_depend.objid as id,
            pg_depend.refobjid as ref
        from pg_depend
    ),
    schema as (
        select
            pg_namespace.oid as id,
            pg_namespace.nspname as name
        from pg_namespace
        where nspname != 'information_schema' and nspname not like 'pg\_%'
    ),
    referenced as (
        select
            relation.id AS id,
            referenced_class.name ,
            referenced_class.schema ,
            referenced_class.kind
        from relation
        join class as referenced_class on relation.class=referenced_class.id
        where referenced_class.kind in ('r', 'v', 'm')
    ),
    relationships as (
        select
            referenced.name as referenced_name,
            referenced.schema as referenced_schema_id,
            dependent_class.name as dependent_name,
            dependent_class.schema as dependent_schema_id,
            referenced.kind as kind
        from referenced
        join dependency on referenced.id=dependency.id
        join class as dependent_class on dependency.ref=dependent_class.id
        where
            (referenced.name != dependent_class.name or
             referenced.schema != dependent_class.schema)
    )

    select
        referenced_schema.name as referenced_schema,
        relationships.referenced_name as referenced_name,
        dependent_schema.name as dependent_schema,
        relationships.dependent_name as dependent_name
    from relationships
    join schema as dependent_schema on relationships.dependent_schema_id=dependent_schema.id
    join schema as referenced_schema on relationships.referenced_schema_id=referenced_schema.id
    group by referenced_schema, referenced_name, dependent_schema, dependent_name
    order by referenced_schema, referenced_name, dependent_schema, dependent_name;
[0m03:34:02.497700 [debug] [MainThread]: SQL status: SELECT 20 in 0.007 seconds
[0m03:34:02.505301 [debug] [MainThread]: Sending event: {'category': 'dbt', 'action': 'runnable_timing', 'label': '1bebda0f-0093-4656-9572-965249876051', 'context': [<snowplow_tracker.self_describing_json.SelfDescribingJson object at 0x7f0c934afb60>]}
[0m03:34:02.506956 [debug] [MainThread]: On master: ROLLBACK
[0m03:34:02.508245 [debug] [MainThread]: On master: Close
[0m03:34:02.512868 [debug] [Thread-1 (]: Began running node sql_operation.lab7.inline_query
[0m03:34:02.514412 [debug] [Thread-1 (]: Re-using an available connection from the pool (formerly list_lab7_dbt, now sql_operation.lab7.inline_query)
[0m03:34:02.515570 [debug] [Thread-1 (]: Began compiling node sql_operation.lab7.inline_query
[0m03:34:02.525398 [debug] [Thread-1 (]: Writing injected SQL for node "sql_operation.lab7.inline_query"
[0m03:34:02.544248 [debug] [Thread-1 (]: Began executing node sql_operation.lab7.inline_query
[0m03:34:02.554066 [debug] [Thread-1 (]: Using postgres connection "sql_operation.lab7.inline_query"
[0m03:34:02.555579 [debug] [Thread-1 (]: On sql_operation.lab7.inline_query: /* {"app": "dbt", "dbt_version": "1.9.0", "profile_name": "lab7", "target_name": "dev", "node_id": "sql_operation.lab7.inline_query"} */

  
  select count(*) as row_count from "lab7"."dbt"."fact_orders_txn"
  
  limit 5

[0m03:34:02.556775 [debug] [Thread-1 (]: Opening a new connection, currently in state closed
[0m03:34:02.599994 [debug] [Thread-1 (]: SQL status: SELECT 1 in 0.043 seconds
[0m03:34:02.603659 [debug] [Thread-1 (]: On sql_operation.lab7.inline_query: Close
[0m03:34:02.605438 [debug] [Thread-1 (]: Finished running node sql_operation.lab7.inline_query
[0m03:34:02.608100 [debug] [MainThread]: Connection 'master' was properly closed.
[0m03:34:02.609136 [debug] [MainThread]: Connection 'sql_operation.lab7.inline_query' was properly closed.
[0m03:34:02.610556 [debug] [MainThread]: Command end result
[0m03:34:02.668390 [debug] [MainThread]: Wrote artifact WritableManifest to /usr/app/lab7/target/manifest.json
[0m03:34:02.674998 [debug] [MainThread]: Wrote artifact SemanticManifest to /usr/app/lab7/target/semantic_manifest.json
[0m03:34:02.687486 [debug] [MainThread]: Wrote artifact RunExecutionResult to /usr/app/lab7/target/run_results.json
[0m03:34:02.688831 [info ] [MainThread]: Previewing inline node:
| row_count |
| --------- |
|      2000 |

[0m03:34:02.691270 [debug] [MainThread]: Resource report: {"command_name": "show", "command_success": true, "command_wall_clock_time": 1.6321946, "process_in_blocks": "0", "process_kernel_time": 0.231804, "process_mem_max_rss": "109728", "process_out_blocks": "0", "process_user_time": 2.428913}
[0m03:34:02.693155 [debug] [MainThread]: Command `dbt show` succeeded at 03:34:02.692959 after 1.63 seconds
[0m03:34:02.694372 [debug] [MainThread]: Sending event: {'category': 'dbt', 'action': 'invocation', 'label': 'end', 'context': [<snowplow_tracker.self_describing_json.SelfDescribingJson object at 0x7f0c960b64b0>, <snowplow_tracker.self_describing_json.SelfDescribingJson object at 0x7f0c95e927b0>, <snowplow_tracker.self_describing_json.SelfDescribingJson object at 0x7f0c996529c0>]}
[0m03:34:02.695676 [debug] [MainThread]: Flushing usage events
[0m03:34:03.757889 [debug] [MainThread]: An error was encountered while trying to flush usage events
[0m03:34:11.610384 [debug] [MainThread]: Sending event: {'category': 'dbt', 'action': 'invocation', 'label': 'start', 'context': [<snowplow_tracker.self_describing_json.SelfDescribingJson object at 0x7f4cf2223b60>, <snowplow_tracker.self_describing_json.SelfDescribingJson object at 0x7f4cf168ee70>, <snowplow_tracker.self_describing_json.SelfDescribingJson object at 0x7f4cf2223290>]}


============================== 03:34:11.614841 | 44460623-6f9f-41b0-86ce-96608c7d929a ==============================
[0m03:34:11.614841 [info ] [MainThread]: Running with dbt=1.9.0
[0m03:34:11.616362 [debug] [MainThread]: running dbt with arguments {'printer_width': '80', 'indirect_selection': 'eager', 'log_cache_events': 'False', 'write_json': 'True', 'partial_parse': 'True', 'cache_selected_only': 'False', 'warn_error': 'None', 'fail_fast': 'False', 'version_check': 'True', 'log_path': '/usr/app/lab7/logs', 'profiles_dir': '/root/.dbt', 'debug': 'False', 'use_colors': 'True', 'use_experimental_parser': 'False', 'no_print': 'None', 'quiet': 'False', 'empty': 'None', 'warn_error_options': 'WarnErrorOptions(include=[], exclude=[])', 'invocation_command': "dbt show --inline select count(*) as row_count from {{ ref('fact_orders_daily_snapshot') }}", 'static_parser': 'True', 'introspect': 'True', 'target_path': 'None', 'log_format': 'default', 'send_anonymous_usage_stats': 'True'}
[0m03:34:11.812839 [debug] [MainThread]: Sending event: {'category': 'dbt', 'action': 'project_id', 'label': '44460623-6f9f-41b0-86ce-96608c7d929a', 'context': [<snowplow_tracker.self_describing_json.SelfDescribingJson object at 0x7f4cf14a7710>]}
[0m03:34:11.879383 [debug] [MainThread]: Sending event: {'category': 'dbt', 'action': 'adapter_info', 'label': '44460623-6f9f-41b0-86ce-96608c7d929a', 'context': [<snowplow_tracker.self_describing_json.SelfDescribingJson object at 0x7f4cf2204d40>]}
[0m03:34:11.898603 [info ] [MainThread]: Registered adapter: postgres=1.9.0
[0m03:34:12.002517 [debug] [MainThread]: checksum: c99e828bba267739642b5a3ce85f17518764ea526e0e6c4fdc649171c1a66bff, vars: {}, profile: , target: , version: 1.9.0
[0m03:34:12.483254 [debug] [MainThread]: Partial parsing enabled: 0 files deleted, 0 files added, 0 files changed.
[0m03:34:12.484829 [debug] [MainThread]: Partial parsing enabled, no changes found, skipping parsing
[0m03:34:12.493009 [warn ] [MainThread]: [[33mWARNING[0m]: Configuration paths exist in your dbt_project.yml file which do not apply to any resources.
There are 3 unused configuration paths:
- models.dimensions
- models.facts
- models.staging
[0m03:34:12.567560 [debug] [MainThread]: Sending event: {'category': 'dbt', 'action': 'load_project', 'label': '44460623-6f9f-41b0-86ce-96608c7d929a', 'context': [<snowplow_tracker.self_describing_json.SelfDescribingJson object at 0x7f4cefd3df40>]}
[0m03:34:12.718277 [debug] [MainThread]: Wrote artifact WritableManifest to /usr/app/lab7/target/manifest.json
[0m03:34:12.726058 [debug] [MainThread]: Wrote artifact SemanticManifest to /usr/app/lab7/target/semantic_manifest.json
[0m03:34:12.917149 [debug] [MainThread]: Sending event: {'category': 'dbt', 'action': 'resource_counts', 'label': '44460623-6f9f-41b0-86ce-96608c7d929a', 'context': [<snowplow_tracker.self_describing_json.SelfDescribingJson object at 0x7f4cef7d8b30>]}
[0m03:34:12.918629 [info ] [MainThread]: Found 1 seed, 71 data tests, 11 models, 1 sql operation, 429 macros
[0m03:34:12.919948 [debug] [MainThread]: Sending event: {'category': 'dbt', 'action': 'runnable_timing', 'label': '44460623-6f9f-41b0-86ce-96608c7d929a', 'context': [<snowplow_tracker.self_describing_json.SelfDescribingJson object at 0x7f4cf15428a0>]}
[0m03:34:12.924614 [info ] [MainThread]: 
[0m03:34:12.925968 [info ] [MainThread]: Concurrency: 4 threads (target='dev')
[0m03:34:12.927529 [info ] [MainThread]: 
[0m03:34:12.929149 [debug] [MainThread]: Acquiring new postgres connection 'master'
[0m03:34:12.936961 [debug] [ThreadPool]: Acquiring new postgres connection 'list_lab7_dbt'
[0m03:34:12.983615 [debug] [ThreadPool]: Using postgres connection "list_lab7_dbt"
[0m03:34:12.985179 [debug] [ThreadPool]: On list_lab7_dbt: BEGIN
[0m03:34:12.986566 [debug] [ThreadPool]: Opening a new connection, currently in state init
[0m03:34:12.995080 [debug] [ThreadPool]: SQL status: BEGIN in 0.008 seconds
[0m03:34:12.996439 [debug] [ThreadPool]: Using postgres connection "list_lab7_dbt"
[0m03:34:12.997455 [debug] [ThreadPool]: On list_lab7_dbt: /* {"app": "dbt", "dbt_version": "1.9.0", "profile_name": "lab7", "target_name": "dev", "connection_name": "list_lab7_dbt"} */
select
      'lab7' as database,
      tablename as name,
      schemaname as schema,
      'table' as type
    from pg_tables
    where schemaname ilike 'dbt'
    union all
    select
      'lab7' as database,
      viewname as name,
      schemaname as schema,
      'view' as type
    from pg_views
    where schemaname ilike 'dbt'
    union all
    select
      'lab7' as database,
      matviewname as name,
      schemaname as schema,
      'materialized_view' as type
    from pg_matviews
    where schemaname ilike 'dbt'
  
[0m03:34:13.001922 [debug] [ThreadPool]: SQL status: SELECT 12 in 0.003 seconds
[0m03:34:13.004411 [debug] [ThreadPool]: On list_lab7_dbt: ROLLBACK
[0m03:34:13.005685 [debug] [ThreadPool]: On list_lab7_dbt: Close
[0m03:34:13.014352 [debug] [MainThread]: Using postgres connection "master"
[0m03:34:13.015502 [debug] [MainThread]: On master: BEGIN
[0m03:34:13.016680 [debug] [MainThread]: Opening a new connection, currently in state init
[0m03:34:13.023985 [debug] [MainThread]: SQL status: BEGIN in 0.007 seconds
[0m03:34:13.025350 [debug] [MainThread]: Using postgres connection "master"
[0m03:34:13.026427 [debug] [MainThread]: On master: /* {"app": "dbt", "dbt_version": "1.9.0", "profile_name": "lab7", "target_name": "dev", "connection_name": "master"} */
with relation as (
        select
            pg_rewrite.ev_class as class,
            pg_rewrite.oid as id
        from pg_rewrite
    ),
    class as (
        select
            oid as id,
            relname as name,
            relnamespace as schema,
            relkind as kind
        from pg_class
    ),
    dependency as (
        select distinct
            pg_depend.objid as id,
            pg_depend.refobjid as ref
        from pg_depend
    ),
    schema as (
        select
            pg_namespace.oid as id,
            pg_namespace.nspname as name
        from pg_namespace
        where nspname != 'information_schema' and nspname not like 'pg\_%'
    ),
    referenced as (
        select
            relation.id AS id,
            referenced_class.name ,
            referenced_class.schema ,
            referenced_class.kind
        from relation
        join class as referenced_class on relation.class=referenced_class.id
        where referenced_class.kind in ('r', 'v', 'm')
    ),
    relationships as (
        select
            referenced.name as referenced_name,
            referenced.schema as referenced_schema_id,
            dependent_class.name as dependent_name,
            dependent_class.schema as dependent_schema_id,
            referenced.kind as kind
        from referenced
        join dependency on referenced.id=dependency.id
        join class as dependent_class on dependency.ref=dependent_class.id
        where
            (referenced.name != dependent_class.name or
             referenced.schema != dependent_class.schema)
    )

    select
        referenced_schema.name as referenced_schema,
        relationships.referenced_name as referenced_name,
        dependent_schema.name as dependent_schema,
        relationships.dependent_name as dependent_name
    from relationships
    join schema as dependent_schema on relationships.dependent_schema_id=dependent_schema.id
    join schema as referenced_schema on relationships.referenced_schema_id=referenced_schema.id
    group by referenced_schema, referenced_name, dependent_schema, dependent_name
    order by referenced_schema, referenced_name, dependent_schema, dependent_name;
[0m03:34:13.032371 [debug] [MainThread]: SQL status: SELECT 20 in 0.005 seconds
[0m03:34:13.038934 [debug] [MainThread]: Sending event: {'category': 'dbt', 'action': 'runnable_timing', 'label': '44460623-6f9f-41b0-86ce-96608c7d929a', 'context': [<snowplow_tracker.self_describing_json.SelfDescribingJson object at 0x7f4cf14c7830>]}
[0m03:34:13.040598 [debug] [MainThread]: On master: ROLLBACK
[0m03:34:13.041922 [debug] [MainThread]: On master: Close
[0m03:34:13.047744 [debug] [Thread-1 (]: Began running node sql_operation.lab7.inline_query
[0m03:34:13.049339 [debug] [Thread-1 (]: Re-using an available connection from the pool (formerly list_lab7_dbt, now sql_operation.lab7.inline_query)
[0m03:34:13.050404 [debug] [Thread-1 (]: Began compiling node sql_operation.lab7.inline_query
[0m03:34:13.059839 [debug] [Thread-1 (]: Writing injected SQL for node "sql_operation.lab7.inline_query"
[0m03:34:13.069613 [debug] [Thread-1 (]: Began executing node sql_operation.lab7.inline_query
[0m03:34:13.080313 [debug] [Thread-1 (]: Using postgres connection "sql_operation.lab7.inline_query"
[0m03:34:13.081711 [debug] [Thread-1 (]: On sql_operation.lab7.inline_query: /* {"app": "dbt", "dbt_version": "1.9.0", "profile_name": "lab7", "target_name": "dev", "node_id": "sql_operation.lab7.inline_query"} */

  
  select count(*) as row_count from "lab7"."dbt"."fact_orders_daily_snapshot"
  
  limit 5

[0m03:34:13.082797 [debug] [Thread-1 (]: Opening a new connection, currently in state closed
[0m03:34:13.107235 [debug] [Thread-1 (]: SQL status: SELECT 1 in 0.024 seconds
[0m03:34:13.110766 [debug] [Thread-1 (]: On sql_operation.lab7.inline_query: Close
[0m03:34:13.112585 [debug] [Thread-1 (]: Finished running node sql_operation.lab7.inline_query
[0m03:34:13.115317 [debug] [MainThread]: Connection 'master' was properly closed.
[0m03:34:13.116417 [debug] [MainThread]: Connection 'sql_operation.lab7.inline_query' was properly closed.
[0m03:34:13.117878 [debug] [MainThread]: Command end result
[0m03:34:13.186571 [debug] [MainThread]: Wrote artifact WritableManifest to /usr/app/lab7/target/manifest.json
[0m03:34:13.193837 [debug] [MainThread]: Wrote artifact SemanticManifest to /usr/app/lab7/target/semantic_manifest.json
[0m03:34:13.206034 [debug] [MainThread]: Wrote artifact RunExecutionResult to /usr/app/lab7/target/run_results.json
[0m03:34:13.207458 [info ] [MainThread]: Previewing inline node:
| row_count |
| --------- |
|     39744 |

[0m03:34:13.210001 [debug] [MainThread]: Resource report: {"command_name": "show", "command_success": true, "command_wall_clock_time": 1.7308111, "process_in_blocks": "0", "process_kernel_time": 0.263277, "process_mem_max_rss": "112804", "process_out_blocks": "0", "process_user_time": 2.561888}
[0m03:34:13.214232 [debug] [MainThread]: Command `dbt show` succeeded at 03:34:13.213992 after 1.74 seconds
[0m03:34:13.215866 [debug] [MainThread]: Sending event: {'category': 'dbt', 'action': 'invocation', 'label': 'end', 'context': [<snowplow_tracker.self_describing_json.SelfDescribingJson object at 0x7f4cf2223290>, <snowplow_tracker.self_describing_json.SelfDescribingJson object at 0x7f4cf46edf10>, <snowplow_tracker.self_describing_json.SelfDescribingJson object at 0x7f4cf1a5be00>]}
[0m03:34:13.217265 [debug] [MainThread]: Flushing usage events
[0m03:34:14.286793 [debug] [MainThread]: An error was encountered while trying to flush usage events
[0m03:34:20.646853 [debug] [MainThread]: Sending event: {'category': 'dbt', 'action': 'invocation', 'label': 'start', 'context': [<snowplow_tracker.self_describing_json.SelfDescribingJson object at 0x7f28aa017470>, <snowplow_tracker.self_describing_json.SelfDescribingJson object at 0x7f28a8b005c0>, <snowplow_tracker.self_describing_json.SelfDescribingJson object at 0x7f28a847d400>]}


============================== 03:34:20.651191 | 7d242697-77fe-40d3-8d2b-ed79357e8770 ==============================
[0m03:34:20.651191 [info ] [MainThread]: Running with dbt=1.9.0
[0m03:34:20.652915 [debug] [MainThread]: running dbt with arguments {'printer_width': '80', 'indirect_selection': 'eager', 'write_json': 'True', 'log_cache_events': 'False', 'partial_parse': 'True', 'cache_selected_only': 'False', 'warn_error': 'None', 'debug': 'False', 'version_check': 'True', 'log_path': '/usr/app/lab7/logs', 'fail_fast': 'False', 'profiles_dir': '/root/.dbt', 'use_colors': 'True', 'use_experimental_parser': 'False', 'empty': 'None', 'quiet': 'False', 'no_print': 'None', 'log_format': 'default', 'invocation_command': "dbt show --inline select count(*) as row_count from {{ ref('fact_orders_lifecycle') }}", 'warn_error_options': 'WarnErrorOptions(include=[], exclude=[])', 'static_parser': 'True', 'target_path': 'None', 'introspect': 'True', 'send_anonymous_usage_stats': 'True'}
[0m03:34:20.850010 [debug] [MainThread]: Sending event: {'category': 'dbt', 'action': 'project_id', 'label': '7d242697-77fe-40d3-8d2b-ed79357e8770', 'context': [<snowplow_tracker.self_describing_json.SelfDescribingJson object at 0x7f28a7fd0080>]}
[0m03:34:20.916952 [debug] [MainThread]: Sending event: {'category': 'dbt', 'action': 'adapter_info', 'label': '7d242697-77fe-40d3-8d2b-ed79357e8770', 'context': [<snowplow_tracker.self_describing_json.SelfDescribingJson object at 0x7f28a8364b60>]}
[0m03:34:20.938651 [info ] [MainThread]: Registered adapter: postgres=1.9.0
[0m03:34:21.050603 [debug] [MainThread]: checksum: c99e828bba267739642b5a3ce85f17518764ea526e0e6c4fdc649171c1a66bff, vars: {}, profile: , target: , version: 1.9.0
[0m03:34:21.507796 [debug] [MainThread]: Partial parsing enabled: 0 files deleted, 0 files added, 0 files changed.
[0m03:34:21.509186 [debug] [MainThread]: Partial parsing enabled, no changes found, skipping parsing
[0m03:34:21.517335 [warn ] [MainThread]: [[33mWARNING[0m]: Configuration paths exist in your dbt_project.yml file which do not apply to any resources.
There are 3 unused configuration paths:
- models.dimensions
- models.facts
- models.staging
[0m03:34:21.577258 [debug] [MainThread]: Sending event: {'category': 'dbt', 'action': 'load_project', 'label': '7d242697-77fe-40d3-8d2b-ed79357e8770', 'context': [<snowplow_tracker.self_describing_json.SelfDescribingJson object at 0x7f28a66e5490>]}
[0m03:34:21.741553 [debug] [MainThread]: Wrote artifact WritableManifest to /usr/app/lab7/target/manifest.json
[0m03:34:21.749571 [debug] [MainThread]: Wrote artifact SemanticManifest to /usr/app/lab7/target/semantic_manifest.json
[0m03:34:21.943605 [debug] [MainThread]: Sending event: {'category': 'dbt', 'action': 'resource_counts', 'label': '7d242697-77fe-40d3-8d2b-ed79357e8770', 'context': [<snowplow_tracker.self_describing_json.SelfDescribingJson object at 0x7f28a6690710>]}
[0m03:34:21.944979 [info ] [MainThread]: Found 1 seed, 71 data tests, 11 models, 1 sql operation, 429 macros
[0m03:34:21.946242 [debug] [MainThread]: Sending event: {'category': 'dbt', 'action': 'runnable_timing', 'label': '7d242697-77fe-40d3-8d2b-ed79357e8770', 'context': [<snowplow_tracker.self_describing_json.SelfDescribingJson object at 0x7f28a600fbc0>]}
[0m03:34:21.951370 [info ] [MainThread]: 
[0m03:34:21.952908 [info ] [MainThread]: Concurrency: 4 threads (target='dev')
[0m03:34:21.954253 [info ] [MainThread]: 
[0m03:34:21.956188 [debug] [MainThread]: Acquiring new postgres connection 'master'
[0m03:34:21.964214 [debug] [ThreadPool]: Acquiring new postgres connection 'list_lab7_dbt'
[0m03:34:22.006906 [debug] [ThreadPool]: Using postgres connection "list_lab7_dbt"
[0m03:34:22.008603 [debug] [ThreadPool]: On list_lab7_dbt: BEGIN
[0m03:34:22.010046 [debug] [ThreadPool]: Opening a new connection, currently in state init
[0m03:34:22.018160 [debug] [ThreadPool]: SQL status: BEGIN in 0.008 seconds
[0m03:34:22.019478 [debug] [ThreadPool]: Using postgres connection "list_lab7_dbt"
[0m03:34:22.020508 [debug] [ThreadPool]: On list_lab7_dbt: /* {"app": "dbt", "dbt_version": "1.9.0", "profile_name": "lab7", "target_name": "dev", "connection_name": "list_lab7_dbt"} */
select
      'lab7' as database,
      tablename as name,
      schemaname as schema,
      'table' as type
    from pg_tables
    where schemaname ilike 'dbt'
    union all
    select
      'lab7' as database,
      viewname as name,
      schemaname as schema,
      'view' as type
    from pg_views
    where schemaname ilike 'dbt'
    union all
    select
      'lab7' as database,
      matviewname as name,
      schemaname as schema,
      'materialized_view' as type
    from pg_matviews
    where schemaname ilike 'dbt'
  
[0m03:34:22.024869 [debug] [ThreadPool]: SQL status: SELECT 12 in 0.003 seconds
[0m03:34:22.028270 [debug] [ThreadPool]: On list_lab7_dbt: ROLLBACK
[0m03:34:22.029896 [debug] [ThreadPool]: On list_lab7_dbt: Close
[0m03:34:22.039957 [debug] [MainThread]: Using postgres connection "master"
[0m03:34:22.041590 [debug] [MainThread]: On master: BEGIN
[0m03:34:22.042772 [debug] [MainThread]: Opening a new connection, currently in state init
[0m03:34:22.051110 [debug] [MainThread]: SQL status: BEGIN in 0.008 seconds
[0m03:34:22.053113 [debug] [MainThread]: Using postgres connection "master"
[0m03:34:22.054473 [debug] [MainThread]: On master: /* {"app": "dbt", "dbt_version": "1.9.0", "profile_name": "lab7", "target_name": "dev", "connection_name": "master"} */
with relation as (
        select
            pg_rewrite.ev_class as class,
            pg_rewrite.oid as id
        from pg_rewrite
    ),
    class as (
        select
            oid as id,
            relname as name,
            relnamespace as schema,
            relkind as kind
        from pg_class
    ),
    dependency as (
        select distinct
            pg_depend.objid as id,
            pg_depend.refobjid as ref
        from pg_depend
    ),
    schema as (
        select
            pg_namespace.oid as id,
            pg_namespace.nspname as name
        from pg_namespace
        where nspname != 'information_schema' and nspname not like 'pg\_%'
    ),
    referenced as (
        select
            relation.id AS id,
            referenced_class.name ,
            referenced_class.schema ,
            referenced_class.kind
        from relation
        join class as referenced_class on relation.class=referenced_class.id
        where referenced_class.kind in ('r', 'v', 'm')
    ),
    relationships as (
        select
            referenced.name as referenced_name,
            referenced.schema as referenced_schema_id,
            dependent_class.name as dependent_name,
            dependent_class.schema as dependent_schema_id,
            referenced.kind as kind
        from referenced
        join dependency on referenced.id=dependency.id
        join class as dependent_class on dependency.ref=dependent_class.id
        where
            (referenced.name != dependent_class.name or
             referenced.schema != dependent_class.schema)
    )

    select
        referenced_schema.name as referenced_schema,
        relationships.referenced_name as referenced_name,
        dependent_schema.name as dependent_schema,
        relationships.dependent_name as dependent_name
    from relationships
    join schema as dependent_schema on relationships.dependent_schema_id=dependent_schema.id
    join schema as referenced_schema on relationships.referenced_schema_id=referenced_schema.id
    group by referenced_schema, referenced_name, dependent_schema, dependent_name
    order by referenced_schema, referenced_name, dependent_schema, dependent_name;
[0m03:34:22.061719 [debug] [MainThread]: SQL status: SELECT 20 in 0.006 seconds
[0m03:34:22.069056 [debug] [MainThread]: Sending event: {'category': 'dbt', 'action': 'runnable_timing', 'label': '7d242697-77fe-40d3-8d2b-ed79357e8770', 'context': [<snowplow_tracker.self_describing_json.SelfDescribingJson object at 0x7f28a7ed5880>]}
[0m03:34:22.070657 [debug] [MainThread]: On master: ROLLBACK
[0m03:34:22.072216 [debug] [MainThread]: On master: Close
[0m03:34:22.076799 [debug] [Thread-1 (]: Began running node sql_operation.lab7.inline_query
[0m03:34:22.078858 [debug] [Thread-1 (]: Re-using an available connection from the pool (formerly list_lab7_dbt, now sql_operation.lab7.inline_query)
[0m03:34:22.080175 [debug] [Thread-1 (]: Began compiling node sql_operation.lab7.inline_query
[0m03:34:22.090407 [debug] [Thread-1 (]: Writing injected SQL for node "sql_operation.lab7.inline_query"
[0m03:34:22.101286 [debug] [Thread-1 (]: Began executing node sql_operation.lab7.inline_query
[0m03:34:22.111995 [debug] [Thread-1 (]: Using postgres connection "sql_operation.lab7.inline_query"
[0m03:34:22.113717 [debug] [Thread-1 (]: On sql_operation.lab7.inline_query: /* {"app": "dbt", "dbt_version": "1.9.0", "profile_name": "lab7", "target_name": "dev", "node_id": "sql_operation.lab7.inline_query"} */

  
  select count(*) as row_count from "lab7"."dbt"."fact_orders_lifecycle"
  
  limit 5

[0m03:34:22.114926 [debug] [Thread-1 (]: Opening a new connection, currently in state closed
[0m03:34:22.122666 [debug] [Thread-1 (]: SQL status: SELECT 1 in 0.008 seconds
[0m03:34:22.127576 [debug] [Thread-1 (]: On sql_operation.lab7.inline_query: Close
[0m03:34:22.129976 [debug] [Thread-1 (]: Finished running node sql_operation.lab7.inline_query
[0m03:34:22.134032 [debug] [MainThread]: Connection 'master' was properly closed.
[0m03:34:22.135459 [debug] [MainThread]: Connection 'sql_operation.lab7.inline_query' was properly closed.
[0m03:34:22.137493 [debug] [MainThread]: Command end result
[0m03:34:22.207112 [debug] [MainThread]: Wrote artifact WritableManifest to /usr/app/lab7/target/manifest.json
[0m03:34:22.214876 [debug] [MainThread]: Wrote artifact SemanticManifest to /usr/app/lab7/target/semantic_manifest.json
[0m03:34:22.227658 [debug] [MainThread]: Wrote artifact RunExecutionResult to /usr/app/lab7/target/run_results.json
[0m03:34:22.228911 [info ] [MainThread]: Previewing inline node:
| row_count |
| --------- |
|      2000 |

[0m03:34:22.230979 [debug] [MainThread]: Resource report: {"command_name": "show", "command_success": true, "command_wall_clock_time": 1.712516, "process_in_blocks": "0", "process_kernel_time": 0.266624, "process_mem_max_rss": "110948", "process_out_blocks": "0", "process_user_time": 2.468741}
[0m03:34:22.232302 [debug] [MainThread]: Command `dbt show` succeeded at 03:34:22.232163 after 1.71 seconds
[0m03:34:22.233429 [debug] [MainThread]: Sending event: {'category': 'dbt', 'action': 'invocation', 'label': 'end', 'context': [<snowplow_tracker.self_describing_json.SelfDescribingJson object at 0x7f28a8070260>, <snowplow_tracker.self_describing_json.SelfDescribingJson object at 0x7f28ab75e9f0>, <snowplow_tracker.self_describing_json.SelfDescribingJson object at 0x7f28ab75ea20>]}
[0m03:34:22.234586 [debug] [MainThread]: Flushing usage events
[0m03:34:23.284500 [debug] [MainThread]: An error was encountered while trying to flush usage events
[0m03:38:42.594626 [debug] [MainThread]: Sending event: {'category': 'dbt', 'action': 'invocation', 'label': 'start', 'context': [<snowplow_tracker.self_describing_json.SelfDescribingJson object at 0x7f2cd6c0d7f0>, <snowplow_tracker.self_describing_json.SelfDescribingJson object at 0x7f2cd6d23b30>, <snowplow_tracker.self_describing_json.SelfDescribingJson object at 0x7f2cd6c0c440>]}


============================== 03:38:42.606786 | 323dbf47-d554-413f-91b8-4869a500b53c ==============================
[0m03:38:42.606786 [info ] [MainThread]: Running with dbt=1.9.0
[0m03:38:42.608211 [debug] [MainThread]: running dbt with arguments {'printer_width': '80', 'indirect_selection': 'eager', 'write_json': 'True', 'log_cache_events': 'False', 'partial_parse': 'True', 'cache_selected_only': 'False', 'profiles_dir': '/root/.dbt', 'debug': 'False', 'warn_error': 'None', 'log_path': '/usr/app/lab7/logs', 'fail_fast': 'False', 'version_check': 'True', 'use_colors': 'True', 'use_experimental_parser': 'False', 'empty': 'None', 'quiet': 'False', 'no_print': 'None', 'log_format': 'default', 'introspect': 'True', 'invocation_command': "dbt show --inline \nselect\n    d.full_date as order_date,\n    sum(t.net_amount) as total_revenue\nfrom {{ ref('fact_orders_txn') }} as t\njoin {{ ref('dim_date') }} as d\n    on t.order_date_key = d.date_key\ngroup by d.full_date\norder by d.full_date\n --limit 20", 'static_parser': 'True', 'target_path': 'None', 'warn_error_options': 'WarnErrorOptions(include=[], exclude=[])', 'send_anonymous_usage_stats': 'True'}
[0m03:38:42.820666 [debug] [MainThread]: Sending event: {'category': 'dbt', 'action': 'project_id', 'label': '323dbf47-d554-413f-91b8-4869a500b53c', 'context': [<snowplow_tracker.self_describing_json.SelfDescribingJson object at 0x7f2cd69a5340>]}
[0m03:38:42.887619 [debug] [MainThread]: Sending event: {'category': 'dbt', 'action': 'adapter_info', 'label': '323dbf47-d554-413f-91b8-4869a500b53c', 'context': [<snowplow_tracker.self_describing_json.SelfDescribingJson object at 0x7f2cd4dca780>]}
[0m03:38:42.926568 [info ] [MainThread]: Registered adapter: postgres=1.9.0
[0m03:38:43.029974 [debug] [MainThread]: checksum: c99e828bba267739642b5a3ce85f17518764ea526e0e6c4fdc649171c1a66bff, vars: {}, profile: , target: , version: 1.9.0
[0m03:38:43.578091 [debug] [MainThread]: Partial parsing enabled: 0 files deleted, 0 files added, 0 files changed.
[0m03:38:43.579695 [debug] [MainThread]: Partial parsing enabled, no changes found, skipping parsing
[0m03:38:43.590955 [warn ] [MainThread]: [[33mWARNING[0m]: Configuration paths exist in your dbt_project.yml file which do not apply to any resources.
There are 3 unused configuration paths:
- models.facts
- models.staging
- models.dimensions
[0m03:38:43.668212 [debug] [MainThread]: Sending event: {'category': 'dbt', 'action': 'load_project', 'label': '323dbf47-d554-413f-91b8-4869a500b53c', 'context': [<snowplow_tracker.self_describing_json.SelfDescribingJson object at 0x7f2cd4e55f10>]}
[0m03:38:43.847910 [debug] [MainThread]: Wrote artifact WritableManifest to /usr/app/lab7/target/manifest.json
[0m03:38:43.856881 [debug] [MainThread]: Wrote artifact SemanticManifest to /usr/app/lab7/target/semantic_manifest.json
[0m03:38:44.115498 [debug] [MainThread]: Sending event: {'category': 'dbt', 'action': 'resource_counts', 'label': '323dbf47-d554-413f-91b8-4869a500b53c', 'context': [<snowplow_tracker.self_describing_json.SelfDescribingJson object at 0x7f2cd4e77260>]}
[0m03:38:44.116989 [info ] [MainThread]: Found 1 seed, 71 data tests, 11 models, 1 sql operation, 429 macros
[0m03:38:44.118466 [debug] [MainThread]: Sending event: {'category': 'dbt', 'action': 'runnable_timing', 'label': '323dbf47-d554-413f-91b8-4869a500b53c', 'context': [<snowplow_tracker.self_describing_json.SelfDescribingJson object at 0x7f2cd65d4170>]}
[0m03:38:44.124021 [info ] [MainThread]: 
[0m03:38:44.125625 [info ] [MainThread]: Concurrency: 4 threads (target='dev')
[0m03:38:44.127116 [info ] [MainThread]: 
[0m03:38:44.129150 [debug] [MainThread]: Acquiring new postgres connection 'master'
[0m03:38:44.140980 [debug] [ThreadPool]: Acquiring new postgres connection 'list_lab7_dbt'
[0m03:38:44.249278 [debug] [ThreadPool]: Using postgres connection "list_lab7_dbt"
[0m03:38:44.250664 [debug] [ThreadPool]: On list_lab7_dbt: BEGIN
[0m03:38:44.251677 [debug] [ThreadPool]: Opening a new connection, currently in state init
[0m03:38:44.281441 [debug] [ThreadPool]: SQL status: BEGIN in 0.029 seconds
[0m03:38:44.283031 [debug] [ThreadPool]: Using postgres connection "list_lab7_dbt"
[0m03:38:44.284247 [debug] [ThreadPool]: On list_lab7_dbt: /* {"app": "dbt", "dbt_version": "1.9.0", "profile_name": "lab7", "target_name": "dev", "connection_name": "list_lab7_dbt"} */
select
      'lab7' as database,
      tablename as name,
      schemaname as schema,
      'table' as type
    from pg_tables
    where schemaname ilike 'dbt'
    union all
    select
      'lab7' as database,
      viewname as name,
      schemaname as schema,
      'view' as type
    from pg_views
    where schemaname ilike 'dbt'
    union all
    select
      'lab7' as database,
      matviewname as name,
      schemaname as schema,
      'materialized_view' as type
    from pg_matviews
    where schemaname ilike 'dbt'
  
[0m03:38:44.315928 [debug] [ThreadPool]: SQL status: SELECT 12 in 0.030 seconds
[0m03:38:44.319441 [debug] [ThreadPool]: On list_lab7_dbt: ROLLBACK
[0m03:38:44.321174 [debug] [ThreadPool]: On list_lab7_dbt: Close
[0m03:38:44.333053 [debug] [MainThread]: Using postgres connection "master"
[0m03:38:44.334826 [debug] [MainThread]: On master: BEGIN
[0m03:38:44.336320 [debug] [MainThread]: Opening a new connection, currently in state init
[0m03:38:44.345455 [debug] [MainThread]: SQL status: BEGIN in 0.009 seconds
[0m03:38:44.347239 [debug] [MainThread]: Using postgres connection "master"
[0m03:38:44.348883 [debug] [MainThread]: On master: /* {"app": "dbt", "dbt_version": "1.9.0", "profile_name": "lab7", "target_name": "dev", "connection_name": "master"} */
with relation as (
        select
            pg_rewrite.ev_class as class,
            pg_rewrite.oid as id
        from pg_rewrite
    ),
    class as (
        select
            oid as id,
            relname as name,
            relnamespace as schema,
            relkind as kind
        from pg_class
    ),
    dependency as (
        select distinct
            pg_depend.objid as id,
            pg_depend.refobjid as ref
        from pg_depend
    ),
    schema as (
        select
            pg_namespace.oid as id,
            pg_namespace.nspname as name
        from pg_namespace
        where nspname != 'information_schema' and nspname not like 'pg\_%'
    ),
    referenced as (
        select
            relation.id AS id,
            referenced_class.name ,
            referenced_class.schema ,
            referenced_class.kind
        from relation
        join class as referenced_class on relation.class=referenced_class.id
        where referenced_class.kind in ('r', 'v', 'm')
    ),
    relationships as (
        select
            referenced.name as referenced_name,
            referenced.schema as referenced_schema_id,
            dependent_class.name as dependent_name,
            dependent_class.schema as dependent_schema_id,
            referenced.kind as kind
        from referenced
        join dependency on referenced.id=dependency.id
        join class as dependent_class on dependency.ref=dependent_class.id
        where
            (referenced.name != dependent_class.name or
             referenced.schema != dependent_class.schema)
    )

    select
        referenced_schema.name as referenced_schema,
        relationships.referenced_name as referenced_name,
        dependent_schema.name as dependent_schema,
        relationships.dependent_name as dependent_name
    from relationships
    join schema as dependent_schema on relationships.dependent_schema_id=dependent_schema.id
    join schema as referenced_schema on relationships.referenced_schema_id=referenced_schema.id
    group by referenced_schema, referenced_name, dependent_schema, dependent_name
    order by referenced_schema, referenced_name, dependent_schema, dependent_name;
[0m03:38:44.367115 [debug] [MainThread]: SQL status: SELECT 20 in 0.017 seconds
[0m03:38:44.375722 [debug] [MainThread]: Sending event: {'category': 'dbt', 'action': 'runnable_timing', 'label': '323dbf47-d554-413f-91b8-4869a500b53c', 'context': [<snowplow_tracker.self_describing_json.SelfDescribingJson object at 0x7f2cd65b3770>]}
[0m03:38:44.377427 [debug] [MainThread]: On master: ROLLBACK
[0m03:38:44.379381 [debug] [MainThread]: On master: Close
[0m03:38:44.385144 [debug] [Thread-1 (]: Began running node sql_operation.lab7.inline_query
[0m03:38:44.386916 [debug] [Thread-1 (]: Re-using an available connection from the pool (formerly list_lab7_dbt, now sql_operation.lab7.inline_query)
[0m03:38:44.388194 [debug] [Thread-1 (]: Began compiling node sql_operation.lab7.inline_query
[0m03:38:44.399226 [debug] [Thread-1 (]: Writing injected SQL for node "sql_operation.lab7.inline_query"
[0m03:38:44.409255 [debug] [Thread-1 (]: Began executing node sql_operation.lab7.inline_query
[0m03:38:44.422047 [debug] [Thread-1 (]: Using postgres connection "sql_operation.lab7.inline_query"
[0m03:38:44.423925 [debug] [Thread-1 (]: On sql_operation.lab7.inline_query: /* {"app": "dbt", "dbt_version": "1.9.0", "profile_name": "lab7", "target_name": "dev", "node_id": "sql_operation.lab7.inline_query"} */

  
  
select
    d.full_date as order_date,
    sum(t.net_amount) as total_revenue
from "lab7"."dbt"."fact_orders_txn" as t
join "lab7"."dbt"."dim_date" as d
    on t.order_date_key = d.date_key
group by d.full_date
order by d.full_date
  
  limit 20

[0m03:38:44.425502 [debug] [Thread-1 (]: Opening a new connection, currently in state closed
[0m03:38:44.510926 [debug] [Thread-1 (]: SQL status: SELECT 20 in 0.085 seconds
[0m03:38:44.514861 [debug] [Thread-1 (]: On sql_operation.lab7.inline_query: Close
[0m03:38:44.516810 [debug] [Thread-1 (]: Finished running node sql_operation.lab7.inline_query
[0m03:38:44.520002 [debug] [MainThread]: Connection 'master' was properly closed.
[0m03:38:44.521342 [debug] [MainThread]: Connection 'sql_operation.lab7.inline_query' was properly closed.
[0m03:38:44.523108 [debug] [MainThread]: Command end result
[0m03:38:44.587374 [debug] [MainThread]: Wrote artifact WritableManifest to /usr/app/lab7/target/manifest.json
[0m03:38:44.594898 [debug] [MainThread]: Wrote artifact SemanticManifest to /usr/app/lab7/target/semantic_manifest.json
[0m03:38:44.608265 [debug] [MainThread]: Wrote artifact RunExecutionResult to /usr/app/lab7/target/run_results.json
[0m03:38:44.615452 [info ] [MainThread]: Previewing inline node:
| order_date | total_revenue |
| ---------- | ------------- |
| 2024-01-01 |        309.93 |
| 2024-01-02 |        120.92 |
| 2024-01-03 |        271.83 |
| 2024-01-04 |         53.17 |
| 2024-01-05 |        427.93 |
| 2024-01-06 |          0.00 |
| 2024-01-07 |        495.80 |
| 2024-01-08 |        384.90 |
| 2024-01-09 |        162.41 |
| 2024-01-10 |        129.53 |
| 2024-01-11 |        339.84 |
| 2024-01-12 |        367.21 |
| 2024-01-13 |        104.03 |
| 2024-01-14 |        384.96 |
| 2024-01-15 |        135.86 |
| 2024-01-16 |        219.00 |
| 2024-01-17 |        291.76 |
| 2024-01-18 |        390.18 |
| 2024-01-19 |        154.21 |
| 2024-01-20 |        227.12 |

[0m03:38:44.619840 [debug] [MainThread]: Resource report: {"command_name": "show", "command_success": true, "command_wall_clock_time": 2.1522715, "process_in_blocks": "16", "process_kernel_time": 0.417548, "process_mem_max_rss": "109964", "process_out_blocks": "0", "process_user_time": 2.474738}
[0m03:38:44.621755 [debug] [MainThread]: Command `dbt show` succeeded at 03:38:44.621542 after 2.16 seconds
[0m03:38:44.623213 [debug] [MainThread]: Sending event: {'category': 'dbt', 'action': 'invocation', 'label': 'end', 'context': [<snowplow_tracker.self_describing_json.SelfDescribingJson object at 0x7f2cd891f800>, <snowplow_tracker.self_describing_json.SelfDescribingJson object at 0x7f2cd46d7f20>, <snowplow_tracker.self_describing_json.SelfDescribingJson object at 0x7f2cd66d74a0>]}
[0m03:38:44.624520 [debug] [MainThread]: Flushing usage events
[0m03:38:45.708317 [debug] [MainThread]: An error was encountered while trying to flush usage events
[0m03:40:16.986980 [debug] [MainThread]: Sending event: {'category': 'dbt', 'action': 'invocation', 'label': 'start', 'context': [<snowplow_tracker.self_describing_json.SelfDescribingJson object at 0x7f44ad648fe0>, <snowplow_tracker.self_describing_json.SelfDescribingJson object at 0x7f44af1249e0>, <snowplow_tracker.self_describing_json.SelfDescribingJson object at 0x7f44adcf2810>]}


============================== 03:40:16.991218 | b7c5dd81-2484-4001-9026-6dbccc429eb3 ==============================
[0m03:40:16.991218 [info ] [MainThread]: Running with dbt=1.9.0
[0m03:40:16.992643 [debug] [MainThread]: running dbt with arguments {'printer_width': '80', 'indirect_selection': 'eager', 'log_cache_events': 'False', 'write_json': 'True', 'partial_parse': 'True', 'cache_selected_only': 'False', 'profiles_dir': '/root/.dbt', 'debug': 'False', 'fail_fast': 'False', 'log_path': '/usr/app/lab7/logs', 'version_check': 'True', 'warn_error': 'None', 'use_colors': 'True', 'use_experimental_parser': 'False', 'no_print': 'None', 'quiet': 'False', 'empty': 'None', 'log_format': 'default', 'static_parser': 'True', 'introspect': 'True', 'invocation_command': "dbt show --inline \nselect\n    d.full_date as snapshot_date,\n    sum(s.net_amount) as total_revenue\nfrom {{ ref('fact_orders_daily_snapshot') }} as s\njoin {{ ref('dim_date') }} as d\n    on s.snapshot_date_key = d.date_key\ngroup by d.full_date\norder by d.full_date\n --limit 20", 'target_path': 'None', 'warn_error_options': 'WarnErrorOptions(include=[], exclude=[])', 'send_anonymous_usage_stats': 'True'}
[0m03:40:17.207155 [debug] [MainThread]: Sending event: {'category': 'dbt', 'action': 'project_id', 'label': 'b7c5dd81-2484-4001-9026-6dbccc429eb3', 'context': [<snowplow_tracker.self_describing_json.SelfDescribingJson object at 0x7f44ad485af0>]}
[0m03:40:17.276762 [debug] [MainThread]: Sending event: {'category': 'dbt', 'action': 'adapter_info', 'label': 'b7c5dd81-2484-4001-9026-6dbccc429eb3', 'context': [<snowplow_tracker.self_describing_json.SelfDescribingJson object at 0x7f44adcf35c0>]}
[0m03:40:17.295684 [info ] [MainThread]: Registered adapter: postgres=1.9.0
[0m03:40:17.386125 [debug] [MainThread]: checksum: c99e828bba267739642b5a3ce85f17518764ea526e0e6c4fdc649171c1a66bff, vars: {}, profile: , target: , version: 1.9.0
[0m03:40:17.790134 [debug] [MainThread]: Partial parsing enabled: 0 files deleted, 0 files added, 0 files changed.
[0m03:40:17.791557 [debug] [MainThread]: Partial parsing enabled, no changes found, skipping parsing
[0m03:40:17.799290 [warn ] [MainThread]: [[33mWARNING[0m]: Configuration paths exist in your dbt_project.yml file which do not apply to any resources.
There are 3 unused configuration paths:
- models.facts
- models.staging
- models.dimensions
[0m03:40:17.861721 [debug] [MainThread]: Sending event: {'category': 'dbt', 'action': 'load_project', 'label': 'b7c5dd81-2484-4001-9026-6dbccc429eb3', 'context': [<snowplow_tracker.self_describing_json.SelfDescribingJson object at 0x7f44ab4506e0>]}
[0m03:40:18.002130 [debug] [MainThread]: Wrote artifact WritableManifest to /usr/app/lab7/target/manifest.json
[0m03:40:18.009385 [debug] [MainThread]: Wrote artifact SemanticManifest to /usr/app/lab7/target/semantic_manifest.json
[0m03:40:18.188190 [debug] [MainThread]: Sending event: {'category': 'dbt', 'action': 'resource_counts', 'label': 'b7c5dd81-2484-4001-9026-6dbccc429eb3', 'context': [<snowplow_tracker.self_describing_json.SelfDescribingJson object at 0x7f44ab33ae40>]}
[0m03:40:18.189713 [info ] [MainThread]: Found 1 seed, 71 data tests, 11 models, 1 sql operation, 429 macros
[0m03:40:18.191002 [debug] [MainThread]: Sending event: {'category': 'dbt', 'action': 'runnable_timing', 'label': 'b7c5dd81-2484-4001-9026-6dbccc429eb3', 'context': [<snowplow_tracker.self_describing_json.SelfDescribingJson object at 0x7f44ad5afd70>]}
[0m03:40:18.195471 [info ] [MainThread]: 
[0m03:40:18.196798 [info ] [MainThread]: Concurrency: 4 threads (target='dev')
[0m03:40:18.198310 [info ] [MainThread]: 
[0m03:40:18.200046 [debug] [MainThread]: Acquiring new postgres connection 'master'
[0m03:40:18.207864 [debug] [ThreadPool]: Acquiring new postgres connection 'list_lab7_dbt'
[0m03:40:18.253508 [debug] [ThreadPool]: Using postgres connection "list_lab7_dbt"
[0m03:40:18.255109 [debug] [ThreadPool]: On list_lab7_dbt: BEGIN
[0m03:40:18.256218 [debug] [ThreadPool]: Opening a new connection, currently in state init
[0m03:40:18.265543 [debug] [ThreadPool]: SQL status: BEGIN in 0.009 seconds
[0m03:40:18.266867 [debug] [ThreadPool]: Using postgres connection "list_lab7_dbt"
[0m03:40:18.267869 [debug] [ThreadPool]: On list_lab7_dbt: /* {"app": "dbt", "dbt_version": "1.9.0", "profile_name": "lab7", "target_name": "dev", "connection_name": "list_lab7_dbt"} */
select
      'lab7' as database,
      tablename as name,
      schemaname as schema,
      'table' as type
    from pg_tables
    where schemaname ilike 'dbt'
    union all
    select
      'lab7' as database,
      viewname as name,
      schemaname as schema,
      'view' as type
    from pg_views
    where schemaname ilike 'dbt'
    union all
    select
      'lab7' as database,
      matviewname as name,
      schemaname as schema,
      'materialized_view' as type
    from pg_matviews
    where schemaname ilike 'dbt'
  
[0m03:40:18.272586 [debug] [ThreadPool]: SQL status: SELECT 12 in 0.003 seconds
[0m03:40:18.275503 [debug] [ThreadPool]: On list_lab7_dbt: ROLLBACK
[0m03:40:18.276692 [debug] [ThreadPool]: On list_lab7_dbt: Close
[0m03:40:18.285624 [debug] [MainThread]: Using postgres connection "master"
[0m03:40:18.286946 [debug] [MainThread]: On master: BEGIN
[0m03:40:18.288144 [debug] [MainThread]: Opening a new connection, currently in state init
[0m03:40:18.296282 [debug] [MainThread]: SQL status: BEGIN in 0.008 seconds
[0m03:40:18.297590 [debug] [MainThread]: Using postgres connection "master"
[0m03:40:18.298618 [debug] [MainThread]: On master: /* {"app": "dbt", "dbt_version": "1.9.0", "profile_name": "lab7", "target_name": "dev", "connection_name": "master"} */
with relation as (
        select
            pg_rewrite.ev_class as class,
            pg_rewrite.oid as id
        from pg_rewrite
    ),
    class as (
        select
            oid as id,
            relname as name,
            relnamespace as schema,
            relkind as kind
        from pg_class
    ),
    dependency as (
        select distinct
            pg_depend.objid as id,
            pg_depend.refobjid as ref
        from pg_depend
    ),
    schema as (
        select
            pg_namespace.oid as id,
            pg_namespace.nspname as name
        from pg_namespace
        where nspname != 'information_schema' and nspname not like 'pg\_%'
    ),
    referenced as (
        select
            relation.id AS id,
            referenced_class.name ,
            referenced_class.schema ,
            referenced_class.kind
        from relation
        join class as referenced_class on relation.class=referenced_class.id
        where referenced_class.kind in ('r', 'v', 'm')
    ),
    relationships as (
        select
            referenced.name as referenced_name,
            referenced.schema as referenced_schema_id,
            dependent_class.name as dependent_name,
            dependent_class.schema as dependent_schema_id,
            referenced.kind as kind
        from referenced
        join dependency on referenced.id=dependency.id
        join class as dependent_class on dependency.ref=dependent_class.id
        where
            (referenced.name != dependent_class.name or
             referenced.schema != dependent_class.schema)
    )

    select
        referenced_schema.name as referenced_schema,
        relationships.referenced_name as referenced_name,
        dependent_schema.name as dependent_schema,
        relationships.dependent_name as dependent_name
    from relationships
    join schema as dependent_schema on relationships.dependent_schema_id=dependent_schema.id
    join schema as referenced_schema on relationships.referenced_schema_id=referenced_schema.id
    group by referenced_schema, referenced_name, dependent_schema, dependent_name
    order by referenced_schema, referenced_name, dependent_schema, dependent_name;
[0m03:40:18.305487 [debug] [MainThread]: SQL status: SELECT 20 in 0.006 seconds
[0m03:40:18.311866 [debug] [MainThread]: Sending event: {'category': 'dbt', 'action': 'runnable_timing', 'label': 'b7c5dd81-2484-4001-9026-6dbccc429eb3', 'context': [<snowplow_tracker.self_describing_json.SelfDescribingJson object at 0x7f44ab77fce0>]}
[0m03:40:18.312945 [debug] [MainThread]: On master: ROLLBACK
[0m03:40:18.314144 [debug] [MainThread]: On master: Close
[0m03:40:18.317658 [debug] [Thread-1 (]: Began running node sql_operation.lab7.inline_query
[0m03:40:18.318775 [debug] [Thread-1 (]: Re-using an available connection from the pool (formerly list_lab7_dbt, now sql_operation.lab7.inline_query)
[0m03:40:18.319827 [debug] [Thread-1 (]: Began compiling node sql_operation.lab7.inline_query
[0m03:40:18.329092 [debug] [Thread-1 (]: Writing injected SQL for node "sql_operation.lab7.inline_query"
[0m03:40:18.339021 [debug] [Thread-1 (]: Began executing node sql_operation.lab7.inline_query
[0m03:40:18.347472 [debug] [Thread-1 (]: Using postgres connection "sql_operation.lab7.inline_query"
[0m03:40:18.348824 [debug] [Thread-1 (]: On sql_operation.lab7.inline_query: /* {"app": "dbt", "dbt_version": "1.9.0", "profile_name": "lab7", "target_name": "dev", "node_id": "sql_operation.lab7.inline_query"} */

  
  
select
    d.full_date as snapshot_date,
    sum(s.net_amount) as total_revenue
from "lab7"."dbt"."fact_orders_daily_snapshot" as s
join "lab7"."dbt"."dim_date" as d
    on s.snapshot_date_key = d.date_key
group by d.full_date
order by d.full_date
  
  limit 20

[0m03:40:18.350043 [debug] [Thread-1 (]: Opening a new connection, currently in state closed
[0m03:40:18.422461 [debug] [Thread-1 (]: SQL status: SELECT 20 in 0.072 seconds
[0m03:40:18.426450 [debug] [Thread-1 (]: On sql_operation.lab7.inline_query: Close
[0m03:40:18.428033 [debug] [Thread-1 (]: Finished running node sql_operation.lab7.inline_query
[0m03:40:18.431200 [debug] [MainThread]: Connection 'master' was properly closed.
[0m03:40:18.432258 [debug] [MainThread]: Connection 'sql_operation.lab7.inline_query' was properly closed.
[0m03:40:18.433657 [debug] [MainThread]: Command end result
[0m03:40:18.489544 [debug] [MainThread]: Wrote artifact WritableManifest to /usr/app/lab7/target/manifest.json
[0m03:40:18.496222 [debug] [MainThread]: Wrote artifact SemanticManifest to /usr/app/lab7/target/semantic_manifest.json
[0m03:40:18.507232 [debug] [MainThread]: Wrote artifact RunExecutionResult to /usr/app/lab7/target/run_results.json
[0m03:40:18.509363 [info ] [MainThread]: Previewing inline node:
| snapshot_date | total_revenue |
| ------------- | ------------- |
|    2024-01-01 |        309.93 |
|    2024-01-02 |        120.92 |
|    2024-01-03 |        271.83 |
|    2024-01-04 |         53.17 |
|    2024-01-05 |        427.93 |
|    2024-01-06 |          0.00 |
|    2024-01-07 |        495.80 |
|    2024-01-08 |        384.90 |
|    2024-01-09 |        162.41 |
|    2024-01-10 |        129.53 |
|    2024-01-11 |        339.84 |
|    2024-01-12 |        367.21 |
|    2024-01-13 |        104.03 |
|    2024-01-14 |        384.96 |
|    2024-01-15 |        135.86 |
|    2024-01-16 |        219.00 |
|    2024-01-17 |        291.76 |
|    2024-01-18 |        390.18 |
|    2024-01-19 |        154.21 |
|    2024-01-20 |        227.12 |

[0m03:40:18.511485 [debug] [MainThread]: Resource report: {"command_name": "show", "command_success": true, "command_wall_clock_time": 1.6633174, "process_in_blocks": "0", "process_kernel_time": 0.210932, "process_mem_max_rss": "110964", "process_out_blocks": "0", "process_user_time": 2.3303}
[0m03:40:18.512858 [debug] [MainThread]: Command `dbt show` succeeded at 03:40:18.512700 after 1.66 seconds
[0m03:40:18.514022 [debug] [MainThread]: Sending event: {'category': 'dbt', 'action': 'invocation', 'label': 'end', 'context': [<snowplow_tracker.self_describing_json.SelfDescribingJson object at 0x7f44ad7b5100>, <snowplow_tracker.self_describing_json.SelfDescribingJson object at 0x7f44ad3495b0>, <snowplow_tracker.self_describing_json.SelfDescribingJson object at 0x7f44ad616cc0>]}
[0m03:40:18.515058 [debug] [MainThread]: Flushing usage events
[0m03:40:19.627476 [debug] [MainThread]: An error was encountered while trying to flush usage events
[0m03:40:33.973125 [debug] [MainThread]: Sending event: {'category': 'dbt', 'action': 'invocation', 'label': 'start', 'context': [<snowplow_tracker.self_describing_json.SelfDescribingJson object at 0x7fc520db28d0>, <snowplow_tracker.self_describing_json.SelfDescribingJson object at 0x7fc522240710>, <snowplow_tracker.self_describing_json.SelfDescribingJson object at 0x7fc520db0bc0>]}


============================== 03:40:33.977544 | 6f05d50c-535a-4446-958b-fea046833ca2 ==============================
[0m03:40:33.977544 [info ] [MainThread]: Running with dbt=1.9.0
[0m03:40:33.979009 [debug] [MainThread]: running dbt with arguments {'printer_width': '80', 'indirect_selection': 'eager', 'log_cache_events': 'False', 'write_json': 'True', 'partial_parse': 'True', 'cache_selected_only': 'False', 'warn_error': 'None', 'fail_fast': 'False', 'debug': 'False', 'log_path': '/usr/app/lab7/logs', 'profiles_dir': '/root/.dbt', 'version_check': 'True', 'use_colors': 'True', 'use_experimental_parser': 'False', 'empty': 'None', 'quiet': 'False', 'no_print': 'None', 'log_format': 'default', 'introspect': 'True', 'invocation_command': "dbt show --inline \nselect\n    p.product_code,\n    p.product_name,\n    sum(t.margin_amount) as total_margin\nfrom {{ ref('fact_orders_txn') }} as t\njoin {{ ref('dim_product') }} as p\n    on t.product_key = p.product_key\ngroup by p.product_code, p.product_name\norder by total_margin desc\n --limit 5", 'warn_error_options': 'WarnErrorOptions(include=[], exclude=[])', 'target_path': 'None', 'static_parser': 'True', 'send_anonymous_usage_stats': 'True'}
[0m03:40:34.173422 [debug] [MainThread]: Sending event: {'category': 'dbt', 'action': 'project_id', 'label': '6f05d50c-535a-4446-958b-fea046833ca2', 'context': [<snowplow_tracker.self_describing_json.SelfDescribingJson object at 0x7fc522099070>]}
[0m03:40:34.241160 [debug] [MainThread]: Sending event: {'category': 'dbt', 'action': 'adapter_info', 'label': '6f05d50c-535a-4446-958b-fea046833ca2', 'context': [<snowplow_tracker.self_describing_json.SelfDescribingJson object at 0x7fc520c75940>]}
[0m03:40:34.260403 [info ] [MainThread]: Registered adapter: postgres=1.9.0
[0m03:40:34.344571 [debug] [MainThread]: checksum: c99e828bba267739642b5a3ce85f17518764ea526e0e6c4fdc649171c1a66bff, vars: {}, profile: , target: , version: 1.9.0
[0m03:40:34.734021 [debug] [MainThread]: Partial parsing enabled: 0 files deleted, 0 files added, 0 files changed.
[0m03:40:34.735631 [debug] [MainThread]: Partial parsing enabled, no changes found, skipping parsing
[0m03:40:34.744454 [warn ] [MainThread]: [[33mWARNING[0m]: Configuration paths exist in your dbt_project.yml file which do not apply to any resources.
There are 3 unused configuration paths:
- models.dimensions
- models.facts
- models.staging
[0m03:40:34.836606 [debug] [MainThread]: Sending event: {'category': 'dbt', 'action': 'load_project', 'label': '6f05d50c-535a-4446-958b-fea046833ca2', 'context': [<snowplow_tracker.self_describing_json.SelfDescribingJson object at 0x7fc51e5a01d0>]}
[0m03:40:34.976834 [debug] [MainThread]: Wrote artifact WritableManifest to /usr/app/lab7/target/manifest.json
[0m03:40:34.984403 [debug] [MainThread]: Wrote artifact SemanticManifest to /usr/app/lab7/target/semantic_manifest.json
[0m03:40:35.168619 [debug] [MainThread]: Sending event: {'category': 'dbt', 'action': 'resource_counts', 'label': '6f05d50c-535a-4446-958b-fea046833ca2', 'context': [<snowplow_tracker.self_describing_json.SelfDescribingJson object at 0x7fc51e88f500>]}
[0m03:40:35.169998 [info ] [MainThread]: Found 1 seed, 71 data tests, 11 models, 1 sql operation, 429 macros
[0m03:40:35.171191 [debug] [MainThread]: Sending event: {'category': 'dbt', 'action': 'runnable_timing', 'label': '6f05d50c-535a-4446-958b-fea046833ca2', 'context': [<snowplow_tracker.self_describing_json.SelfDescribingJson object at 0x7fc51e8a6960>]}
[0m03:40:35.176168 [info ] [MainThread]: 
[0m03:40:35.177656 [info ] [MainThread]: Concurrency: 4 threads (target='dev')
[0m03:40:35.178921 [info ] [MainThread]: 
[0m03:40:35.180693 [debug] [MainThread]: Acquiring new postgres connection 'master'
[0m03:40:35.188401 [debug] [ThreadPool]: Acquiring new postgres connection 'list_lab7_dbt'
[0m03:40:35.233689 [debug] [ThreadPool]: Using postgres connection "list_lab7_dbt"
[0m03:40:35.235296 [debug] [ThreadPool]: On list_lab7_dbt: BEGIN
[0m03:40:35.236326 [debug] [ThreadPool]: Opening a new connection, currently in state init
[0m03:40:35.245695 [debug] [ThreadPool]: SQL status: BEGIN in 0.009 seconds
[0m03:40:35.247161 [debug] [ThreadPool]: Using postgres connection "list_lab7_dbt"
[0m03:40:35.248119 [debug] [ThreadPool]: On list_lab7_dbt: /* {"app": "dbt", "dbt_version": "1.9.0", "profile_name": "lab7", "target_name": "dev", "connection_name": "list_lab7_dbt"} */
select
      'lab7' as database,
      tablename as name,
      schemaname as schema,
      'table' as type
    from pg_tables
    where schemaname ilike 'dbt'
    union all
    select
      'lab7' as database,
      viewname as name,
      schemaname as schema,
      'view' as type
    from pg_views
    where schemaname ilike 'dbt'
    union all
    select
      'lab7' as database,
      matviewname as name,
      schemaname as schema,
      'materialized_view' as type
    from pg_matviews
    where schemaname ilike 'dbt'
  
[0m03:40:35.252085 [debug] [ThreadPool]: SQL status: SELECT 12 in 0.003 seconds
[0m03:40:35.254852 [debug] [ThreadPool]: On list_lab7_dbt: ROLLBACK
[0m03:40:35.256167 [debug] [ThreadPool]: On list_lab7_dbt: Close
[0m03:40:35.264537 [debug] [MainThread]: Using postgres connection "master"
[0m03:40:35.265734 [debug] [MainThread]: On master: BEGIN
[0m03:40:35.266810 [debug] [MainThread]: Opening a new connection, currently in state init
[0m03:40:35.274342 [debug] [MainThread]: SQL status: BEGIN in 0.007 seconds
[0m03:40:35.275626 [debug] [MainThread]: Using postgres connection "master"
[0m03:40:35.276830 [debug] [MainThread]: On master: /* {"app": "dbt", "dbt_version": "1.9.0", "profile_name": "lab7", "target_name": "dev", "connection_name": "master"} */
with relation as (
        select
            pg_rewrite.ev_class as class,
            pg_rewrite.oid as id
        from pg_rewrite
    ),
    class as (
        select
            oid as id,
            relname as name,
            relnamespace as schema,
            relkind as kind
        from pg_class
    ),
    dependency as (
        select distinct
            pg_depend.objid as id,
            pg_depend.refobjid as ref
        from pg_depend
    ),
    schema as (
        select
            pg_namespace.oid as id,
            pg_namespace.nspname as name
        from pg_namespace
        where nspname != 'information_schema' and nspname not like 'pg\_%'
    ),
    referenced as (
        select
            relation.id AS id,
            referenced_class.name ,
            referenced_class.schema ,
            referenced_class.kind
        from relation
        join class as referenced_class on relation.class=referenced_class.id
        where referenced_class.kind in ('r', 'v', 'm')
    ),
    relationships as (
        select
            referenced.name as referenced_name,
            referenced.schema as referenced_schema_id,
            dependent_class.name as dependent_name,
            dependent_class.schema as dependent_schema_id,
            referenced.kind as kind
        from referenced
        join dependency on referenced.id=dependency.id
        join class as dependent_class on dependency.ref=dependent_class.id
        where
            (referenced.name != dependent_class.name or
             referenced.schema != dependent_class.schema)
    )

    select
        referenced_schema.name as referenced_schema,
        relationships.referenced_name as referenced_name,
        dependent_schema.name as dependent_schema,
        relationships.dependent_name as dependent_name
    from relationships
    join schema as dependent_schema on relationships.dependent_schema_id=dependent_schema.id
    join schema as referenced_schema on relationships.referenced_schema_id=referenced_schema.id
    group by referenced_schema, referenced_name, dependent_schema, dependent_name
    order by referenced_schema, referenced_name, dependent_schema, dependent_name;
[0m03:40:35.282409 [debug] [MainThread]: SQL status: SELECT 20 in 0.005 seconds
[0m03:40:35.289285 [debug] [MainThread]: Sending event: {'category': 'dbt', 'action': 'runnable_timing', 'label': '6f05d50c-535a-4446-958b-fea046833ca2', 'context': [<snowplow_tracker.self_describing_json.SelfDescribingJson object at 0x7fc51e298d40>]}
[0m03:40:35.290552 [debug] [MainThread]: On master: ROLLBACK
[0m03:40:35.291966 [debug] [MainThread]: On master: Close
[0m03:40:35.297381 [debug] [Thread-1 (]: Began running node sql_operation.lab7.inline_query
[0m03:40:35.298663 [debug] [Thread-1 (]: Re-using an available connection from the pool (formerly list_lab7_dbt, now sql_operation.lab7.inline_query)
[0m03:40:35.299642 [debug] [Thread-1 (]: Began compiling node sql_operation.lab7.inline_query
[0m03:40:35.308364 [debug] [Thread-1 (]: Writing injected SQL for node "sql_operation.lab7.inline_query"
[0m03:40:35.317778 [debug] [Thread-1 (]: Began executing node sql_operation.lab7.inline_query
[0m03:40:35.326729 [debug] [Thread-1 (]: Using postgres connection "sql_operation.lab7.inline_query"
[0m03:40:35.328144 [debug] [Thread-1 (]: On sql_operation.lab7.inline_query: /* {"app": "dbt", "dbt_version": "1.9.0", "profile_name": "lab7", "target_name": "dev", "node_id": "sql_operation.lab7.inline_query"} */

  
  
select
    p.product_code,
    p.product_name,
    sum(t.margin_amount) as total_margin
from "lab7"."dbt"."fact_orders_txn" as t
join "lab7"."dbt"."dim_product" as p
    on t.product_key = p.product_key
group by p.product_code, p.product_name
order by total_margin desc
  
  limit 5

[0m03:40:35.329401 [debug] [Thread-1 (]: Opening a new connection, currently in state closed
[0m03:40:35.389506 [debug] [Thread-1 (]: SQL status: SELECT 5 in 0.060 seconds
[0m03:40:35.393281 [debug] [Thread-1 (]: On sql_operation.lab7.inline_query: Close
[0m03:40:35.395014 [debug] [Thread-1 (]: Finished running node sql_operation.lab7.inline_query
[0m03:40:35.398027 [debug] [MainThread]: Connection 'master' was properly closed.
[0m03:40:35.398879 [debug] [MainThread]: Connection 'sql_operation.lab7.inline_query' was properly closed.
[0m03:40:35.400119 [debug] [MainThread]: Command end result
[0m03:40:35.460430 [debug] [MainThread]: Wrote artifact WritableManifest to /usr/app/lab7/target/manifest.json
[0m03:40:35.467307 [debug] [MainThread]: Wrote artifact SemanticManifest to /usr/app/lab7/target/semantic_manifest.json
[0m03:40:35.479664 [debug] [MainThread]: Wrote artifact RunExecutionResult to /usr/app/lab7/target/run_results.json
[0m03:40:35.481535 [info ] [MainThread]: Previewing inline node:
| product_code | product_name | total_margin |
| ------------ | ------------ | ------------ |
| P004         | Cappuccino   |     5,850.30 |
| P003         | Latte        |     5,539.52 |
| P202         | Cheesecake   |     5,138.94 |
| P005         | Mocha        |     5,074.15 |
| P001         | Espresso     |     4,863.33 |

[0m03:40:35.483856 [debug] [MainThread]: Resource report: {"command_name": "show", "command_success": true, "command_wall_clock_time": 1.6395633, "process_in_blocks": "0", "process_kernel_time": 0.298045, "process_mem_max_rss": "110596", "process_out_blocks": "0", "process_user_time": 2.1956}
[0m03:40:35.485491 [debug] [MainThread]: Command `dbt show` succeeded at 03:40:35.485340 after 1.64 seconds
[0m03:40:35.486703 [debug] [MainThread]: Sending event: {'category': 'dbt', 'action': 'invocation', 'label': 'end', 'context': [<snowplow_tracker.self_describing_json.SelfDescribingJson object at 0x7fc52076a990>, <snowplow_tracker.self_describing_json.SelfDescribingJson object at 0x7fc52076bfe0>, <snowplow_tracker.self_describing_json.SelfDescribingJson object at 0x7fc520ec1fa0>]}
[0m03:40:35.487853 [debug] [MainThread]: Flushing usage events
[0m03:40:36.583561 [debug] [MainThread]: An error was encountered while trying to flush usage events
[0m03:41:29.114626 [debug] [MainThread]: Sending event: {'category': 'dbt', 'action': 'invocation', 'label': 'start', 'context': [<snowplow_tracker.self_describing_json.SelfDescribingJson object at 0x7f749fae36b0>, <snowplow_tracker.self_describing_json.SelfDescribingJson object at 0x7f749dcb8e60>, <snowplow_tracker.self_describing_json.SelfDescribingJson object at 0x7f749dcbbc80>]}


============================== 03:41:29.134458 | 804e2a3e-9944-4097-a2a8-bc6550706563 ==============================
[0m03:41:29.134458 [info ] [MainThread]: Running with dbt=1.9.0
[0m03:41:29.136147 [debug] [MainThread]: running dbt with arguments {'printer_width': '80', 'indirect_selection': 'eager', 'write_json': 'True', 'log_cache_events': 'False', 'partial_parse': 'True', 'cache_selected_only': 'False', 'profiles_dir': '/root/.dbt', 'fail_fast': 'False', 'version_check': 'True', 'log_path': '/usr/app/lab7/logs', 'warn_error': 'None', 'debug': 'False', 'use_colors': 'True', 'use_experimental_parser': 'False', 'empty': 'None', 'quiet': 'False', 'no_print': 'None', 'warn_error_options': 'WarnErrorOptions(include=[], exclude=[])', 'introspect': 'True', 'log_format': 'default', 'invocation_command': "dbt show --inline \nselect\n    avg(days_to_ship)::numeric(10, 4) as avg_days_to_ship,\n    avg(days_to_deliver)::numeric(10, 4) as avg_days_to_deliver,\n    avg(days_ship_to_deliver)::numeric(10, 4)\n        as avg_days_ship_to_deliver\nfrom {{ ref('fact_orders_lifecycle') }}\nwhere days_to_deliver is not null\n", 'target_path': 'None', 'static_parser': 'True', 'send_anonymous_usage_stats': 'True'}
[0m03:41:29.324236 [debug] [MainThread]: Sending event: {'category': 'dbt', 'action': 'project_id', 'label': '804e2a3e-9944-4097-a2a8-bc6550706563', 'context': [<snowplow_tracker.self_describing_json.SelfDescribingJson object at 0x7f749f7cf650>]}
[0m03:41:29.390416 [debug] [MainThread]: Sending event: {'category': 'dbt', 'action': 'adapter_info', 'label': '804e2a3e-9944-4097-a2a8-bc6550706563', 'context': [<snowplow_tracker.self_describing_json.SelfDescribingJson object at 0x7f749e2493a0>]}
[0m03:41:29.409606 [info ] [MainThread]: Registered adapter: postgres=1.9.0
[0m03:41:29.494551 [debug] [MainThread]: checksum: c99e828bba267739642b5a3ce85f17518764ea526e0e6c4fdc649171c1a66bff, vars: {}, profile: , target: , version: 1.9.0
[0m03:41:29.915295 [debug] [MainThread]: Partial parsing enabled: 0 files deleted, 0 files added, 0 files changed.
[0m03:41:29.916860 [debug] [MainThread]: Partial parsing enabled, no changes found, skipping parsing
[0m03:41:29.924472 [warn ] [MainThread]: [[33mWARNING[0m]: Configuration paths exist in your dbt_project.yml file which do not apply to any resources.
There are 3 unused configuration paths:
- models.facts
- models.staging
- models.dimensions
[0m03:41:29.988644 [debug] [MainThread]: Sending event: {'category': 'dbt', 'action': 'load_project', 'label': '804e2a3e-9944-4097-a2a8-bc6550706563', 'context': [<snowplow_tracker.self_describing_json.SelfDescribingJson object at 0x7f749bd07fe0>]}
[0m03:41:30.126760 [debug] [MainThread]: Wrote artifact WritableManifest to /usr/app/lab7/target/manifest.json
[0m03:41:30.133982 [debug] [MainThread]: Wrote artifact SemanticManifest to /usr/app/lab7/target/semantic_manifest.json
[0m03:41:30.325377 [debug] [MainThread]: Sending event: {'category': 'dbt', 'action': 'resource_counts', 'label': '804e2a3e-9944-4097-a2a8-bc6550706563', 'context': [<snowplow_tracker.self_describing_json.SelfDescribingJson object at 0x7f749c1bc680>]}
[0m03:41:30.326991 [info ] [MainThread]: Found 1 seed, 71 data tests, 11 models, 1 sql operation, 429 macros
[0m03:41:30.328453 [debug] [MainThread]: Sending event: {'category': 'dbt', 'action': 'runnable_timing', 'label': '804e2a3e-9944-4097-a2a8-bc6550706563', 'context': [<snowplow_tracker.self_describing_json.SelfDescribingJson object at 0x7f749da515e0>]}
[0m03:41:30.333662 [info ] [MainThread]: 
[0m03:41:30.335270 [info ] [MainThread]: Concurrency: 4 threads (target='dev')
[0m03:41:30.336704 [info ] [MainThread]: 
[0m03:41:30.338422 [debug] [MainThread]: Acquiring new postgres connection 'master'
[0m03:41:30.348089 [debug] [ThreadPool]: Acquiring new postgres connection 'list_lab7_dbt'
[0m03:41:30.391692 [debug] [ThreadPool]: Using postgres connection "list_lab7_dbt"
[0m03:41:30.393155 [debug] [ThreadPool]: On list_lab7_dbt: BEGIN
[0m03:41:30.394350 [debug] [ThreadPool]: Opening a new connection, currently in state init
[0m03:41:30.403056 [debug] [ThreadPool]: SQL status: BEGIN in 0.009 seconds
[0m03:41:30.404537 [debug] [ThreadPool]: Using postgres connection "list_lab7_dbt"
[0m03:41:30.405594 [debug] [ThreadPool]: On list_lab7_dbt: /* {"app": "dbt", "dbt_version": "1.9.0", "profile_name": "lab7", "target_name": "dev", "connection_name": "list_lab7_dbt"} */
select
      'lab7' as database,
      tablename as name,
      schemaname as schema,
      'table' as type
    from pg_tables
    where schemaname ilike 'dbt'
    union all
    select
      'lab7' as database,
      viewname as name,
      schemaname as schema,
      'view' as type
    from pg_views
    where schemaname ilike 'dbt'
    union all
    select
      'lab7' as database,
      matviewname as name,
      schemaname as schema,
      'materialized_view' as type
    from pg_matviews
    where schemaname ilike 'dbt'
  
[0m03:41:30.409719 [debug] [ThreadPool]: SQL status: SELECT 12 in 0.003 seconds
[0m03:41:30.412334 [debug] [ThreadPool]: On list_lab7_dbt: ROLLBACK
[0m03:41:30.413780 [debug] [ThreadPool]: On list_lab7_dbt: Close
[0m03:41:30.423050 [debug] [MainThread]: Using postgres connection "master"
[0m03:41:30.424454 [debug] [MainThread]: On master: BEGIN
[0m03:41:30.425638 [debug] [MainThread]: Opening a new connection, currently in state init
[0m03:41:30.433672 [debug] [MainThread]: SQL status: BEGIN in 0.008 seconds
[0m03:41:30.435128 [debug] [MainThread]: Using postgres connection "master"
[0m03:41:30.436270 [debug] [MainThread]: On master: /* {"app": "dbt", "dbt_version": "1.9.0", "profile_name": "lab7", "target_name": "dev", "connection_name": "master"} */
with relation as (
        select
            pg_rewrite.ev_class as class,
            pg_rewrite.oid as id
        from pg_rewrite
    ),
    class as (
        select
            oid as id,
            relname as name,
            relnamespace as schema,
            relkind as kind
        from pg_class
    ),
    dependency as (
        select distinct
            pg_depend.objid as id,
            pg_depend.refobjid as ref
        from pg_depend
    ),
    schema as (
        select
            pg_namespace.oid as id,
            pg_namespace.nspname as name
        from pg_namespace
        where nspname != 'information_schema' and nspname not like 'pg\_%'
    ),
    referenced as (
        select
            relation.id AS id,
            referenced_class.name ,
            referenced_class.schema ,
            referenced_class.kind
        from relation
        join class as referenced_class on relation.class=referenced_class.id
        where referenced_class.kind in ('r', 'v', 'm')
    ),
    relationships as (
        select
            referenced.name as referenced_name,
            referenced.schema as referenced_schema_id,
            dependent_class.name as dependent_name,
            dependent_class.schema as dependent_schema_id,
            referenced.kind as kind
        from referenced
        join dependency on referenced.id=dependency.id
        join class as dependent_class on dependency.ref=dependent_class.id
        where
            (referenced.name != dependent_class.name or
             referenced.schema != dependent_class.schema)
    )

    select
        referenced_schema.name as referenced_schema,
        relationships.referenced_name as referenced_name,
        dependent_schema.name as dependent_schema,
        relationships.dependent_name as dependent_name
    from relationships
    join schema as dependent_schema on relationships.dependent_schema_id=dependent_schema.id
    join schema as referenced_schema on relationships.referenced_schema_id=referenced_schema.id
    group by referenced_schema, referenced_name, dependent_schema, dependent_name
    order by referenced_schema, referenced_name, dependent_schema, dependent_name;
[0m03:41:30.442340 [debug] [MainThread]: SQL status: SELECT 20 in 0.005 seconds
[0m03:41:30.449119 [debug] [MainThread]: Sending event: {'category': 'dbt', 'action': 'runnable_timing', 'label': '804e2a3e-9944-4097-a2a8-bc6550706563', 'context': [<snowplow_tracker.self_describing_json.SelfDescribingJson object at 0x7f749aee8530>]}
[0m03:41:30.450594 [debug] [MainThread]: On master: ROLLBACK
[0m03:41:30.452057 [debug] [MainThread]: On master: Close
[0m03:41:30.456703 [debug] [Thread-1 (]: Began running node sql_operation.lab7.inline_query
[0m03:41:30.457897 [debug] [Thread-1 (]: Re-using an available connection from the pool (formerly list_lab7_dbt, now sql_operation.lab7.inline_query)
[0m03:41:30.458947 [debug] [Thread-1 (]: Began compiling node sql_operation.lab7.inline_query
[0m03:41:30.467261 [debug] [Thread-1 (]: Writing injected SQL for node "sql_operation.lab7.inline_query"
[0m03:41:30.475956 [debug] [Thread-1 (]: Began executing node sql_operation.lab7.inline_query
[0m03:41:30.484308 [debug] [Thread-1 (]: Using postgres connection "sql_operation.lab7.inline_query"
[0m03:41:30.485662 [debug] [Thread-1 (]: On sql_operation.lab7.inline_query: /* {"app": "dbt", "dbt_version": "1.9.0", "profile_name": "lab7", "target_name": "dev", "node_id": "sql_operation.lab7.inline_query"} */

  
  
select
    avg(days_to_ship)::numeric(10, 4) as avg_days_to_ship,
    avg(days_to_deliver)::numeric(10, 4) as avg_days_to_deliver,
    avg(days_ship_to_deliver)::numeric(10, 4)
        as avg_days_ship_to_deliver
from "lab7"."dbt"."fact_orders_lifecycle"
where days_to_deliver is not null
  
  limit 5

[0m03:41:30.486697 [debug] [Thread-1 (]: Opening a new connection, currently in state closed
[0m03:41:30.513094 [debug] [Thread-1 (]: SQL status: SELECT 1 in 0.026 seconds
[0m03:41:30.516588 [debug] [Thread-1 (]: On sql_operation.lab7.inline_query: Close
[0m03:41:30.518384 [debug] [Thread-1 (]: Finished running node sql_operation.lab7.inline_query
[0m03:41:30.521272 [debug] [MainThread]: Connection 'master' was properly closed.
[0m03:41:30.522696 [debug] [MainThread]: Connection 'sql_operation.lab7.inline_query' was properly closed.
[0m03:41:30.524155 [debug] [MainThread]: Command end result
[0m03:41:30.578365 [debug] [MainThread]: Wrote artifact WritableManifest to /usr/app/lab7/target/manifest.json
[0m03:41:30.597505 [debug] [MainThread]: Wrote artifact SemanticManifest to /usr/app/lab7/target/semantic_manifest.json
[0m03:41:30.608354 [debug] [MainThread]: Wrote artifact RunExecutionResult to /usr/app/lab7/target/run_results.json
[0m03:41:30.610745 [info ] [MainThread]: Previewing inline node:
| avg_days_to_ship | avg_days_to_deliver | avg_days_ship_to_... |
| ---------------- | ------------------- | -------------------- |
|           0.989… |                2.98 |               1.991… |

[0m03:41:30.612978 [debug] [MainThread]: Resource report: {"command_name": "show", "command_success": true, "command_wall_clock_time": 1.6164132, "process_in_blocks": "0", "process_kernel_time": 0.250246, "process_mem_max_rss": "110448", "process_out_blocks": "0", "process_user_time": 2.172137}
[0m03:41:30.614792 [debug] [MainThread]: Command `dbt show` succeeded at 03:41:30.614625 after 1.62 seconds
[0m03:41:30.615919 [debug] [MainThread]: Sending event: {'category': 'dbt', 'action': 'invocation', 'label': 'end', 'context': [<snowplow_tracker.self_describing_json.SelfDescribingJson object at 0x7f749de21b50>, <snowplow_tracker.self_describing_json.SelfDescribingJson object at 0x7f749dc24b90>, <snowplow_tracker.self_describing_json.SelfDescribingJson object at 0x7f749dc24c80>]}
[0m03:41:30.617105 [debug] [MainThread]: Flushing usage events
[0m03:41:31.711740 [debug] [MainThread]: An error was encountered while trying to flush usage events
[0m03:43:53.000739 [debug] [MainThread]: Sending event: {'category': 'dbt', 'action': 'invocation', 'label': 'start', 'context': [<snowplow_tracker.self_describing_json.SelfDescribingJson object at 0x7f0439661f10>, <snowplow_tracker.self_describing_json.SelfDescribingJson object at 0x7f043aace720>, <snowplow_tracker.self_describing_json.SelfDescribingJson object at 0x7f043aa104d0>]}


============================== 03:43:53.006453 | 7f81c765-5ddb-4f4e-bdac-1ac9a6c2a448 ==============================
[0m03:43:53.006453 [info ] [MainThread]: Running with dbt=1.9.0
[0m03:43:53.008438 [debug] [MainThread]: running dbt with arguments {'printer_width': '80', 'indirect_selection': 'eager', 'write_json': 'True', 'log_cache_events': 'False', 'partial_parse': 'True', 'cache_selected_only': 'False', 'warn_error': 'None', 'fail_fast': 'False', 'version_check': 'True', 'log_path': '/usr/app/lab7/logs', 'debug': 'False', 'profiles_dir': '/root/.dbt', 'use_colors': 'True', 'use_experimental_parser': 'False', 'empty': 'None', 'quiet': 'False', 'no_print': 'None', 'warn_error_options': 'WarnErrorOptions(include=[], exclude=[])', 'static_parser': 'True', 'log_format': 'default', 'invocation_command': "dbt show --inline \nselect\n    pm.payment_method,\n    sum(t.net_amount) as revenue\nfrom {{ ref('fact_orders_txn') }} as t\njoin {{ ref('dim_payment_method') }} as pm\n    on t.payment_method_key = pm.payment_method_key\ngroup by pm.payment_method\norder by revenue desc\n", 'target_path': 'None', 'introspect': 'True', 'send_anonymous_usage_stats': 'True'}
[0m03:43:53.214814 [debug] [MainThread]: Sending event: {'category': 'dbt', 'action': 'project_id', 'label': '7f81c765-5ddb-4f4e-bdac-1ac9a6c2a448', 'context': [<snowplow_tracker.self_describing_json.SelfDescribingJson object at 0x7f0438a5cf20>]}
[0m03:43:53.288387 [debug] [MainThread]: Sending event: {'category': 'dbt', 'action': 'adapter_info', 'label': '7f81c765-5ddb-4f4e-bdac-1ac9a6c2a448', 'context': [<snowplow_tracker.self_describing_json.SelfDescribingJson object at 0x7f0438cfd280>]}
[0m03:43:53.309574 [info ] [MainThread]: Registered adapter: postgres=1.9.0
[0m03:43:53.397192 [debug] [MainThread]: checksum: c99e828bba267739642b5a3ce85f17518764ea526e0e6c4fdc649171c1a66bff, vars: {}, profile: , target: , version: 1.9.0
[0m03:43:53.806101 [debug] [MainThread]: Partial parsing enabled: 0 files deleted, 0 files added, 0 files changed.
[0m03:43:53.807529 [debug] [MainThread]: Partial parsing enabled, no changes found, skipping parsing
[0m03:43:53.814935 [warn ] [MainThread]: [[33mWARNING[0m]: Configuration paths exist in your dbt_project.yml file which do not apply to any resources.
There are 3 unused configuration paths:
- models.staging
- models.facts
- models.dimensions
[0m03:43:53.876488 [debug] [MainThread]: Sending event: {'category': 'dbt', 'action': 'load_project', 'label': '7f81c765-5ddb-4f4e-bdac-1ac9a6c2a448', 'context': [<snowplow_tracker.self_describing_json.SelfDescribingJson object at 0x7f043706fe30>]}
[0m03:43:54.016135 [debug] [MainThread]: Wrote artifact WritableManifest to /usr/app/lab7/target/manifest.json
[0m03:43:54.024033 [debug] [MainThread]: Wrote artifact SemanticManifest to /usr/app/lab7/target/semantic_manifest.json
[0m03:43:54.201601 [debug] [MainThread]: Sending event: {'category': 'dbt', 'action': 'resource_counts', 'label': '7f81c765-5ddb-4f4e-bdac-1ac9a6c2a448', 'context': [<snowplow_tracker.self_describing_json.SelfDescribingJson object at 0x7f0436c187d0>]}
[0m03:43:54.202903 [info ] [MainThread]: Found 1 seed, 71 data tests, 11 models, 1 sql operation, 429 macros
[0m03:43:54.204177 [debug] [MainThread]: Sending event: {'category': 'dbt', 'action': 'runnable_timing', 'label': '7f81c765-5ddb-4f4e-bdac-1ac9a6c2a448', 'context': [<snowplow_tracker.self_describing_json.SelfDescribingJson object at 0x7f043720d730>]}
[0m03:43:54.208877 [info ] [MainThread]: 
[0m03:43:54.210300 [info ] [MainThread]: Concurrency: 4 threads (target='dev')
[0m03:43:54.211747 [info ] [MainThread]: 
[0m03:43:54.214211 [debug] [MainThread]: Acquiring new postgres connection 'master'
[0m03:43:54.224114 [debug] [ThreadPool]: Acquiring new postgres connection 'list_lab7_dbt'
[0m03:43:54.277354 [debug] [ThreadPool]: Using postgres connection "list_lab7_dbt"
[0m03:43:54.278712 [debug] [ThreadPool]: On list_lab7_dbt: BEGIN
[0m03:43:54.279882 [debug] [ThreadPool]: Opening a new connection, currently in state init
[0m03:43:54.289518 [debug] [ThreadPool]: SQL status: BEGIN in 0.010 seconds
[0m03:43:54.290918 [debug] [ThreadPool]: Using postgres connection "list_lab7_dbt"
[0m03:43:54.292007 [debug] [ThreadPool]: On list_lab7_dbt: /* {"app": "dbt", "dbt_version": "1.9.0", "profile_name": "lab7", "target_name": "dev", "connection_name": "list_lab7_dbt"} */
select
      'lab7' as database,
      tablename as name,
      schemaname as schema,
      'table' as type
    from pg_tables
    where schemaname ilike 'dbt'
    union all
    select
      'lab7' as database,
      viewname as name,
      schemaname as schema,
      'view' as type
    from pg_views
    where schemaname ilike 'dbt'
    union all
    select
      'lab7' as database,
      matviewname as name,
      schemaname as schema,
      'materialized_view' as type
    from pg_matviews
    where schemaname ilike 'dbt'
  
[0m03:43:54.296285 [debug] [ThreadPool]: SQL status: SELECT 12 in 0.003 seconds
[0m03:43:54.298918 [debug] [ThreadPool]: On list_lab7_dbt: ROLLBACK
[0m03:43:54.300306 [debug] [ThreadPool]: On list_lab7_dbt: Close
[0m03:43:54.309197 [debug] [MainThread]: Using postgres connection "master"
[0m03:43:54.310475 [debug] [MainThread]: On master: BEGIN
[0m03:43:54.311524 [debug] [MainThread]: Opening a new connection, currently in state init
[0m03:43:54.318631 [debug] [MainThread]: SQL status: BEGIN in 0.007 seconds
[0m03:43:54.320049 [debug] [MainThread]: Using postgres connection "master"
[0m03:43:54.321179 [debug] [MainThread]: On master: /* {"app": "dbt", "dbt_version": "1.9.0", "profile_name": "lab7", "target_name": "dev", "connection_name": "master"} */
with relation as (
        select
            pg_rewrite.ev_class as class,
            pg_rewrite.oid as id
        from pg_rewrite
    ),
    class as (
        select
            oid as id,
            relname as name,
            relnamespace as schema,
            relkind as kind
        from pg_class
    ),
    dependency as (
        select distinct
            pg_depend.objid as id,
            pg_depend.refobjid as ref
        from pg_depend
    ),
    schema as (
        select
            pg_namespace.oid as id,
            pg_namespace.nspname as name
        from pg_namespace
        where nspname != 'information_schema' and nspname not like 'pg\_%'
    ),
    referenced as (
        select
            relation.id AS id,
            referenced_class.name ,
            referenced_class.schema ,
            referenced_class.kind
        from relation
        join class as referenced_class on relation.class=referenced_class.id
        where referenced_class.kind in ('r', 'v', 'm')
    ),
    relationships as (
        select
            referenced.name as referenced_name,
            referenced.schema as referenced_schema_id,
            dependent_class.name as dependent_name,
            dependent_class.schema as dependent_schema_id,
            referenced.kind as kind
        from referenced
        join dependency on referenced.id=dependency.id
        join class as dependent_class on dependency.ref=dependent_class.id
        where
            (referenced.name != dependent_class.name or
             referenced.schema != dependent_class.schema)
    )

    select
        referenced_schema.name as referenced_schema,
        relationships.referenced_name as referenced_name,
        dependent_schema.name as dependent_schema,
        relationships.dependent_name as dependent_name
    from relationships
    join schema as dependent_schema on relationships.dependent_schema_id=dependent_schema.id
    join schema as referenced_schema on relationships.referenced_schema_id=referenced_schema.id
    group by referenced_schema, referenced_name, dependent_schema, dependent_name
    order by referenced_schema, referenced_name, dependent_schema, dependent_name;
[0m03:43:54.326651 [debug] [MainThread]: SQL status: SELECT 20 in 0.004 seconds
[0m03:43:54.333253 [debug] [MainThread]: Sending event: {'category': 'dbt', 'action': 'runnable_timing', 'label': '7f81c765-5ddb-4f4e-bdac-1ac9a6c2a448', 'context': [<snowplow_tracker.self_describing_json.SelfDescribingJson object at 0x7f043602f560>]}
[0m03:43:54.334687 [debug] [MainThread]: On master: ROLLBACK
[0m03:43:54.335854 [debug] [MainThread]: On master: Close
[0m03:43:54.339634 [debug] [Thread-1 (]: Began running node sql_operation.lab7.inline_query
[0m03:43:54.340916 [debug] [Thread-1 (]: Re-using an available connection from the pool (formerly list_lab7_dbt, now sql_operation.lab7.inline_query)
[0m03:43:54.341955 [debug] [Thread-1 (]: Began compiling node sql_operation.lab7.inline_query
[0m03:43:54.351528 [debug] [Thread-1 (]: Writing injected SQL for node "sql_operation.lab7.inline_query"
[0m03:43:54.360831 [debug] [Thread-1 (]: Began executing node sql_operation.lab7.inline_query
[0m03:43:54.369482 [debug] [Thread-1 (]: Using postgres connection "sql_operation.lab7.inline_query"
[0m03:43:54.370853 [debug] [Thread-1 (]: On sql_operation.lab7.inline_query: /* {"app": "dbt", "dbt_version": "1.9.0", "profile_name": "lab7", "target_name": "dev", "node_id": "sql_operation.lab7.inline_query"} */

  
  
select
    pm.payment_method,
    sum(t.net_amount) as revenue
from "lab7"."dbt"."fact_orders_txn" as t
join "lab7"."dbt"."dim_payment_method" as pm
    on t.payment_method_key = pm.payment_method_key
group by pm.payment_method
order by revenue desc
  
  limit 5

[0m03:43:54.371991 [debug] [Thread-1 (]: Opening a new connection, currently in state closed
[0m03:43:54.415184 [debug] [Thread-1 (]: SQL status: SELECT 4 in 0.043 seconds
[0m03:43:54.418731 [debug] [Thread-1 (]: On sql_operation.lab7.inline_query: Close
[0m03:43:54.420374 [debug] [Thread-1 (]: Finished running node sql_operation.lab7.inline_query
[0m03:43:54.423214 [debug] [MainThread]: Connection 'master' was properly closed.
[0m03:43:54.424271 [debug] [MainThread]: Connection 'sql_operation.lab7.inline_query' was properly closed.
[0m03:43:54.425623 [debug] [MainThread]: Command end result
[0m03:43:54.486902 [debug] [MainThread]: Wrote artifact WritableManifest to /usr/app/lab7/target/manifest.json
[0m03:43:54.493438 [debug] [MainThread]: Wrote artifact SemanticManifest to /usr/app/lab7/target/semantic_manifest.json
[0m03:43:54.505143 [debug] [MainThread]: Wrote artifact RunExecutionResult to /usr/app/lab7/target/run_results.json
[0m03:43:54.507846 [info ] [MainThread]: Previewing inline node:
| payment_method |   revenue |
| -------------- | --------- |
| QR PromptPay   | 49,042.75 |
| Mobile Wallet  | 47,088.88 |
| Cash           | 45,047.18 |
| Credit Card    | 42,734.80 |

[0m03:43:54.509853 [debug] [MainThread]: Resource report: {"command_name": "show", "command_success": true, "command_wall_clock_time": 1.6356983, "process_in_blocks": "0", "process_kernel_time": 0.249535, "process_mem_max_rss": "110700", "process_out_blocks": "0", "process_user_time": 2.23584}
[0m03:43:54.511264 [debug] [MainThread]: Command `dbt show` succeeded at 03:43:54.511091 after 1.64 seconds
[0m03:43:54.512630 [debug] [MainThread]: Sending event: {'category': 'dbt', 'action': 'invocation', 'label': 'end', 'context': [<snowplow_tracker.self_describing_json.SelfDescribingJson object at 0x7f04395520c0>, <snowplow_tracker.self_describing_json.SelfDescribingJson object at 0x7f043a782a50>, <snowplow_tracker.self_describing_json.SelfDescribingJson object at 0x7f0438a12990>]}
[0m03:43:54.514054 [debug] [MainThread]: Flushing usage events
[0m03:43:55.576314 [debug] [MainThread]: An error was encountered while trying to flush usage events
[0m03:44:44.854078 [debug] [MainThread]: Sending event: {'category': 'dbt', 'action': 'invocation', 'label': 'start', 'context': [<snowplow_tracker.self_describing_json.SelfDescribingJson object at 0x7fd5ae4c62d0>, <snowplow_tracker.self_describing_json.SelfDescribingJson object at 0x7fd5ac82dc10>, <snowplow_tracker.self_describing_json.SelfDescribingJson object at 0x7fd5ac69af30>]}


============================== 03:44:44.859180 | 71275876-0c2c-40f5-b980-50dacc158761 ==============================
[0m03:44:44.859180 [info ] [MainThread]: Running with dbt=1.9.0
[0m03:44:44.861531 [debug] [MainThread]: running dbt with arguments {'printer_width': '80', 'indirect_selection': 'eager', 'log_cache_events': 'False', 'write_json': 'True', 'partial_parse': 'True', 'cache_selected_only': 'False', 'warn_error': 'None', 'debug': 'False', 'fail_fast': 'False', 'log_path': '/usr/app/lab7/logs', 'profiles_dir': '/root/.dbt', 'version_check': 'True', 'use_colors': 'True', 'use_experimental_parser': 'False', 'empty': 'None', 'quiet': 'False', 'no_print': 'None', 'warn_error_options': 'WarnErrorOptions(include=[], exclude=[])', 'introspect': 'True', 'invocation_command': "dbt show --inline \nselect\n    100.0\n    * sum(case when os.status = 'CANCELLED' then 1 else 0 end)\n    / count(*) as cancel_rate_pct\nfrom {{ ref('fact_orders_txn') }} as t\njoin {{ ref('dim_order_status') }} as os\n    on t.status_key = os.status_key\n", 'log_format': 'default', 'target_path': 'None', 'static_parser': 'True', 'send_anonymous_usage_stats': 'True'}
[0m03:44:45.053616 [debug] [MainThread]: Sending event: {'category': 'dbt', 'action': 'project_id', 'label': '71275876-0c2c-40f5-b980-50dacc158761', 'context': [<snowplow_tracker.self_describing_json.SelfDescribingJson object at 0x7fd5ae37b3e0>]}
[0m03:44:45.122483 [debug] [MainThread]: Sending event: {'category': 'dbt', 'action': 'adapter_info', 'label': '71275876-0c2c-40f5-b980-50dacc158761', 'context': [<snowplow_tracker.self_describing_json.SelfDescribingJson object at 0x7fd5ac655190>]}
[0m03:44:45.142471 [info ] [MainThread]: Registered adapter: postgres=1.9.0
[0m03:44:45.235269 [debug] [MainThread]: checksum: c99e828bba267739642b5a3ce85f17518764ea526e0e6c4fdc649171c1a66bff, vars: {}, profile: , target: , version: 1.9.0
[0m03:44:45.638632 [debug] [MainThread]: Partial parsing enabled: 0 files deleted, 0 files added, 0 files changed.
[0m03:44:45.640219 [debug] [MainThread]: Partial parsing enabled, no changes found, skipping parsing
[0m03:44:45.647952 [warn ] [MainThread]: [[33mWARNING[0m]: Configuration paths exist in your dbt_project.yml file which do not apply to any resources.
There are 3 unused configuration paths:
- models.facts
- models.dimensions
- models.staging
[0m03:44:45.714996 [debug] [MainThread]: Sending event: {'category': 'dbt', 'action': 'load_project', 'label': '71275876-0c2c-40f5-b980-50dacc158761', 'context': [<snowplow_tracker.self_describing_json.SelfDescribingJson object at 0x7fd5ac5e5730>]}
[0m03:44:45.852304 [debug] [MainThread]: Wrote artifact WritableManifest to /usr/app/lab7/target/manifest.json
[0m03:44:45.860182 [debug] [MainThread]: Wrote artifact SemanticManifest to /usr/app/lab7/target/semantic_manifest.json
[0m03:44:46.044131 [debug] [MainThread]: Sending event: {'category': 'dbt', 'action': 'resource_counts', 'label': '71275876-0c2c-40f5-b980-50dacc158761', 'context': [<snowplow_tracker.self_describing_json.SelfDescribingJson object at 0x7fd5ac5261b0>]}
[0m03:44:46.045590 [info ] [MainThread]: Found 1 seed, 71 data tests, 11 models, 1 sql operation, 429 macros
[0m03:44:46.046830 [debug] [MainThread]: Sending event: {'category': 'dbt', 'action': 'runnable_timing', 'label': '71275876-0c2c-40f5-b980-50dacc158761', 'context': [<snowplow_tracker.self_describing_json.SelfDescribingJson object at 0x7fd5ac559310>]}
[0m03:44:46.051610 [info ] [MainThread]: 
[0m03:44:46.053145 [info ] [MainThread]: Concurrency: 4 threads (target='dev')
[0m03:44:46.054460 [info ] [MainThread]: 
[0m03:44:46.056221 [debug] [MainThread]: Acquiring new postgres connection 'master'
[0m03:44:46.064752 [debug] [ThreadPool]: Acquiring new postgres connection 'list_lab7_dbt'
[0m03:44:46.111390 [debug] [ThreadPool]: Using postgres connection "list_lab7_dbt"
[0m03:44:46.112838 [debug] [ThreadPool]: On list_lab7_dbt: BEGIN
[0m03:44:46.113938 [debug] [ThreadPool]: Opening a new connection, currently in state init
[0m03:44:46.122585 [debug] [ThreadPool]: SQL status: BEGIN in 0.009 seconds
[0m03:44:46.123942 [debug] [ThreadPool]: Using postgres connection "list_lab7_dbt"
[0m03:44:46.124851 [debug] [ThreadPool]: On list_lab7_dbt: /* {"app": "dbt", "dbt_version": "1.9.0", "profile_name": "lab7", "target_name": "dev", "connection_name": "list_lab7_dbt"} */
select
      'lab7' as database,
      tablename as name,
      schemaname as schema,
      'table' as type
    from pg_tables
    where schemaname ilike 'dbt'
    union all
    select
      'lab7' as database,
      viewname as name,
      schemaname as schema,
      'view' as type
    from pg_views
    where schemaname ilike 'dbt'
    union all
    select
      'lab7' as database,
      matviewname as name,
      schemaname as schema,
      'materialized_view' as type
    from pg_matviews
    where schemaname ilike 'dbt'
  
[0m03:44:46.128231 [debug] [ThreadPool]: SQL status: SELECT 12 in 0.002 seconds
[0m03:44:46.131224 [debug] [ThreadPool]: On list_lab7_dbt: ROLLBACK
[0m03:44:46.132475 [debug] [ThreadPool]: On list_lab7_dbt: Close
[0m03:44:46.144077 [debug] [MainThread]: Using postgres connection "master"
[0m03:44:46.145690 [debug] [MainThread]: On master: BEGIN
[0m03:44:46.146870 [debug] [MainThread]: Opening a new connection, currently in state init
[0m03:44:46.154774 [debug] [MainThread]: SQL status: BEGIN in 0.008 seconds
[0m03:44:46.156277 [debug] [MainThread]: Using postgres connection "master"
[0m03:44:46.157437 [debug] [MainThread]: On master: /* {"app": "dbt", "dbt_version": "1.9.0", "profile_name": "lab7", "target_name": "dev", "connection_name": "master"} */
with relation as (
        select
            pg_rewrite.ev_class as class,
            pg_rewrite.oid as id
        from pg_rewrite
    ),
    class as (
        select
            oid as id,
            relname as name,
            relnamespace as schema,
            relkind as kind
        from pg_class
    ),
    dependency as (
        select distinct
            pg_depend.objid as id,
            pg_depend.refobjid as ref
        from pg_depend
    ),
    schema as (
        select
            pg_namespace.oid as id,
            pg_namespace.nspname as name
        from pg_namespace
        where nspname != 'information_schema' and nspname not like 'pg\_%'
    ),
    referenced as (
        select
            relation.id AS id,
            referenced_class.name ,
            referenced_class.schema ,
            referenced_class.kind
        from relation
        join class as referenced_class on relation.class=referenced_class.id
        where referenced_class.kind in ('r', 'v', 'm')
    ),
    relationships as (
        select
            referenced.name as referenced_name,
            referenced.schema as referenced_schema_id,
            dependent_class.name as dependent_name,
            dependent_class.schema as dependent_schema_id,
            referenced.kind as kind
        from referenced
        join dependency on referenced.id=dependency.id
        join class as dependent_class on dependency.ref=dependent_class.id
        where
            (referenced.name != dependent_class.name or
             referenced.schema != dependent_class.schema)
    )

    select
        referenced_schema.name as referenced_schema,
        relationships.referenced_name as referenced_name,
        dependent_schema.name as dependent_schema,
        relationships.dependent_name as dependent_name
    from relationships
    join schema as dependent_schema on relationships.dependent_schema_id=dependent_schema.id
    join schema as referenced_schema on relationships.referenced_schema_id=referenced_schema.id
    group by referenced_schema, referenced_name, dependent_schema, dependent_name
    order by referenced_schema, referenced_name, dependent_schema, dependent_name;
[0m03:44:46.164160 [debug] [MainThread]: SQL status: SELECT 20 in 0.005 seconds
[0m03:44:46.170868 [debug] [MainThread]: Sending event: {'category': 'dbt', 'action': 'runnable_timing', 'label': '71275876-0c2c-40f5-b980-50dacc158761', 'context': [<snowplow_tracker.self_describing_json.SelfDescribingJson object at 0x7fd5ae424140>]}
[0m03:44:46.172391 [debug] [MainThread]: On master: ROLLBACK
[0m03:44:46.174077 [debug] [MainThread]: On master: Close
[0m03:44:46.179359 [debug] [Thread-1 (]: Began running node sql_operation.lab7.inline_query
[0m03:44:46.180807 [debug] [Thread-1 (]: Re-using an available connection from the pool (formerly list_lab7_dbt, now sql_operation.lab7.inline_query)
[0m03:44:46.181849 [debug] [Thread-1 (]: Began compiling node sql_operation.lab7.inline_query
[0m03:44:46.191016 [debug] [Thread-1 (]: Writing injected SQL for node "sql_operation.lab7.inline_query"
[0m03:44:46.198702 [debug] [Thread-1 (]: Began executing node sql_operation.lab7.inline_query
[0m03:44:46.209047 [debug] [Thread-1 (]: Using postgres connection "sql_operation.lab7.inline_query"
[0m03:44:46.210394 [debug] [Thread-1 (]: On sql_operation.lab7.inline_query: /* {"app": "dbt", "dbt_version": "1.9.0", "profile_name": "lab7", "target_name": "dev", "node_id": "sql_operation.lab7.inline_query"} */

  
  
select
    100.0
    * sum(case when os.status = 'CANCELLED' then 1 else 0 end)
    / count(*) as cancel_rate_pct
from "lab7"."dbt"."fact_orders_txn" as t
join "lab7"."dbt"."dim_order_status" as os
    on t.status_key = os.status_key
  
  limit 5

[0m03:44:46.211472 [debug] [Thread-1 (]: Opening a new connection, currently in state closed
[0m03:44:46.258694 [debug] [Thread-1 (]: SQL status: SELECT 1 in 0.047 seconds
[0m03:44:46.262194 [debug] [Thread-1 (]: On sql_operation.lab7.inline_query: Close
[0m03:44:46.263794 [debug] [Thread-1 (]: Finished running node sql_operation.lab7.inline_query
[0m03:44:46.266380 [debug] [MainThread]: Connection 'master' was properly closed.
[0m03:44:46.267605 [debug] [MainThread]: Connection 'sql_operation.lab7.inline_query' was properly closed.
[0m03:44:46.269115 [debug] [MainThread]: Command end result
[0m03:44:46.325804 [debug] [MainThread]: Wrote artifact WritableManifest to /usr/app/lab7/target/manifest.json
[0m03:44:46.332206 [debug] [MainThread]: Wrote artifact SemanticManifest to /usr/app/lab7/target/semantic_manifest.json
[0m03:44:46.344670 [debug] [MainThread]: Wrote artifact RunExecutionResult to /usr/app/lab7/target/run_results.json
[0m03:44:46.346537 [info ] [MainThread]: Previewing inline node:
| cancel_rate_pct |
| --------------- |
|            8.65 |

[0m03:44:46.348519 [debug] [MainThread]: Resource report: {"command_name": "show", "command_success": true, "command_wall_clock_time": 1.6189619, "process_in_blocks": "0", "process_kernel_time": 0.190811, "process_mem_max_rss": "110812", "process_out_blocks": "0", "process_user_time": 2.309826}
[0m03:44:46.350037 [debug] [MainThread]: Command `dbt show` succeeded at 03:44:46.349826 after 1.62 seconds
[0m03:44:46.352161 [debug] [MainThread]: Sending event: {'category': 'dbt', 'action': 'invocation', 'label': 'end', 'context': [<snowplow_tracker.self_describing_json.SelfDescribingJson object at 0x7fd5ac69af30>, <snowplow_tracker.self_describing_json.SelfDescribingJson object at 0x7fd5ac82dc10>, <snowplow_tracker.self_describing_json.SelfDescribingJson object at 0x7fd5ac6f4f80>]}
[0m03:44:46.353501 [debug] [MainThread]: Flushing usage events
[0m03:44:47.609383 [debug] [MainThread]: An error was encountered while trying to flush usage events
[0m03:45:51.311796 [debug] [MainThread]: Sending event: {'category': 'dbt', 'action': 'invocation', 'label': 'start', 'context': [<snowplow_tracker.self_describing_json.SelfDescribingJson object at 0x7fc29fa46000>, <snowplow_tracker.self_describing_json.SelfDescribingJson object at 0x7fc29ef9b9e0>, <snowplow_tracker.self_describing_json.SelfDescribingJson object at 0x7fc29e961ac0>]}


============================== 03:45:51.315984 | 95a18925-4aa2-43ee-9a11-584fc1914472 ==============================
[0m03:45:51.315984 [info ] [MainThread]: Running with dbt=1.9.0
[0m03:45:51.317476 [debug] [MainThread]: running dbt with arguments {'printer_width': '80', 'indirect_selection': 'eager', 'write_json': 'True', 'log_cache_events': 'False', 'partial_parse': 'True', 'cache_selected_only': 'False', 'profiles_dir': '/root/.dbt', 'fail_fast': 'False', 'warn_error': 'None', 'log_path': '/usr/app/lab7/logs', 'version_check': 'True', 'debug': 'False', 'use_colors': 'True', 'use_experimental_parser': 'False', 'empty': 'None', 'quiet': 'False', 'no_print': 'None', 'log_format': 'default', 'introspect': 'True', 'static_parser': 'True', 'warn_error_options': 'WarnErrorOptions(include=[], exclude=[])', 'target_path': 'None', 'invocation_command': "dbt show --inline \nselect\n    d.full_date as order_date,\n    sum(t.net_amount) as total_revenue\nfrom {{ ref('fact_orders_txn') }} as t\njoin {{ ref('dim_date') }} as d\n    on t.order_date_key = d.date_key\nwhere d.full_date >= '2024-11-10'\ngroup by d.full_date\norder by d.full_date\n --limit 20", 'send_anonymous_usage_stats': 'True'}
[0m03:45:51.523374 [debug] [MainThread]: Sending event: {'category': 'dbt', 'action': 'project_id', 'label': '95a18925-4aa2-43ee-9a11-584fc1914472', 'context': [<snowplow_tracker.self_describing_json.SelfDescribingJson object at 0x7fc29e991d90>]}
[0m03:45:51.593489 [debug] [MainThread]: Sending event: {'category': 'dbt', 'action': 'adapter_info', 'label': '95a18925-4aa2-43ee-9a11-584fc1914472', 'context': [<snowplow_tracker.self_describing_json.SelfDescribingJson object at 0x7fc29e71c110>]}
[0m03:45:51.612816 [info ] [MainThread]: Registered adapter: postgres=1.9.0
[0m03:45:51.698319 [debug] [MainThread]: checksum: c99e828bba267739642b5a3ce85f17518764ea526e0e6c4fdc649171c1a66bff, vars: {}, profile: , target: , version: 1.9.0
[0m03:45:52.094860 [debug] [MainThread]: Partial parsing enabled: 0 files deleted, 0 files added, 0 files changed.
[0m03:45:52.096246 [debug] [MainThread]: Partial parsing enabled, no changes found, skipping parsing
[0m03:45:52.104357 [warn ] [MainThread]: [[33mWARNING[0m]: Configuration paths exist in your dbt_project.yml file which do not apply to any resources.
There are 3 unused configuration paths:
- models.dimensions
- models.staging
- models.facts
[0m03:45:52.166522 [debug] [MainThread]: Sending event: {'category': 'dbt', 'action': 'load_project', 'label': '95a18925-4aa2-43ee-9a11-584fc1914472', 'context': [<snowplow_tracker.self_describing_json.SelfDescribingJson object at 0x7fc29ce32e10>]}
[0m03:45:52.303886 [debug] [MainThread]: Wrote artifact WritableManifest to /usr/app/lab7/target/manifest.json
[0m03:45:52.311755 [debug] [MainThread]: Wrote artifact SemanticManifest to /usr/app/lab7/target/semantic_manifest.json
[0m03:45:52.491024 [debug] [MainThread]: Sending event: {'category': 'dbt', 'action': 'resource_counts', 'label': '95a18925-4aa2-43ee-9a11-584fc1914472', 'context': [<snowplow_tracker.self_describing_json.SelfDescribingJson object at 0x7fc29c904aa0>]}
[0m03:45:52.493083 [info ] [MainThread]: Found 1 seed, 71 data tests, 11 models, 1 sql operation, 429 macros
[0m03:45:52.494502 [debug] [MainThread]: Sending event: {'category': 'dbt', 'action': 'runnable_timing', 'label': '95a18925-4aa2-43ee-9a11-584fc1914472', 'context': [<snowplow_tracker.self_describing_json.SelfDescribingJson object at 0x7fc29c79aba0>]}
[0m03:45:52.499279 [info ] [MainThread]: 
[0m03:45:52.500737 [info ] [MainThread]: Concurrency: 4 threads (target='dev')
[0m03:45:52.502327 [info ] [MainThread]: 
[0m03:45:52.504097 [debug] [MainThread]: Acquiring new postgres connection 'master'
[0m03:45:52.512502 [debug] [ThreadPool]: Acquiring new postgres connection 'list_lab7_dbt'
[0m03:45:52.554287 [debug] [ThreadPool]: Using postgres connection "list_lab7_dbt"
[0m03:45:52.555627 [debug] [ThreadPool]: On list_lab7_dbt: BEGIN
[0m03:45:52.556736 [debug] [ThreadPool]: Opening a new connection, currently in state init
[0m03:45:52.565731 [debug] [ThreadPool]: SQL status: BEGIN in 0.009 seconds
[0m03:45:52.567101 [debug] [ThreadPool]: Using postgres connection "list_lab7_dbt"
[0m03:45:52.568377 [debug] [ThreadPool]: On list_lab7_dbt: /* {"app": "dbt", "dbt_version": "1.9.0", "profile_name": "lab7", "target_name": "dev", "connection_name": "list_lab7_dbt"} */
select
      'lab7' as database,
      tablename as name,
      schemaname as schema,
      'table' as type
    from pg_tables
    where schemaname ilike 'dbt'
    union all
    select
      'lab7' as database,
      viewname as name,
      schemaname as schema,
      'view' as type
    from pg_views
    where schemaname ilike 'dbt'
    union all
    select
      'lab7' as database,
      matviewname as name,
      schemaname as schema,
      'materialized_view' as type
    from pg_matviews
    where schemaname ilike 'dbt'
  
[0m03:45:52.572589 [debug] [ThreadPool]: SQL status: SELECT 12 in 0.003 seconds
[0m03:45:52.575333 [debug] [ThreadPool]: On list_lab7_dbt: ROLLBACK
[0m03:45:52.576524 [debug] [ThreadPool]: On list_lab7_dbt: Close
[0m03:45:52.585008 [debug] [MainThread]: Using postgres connection "master"
[0m03:45:52.586234 [debug] [MainThread]: On master: BEGIN
[0m03:45:52.587253 [debug] [MainThread]: Opening a new connection, currently in state init
[0m03:45:52.594473 [debug] [MainThread]: SQL status: BEGIN in 0.007 seconds
[0m03:45:52.595930 [debug] [MainThread]: Using postgres connection "master"
[0m03:45:52.597036 [debug] [MainThread]: On master: /* {"app": "dbt", "dbt_version": "1.9.0", "profile_name": "lab7", "target_name": "dev", "connection_name": "master"} */
with relation as (
        select
            pg_rewrite.ev_class as class,
            pg_rewrite.oid as id
        from pg_rewrite
    ),
    class as (
        select
            oid as id,
            relname as name,
            relnamespace as schema,
            relkind as kind
        from pg_class
    ),
    dependency as (
        select distinct
            pg_depend.objid as id,
            pg_depend.refobjid as ref
        from pg_depend
    ),
    schema as (
        select
            pg_namespace.oid as id,
            pg_namespace.nspname as name
        from pg_namespace
        where nspname != 'information_schema' and nspname not like 'pg\_%'
    ),
    referenced as (
        select
            relation.id AS id,
            referenced_class.name ,
            referenced_class.schema ,
            referenced_class.kind
        from relation
        join class as referenced_class on relation.class=referenced_class.id
        where referenced_class.kind in ('r', 'v', 'm')
    ),
    relationships as (
        select
            referenced.name as referenced_name,
            referenced.schema as referenced_schema_id,
            dependent_class.name as dependent_name,
            dependent_class.schema as dependent_schema_id,
            referenced.kind as kind
        from referenced
        join dependency on referenced.id=dependency.id
        join class as dependent_class on dependency.ref=dependent_class.id
        where
            (referenced.name != dependent_class.name or
             referenced.schema != dependent_class.schema)
    )

    select
        referenced_schema.name as referenced_schema,
        relationships.referenced_name as referenced_name,
        dependent_schema.name as dependent_schema,
        relationships.dependent_name as dependent_name
    from relationships
    join schema as dependent_schema on relationships.dependent_schema_id=dependent_schema.id
    join schema as referenced_schema on relationships.referenced_schema_id=referenced_schema.id
    group by referenced_schema, referenced_name, dependent_schema, dependent_name
    order by referenced_schema, referenced_name, dependent_schema, dependent_name;
[0m03:45:52.603768 [debug] [MainThread]: SQL status: SELECT 20 in 0.006 seconds
[0m03:45:52.610270 [debug] [MainThread]: Sending event: {'category': 'dbt', 'action': 'runnable_timing', 'label': '95a18925-4aa2-43ee-9a11-584fc1914472', 'context': [<snowplow_tracker.self_describing_json.SelfDescribingJson object at 0x7fc29cf2f950>]}
[0m03:45:52.611418 [debug] [MainThread]: On master: ROLLBACK
[0m03:45:52.612607 [debug] [MainThread]: On master: Close
[0m03:45:52.616155 [debug] [Thread-1 (]: Began running node sql_operation.lab7.inline_query
[0m03:45:52.617377 [debug] [Thread-1 (]: Re-using an available connection from the pool (formerly list_lab7_dbt, now sql_operation.lab7.inline_query)
[0m03:45:52.618474 [debug] [Thread-1 (]: Began compiling node sql_operation.lab7.inline_query
[0m03:45:52.626923 [debug] [Thread-1 (]: Writing injected SQL for node "sql_operation.lab7.inline_query"
[0m03:45:52.634717 [debug] [Thread-1 (]: Began executing node sql_operation.lab7.inline_query
[0m03:45:52.643127 [debug] [Thread-1 (]: Using postgres connection "sql_operation.lab7.inline_query"
[0m03:45:52.644382 [debug] [Thread-1 (]: On sql_operation.lab7.inline_query: /* {"app": "dbt", "dbt_version": "1.9.0", "profile_name": "lab7", "target_name": "dev", "node_id": "sql_operation.lab7.inline_query"} */

  
  
select
    d.full_date as order_date,
    sum(t.net_amount) as total_revenue
from "lab7"."dbt"."fact_orders_txn" as t
join "lab7"."dbt"."dim_date" as d
    on t.order_date_key = d.date_key
where d.full_date >= '2024-11-10'
group by d.full_date
order by d.full_date
  
  limit 20

[0m03:45:52.645408 [debug] [Thread-1 (]: Opening a new connection, currently in state closed
[0m03:45:52.705376 [debug] [Thread-1 (]: SQL status: SELECT 20 in 0.060 seconds
[0m03:45:52.708923 [debug] [Thread-1 (]: On sql_operation.lab7.inline_query: Close
[0m03:45:52.710941 [debug] [Thread-1 (]: Finished running node sql_operation.lab7.inline_query
[0m03:45:52.713888 [debug] [MainThread]: Connection 'master' was properly closed.
[0m03:45:52.714976 [debug] [MainThread]: Connection 'sql_operation.lab7.inline_query' was properly closed.
[0m03:45:52.716564 [debug] [MainThread]: Command end result
[0m03:45:52.773795 [debug] [MainThread]: Wrote artifact WritableManifest to /usr/app/lab7/target/manifest.json
[0m03:45:52.780476 [debug] [MainThread]: Wrote artifact SemanticManifest to /usr/app/lab7/target/semantic_manifest.json
[0m03:45:52.792527 [debug] [MainThread]: Wrote artifact RunExecutionResult to /usr/app/lab7/target/run_results.json
[0m03:45:52.794877 [info ] [MainThread]: Previewing inline node:
| order_date | total_revenue |
| ---------- | ------------- |
| 2024-11-10 |        444.18 |
| 2024-11-11 |        224.15 |
| 2024-11-12 |        389.25 |
| 2024-11-13 |         93.52 |
| 2024-11-14 |         86.83 |
| 2024-11-15 |        204.61 |
| 2024-11-16 |        492.91 |
| 2024-11-17 |        400.22 |
| 2024-11-18 |        120.43 |
| 2024-11-19 |        499.00 |
| 2024-11-20 |        361.12 |
| 2024-11-21 |        455.25 |
| 2024-11-22 |        371.68 |
| 2024-11-23 |        379.12 |
| 2024-11-24 |      1,052.05 |
| 2024-11-25 |        614.44 |
| 2024-11-26 |        278.08 |
| 2024-11-27 |        200.09 |
| 2024-11-28 |          0.00 |
| 2024-11-29 |        352.95 |

[0m03:45:52.796836 [debug] [MainThread]: Resource report: {"command_name": "show", "command_success": true, "command_wall_clock_time": 1.6059858, "process_in_blocks": "0", "process_kernel_time": 0.211525, "process_mem_max_rss": "109860", "process_out_blocks": "0", "process_user_time": 2.215977}
[0m03:45:52.798330 [debug] [MainThread]: Command `dbt show` succeeded at 03:45:52.798173 after 1.61 seconds
[0m03:45:52.799653 [debug] [MainThread]: Sending event: {'category': 'dbt', 'action': 'invocation', 'label': 'end', 'context': [<snowplow_tracker.self_describing_json.SelfDescribingJson object at 0x7fc29e7c0dd0>, <snowplow_tracker.self_describing_json.SelfDescribingJson object at 0x7fc29ec3a4b0>, <snowplow_tracker.self_describing_json.SelfDescribingJson object at 0x7fc29f238b30>]}
[0m03:45:52.800893 [debug] [MainThread]: Flushing usage events
[0m03:45:53.870632 [debug] [MainThread]: An error was encountered while trying to flush usage events
