[0m15:35:04.631223 [debug] [MainThread]: Sending event: {'category': 'dbt', 'action': 'invocation', 'label': 'start', 'context': [<snowplow_tracker.self_describing_json.SelfDescribingJson object at 0x7fb673348440>, <snowplow_tracker.self_describing_json.SelfDescribingJson object at 0x7fb6764afc50>, <snowplow_tracker.self_describing_json.SelfDescribingJson object at 0x7fb6725c3ed0>]}


============================== 15:35:04.737010 | 2139014a-eccc-4464-8355-620ce22a6ab7 ==============================
[0m15:35:04.737010 [info ] [MainThread]: Running with dbt=1.11.12
[0m15:35:04.739041 [debug] [MainThread]: running dbt with arguments {'quiet': 'False', 'partial_parse': 'True', 'profiles_dir': '/opt/airflow/dbt_root', 'no_print': 'None', 'cache_selected_only': 'False', 'warn_error_options': 'WarnErrorOptionsV2(error=[], warn=[], silence=[])', 'warn_error': 'None', 'target_path': 'None', 'static_parser': 'True', 'invocation_command': 'dbt debug --project-dir /opt/airflow/dbt --profiles-dir /opt/airflow/dbt_root', 'indirect_selection': 'eager', 'version_check': 'True', 'debug': 'False', 'write_json': 'True', 'log_path': '/opt/airflow/dbt/logs', 'fail_fast': 'False', 'empty': 'None', 'printer_width': '80', 'use_colors': 'True', 'introspect': 'True', 'send_anonymous_usage_stats': 'True', 'log_format': 'default', 'log_cache_events': 'False', 'use_experimental_parser': 'False'}
[0m15:35:04.840980 [info ] [MainThread]: dbt version: 1.11.12
[0m15:35:04.842579 [info ] [MainThread]: python version: 3.13.13
[0m15:35:04.843965 [info ] [MainThread]: python path: /usr/python/bin/python3.13
[0m15:35:04.845477 [info ] [MainThread]: os info: Linux-5.15.167.4-microsoft-standard-WSL2-x86_64-with-glibc2.36
[0m15:35:04.981889 [info ] [MainThread]: Using profiles dir at /opt/airflow/dbt_root
[0m15:35:04.983159 [info ] [MainThread]: Using profiles.yml file at /opt/airflow/dbt_root/profiles.yml
[0m15:35:04.984356 [info ] [MainThread]: Using dbt_project.yml file at /opt/airflow/dbt/dbt_project.yml
[0m15:35:04.986676 [info ] [MainThread]: adapter type: postgres
[0m15:35:04.987695 [info ] [MainThread]: adapter version: 1.10.2
[0m15:35:05.240049 [info ] [MainThread]: Configuration:
[0m15:35:05.241643 [info ] [MainThread]:   profiles.yml file [[32mOK found and valid[0m]
[0m15:35:05.243187 [info ] [MainThread]:   dbt_project.yml file [[32mOK found and valid[0m]
[0m15:35:05.244803 [info ] [MainThread]: Required dependencies:
[0m15:35:05.246764 [debug] [MainThread]: Executing "git --help"
[0m15:35:05.269812 [debug] [MainThread]: STDOUT: "b"usage: git [-v | --version] [-h | --help] [-C <path>] [-c <name>=<value>]\n           [--exec-path[=<path>]] [--html-path] [--man-path] [--info-path]\n           [-p | --paginate | -P | --no-pager] [--no-replace-objects] [--bare]\n           [--git-dir=<path>] [--work-tree=<path>] [--namespace=<name>]\n           [--super-prefix=<path>] [--config-env=<name>=<envvar>]\n           <command> [<args>]\n\nThese are common Git commands used in various situations:\n\nstart a working area (see also: git help tutorial)\n   clone     Clone a repository into a new directory\n   init      Create an empty Git repository or reinitialize an existing one\n\nwork on the current change (see also: git help everyday)\n   add       Add file contents to the index\n   mv        Move or rename a file, a directory, or a symlink\n   restore   Restore working tree files\n   rm        Remove files from the working tree and from the index\n\nexamine the history and state (see also: git help revisions)\n   bisect    Use binary search to find the commit that introduced a bug\n   diff      Show changes between commits, commit and working tree, etc\n   grep      Print lines matching a pattern\n   log       Show commit logs\n   show      Show various types of objects\n   status    Show the working tree status\n\ngrow, mark and tweak your common history\n   branch    List, create, or delete branches\n   commit    Record changes to the repository\n   merge     Join two or more development histories together\n   rebase    Reapply commits on top of another base tip\n   reset     Reset current HEAD to the specified state\n   switch    Switch branches\n   tag       Create, list, delete or verify a tag object signed with GPG\n\ncollaborate (see also: git help workflows)\n   fetch     Download objects and refs from another repository\n   pull      Fetch from and integrate with another repository or a local branch\n   push      Update remote refs along with associated objects\n\n'git help -a' and 'git help -g' list available subcommands and some\nconcept guides. See 'git help <command>' or 'git help <concept>'\nto read about a specific subcommand or concept.\nSee 'git help git' for an overview of the system.\n""
[0m15:35:05.271329 [debug] [MainThread]: STDERR: "b''"
[0m15:35:05.272332 [info ] [MainThread]:  - git [[32mOK found[0m]

[0m15:35:05.273483 [info ] [MainThread]: Connection:
[0m15:35:05.274866 [info ] [MainThread]:   host: postgres
[0m15:35:05.276704 [info ] [MainThread]:   port: 5432
[0m15:35:05.278515 [info ] [MainThread]:   user: dw_user
[0m15:35:05.280811 [info ] [MainThread]:   database: lab10
[0m15:35:05.282167 [info ] [MainThread]:   schema: warehouse
[0m15:35:05.283246 [info ] [MainThread]:   connect_timeout: 10
[0m15:35:05.284533 [info ] [MainThread]:   role: None
[0m15:35:05.285943 [info ] [MainThread]:   search_path: None
[0m15:35:05.287054 [info ] [MainThread]:   keepalives_idle: 0
[0m15:35:05.288432 [info ] [MainThread]:   sslmode: None
[0m15:35:05.290177 [info ] [MainThread]:   sslcert: None
[0m15:35:05.291556 [info ] [MainThread]:   sslkey: None
[0m15:35:05.292794 [info ] [MainThread]:   sslrootcert: None
[0m15:35:05.293968 [info ] [MainThread]:   application_name: dbt
[0m15:35:05.295408 [info ] [MainThread]:   retries: 1
[0m15:35:05.297634 [info ] [MainThread]: Registered adapter: postgres=1.10.2
[0m15:35:05.462749 [debug] [MainThread]: Acquiring new postgres connection 'debug'
[0m15:35:05.557299 [debug] [MainThread]: Using postgres connection "debug"
[0m15:35:05.558446 [debug] [MainThread]: On debug: select 1 as id
[0m15:35:05.559760 [debug] [MainThread]: Opening a new connection, currently in state init
[0m15:35:05.581413 [debug] [MainThread]: SQL status: SELECT 1 in 0.022 seconds
[0m15:35:05.583933 [debug] [MainThread]: On debug: Close
[0m15:35:05.586482 [info ] [MainThread]:   Connection test: [[32mOK connection ok[0m]

[0m15:35:05.587739 [info ] [MainThread]: [32mAll checks passed![0m
[0m15:35:05.590589 [debug] [MainThread]: Resource report: {"command_name": "debug", "command_success": true, "command_wall_clock_time": 1.152567, "process_in_blocks": "65448", "process_kernel_time": 1.703854, "process_mem_max_rss": "137972", "process_out_blocks": "30152", "process_user_time": 7.532829}
[0m15:35:05.592119 [debug] [MainThread]: Command `dbt debug` succeeded at 15:35:05.591909 after 1.15 seconds
[0m15:35:05.593176 [debug] [MainThread]: Connection 'debug' was properly closed.
[0m15:35:05.594496 [debug] [MainThread]: Sending event: {'category': 'dbt', 'action': 'invocation', 'label': 'end', 'context': [<snowplow_tracker.self_describing_json.SelfDescribingJson object at 0x7fb67231fbb0>, <snowplow_tracker.self_describing_json.SelfDescribingJson object at 0x7fb672315eb0>, <snowplow_tracker.self_describing_json.SelfDescribingJson object at 0x7fb6724f3680>]}
[0m15:35:05.595983 [debug] [MainThread]: Flushing usage events
[0m15:35:06.924549 [debug] [MainThread]: An error was encountered while trying to flush usage events
[0m15:42:01.572321 [debug] [MainThread]: Sending event: {'category': 'dbt', 'action': 'invocation', 'label': 'start', 'context': [<snowplow_tracker.self_describing_json.SelfDescribingJson object at 0x7fab655127b0>, <snowplow_tracker.self_describing_json.SelfDescribingJson object at 0x7fab68112e90>, <snowplow_tracker.self_describing_json.SelfDescribingJson object at 0x7fab64313d90>]}


============================== 15:42:01.580712 | fb787c35-1faa-4d69-bb6b-07fb80f5066b ==============================
[0m15:42:01.580712 [info ] [MainThread]: Running with dbt=1.11.12
[0m15:42:01.582601 [debug] [MainThread]: running dbt with arguments {'use_colors': 'True', 'send_anonymous_usage_stats': 'True', 'profiles_dir': '/opt/airflow/dbt_root', 'indirect_selection': 'eager', 'write_json': 'True', 'static_parser': 'True', 'use_experimental_parser': 'False', 'target_path': 'None', 'debug': 'False', 'warn_error': 'None', 'version_check': 'True', 'cache_selected_only': 'False', 'no_print': 'None', 'log_format': 'default', 'invocation_command': 'dbt run --project-dir /opt/airflow/dbt --profiles-dir /opt/airflow/dbt_root', 'introspect': 'True', 'log_cache_events': 'False', 'fail_fast': 'False', 'warn_error_options': 'WarnErrorOptionsV2(error=[], warn=[], silence=[])', 'empty': 'False', 'log_path': '/opt/airflow/dbt/logs', 'printer_width': '80', 'partial_parse': 'True', 'quiet': 'False'}
[0m15:42:02.245535 [debug] [MainThread]: Sending event: {'category': 'dbt', 'action': 'project_id', 'label': 'fb787c35-1faa-4d69-bb6b-07fb80f5066b', 'context': [<snowplow_tracker.self_describing_json.SelfDescribingJson object at 0x7fab64f889d0>]}
[0m15:42:02.407747 [debug] [MainThread]: Sending event: {'category': 'dbt', 'action': 'adapter_info', 'label': 'fb787c35-1faa-4d69-bb6b-07fb80f5066b', 'context': [<snowplow_tracker.self_describing_json.SelfDescribingJson object at 0x7fab6419d480>]}
[0m15:42:02.409669 [info ] [MainThread]: Registered adapter: postgres=1.10.2
[0m15:42:02.595560 [debug] [MainThread]: checksum: f368f5348cf42803b94ef7fb8257ecf3bf9a9a16dd9c8c51fe5172f2dbeb457f, vars: {}, profile: , target: , version: 1.11.12
[0m15:42:02.607012 [info ] [MainThread]: Unable to do partial parsing because saved manifest not found. Starting full parse.
[0m15:42:02.608684 [debug] [MainThread]: Sending event: {'category': 'dbt', 'action': 'partial_parser', 'label': 'fb787c35-1faa-4d69-bb6b-07fb80f5066b', 'context': [<snowplow_tracker.self_describing_json.SelfDescribingJson object at 0x7fab64201250>]}
[0m15:42:06.851544 [debug] [MainThread]: Sending event: {'category': 'dbt', 'action': 'load_project', 'label': 'fb787c35-1faa-4d69-bb6b-07fb80f5066b', 'context': [<snowplow_tracker.self_describing_json.SelfDescribingJson object at 0x7fab629837a0>]}
[0m15:42:07.169057 [debug] [MainThread]: Wrote artifact WritableManifest to /opt/airflow/dbt/target/manifest.json
[0m15:42:07.183255 [debug] [MainThread]: Wrote artifact SemanticManifest to /opt/airflow/dbt/target/semantic_manifest.json
[0m15:42:07.230936 [debug] [MainThread]: Sending event: {'category': 'dbt', 'action': 'resource_counts', 'label': 'fb787c35-1faa-4d69-bb6b-07fb80f5066b', 'context': [<snowplow_tracker.self_describing_json.SelfDescribingJson object at 0x7fab619b1710>]}
[0m15:42:07.233532 [info ] [MainThread]: Found 7 models, 29 data tests, 1 source, 475 macros
[0m15:42:07.235151 [debug] [MainThread]: Sending event: {'category': 'dbt', 'action': 'runnable_timing', 'label': 'fb787c35-1faa-4d69-bb6b-07fb80f5066b', 'context': [<snowplow_tracker.self_describing_json.SelfDescribingJson object at 0x7fab629c8a10>]}
[0m15:42:07.242126 [info ] [MainThread]: 
[0m15:42:07.243969 [info ] [MainThread]: Concurrency: 4 threads (target='dev')
[0m15:42:07.245355 [info ] [MainThread]: 
[0m15:42:07.246993 [debug] [MainThread]: Acquiring new postgres connection 'master'
[0m15:42:07.257020 [debug] [ThreadPool]: Acquiring new postgres connection 'list_lab10'
[0m15:42:07.337389 [debug] [ThreadPool]: Using postgres connection "list_lab10"
[0m15:42:07.338828 [debug] [ThreadPool]: On list_lab10: /* {"app": "dbt", "dbt_version": "1.11.12", "profile_name": "lab10", "target_name": "dev", "connection_name": "list_lab10"} */

    select distinct nspname from pg_namespace
  
[0m15:42:07.340366 [debug] [ThreadPool]: Opening a new connection, currently in state init
[0m15:42:07.372081 [debug] [ThreadPool]: SQL status: SELECT 5 in 0.032 seconds
[0m15:42:07.377107 [debug] [ThreadPool]: On list_lab10: Close
[0m15:42:07.382526 [debug] [ThreadPool]: Re-using an available connection from the pool (formerly list_lab10, now create_lab10_warehouse)
[0m15:42:07.387149 [debug] [ThreadPool]: Creating schema "database: "lab10"
schema: "warehouse"
"
[0m15:42:07.407333 [debug] [ThreadPool]: Using postgres connection "create_lab10_warehouse"
[0m15:42:07.415596 [debug] [ThreadPool]: On create_lab10_warehouse: /* {"app": "dbt", "dbt_version": "1.11.12", "profile_name": "lab10", "target_name": "dev", "connection_name": "create_lab10_warehouse"} */
create schema if not exists "warehouse"
[0m15:42:07.417016 [debug] [ThreadPool]: Opening a new connection, currently in state closed
[0m15:42:07.437356 [debug] [ThreadPool]: SQL status: CREATE SCHEMA in 0.020 seconds
[0m15:42:07.441281 [debug] [ThreadPool]: On create_lab10_warehouse: COMMIT
[0m15:42:07.442830 [debug] [ThreadPool]: Using postgres connection "create_lab10_warehouse"
[0m15:42:07.444260 [debug] [ThreadPool]: On create_lab10_warehouse: COMMIT
[0m15:42:07.447898 [debug] [ThreadPool]: SQL status: COMMIT in 0.002 seconds
[0m15:42:07.449610 [debug] [ThreadPool]: On create_lab10_warehouse: Close
[0m15:42:07.455359 [debug] [ThreadPool]: Re-using an available connection from the pool (formerly create_lab10_warehouse, now list_lab10_warehouse)
[0m15:42:07.470507 [debug] [ThreadPool]: Using postgres connection "list_lab10_warehouse"
[0m15:42:07.471828 [debug] [ThreadPool]: On list_lab10_warehouse: /* {"app": "dbt", "dbt_version": "1.11.12", "profile_name": "lab10", "target_name": "dev", "connection_name": "list_lab10_warehouse"} */
select
      'lab10' as database,
      tablename as name,
      schemaname as schema,
      'table' as type
    from pg_tables
    where schemaname ilike 'warehouse'
    union all
    select
      'lab10' as database,
      viewname as name,
      schemaname as schema,
      'view' as type
    from pg_views
    where schemaname ilike 'warehouse'
    union all
    select
      'lab10' as database,
      matviewname as name,
      schemaname as schema,
      'materialized_view' as type
    from pg_matviews
    where schemaname ilike 'warehouse'
  
[0m15:42:07.472898 [debug] [ThreadPool]: Opening a new connection, currently in state closed
[0m15:42:07.492431 [debug] [ThreadPool]: SQL status: SELECT 0 in 0.019 seconds
[0m15:42:07.495434 [debug] [ThreadPool]: On list_lab10_warehouse: ROLLBACK
[0m15:42:07.497072 [debug] [ThreadPool]: On list_lab10_warehouse: Close
[0m15:42:07.511473 [debug] [MainThread]: Using postgres connection "master"
[0m15:42:07.513018 [debug] [MainThread]: On master: /* {"app": "dbt", "dbt_version": "1.11.12", "profile_name": "lab10", "target_name": "dev", "connection_name": "master"} */
select distinct
        dependent_namespace.nspname as dependent_schema,
        dependent_class.relname as dependent_name,
        referenced_namespace.nspname as referenced_schema,
        referenced_class.relname as referenced_name

    -- Query for views: views are entries in pg_class with an entry in pg_rewrite, but we avoid
    -- a seq scan on pg_rewrite by leveraging the fact there is an "internal" row in pg_depend for
    -- the view...
    from pg_class as dependent_class
    join pg_namespace as dependent_namespace on dependent_namespace.oid = dependent_class.relnamespace
    join pg_depend as dependent_depend on dependent_depend.refobjid = dependent_class.oid
        and dependent_depend.classid = 'pg_rewrite'::regclass
        and dependent_depend.refclassid = 'pg_class'::regclass
        and dependent_depend.deptype = 'i'

    -- ... and via pg_depend (that has a row per column, hence the need for "distinct" above, and
    -- making sure to exclude the internal row to avoid a view appearing to depend on itself)...
    join pg_depend as joining_depend on joining_depend.objid = dependent_depend.objid
        and joining_depend.classid = 'pg_rewrite'::regclass
        and joining_depend.refclassid = 'pg_class'::regclass
        and joining_depend.refobjid != dependent_depend.refobjid

    -- ... we can find the tables they query from in pg_class, but excluding system tables. Note we
    -- don't need need to exclude _dependent_ system tables, because they only query from other
    -- system tables, and so are automatically excluded by excluding _referenced_ system tables
    join pg_class as referenced_class on referenced_class.oid = joining_depend.refobjid
    join pg_namespace as referenced_namespace on referenced_namespace.oid = referenced_class.relnamespace
        and referenced_namespace.nspname != 'information_schema'
        and referenced_namespace.nspname not like 'pg\_%'

    order by
        dependent_schema, dependent_name, referenced_schema, referenced_name;
[0m15:42:07.514392 [debug] [MainThread]: Opening a new connection, currently in state init
[0m15:42:07.538367 [debug] [MainThread]: SQL status: SELECT 0 in 0.024 seconds
[0m15:42:07.541937 [debug] [MainThread]: Sending event: {'category': 'dbt', 'action': 'runnable_timing', 'label': 'fb787c35-1faa-4d69-bb6b-07fb80f5066b', 'context': [<snowplow_tracker.self_describing_json.SelfDescribingJson object at 0x7fab432b0d10>]}
[0m15:42:07.543553 [debug] [MainThread]: On master: ROLLBACK
[0m15:42:07.545722 [debug] [MainThread]: On master: COMMIT
[0m15:42:07.548115 [debug] [MainThread]: Using postgres connection "master"
[0m15:42:07.550016 [debug] [MainThread]: On master: COMMIT
[0m15:42:07.552637 [debug] [MainThread]: SQL status: COMMIT in 0.001 seconds
[0m15:42:07.554691 [debug] [MainThread]: On master: Close
[0m15:42:07.568234 [debug] [Thread-1 (]: Began running node model.lab10.stg_coffee_sales
[0m15:42:07.569934 [info ] [Thread-1 (]: 1 of 7 START sql view model warehouse.stg_coffee_sales ......................... [RUN]
[0m15:42:07.571954 [debug] [Thread-1 (]: Re-using an available connection from the pool (formerly list_lab10_warehouse, now model.lab10.stg_coffee_sales)
[0m15:42:07.573180 [debug] [Thread-1 (]: Began compiling node model.lab10.stg_coffee_sales
[0m15:42:07.590774 [debug] [Thread-1 (]: Writing injected SQL for node "model.lab10.stg_coffee_sales"
[0m15:42:07.641058 [debug] [Thread-1 (]: Began executing node model.lab10.stg_coffee_sales
[0m15:42:07.737191 [debug] [Thread-1 (]: Writing runtime sql for node "model.lab10.stg_coffee_sales"
[0m15:42:07.774678 [debug] [Thread-1 (]: Using postgres connection "model.lab10.stg_coffee_sales"
[0m15:42:07.776373 [debug] [Thread-1 (]: On model.lab10.stg_coffee_sales: /* {"app": "dbt", "dbt_version": "1.11.12", "profile_name": "lab10", "target_name": "dev", "node_id": "model.lab10.stg_coffee_sales"} */

  create view "lab10"."warehouse"."stg_coffee_sales__dbt_tmp"
    
    
  as (
    select
    sale_id::integer as sale_id,
    invoice_number,
    sale_date::date as sale_date,
    customer_code,
    customer_name,
    gender,
    birth_year::integer as birth_year,
    product_code,
    product_name,
    lower(trim(category)) as category,
    size,
    unit_price::numeric(10, 2) as unit_price,
    quantity::integer as quantity,
    revenue::numeric(12, 2) as revenue,
    store_code,
    store_name,
    province,
    nullif(trim(promo_code), '') as promo_code,
    nullif(trim(promo_desc), '') as promo_desc,
    points_redeemed::integer as points_redeemed
from "lab10"."raw"."coffee_sales"
  );
[0m15:42:07.777963 [debug] [Thread-1 (]: Opening a new connection, currently in state closed
[0m15:42:07.805692 [debug] [Thread-1 (]: SQL status: CREATE VIEW in 0.028 seconds
[0m15:42:07.824501 [debug] [Thread-1 (]: Using postgres connection "model.lab10.stg_coffee_sales"
[0m15:42:07.826156 [debug] [Thread-1 (]: On model.lab10.stg_coffee_sales: /* {"app": "dbt", "dbt_version": "1.11.12", "profile_name": "lab10", "target_name": "dev", "node_id": "model.lab10.stg_coffee_sales"} */
alter table "lab10"."warehouse"."stg_coffee_sales__dbt_tmp" rename to "stg_coffee_sales"
[0m15:42:07.830855 [debug] [Thread-1 (]: SQL status: ALTER TABLE in 0.003 seconds
[0m15:42:07.874662 [debug] [Thread-1 (]: On model.lab10.stg_coffee_sales: COMMIT
[0m15:42:07.876000 [debug] [Thread-1 (]: Using postgres connection "model.lab10.stg_coffee_sales"
[0m15:42:07.877066 [debug] [Thread-1 (]: On model.lab10.stg_coffee_sales: COMMIT
[0m15:42:07.881026 [debug] [Thread-1 (]: SQL status: COMMIT in 0.003 seconds
[0m15:42:07.894782 [debug] [Thread-1 (]: Applying DROP to: "lab10"."warehouse"."stg_coffee_sales__dbt_backup"
[0m15:42:07.906947 [debug] [Thread-1 (]: Using postgres connection "model.lab10.stg_coffee_sales"
[0m15:42:07.908403 [debug] [Thread-1 (]: On model.lab10.stg_coffee_sales: /* {"app": "dbt", "dbt_version": "1.11.12", "profile_name": "lab10", "target_name": "dev", "node_id": "model.lab10.stg_coffee_sales"} */
drop view if exists "lab10"."warehouse"."stg_coffee_sales__dbt_backup" cascade
[0m15:42:07.912977 [debug] [Thread-1 (]: SQL status: DROP VIEW in 0.003 seconds
[0m15:42:07.918505 [debug] [Thread-1 (]: On model.lab10.stg_coffee_sales: Close
[0m15:42:07.923795 [debug] [Thread-1 (]: Sending event: {'category': 'dbt', 'action': 'run_model', 'label': 'fb787c35-1faa-4d69-bb6b-07fb80f5066b', 'context': [<snowplow_tracker.self_describing_json.SelfDescribingJson object at 0x7fab4304c890>]}
[0m15:42:07.926053 [info ] [Thread-1 (]: 1 of 7 OK created sql view model warehouse.stg_coffee_sales .................... [[32mCREATE VIEW[0m in 0.35s]
[0m15:42:07.928091 [debug] [Thread-1 (]: Finished running node model.lab10.stg_coffee_sales
[0m15:42:07.931694 [debug] [Thread-2 (]: Began running node model.lab10.dim_customer
[0m15:42:07.933053 [debug] [Thread-4 (]: Began running node model.lab10.dim_product
[0m15:42:07.934009 [debug] [Thread-1 (]: Began running node model.lab10.dim_promotion
[0m15:42:07.935250 [debug] [Thread-3 (]: Began running node model.lab10.dim_date
[0m15:42:07.936715 [info ] [Thread-2 (]: 2 of 7 START sql table model warehouse.dim_customer ............................ [RUN]
[0m15:42:07.938203 [info ] [Thread-4 (]: 4 of 7 START sql table model warehouse.dim_product ............................. [RUN]
[0m15:42:07.940253 [info ] [Thread-1 (]: 5 of 7 START sql table model warehouse.dim_promotion ........................... [RUN]
[0m15:42:07.942280 [info ] [Thread-3 (]: 3 of 7 START sql table model warehouse.dim_date ................................ [RUN]
[0m15:42:07.943903 [debug] [Thread-2 (]: Acquiring new postgres connection 'model.lab10.dim_customer'
[0m15:42:07.945704 [debug] [Thread-4 (]: Acquiring new postgres connection 'model.lab10.dim_product'
[0m15:42:07.947337 [debug] [Thread-1 (]: Re-using an available connection from the pool (formerly model.lab10.stg_coffee_sales, now model.lab10.dim_promotion)
[0m15:42:07.949020 [debug] [Thread-3 (]: Acquiring new postgres connection 'model.lab10.dim_date'
[0m15:42:07.950549 [debug] [Thread-2 (]: Began compiling node model.lab10.dim_customer
[0m15:42:07.951994 [debug] [Thread-4 (]: Began compiling node model.lab10.dim_product
[0m15:42:07.953455 [debug] [Thread-1 (]: Began compiling node model.lab10.dim_promotion
[0m15:42:07.954882 [debug] [Thread-3 (]: Began compiling node model.lab10.dim_date
[0m15:42:07.970334 [debug] [Thread-2 (]: Writing injected SQL for node "model.lab10.dim_customer"
[0m15:42:07.977172 [debug] [Thread-4 (]: Writing injected SQL for node "model.lab10.dim_product"
[0m15:42:07.984766 [debug] [Thread-1 (]: Writing injected SQL for node "model.lab10.dim_promotion"
[0m15:42:07.992110 [debug] [Thread-3 (]: Writing injected SQL for node "model.lab10.dim_date"
[0m15:42:08.011312 [debug] [Thread-4 (]: Began executing node model.lab10.dim_product
[0m15:42:08.031247 [debug] [Thread-1 (]: Began executing node model.lab10.dim_promotion
[0m15:42:08.096914 [debug] [Thread-2 (]: Began executing node model.lab10.dim_customer
[0m15:42:08.119095 [debug] [Thread-3 (]: Began executing node model.lab10.dim_date
[0m15:42:08.164826 [debug] [Thread-1 (]: Writing runtime sql for node "model.lab10.dim_promotion"
[0m15:42:08.168665 [debug] [Thread-3 (]: Writing runtime sql for node "model.lab10.dim_date"
[0m15:42:08.188135 [debug] [Thread-4 (]: Writing runtime sql for node "model.lab10.dim_product"
[0m15:42:08.189846 [debug] [Thread-2 (]: Writing runtime sql for node "model.lab10.dim_customer"
[0m15:42:08.206314 [debug] [Thread-2 (]: Using postgres connection "model.lab10.dim_customer"
[0m15:42:08.208244 [debug] [Thread-2 (]: On model.lab10.dim_customer: /* {"app": "dbt", "dbt_version": "1.11.12", "profile_name": "lab10", "target_name": "dev", "node_id": "model.lab10.dim_customer"} */

  
    

  create  table "lab10"."warehouse"."dim_customer__dbt_tmp"
  
  
    as
  
  (
    with customers as (
    select distinct
        customer_code,
        customer_name,
        gender,
        birth_year
    from "lab10"."warehouse"."stg_coffee_sales"
)

select
    md5(customer_code) as customer_key,
    customer_code,
    customer_name,
    gender,
    birth_year
from customers
  );
  
[0m15:42:08.210770 [debug] [Thread-2 (]: Opening a new connection, currently in state init
[0m15:42:08.213722 [debug] [Thread-1 (]: Using postgres connection "model.lab10.dim_promotion"
[0m15:42:08.216098 [debug] [Thread-1 (]: On model.lab10.dim_promotion: /* {"app": "dbt", "dbt_version": "1.11.12", "profile_name": "lab10", "target_name": "dev", "node_id": "model.lab10.dim_promotion"} */

  
    

  create  table "lab10"."warehouse"."dim_promotion__dbt_tmp"
  
  
    as
  
  (
    with promotions as (
    select distinct
        promo_code,
        promo_desc
    from "lab10"."warehouse"."stg_coffee_sales"
    where promo_code is not null
)

select
    md5(promo_code) as promotion_key,
    promo_code,
    promo_desc
from promotions
  );
  
[0m15:42:08.217822 [debug] [Thread-3 (]: Using postgres connection "model.lab10.dim_date"
[0m15:42:08.218834 [debug] [Thread-1 (]: Opening a new connection, currently in state closed
[0m15:42:08.221221 [debug] [Thread-3 (]: On model.lab10.dim_date: /* {"app": "dbt", "dbt_version": "1.11.12", "profile_name": "lab10", "target_name": "dev", "node_id": "model.lab10.dim_date"} */

  
    

  create  table "lab10"."warehouse"."dim_date__dbt_tmp"
  
  
    as
  
  (
    with dates as (
    select distinct sale_date
    from "lab10"."warehouse"."stg_coffee_sales"
)

select
    to_char(sale_date, 'YYYYMMDD')::integer as date_key,
    sale_date as full_date,
    extract(year from sale_date)::integer as year,
    extract(month from sale_date)::integer as month_number,
    to_char(sale_date, 'Mon') as month_name,
    extract(day from sale_date)::integer as day_of_month
from dates
  );
  
[0m15:42:08.223933 [debug] [Thread-4 (]: Using postgres connection "model.lab10.dim_product"
[0m15:42:08.225096 [debug] [Thread-3 (]: Opening a new connection, currently in state init
[0m15:42:08.227068 [debug] [Thread-4 (]: On model.lab10.dim_product: /* {"app": "dbt", "dbt_version": "1.11.12", "profile_name": "lab10", "target_name": "dev", "node_id": "model.lab10.dim_product"} */

  
    

  create  table "lab10"."warehouse"."dim_product__dbt_tmp"
  
  
    as
  
  (
    with products as (
    select distinct
        product_code,
        product_name,
        category,
        size,
        unit_price
    from "lab10"."warehouse"."stg_coffee_sales"
)

select
    md5(product_code) as product_key,
    product_code,
    product_name,
    category,
    size,
    unit_price
from products
  );
  
[0m15:42:08.229960 [debug] [Thread-4 (]: Opening a new connection, currently in state init
[0m15:42:08.258887 [debug] [Thread-1 (]: SQL status: SELECT 2 in 0.040 seconds
[0m15:42:08.260214 [debug] [Thread-2 (]: SQL status: SELECT 2745 in 0.050 seconds
[0m15:42:08.273007 [debug] [Thread-3 (]: SQL status: SELECT 31 in 0.048 seconds
[0m15:42:08.291214 [debug] [Thread-1 (]: Using postgres connection "model.lab10.dim_promotion"
[0m15:42:08.301490 [debug] [Thread-3 (]: Using postgres connection "model.lab10.dim_date"
[0m15:42:08.302609 [debug] [Thread-4 (]: SQL status: SELECT 5 in 0.073 seconds
[0m15:42:08.303862 [debug] [Thread-1 (]: On model.lab10.dim_promotion: /* {"app": "dbt", "dbt_version": "1.11.12", "profile_name": "lab10", "target_name": "dev", "node_id": "model.lab10.dim_promotion"} */
alter table "lab10"."warehouse"."dim_promotion__dbt_tmp" rename to "dim_promotion"
[0m15:42:08.307627 [debug] [Thread-2 (]: Using postgres connection "model.lab10.dim_customer"
[0m15:42:08.309216 [debug] [Thread-3 (]: On model.lab10.dim_date: /* {"app": "dbt", "dbt_version": "1.11.12", "profile_name": "lab10", "target_name": "dev", "node_id": "model.lab10.dim_date"} */
alter table "lab10"."warehouse"."dim_date__dbt_tmp" rename to "dim_date"
[0m15:42:08.319981 [debug] [Thread-4 (]: Using postgres connection "model.lab10.dim_product"
[0m15:42:08.321749 [debug] [Thread-2 (]: On model.lab10.dim_customer: /* {"app": "dbt", "dbt_version": "1.11.12", "profile_name": "lab10", "target_name": "dev", "node_id": "model.lab10.dim_customer"} */
alter table "lab10"."warehouse"."dim_customer__dbt_tmp" rename to "dim_customer"
[0m15:42:08.323245 [debug] [Thread-1 (]: SQL status: ALTER TABLE in 0.002 seconds
[0m15:42:08.324970 [debug] [Thread-4 (]: On model.lab10.dim_product: /* {"app": "dbt", "dbt_version": "1.11.12", "profile_name": "lab10", "target_name": "dev", "node_id": "model.lab10.dim_product"} */
alter table "lab10"."warehouse"."dim_product__dbt_tmp" rename to "dim_product"
[0m15:42:08.326139 [debug] [Thread-3 (]: SQL status: ALTER TABLE in 0.002 seconds
[0m15:42:08.330815 [debug] [Thread-1 (]: On model.lab10.dim_promotion: COMMIT
[0m15:42:08.332176 [debug] [Thread-2 (]: SQL status: ALTER TABLE in 0.005 seconds
[0m15:42:08.337037 [debug] [Thread-3 (]: On model.lab10.dim_date: COMMIT
[0m15:42:08.338139 [debug] [Thread-4 (]: SQL status: ALTER TABLE in 0.005 seconds
[0m15:42:08.339087 [debug] [Thread-1 (]: Using postgres connection "model.lab10.dim_promotion"
[0m15:42:08.343222 [debug] [Thread-2 (]: On model.lab10.dim_customer: COMMIT
[0m15:42:08.344801 [debug] [Thread-3 (]: Using postgres connection "model.lab10.dim_date"
[0m15:42:08.349177 [debug] [Thread-4 (]: On model.lab10.dim_product: COMMIT
[0m15:42:08.350934 [debug] [Thread-1 (]: On model.lab10.dim_promotion: COMMIT
[0m15:42:08.352421 [debug] [Thread-2 (]: Using postgres connection "model.lab10.dim_customer"
[0m15:42:08.354176 [debug] [Thread-3 (]: On model.lab10.dim_date: COMMIT
[0m15:42:08.355759 [debug] [Thread-4 (]: Using postgres connection "model.lab10.dim_product"
[0m15:42:08.357445 [debug] [Thread-2 (]: On model.lab10.dim_customer: COMMIT
[0m15:42:08.361205 [debug] [Thread-1 (]: SQL status: COMMIT in 0.004 seconds
[0m15:42:08.359561 [debug] [Thread-4 (]: On model.lab10.dim_product: COMMIT
[0m15:42:08.362646 [debug] [Thread-3 (]: SQL status: COMMIT in 0.004 seconds
[0m15:42:08.369223 [debug] [Thread-2 (]: SQL status: COMMIT in 0.007 seconds
[0m15:42:08.372737 [debug] [Thread-1 (]: Applying DROP to: "lab10"."warehouse"."dim_promotion__dbt_backup"
[0m15:42:08.381483 [debug] [Thread-3 (]: Applying DROP to: "lab10"."warehouse"."dim_date__dbt_backup"
[0m15:42:08.382486 [debug] [Thread-4 (]: SQL status: COMMIT in 0.008 seconds
[0m15:42:08.388828 [debug] [Thread-2 (]: Applying DROP to: "lab10"."warehouse"."dim_customer__dbt_backup"
[0m15:42:08.395753 [debug] [Thread-1 (]: Using postgres connection "model.lab10.dim_promotion"
[0m15:42:08.398725 [debug] [Thread-3 (]: Using postgres connection "model.lab10.dim_date"
[0m15:42:08.406435 [debug] [Thread-4 (]: Applying DROP to: "lab10"."warehouse"."dim_product__dbt_backup"
[0m15:42:08.408546 [debug] [Thread-2 (]: Using postgres connection "model.lab10.dim_customer"
[0m15:42:08.410040 [debug] [Thread-1 (]: On model.lab10.dim_promotion: /* {"app": "dbt", "dbt_version": "1.11.12", "profile_name": "lab10", "target_name": "dev", "node_id": "model.lab10.dim_promotion"} */
drop table if exists "lab10"."warehouse"."dim_promotion__dbt_backup" cascade
[0m15:42:08.411563 [debug] [Thread-3 (]: On model.lab10.dim_date: /* {"app": "dbt", "dbt_version": "1.11.12", "profile_name": "lab10", "target_name": "dev", "node_id": "model.lab10.dim_date"} */
drop table if exists "lab10"."warehouse"."dim_date__dbt_backup" cascade
[0m15:42:08.414221 [debug] [Thread-4 (]: Using postgres connection "model.lab10.dim_product"
[0m15:42:08.416271 [debug] [Thread-2 (]: On model.lab10.dim_customer: /* {"app": "dbt", "dbt_version": "1.11.12", "profile_name": "lab10", "target_name": "dev", "node_id": "model.lab10.dim_customer"} */
drop table if exists "lab10"."warehouse"."dim_customer__dbt_backup" cascade
[0m15:42:08.418484 [debug] [Thread-1 (]: SQL status: DROP TABLE in 0.001 seconds
[0m15:42:08.419722 [debug] [Thread-4 (]: On model.lab10.dim_product: /* {"app": "dbt", "dbt_version": "1.11.12", "profile_name": "lab10", "target_name": "dev", "node_id": "model.lab10.dim_product"} */
drop table if exists "lab10"."warehouse"."dim_product__dbt_backup" cascade
[0m15:42:08.421050 [debug] [Thread-3 (]: SQL status: DROP TABLE in 0.003 seconds
[0m15:42:08.425467 [debug] [Thread-1 (]: On model.lab10.dim_promotion: Close
[0m15:42:08.426724 [debug] [Thread-2 (]: SQL status: DROP TABLE in 0.004 seconds
[0m15:42:08.430739 [debug] [Thread-3 (]: On model.lab10.dim_date: Close
[0m15:42:08.432039 [debug] [Thread-4 (]: SQL status: DROP TABLE in 0.004 seconds
[0m15:42:08.434720 [debug] [Thread-1 (]: Sending event: {'category': 'dbt', 'action': 'run_model', 'label': 'fb787c35-1faa-4d69-bb6b-07fb80f5066b', 'context': [<snowplow_tracker.self_describing_json.SelfDescribingJson object at 0x7fab430bcd70>]}
[0m15:42:08.438561 [debug] [Thread-2 (]: On model.lab10.dim_customer: Close
[0m15:42:08.440769 [debug] [Thread-3 (]: Sending event: {'category': 'dbt', 'action': 'run_model', 'label': 'fb787c35-1faa-4d69-bb6b-07fb80f5066b', 'context': [<snowplow_tracker.self_describing_json.SelfDescribingJson object at 0x7fab43092960>]}
[0m15:42:08.444016 [debug] [Thread-4 (]: On model.lab10.dim_product: Close
[0m15:42:08.446688 [info ] [Thread-1 (]: 5 of 7 OK created sql table model warehouse.dim_promotion ...................... [[32mSELECT 2[0m in 0.49s]
[0m15:42:08.448737 [debug] [Thread-2 (]: Sending event: {'category': 'dbt', 'action': 'run_model', 'label': 'fb787c35-1faa-4d69-bb6b-07fb80f5066b', 'context': [<snowplow_tracker.self_describing_json.SelfDescribingJson object at 0x7fab432b8e50>]}
[0m15:42:08.450898 [info ] [Thread-3 (]: 3 of 7 OK created sql table model warehouse.dim_date ........................... [[32mSELECT 31[0m in 0.49s]
[0m15:42:08.453107 [debug] [Thread-4 (]: Sending event: {'category': 'dbt', 'action': 'run_model', 'label': 'fb787c35-1faa-4d69-bb6b-07fb80f5066b', 'context': [<snowplow_tracker.self_describing_json.SelfDescribingJson object at 0x7fab4312c280>]}
[0m15:42:08.455063 [debug] [Thread-1 (]: Finished running node model.lab10.dim_promotion
[0m15:42:08.457754 [info ] [Thread-2 (]: 2 of 7 OK created sql table model warehouse.dim_customer ....................... [[32mSELECT 2745[0m in 0.51s]
[0m15:42:08.459636 [debug] [Thread-3 (]: Finished running node model.lab10.dim_date
[0m15:42:08.461531 [info ] [Thread-4 (]: 4 of 7 OK created sql table model warehouse.dim_product ........................ [[32mSELECT 5[0m in 0.51s]
[0m15:42:08.463051 [debug] [Thread-1 (]: Began running node model.lab10.dim_store
[0m15:42:08.465228 [debug] [Thread-2 (]: Finished running node model.lab10.dim_customer
[0m15:42:08.468251 [debug] [Thread-4 (]: Finished running node model.lab10.dim_product
[0m15:42:08.470655 [info ] [Thread-1 (]: 6 of 7 START sql table model warehouse.dim_store ............................... [RUN]
[0m15:42:08.473962 [debug] [Thread-1 (]: Re-using an available connection from the pool (formerly model.lab10.dim_promotion, now model.lab10.dim_store)
[0m15:42:08.475724 [debug] [Thread-1 (]: Began compiling node model.lab10.dim_store
[0m15:42:08.483438 [debug] [Thread-1 (]: Writing injected SQL for node "model.lab10.dim_store"
[0m15:42:08.498557 [debug] [Thread-1 (]: Began executing node model.lab10.dim_store
[0m15:42:08.508771 [debug] [Thread-1 (]: Writing runtime sql for node "model.lab10.dim_store"
[0m15:42:08.524928 [debug] [Thread-1 (]: Using postgres connection "model.lab10.dim_store"
[0m15:42:08.526140 [debug] [Thread-1 (]: On model.lab10.dim_store: /* {"app": "dbt", "dbt_version": "1.11.12", "profile_name": "lab10", "target_name": "dev", "node_id": "model.lab10.dim_store"} */

  
    

  create  table "lab10"."warehouse"."dim_store__dbt_tmp"
  
  
    as
  
  (
    with stores as (
    select distinct
        store_code,
        store_name,
        province
    from "lab10"."warehouse"."stg_coffee_sales"
)

select
    md5(store_code) as store_key,
    store_code,
    store_name,
    province
from stores
  );
  
[0m15:42:08.527269 [debug] [Thread-1 (]: Opening a new connection, currently in state closed
[0m15:42:08.554330 [debug] [Thread-1 (]: SQL status: SELECT 3 in 0.027 seconds
[0m15:42:08.563476 [debug] [Thread-1 (]: Using postgres connection "model.lab10.dim_store"
[0m15:42:08.565079 [debug] [Thread-1 (]: On model.lab10.dim_store: /* {"app": "dbt", "dbt_version": "1.11.12", "profile_name": "lab10", "target_name": "dev", "node_id": "model.lab10.dim_store"} */
alter table "lab10"."warehouse"."dim_store__dbt_tmp" rename to "dim_store"
[0m15:42:08.568381 [debug] [Thread-1 (]: SQL status: ALTER TABLE in 0.001 seconds
[0m15:42:08.572818 [debug] [Thread-1 (]: On model.lab10.dim_store: COMMIT
[0m15:42:08.574305 [debug] [Thread-1 (]: Using postgres connection "model.lab10.dim_store"
[0m15:42:08.575682 [debug] [Thread-1 (]: On model.lab10.dim_store: COMMIT
[0m15:42:08.579289 [debug] [Thread-1 (]: SQL status: COMMIT in 0.002 seconds
[0m15:42:08.586067 [debug] [Thread-1 (]: Applying DROP to: "lab10"."warehouse"."dim_store__dbt_backup"
[0m15:42:08.588558 [debug] [Thread-1 (]: Using postgres connection "model.lab10.dim_store"
[0m15:42:08.590031 [debug] [Thread-1 (]: On model.lab10.dim_store: /* {"app": "dbt", "dbt_version": "1.11.12", "profile_name": "lab10", "target_name": "dev", "node_id": "model.lab10.dim_store"} */
drop table if exists "lab10"."warehouse"."dim_store__dbt_backup" cascade
[0m15:42:08.592199 [debug] [Thread-1 (]: SQL status: DROP TABLE in 0.001 seconds
[0m15:42:08.597868 [debug] [Thread-1 (]: On model.lab10.dim_store: Close
[0m15:42:08.601139 [debug] [Thread-1 (]: Sending event: {'category': 'dbt', 'action': 'run_model', 'label': 'fb787c35-1faa-4d69-bb6b-07fb80f5066b', 'context': [<snowplow_tracker.self_describing_json.SelfDescribingJson object at 0x7fab43060cb0>]}
[0m15:42:08.603583 [info ] [Thread-1 (]: 6 of 7 OK created sql table model warehouse.dim_store .......................... [[32mSELECT 3[0m in 0.13s]
[0m15:42:08.605713 [debug] [Thread-1 (]: Finished running node model.lab10.dim_store
[0m15:42:08.608609 [debug] [Thread-3 (]: Began running node model.lab10.fct_sales
[0m15:42:08.610593 [info ] [Thread-3 (]: 7 of 7 START sql table model warehouse.fct_sales ............................... [RUN]
[0m15:42:08.612083 [debug] [Thread-3 (]: Re-using an available connection from the pool (formerly model.lab10.dim_date, now model.lab10.fct_sales)
[0m15:42:08.613419 [debug] [Thread-3 (]: Began compiling node model.lab10.fct_sales
[0m15:42:08.626680 [debug] [Thread-3 (]: Writing injected SQL for node "model.lab10.fct_sales"
[0m15:42:08.643447 [debug] [Thread-3 (]: Began executing node model.lab10.fct_sales
[0m15:42:08.652526 [debug] [Thread-3 (]: Writing runtime sql for node "model.lab10.fct_sales"
[0m15:42:08.670977 [debug] [Thread-3 (]: Using postgres connection "model.lab10.fct_sales"
[0m15:42:08.672679 [debug] [Thread-3 (]: On model.lab10.fct_sales: /* {"app": "dbt", "dbt_version": "1.11.12", "profile_name": "lab10", "target_name": "dev", "node_id": "model.lab10.fct_sales"} */

  
    

  create  table "lab10"."warehouse"."fct_sales__dbt_tmp"
  
  
    as
  
  (
    select
    md5(s.sale_id::text) as sales_key,
    s.invoice_number,
    d.date_key,
    p.product_key,
    st.store_key,
    c.customer_key,
    pr.promotion_key,
    s.quantity,
    s.unit_price,
    s.revenue,
    s.points_redeemed
from "lab10"."warehouse"."stg_coffee_sales" s
join "lab10"."warehouse"."dim_date" d
    on s.sale_date = d.full_date
join "lab10"."warehouse"."dim_product" p
    on s.product_code = p.product_code
join "lab10"."warehouse"."dim_store" st
    on s.store_code = st.store_code
join "lab10"."warehouse"."dim_customer" c
    on s.customer_code = c.customer_code
left join "lab10"."warehouse"."dim_promotion" pr
    on s.promo_code = pr.promo_code
  );
  
[0m15:42:08.674126 [debug] [Thread-3 (]: Opening a new connection, currently in state closed
[0m15:42:08.745863 [debug] [Thread-3 (]: SQL status: SELECT 3000 in 0.072 seconds
[0m15:42:08.757169 [debug] [Thread-3 (]: Using postgres connection "model.lab10.fct_sales"
[0m15:42:08.758453 [debug] [Thread-3 (]: On model.lab10.fct_sales: /* {"app": "dbt", "dbt_version": "1.11.12", "profile_name": "lab10", "target_name": "dev", "node_id": "model.lab10.fct_sales"} */
alter table "lab10"."warehouse"."fct_sales__dbt_tmp" rename to "fct_sales"
[0m15:42:08.761128 [debug] [Thread-3 (]: SQL status: ALTER TABLE in 0.001 seconds
[0m15:42:08.765333 [debug] [Thread-3 (]: On model.lab10.fct_sales: COMMIT
[0m15:42:08.767271 [debug] [Thread-3 (]: Using postgres connection "model.lab10.fct_sales"
[0m15:42:08.768727 [debug] [Thread-3 (]: On model.lab10.fct_sales: COMMIT
[0m15:42:08.775637 [debug] [Thread-3 (]: SQL status: COMMIT in 0.006 seconds
[0m15:42:08.782480 [debug] [Thread-3 (]: Applying DROP to: "lab10"."warehouse"."fct_sales__dbt_backup"
[0m15:42:08.785255 [debug] [Thread-3 (]: Using postgres connection "model.lab10.fct_sales"
[0m15:42:08.786713 [debug] [Thread-3 (]: On model.lab10.fct_sales: /* {"app": "dbt", "dbt_version": "1.11.12", "profile_name": "lab10", "target_name": "dev", "node_id": "model.lab10.fct_sales"} */
drop table if exists "lab10"."warehouse"."fct_sales__dbt_backup" cascade
[0m15:42:08.788641 [debug] [Thread-3 (]: SQL status: DROP TABLE in 0.001 seconds
[0m15:42:08.793439 [debug] [Thread-3 (]: On model.lab10.fct_sales: Close
[0m15:42:08.795680 [debug] [Thread-3 (]: Sending event: {'category': 'dbt', 'action': 'run_model', 'label': 'fb787c35-1faa-4d69-bb6b-07fb80f5066b', 'context': [<snowplow_tracker.self_describing_json.SelfDescribingJson object at 0x7fab430615b0>]}
[0m15:42:08.798581 [info ] [Thread-3 (]: 7 of 7 OK created sql table model warehouse.fct_sales .......................... [[32mSELECT 3000[0m in 0.18s]
[0m15:42:08.801213 [debug] [Thread-3 (]: Finished running node model.lab10.fct_sales
[0m15:42:08.805928 [debug] [MainThread]: On master: COMMIT
[0m15:42:08.807300 [debug] [MainThread]: Using postgres connection "master"
[0m15:42:08.808522 [debug] [MainThread]: On master: COMMIT
[0m15:42:08.810052 [debug] [MainThread]: Opening a new connection, currently in state closed
[0m15:42:08.828295 [debug] [MainThread]: SQL status: COMMIT in 0.018 seconds
[0m15:42:08.829848 [debug] [MainThread]: On master: Close
[0m15:42:08.831632 [debug] [MainThread]: Connection 'master' was properly closed.
[0m15:42:08.833360 [debug] [MainThread]: Connection 'model.lab10.dim_store' was properly closed.
[0m15:42:08.834697 [debug] [MainThread]: Connection 'model.lab10.dim_customer' was properly closed.
[0m15:42:08.835811 [debug] [MainThread]: Connection 'model.lab10.dim_product' was properly closed.
[0m15:42:08.836843 [debug] [MainThread]: Connection 'model.lab10.fct_sales' was properly closed.
[0m15:42:08.837988 [info ] [MainThread]: 
[0m15:42:08.839334 [info ] [MainThread]: Finished running 6 table models, 1 view model in 0 hours 0 minutes and 1.59 seconds (1.59s).
[0m15:42:08.843502 [debug] [MainThread]: Command end result
[0m15:42:08.968388 [debug] [MainThread]: Wrote artifact WritableManifest to /opt/airflow/dbt/target/manifest.json
[0m15:42:08.979163 [debug] [MainThread]: Wrote artifact SemanticManifest to /opt/airflow/dbt/target/semantic_manifest.json
[0m15:42:09.001965 [debug] [MainThread]: Wrote artifact RunExecutionResult to /opt/airflow/dbt/target/run_results.json
[0m15:42:09.003205 [info ] [MainThread]: 
[0m15:42:09.004668 [info ] [MainThread]: [32mCompleted successfully[0m
[0m15:42:09.005852 [info ] [MainThread]: 
[0m15:42:09.007210 [info ] [MainThread]: Done. PASS=7 WARN=0 ERROR=0 SKIP=0 NO-OP=0 TOTAL=7
[0m15:42:09.009748 [debug] [MainThread]: Resource report: {"command_name": "run", "command_success": true, "command_wall_clock_time": 7.61548, "process_in_blocks": "4856", "process_kernel_time": 0.843412, "process_mem_max_rss": "156964", "process_out_blocks": "0", "process_user_time": 9.749447}
[0m15:42:09.011167 [debug] [MainThread]: Command `dbt run` succeeded at 15:42:09.010914 after 7.62 seconds
[0m15:42:09.012323 [debug] [MainThread]: Sending event: {'category': 'dbt', 'action': 'invocation', 'label': 'end', 'context': [<snowplow_tracker.self_describing_json.SelfDescribingJson object at 0x7fab670b8230>, <snowplow_tracker.self_describing_json.SelfDescribingJson object at 0x7fab64987890>, <snowplow_tracker.self_describing_json.SelfDescribingJson object at 0x7fab6199e390>]}
[0m15:42:09.013377 [debug] [MainThread]: Flushing usage events
[0m15:42:10.479322 [debug] [MainThread]: An error was encountered while trying to flush usage events
[0m15:42:15.981641 [debug] [MainThread]: Sending event: {'category': 'dbt', 'action': 'invocation', 'label': 'start', 'context': [<snowplow_tracker.self_describing_json.SelfDescribingJson object at 0x7f567053a7b0>, <snowplow_tracker.self_describing_json.SelfDescribingJson object at 0x7f5673362e90>, <snowplow_tracker.self_describing_json.SelfDescribingJson object at 0x7f566f51fd90>]}


============================== 15:42:15.990560 | 08a7ecc2-1078-42fa-b40c-f302dd7339ea ==============================
[0m15:42:15.990560 [info ] [MainThread]: Running with dbt=1.11.12
[0m15:42:15.993720 [debug] [MainThread]: running dbt with arguments {'write_json': 'True', 'quiet': 'False', 'indirect_selection': 'eager', 'introspect': 'True', 'profiles_dir': '/opt/airflow/dbt_root', 'printer_width': '80', 'warn_error_options': 'WarnErrorOptionsV2(error=[], warn=[], silence=[])', 'send_anonymous_usage_stats': 'True', 'use_colors': 'True', 'warn_error': 'None', 'log_format': 'default', 'static_parser': 'True', 'version_check': 'True', 'cache_selected_only': 'False', 'invocation_command': 'dbt test --project-dir /opt/airflow/dbt --profiles-dir /opt/airflow/dbt_root', 'partial_parse': 'True', 'fail_fast': 'False', 'debug': 'False', 'target_path': 'None', 'log_path': '/opt/airflow/dbt/logs', 'use_experimental_parser': 'False', 'no_print': 'None', 'log_cache_events': 'False', 'empty': 'None'}
[0m15:42:16.476595 [debug] [MainThread]: Sending event: {'category': 'dbt', 'action': 'project_id', 'label': '08a7ecc2-1078-42fa-b40c-f302dd7339ea', 'context': [<snowplow_tracker.self_describing_json.SelfDescribingJson object at 0x7f56701949d0>]}
[0m15:42:16.642726 [debug] [MainThread]: Sending event: {'category': 'dbt', 'action': 'adapter_info', 'label': '08a7ecc2-1078-42fa-b40c-f302dd7339ea', 'context': [<snowplow_tracker.self_describing_json.SelfDescribingJson object at 0x7f566f3a5480>]}
[0m15:42:16.644591 [info ] [MainThread]: Registered adapter: postgres=1.10.2
[0m15:42:16.814861 [debug] [MainThread]: checksum: f368f5348cf42803b94ef7fb8257ecf3bf9a9a16dd9c8c51fe5172f2dbeb457f, vars: {}, profile: , target: , version: 1.11.12
[0m15:42:17.323136 [debug] [MainThread]: Partial parsing enabled: 0 files deleted, 0 files added, 0 files changed.
[0m15:42:17.324372 [debug] [MainThread]: Nothing changed, skipping partial parsing.
[0m15:42:17.325281 [debug] [MainThread]: Partial parsing enabled, no changes found, skipping parsing
[0m15:42:17.570941 [debug] [MainThread]: Sending event: {'category': 'dbt', 'action': 'load_project', 'label': '08a7ecc2-1078-42fa-b40c-f302dd7339ea', 'context': [<snowplow_tracker.self_describing_json.SelfDescribingJson object at 0x7f566f40d250>]}
[0m15:42:17.875311 [debug] [MainThread]: Wrote artifact WritableManifest to /opt/airflow/dbt/target/manifest.json
[0m15:42:17.884642 [debug] [MainThread]: Wrote artifact SemanticManifest to /opt/airflow/dbt/target/semantic_manifest.json
[0m15:42:17.938234 [debug] [MainThread]: Sending event: {'category': 'dbt', 'action': 'resource_counts', 'label': '08a7ecc2-1078-42fa-b40c-f302dd7339ea', 'context': [<snowplow_tracker.self_describing_json.SelfDescribingJson object at 0x7f566d3b0140>]}
[0m15:42:17.939935 [info ] [MainThread]: Found 7 models, 29 data tests, 1 source, 475 macros
[0m15:42:17.941502 [debug] [MainThread]: Sending event: {'category': 'dbt', 'action': 'runnable_timing', 'label': '08a7ecc2-1078-42fa-b40c-f302dd7339ea', 'context': [<snowplow_tracker.self_describing_json.SelfDescribingJson object at 0x7f566e7bdc50>]}
[0m15:42:17.951746 [info ] [MainThread]: 
[0m15:42:17.953256 [info ] [MainThread]: Concurrency: 4 threads (target='dev')
[0m15:42:17.954467 [info ] [MainThread]: 
[0m15:42:17.956281 [debug] [MainThread]: Acquiring new postgres connection 'master'
[0m15:42:17.970839 [debug] [ThreadPool]: Acquiring new postgres connection 'list_lab10_warehouse'
[0m15:42:18.081415 [debug] [ThreadPool]: Using postgres connection "list_lab10_warehouse"
[0m15:42:18.082629 [debug] [ThreadPool]: On list_lab10_warehouse: /* {"app": "dbt", "dbt_version": "1.11.12", "profile_name": "lab10", "target_name": "dev", "connection_name": "list_lab10_warehouse"} */
select
      'lab10' as database,
      tablename as name,
      schemaname as schema,
      'table' as type
    from pg_tables
    where schemaname ilike 'warehouse'
    union all
    select
      'lab10' as database,
      viewname as name,
      schemaname as schema,
      'view' as type
    from pg_views
    where schemaname ilike 'warehouse'
    union all
    select
      'lab10' as database,
      matviewname as name,
      schemaname as schema,
      'materialized_view' as type
    from pg_matviews
    where schemaname ilike 'warehouse'
  
[0m15:42:18.083867 [debug] [ThreadPool]: Opening a new connection, currently in state init
[0m15:42:18.106920 [debug] [ThreadPool]: SQL status: SELECT 7 in 0.023 seconds
[0m15:42:18.110752 [debug] [ThreadPool]: On list_lab10_warehouse: ROLLBACK
[0m15:42:18.112236 [debug] [ThreadPool]: On list_lab10_warehouse: Close
[0m15:42:18.125848 [debug] [MainThread]: Using postgres connection "master"
[0m15:42:18.127438 [debug] [MainThread]: On master: /* {"app": "dbt", "dbt_version": "1.11.12", "profile_name": "lab10", "target_name": "dev", "connection_name": "master"} */
select distinct
        dependent_namespace.nspname as dependent_schema,
        dependent_class.relname as dependent_name,
        referenced_namespace.nspname as referenced_schema,
        referenced_class.relname as referenced_name

    -- Query for views: views are entries in pg_class with an entry in pg_rewrite, but we avoid
    -- a seq scan on pg_rewrite by leveraging the fact there is an "internal" row in pg_depend for
    -- the view...
    from pg_class as dependent_class
    join pg_namespace as dependent_namespace on dependent_namespace.oid = dependent_class.relnamespace
    join pg_depend as dependent_depend on dependent_depend.refobjid = dependent_class.oid
        and dependent_depend.classid = 'pg_rewrite'::regclass
        and dependent_depend.refclassid = 'pg_class'::regclass
        and dependent_depend.deptype = 'i'

    -- ... and via pg_depend (that has a row per column, hence the need for "distinct" above, and
    -- making sure to exclude the internal row to avoid a view appearing to depend on itself)...
    join pg_depend as joining_depend on joining_depend.objid = dependent_depend.objid
        and joining_depend.classid = 'pg_rewrite'::regclass
        and joining_depend.refclassid = 'pg_class'::regclass
        and joining_depend.refobjid != dependent_depend.refobjid

    -- ... we can find the tables they query from in pg_class, but excluding system tables. Note we
    -- don't need need to exclude _dependent_ system tables, because they only query from other
    -- system tables, and so are automatically excluded by excluding _referenced_ system tables
    join pg_class as referenced_class on referenced_class.oid = joining_depend.refobjid
    join pg_namespace as referenced_namespace on referenced_namespace.oid = referenced_class.relnamespace
        and referenced_namespace.nspname != 'information_schema'
        and referenced_namespace.nspname not like 'pg\_%'

    order by
        dependent_schema, dependent_name, referenced_schema, referenced_name;
[0m15:42:18.128635 [debug] [MainThread]: Opening a new connection, currently in state init
[0m15:42:18.148434 [debug] [MainThread]: SQL status: SELECT 1 in 0.020 seconds
[0m15:42:18.152819 [debug] [MainThread]: Sending event: {'category': 'dbt', 'action': 'runnable_timing', 'label': '08a7ecc2-1078-42fa-b40c-f302dd7339ea', 'context': [<snowplow_tracker.self_describing_json.SelfDescribingJson object at 0x7f566cb6ef70>]}
[0m15:42:18.154624 [debug] [MainThread]: On master: ROLLBACK
[0m15:42:18.156423 [debug] [MainThread]: On master: COMMIT
[0m15:42:18.157793 [debug] [MainThread]: Using postgres connection "master"
[0m15:42:18.158927 [debug] [MainThread]: On master: COMMIT
[0m15:42:18.160568 [debug] [MainThread]: SQL status: COMMIT in 0.001 seconds
[0m15:42:18.161933 [debug] [MainThread]: On master: Close
[0m15:42:18.183611 [debug] [Thread-1 (]: Began running node test.lab10.not_null_dim_customer_customer_code.ada171a051
[0m15:42:18.184831 [debug] [Thread-3 (]: Began running node test.lab10.not_null_dim_date_date_key.881d0a31b6
[0m15:42:18.186001 [debug] [Thread-4 (]: Began running node test.lab10.not_null_dim_product_product_code.a555e7d6c4
[0m15:42:18.187066 [debug] [Thread-2 (]: Began running node test.lab10.not_null_dim_customer_customer_key.c289fe4d1f
[0m15:42:18.188088 [info ] [Thread-1 (]: 1 of 29 START test not_null_dim_customer_customer_code ......................... [RUN]
[0m15:42:18.189825 [info ] [Thread-3 (]: 3 of 29 START test not_null_dim_date_date_key .................................. [RUN]
[0m15:42:18.191574 [info ] [Thread-4 (]: 4 of 29 START test not_null_dim_product_product_code ........................... [RUN]
[0m15:42:18.193086 [info ] [Thread-2 (]: 2 of 29 START test not_null_dim_customer_customer_key .......................... [RUN]
[0m15:42:18.194956 [debug] [Thread-1 (]: Re-using an available connection from the pool (formerly list_lab10_warehouse, now test.lab10.not_null_dim_customer_customer_code.ada171a051)
[0m15:42:18.197016 [debug] [Thread-3 (]: Acquiring new postgres connection 'test.lab10.not_null_dim_date_date_key.881d0a31b6'
[0m15:42:18.199303 [debug] [Thread-4 (]: Acquiring new postgres connection 'test.lab10.not_null_dim_product_product_code.a555e7d6c4'
[0m15:42:18.202168 [debug] [Thread-2 (]: Acquiring new postgres connection 'test.lab10.not_null_dim_customer_customer_key.c289fe4d1f'
[0m15:42:18.203860 [debug] [Thread-1 (]: Began compiling node test.lab10.not_null_dim_customer_customer_code.ada171a051
[0m15:42:18.205392 [debug] [Thread-3 (]: Began compiling node test.lab10.not_null_dim_date_date_key.881d0a31b6
[0m15:42:18.207220 [debug] [Thread-4 (]: Began compiling node test.lab10.not_null_dim_product_product_code.a555e7d6c4
[0m15:42:18.208922 [debug] [Thread-2 (]: Began compiling node test.lab10.not_null_dim_customer_customer_key.c289fe4d1f
[0m15:42:18.322192 [debug] [Thread-2 (]: Writing injected SQL for node "test.lab10.not_null_dim_customer_customer_key.c289fe4d1f"
[0m15:42:18.323593 [debug] [Thread-3 (]: Writing injected SQL for node "test.lab10.not_null_dim_date_date_key.881d0a31b6"
[0m15:42:18.328026 [debug] [Thread-1 (]: Writing injected SQL for node "test.lab10.not_null_dim_customer_customer_code.ada171a051"
[0m15:42:18.329292 [debug] [Thread-4 (]: Writing injected SQL for node "test.lab10.not_null_dim_product_product_code.a555e7d6c4"
[0m15:42:18.346312 [debug] [Thread-3 (]: Began executing node test.lab10.not_null_dim_date_date_key.881d0a31b6
[0m15:42:18.365504 [debug] [Thread-2 (]: Began executing node test.lab10.not_null_dim_customer_customer_key.c289fe4d1f
[0m15:42:18.391134 [debug] [Thread-1 (]: Began executing node test.lab10.not_null_dim_customer_customer_code.ada171a051
[0m15:42:18.392443 [debug] [Thread-4 (]: Began executing node test.lab10.not_null_dim_product_product_code.a555e7d6c4
[0m15:42:18.469973 [debug] [Thread-3 (]: Writing runtime sql for node "test.lab10.not_null_dim_date_date_key.881d0a31b6"
[0m15:42:18.484648 [debug] [Thread-2 (]: Writing runtime sql for node "test.lab10.not_null_dim_customer_customer_key.c289fe4d1f"
[0m15:42:18.494518 [debug] [Thread-4 (]: Writing runtime sql for node "test.lab10.not_null_dim_product_product_code.a555e7d6c4"
[0m15:42:18.507239 [debug] [Thread-1 (]: Writing runtime sql for node "test.lab10.not_null_dim_customer_customer_code.ada171a051"
[0m15:42:18.523907 [debug] [Thread-2 (]: Using postgres connection "test.lab10.not_null_dim_customer_customer_key.c289fe4d1f"
[0m15:42:18.525729 [debug] [Thread-2 (]: On test.lab10.not_null_dim_customer_customer_key.c289fe4d1f: /* {"app": "dbt", "dbt_version": "1.11.12", "profile_name": "lab10", "target_name": "dev", "node_id": "test.lab10.not_null_dim_customer_customer_key.c289fe4d1f"} */

    
    select
      count(*) as failures,
      count(*) != 0 as should_warn,
      count(*) != 0 as should_error
    from (
      
    
  
    
    



select customer_key
from "lab10"."warehouse"."dim_customer"
where customer_key is null



  
  
      
    ) dbt_internal_test
[0m15:42:18.528363 [debug] [Thread-2 (]: Opening a new connection, currently in state init
[0m15:42:18.530040 [debug] [Thread-3 (]: Using postgres connection "test.lab10.not_null_dim_date_date_key.881d0a31b6"
[0m15:42:18.534177 [debug] [Thread-3 (]: On test.lab10.not_null_dim_date_date_key.881d0a31b6: /* {"app": "dbt", "dbt_version": "1.11.12", "profile_name": "lab10", "target_name": "dev", "node_id": "test.lab10.not_null_dim_date_date_key.881d0a31b6"} */

    
    select
      count(*) as failures,
      count(*) != 0 as should_warn,
      count(*) != 0 as should_error
    from (
      
    
  
    
    



select date_key
from "lab10"."warehouse"."dim_date"
where date_key is null



  
  
      
    ) dbt_internal_test
[0m15:42:18.537822 [debug] [Thread-3 (]: Opening a new connection, currently in state init
[0m15:42:18.539489 [debug] [Thread-4 (]: Using postgres connection "test.lab10.not_null_dim_product_product_code.a555e7d6c4"
[0m15:42:18.543385 [debug] [Thread-4 (]: On test.lab10.not_null_dim_product_product_code.a555e7d6c4: /* {"app": "dbt", "dbt_version": "1.11.12", "profile_name": "lab10", "target_name": "dev", "node_id": "test.lab10.not_null_dim_product_product_code.a555e7d6c4"} */

    
    select
      count(*) as failures,
      count(*) != 0 as should_warn,
      count(*) != 0 as should_error
    from (
      
    
  
    
    



select product_code
from "lab10"."warehouse"."dim_product"
where product_code is null



  
  
      
    ) dbt_internal_test
[0m15:42:18.547308 [debug] [Thread-4 (]: Opening a new connection, currently in state init
[0m15:42:18.549017 [debug] [Thread-1 (]: Using postgres connection "test.lab10.not_null_dim_customer_customer_code.ada171a051"
[0m15:42:18.551878 [debug] [Thread-1 (]: On test.lab10.not_null_dim_customer_customer_code.ada171a051: /* {"app": "dbt", "dbt_version": "1.11.12", "profile_name": "lab10", "target_name": "dev", "node_id": "test.lab10.not_null_dim_customer_customer_code.ada171a051"} */

    
    select
      count(*) as failures,
      count(*) != 0 as should_warn,
      count(*) != 0 as should_error
    from (
      
    
  
    
    



select customer_code
from "lab10"."warehouse"."dim_customer"
where customer_code is null



  
  
      
    ) dbt_internal_test
[0m15:42:18.554508 [debug] [Thread-1 (]: Opening a new connection, currently in state closed
[0m15:42:18.558611 [debug] [Thread-2 (]: SQL status: SELECT 1 in 0.030 seconds
[0m15:42:18.568220 [debug] [Thread-3 (]: SQL status: SELECT 1 in 0.030 seconds
[0m15:42:18.582392 [debug] [Thread-2 (]: On test.lab10.not_null_dim_customer_customer_key.c289fe4d1f: ROLLBACK
[0m15:42:18.584203 [debug] [Thread-3 (]: On test.lab10.not_null_dim_date_date_key.881d0a31b6: ROLLBACK
[0m15:42:18.586219 [debug] [Thread-1 (]: SQL status: SELECT 1 in 0.032 seconds
[0m15:42:18.587451 [debug] [Thread-2 (]: On test.lab10.not_null_dim_customer_customer_key.c289fe4d1f: Close
[0m15:42:18.588910 [debug] [Thread-4 (]: SQL status: SELECT 1 in 0.042 seconds
[0m15:42:18.590312 [debug] [Thread-3 (]: On test.lab10.not_null_dim_date_date_key.881d0a31b6: Close
[0m15:42:18.594712 [debug] [Thread-1 (]: On test.lab10.not_null_dim_customer_customer_code.ada171a051: ROLLBACK
[0m15:42:18.602267 [debug] [Thread-4 (]: On test.lab10.not_null_dim_product_product_code.a555e7d6c4: ROLLBACK
[0m15:42:18.597351 [info ] [Thread-2 (]: 2 of 29 PASS not_null_dim_customer_customer_key ................................ [[32mPASS[0m in 0.40s]
[0m15:42:18.605336 [info ] [Thread-3 (]: 3 of 29 PASS not_null_dim_date_date_key ........................................ [[32mPASS[0m in 0.41s]
[0m15:42:18.607669 [debug] [Thread-1 (]: On test.lab10.not_null_dim_customer_customer_code.ada171a051: Close
[0m15:42:18.609440 [debug] [Thread-4 (]: On test.lab10.not_null_dim_product_product_code.a555e7d6c4: Close
[0m15:42:18.611524 [debug] [Thread-2 (]: Finished running node test.lab10.not_null_dim_customer_customer_key.c289fe4d1f
[0m15:42:18.614309 [debug] [Thread-3 (]: Finished running node test.lab10.not_null_dim_date_date_key.881d0a31b6
[0m15:42:18.617378 [info ] [Thread-1 (]: 1 of 29 PASS not_null_dim_customer_customer_code ............................... [[32mPASS[0m in 0.42s]
[0m15:42:18.621483 [debug] [Thread-2 (]: Began running node test.lab10.not_null_dim_product_product_key.f0e1d838d3
[0m15:42:18.619966 [info ] [Thread-4 (]: 4 of 29 PASS not_null_dim_product_product_code ................................. [[32mPASS[0m in 0.42s]
[0m15:42:18.624308 [debug] [Thread-3 (]: Began running node test.lab10.not_null_dim_promotion_promo_code.17e44ef031
[0m15:42:18.627181 [debug] [Thread-1 (]: Finished running node test.lab10.not_null_dim_customer_customer_code.ada171a051
[0m15:42:18.628991 [info ] [Thread-2 (]: 5 of 29 START test not_null_dim_product_product_key ............................ [RUN]
[0m15:42:18.632461 [debug] [Thread-4 (]: Finished running node test.lab10.not_null_dim_product_product_code.a555e7d6c4
[0m15:42:18.635954 [info ] [Thread-3 (]: 6 of 29 START test not_null_dim_promotion_promo_code ........................... [RUN]
[0m15:42:18.638345 [debug] [Thread-1 (]: Began running node test.lab10.not_null_dim_promotion_promotion_key.386ef2d6d5
[0m15:42:18.640536 [debug] [Thread-2 (]: Re-using an available connection from the pool (formerly test.lab10.not_null_dim_customer_customer_key.c289fe4d1f, now test.lab10.not_null_dim_product_product_key.f0e1d838d3)
[0m15:42:18.642887 [debug] [Thread-4 (]: Began running node test.lab10.not_null_dim_store_store_code.993f2cbf42
[0m15:42:18.645429 [debug] [Thread-3 (]: Re-using an available connection from the pool (formerly test.lab10.not_null_dim_date_date_key.881d0a31b6, now test.lab10.not_null_dim_promotion_promo_code.17e44ef031)
[0m15:42:18.647461 [info ] [Thread-1 (]: 7 of 29 START test not_null_dim_promotion_promotion_key ........................ [RUN]
[0m15:42:18.649605 [debug] [Thread-2 (]: Began compiling node test.lab10.not_null_dim_product_product_key.f0e1d838d3
[0m15:42:18.651583 [info ] [Thread-4 (]: 8 of 29 START test not_null_dim_store_store_code ............................... [RUN]
[0m15:42:18.653241 [debug] [Thread-3 (]: Began compiling node test.lab10.not_null_dim_promotion_promo_code.17e44ef031
[0m15:42:18.655218 [debug] [Thread-1 (]: Re-using an available connection from the pool (formerly test.lab10.not_null_dim_customer_customer_code.ada171a051, now test.lab10.not_null_dim_promotion_promotion_key.386ef2d6d5)
[0m15:42:18.669849 [debug] [Thread-4 (]: Re-using an available connection from the pool (formerly test.lab10.not_null_dim_product_product_code.a555e7d6c4, now test.lab10.not_null_dim_store_store_code.993f2cbf42)
[0m15:42:18.673132 [debug] [Thread-2 (]: Writing injected SQL for node "test.lab10.not_null_dim_product_product_key.f0e1d838d3"
[0m15:42:18.688636 [debug] [Thread-3 (]: Writing injected SQL for node "test.lab10.not_null_dim_promotion_promo_code.17e44ef031"
[0m15:42:18.689832 [debug] [Thread-1 (]: Began compiling node test.lab10.not_null_dim_promotion_promotion_key.386ef2d6d5
[0m15:42:18.691906 [debug] [Thread-4 (]: Began compiling node test.lab10.not_null_dim_store_store_code.993f2cbf42
[0m15:42:18.716412 [debug] [Thread-1 (]: Writing injected SQL for node "test.lab10.not_null_dim_promotion_promotion_key.386ef2d6d5"
[0m15:42:18.726519 [debug] [Thread-4 (]: Writing injected SQL for node "test.lab10.not_null_dim_store_store_code.993f2cbf42"
[0m15:42:18.730387 [debug] [Thread-3 (]: Began executing node test.lab10.not_null_dim_promotion_promo_code.17e44ef031
[0m15:42:18.731909 [debug] [Thread-2 (]: Began executing node test.lab10.not_null_dim_product_product_key.f0e1d838d3
[0m15:42:18.739782 [debug] [Thread-3 (]: Writing runtime sql for node "test.lab10.not_null_dim_promotion_promo_code.17e44ef031"
[0m15:42:18.747735 [debug] [Thread-1 (]: Began executing node test.lab10.not_null_dim_promotion_promotion_key.386ef2d6d5
[0m15:42:18.748984 [debug] [Thread-2 (]: Writing runtime sql for node "test.lab10.not_null_dim_product_product_key.f0e1d838d3"
[0m15:42:18.757149 [debug] [Thread-4 (]: Began executing node test.lab10.not_null_dim_store_store_code.993f2cbf42
[0m15:42:18.758237 [debug] [Thread-1 (]: Writing runtime sql for node "test.lab10.not_null_dim_promotion_promotion_key.386ef2d6d5"
[0m15:42:18.766225 [debug] [Thread-4 (]: Writing runtime sql for node "test.lab10.not_null_dim_store_store_code.993f2cbf42"
[0m15:42:18.769712 [debug] [Thread-3 (]: Using postgres connection "test.lab10.not_null_dim_promotion_promo_code.17e44ef031"
[0m15:42:18.772238 [debug] [Thread-3 (]: On test.lab10.not_null_dim_promotion_promo_code.17e44ef031: /* {"app": "dbt", "dbt_version": "1.11.12", "profile_name": "lab10", "target_name": "dev", "node_id": "test.lab10.not_null_dim_promotion_promo_code.17e44ef031"} */

    
    select
      count(*) as failures,
      count(*) != 0 as should_warn,
      count(*) != 0 as should_error
    from (
      
    
  
    
    



select promo_code
from "lab10"."warehouse"."dim_promotion"
where promo_code is null



  
  
      
    ) dbt_internal_test
[0m15:42:18.773783 [debug] [Thread-2 (]: Using postgres connection "test.lab10.not_null_dim_product_product_key.f0e1d838d3"
[0m15:42:18.775424 [debug] [Thread-3 (]: Opening a new connection, currently in state closed
[0m15:42:18.778239 [debug] [Thread-2 (]: On test.lab10.not_null_dim_product_product_key.f0e1d838d3: /* {"app": "dbt", "dbt_version": "1.11.12", "profile_name": "lab10", "target_name": "dev", "node_id": "test.lab10.not_null_dim_product_product_key.f0e1d838d3"} */

    
    select
      count(*) as failures,
      count(*) != 0 as should_warn,
      count(*) != 0 as should_error
    from (
      
    
  
    
    



select product_key
from "lab10"."warehouse"."dim_product"
where product_key is null



  
  
      
    ) dbt_internal_test
[0m15:42:18.781342 [debug] [Thread-4 (]: Using postgres connection "test.lab10.not_null_dim_store_store_code.993f2cbf42"
[0m15:42:18.782729 [debug] [Thread-2 (]: Opening a new connection, currently in state closed
[0m15:42:18.784765 [debug] [Thread-4 (]: On test.lab10.not_null_dim_store_store_code.993f2cbf42: /* {"app": "dbt", "dbt_version": "1.11.12", "profile_name": "lab10", "target_name": "dev", "node_id": "test.lab10.not_null_dim_store_store_code.993f2cbf42"} */

    
    select
      count(*) as failures,
      count(*) != 0 as should_warn,
      count(*) != 0 as should_error
    from (
      
    
  
    
    



select store_code
from "lab10"."warehouse"."dim_store"
where store_code is null



  
  
      
    ) dbt_internal_test
[0m15:42:18.786333 [debug] [Thread-1 (]: Using postgres connection "test.lab10.not_null_dim_promotion_promotion_key.386ef2d6d5"
[0m15:42:18.788361 [debug] [Thread-4 (]: Opening a new connection, currently in state closed
[0m15:42:18.789961 [debug] [Thread-1 (]: On test.lab10.not_null_dim_promotion_promotion_key.386ef2d6d5: /* {"app": "dbt", "dbt_version": "1.11.12", "profile_name": "lab10", "target_name": "dev", "node_id": "test.lab10.not_null_dim_promotion_promotion_key.386ef2d6d5"} */

    
    select
      count(*) as failures,
      count(*) != 0 as should_warn,
      count(*) != 0 as should_error
    from (
      
    
  
    
    



select promotion_key
from "lab10"."warehouse"."dim_promotion"
where promotion_key is null



  
  
      
    ) dbt_internal_test
[0m15:42:18.792634 [debug] [Thread-1 (]: Opening a new connection, currently in state closed
[0m15:42:18.798530 [debug] [Thread-3 (]: SQL status: SELECT 1 in 0.023 seconds
[0m15:42:18.803722 [debug] [Thread-3 (]: On test.lab10.not_null_dim_promotion_promo_code.17e44ef031: ROLLBACK
[0m15:42:18.805668 [debug] [Thread-3 (]: On test.lab10.not_null_dim_promotion_promo_code.17e44ef031: Close
[0m15:42:18.807947 [debug] [Thread-2 (]: SQL status: SELECT 1 in 0.025 seconds
[0m15:42:18.816790 [debug] [Thread-2 (]: On test.lab10.not_null_dim_product_product_key.f0e1d838d3: ROLLBACK
[0m15:42:18.818581 [debug] [Thread-1 (]: SQL status: SELECT 1 in 0.026 seconds
[0m15:42:18.812611 [info ] [Thread-3 (]: 6 of 29 PASS not_null_dim_promotion_promo_code ................................. [[32mPASS[0m in 0.17s]
[0m15:42:18.820098 [debug] [Thread-4 (]: SQL status: SELECT 1 in 0.032 seconds
[0m15:42:18.821866 [debug] [Thread-2 (]: On test.lab10.not_null_dim_product_product_key.f0e1d838d3: Close
[0m15:42:18.826352 [debug] [Thread-1 (]: On test.lab10.not_null_dim_promotion_promotion_key.386ef2d6d5: ROLLBACK
[0m15:42:18.828751 [debug] [Thread-3 (]: Finished running node test.lab10.not_null_dim_promotion_promo_code.17e44ef031
[0m15:42:18.834654 [debug] [Thread-4 (]: On test.lab10.not_null_dim_store_store_code.993f2cbf42: ROLLBACK
[0m15:42:18.837362 [info ] [Thread-2 (]: 5 of 29 PASS not_null_dim_product_product_key .................................. [[32mPASS[0m in 0.20s]
[0m15:42:18.839210 [debug] [Thread-1 (]: On test.lab10.not_null_dim_promotion_promotion_key.386ef2d6d5: Close
[0m15:42:18.840665 [debug] [Thread-3 (]: Began running node test.lab10.not_null_dim_store_store_key.507238c054
[0m15:42:18.843481 [debug] [Thread-4 (]: On test.lab10.not_null_dim_store_store_code.993f2cbf42: Close
[0m15:42:18.846077 [debug] [Thread-2 (]: Finished running node test.lab10.not_null_dim_product_product_key.f0e1d838d3
[0m15:42:18.848530 [info ] [Thread-1 (]: 7 of 29 PASS not_null_dim_promotion_promotion_key .............................. [[32mPASS[0m in 0.19s]
[0m15:42:18.849828 [info ] [Thread-3 (]: 9 of 29 START test not_null_dim_store_store_key ................................ [RUN]
[0m15:42:18.852897 [debug] [Thread-2 (]: Began running node test.lab10.not_null_fct_sales_customer_key.da93bd7098
[0m15:42:18.854854 [info ] [Thread-4 (]: 8 of 29 PASS not_null_dim_store_store_code ..................................... [[32mPASS[0m in 0.19s]
[0m15:42:18.857364 [debug] [Thread-1 (]: Finished running node test.lab10.not_null_dim_promotion_promotion_key.386ef2d6d5
[0m15:42:18.859101 [debug] [Thread-3 (]: Re-using an available connection from the pool (formerly test.lab10.not_null_dim_promotion_promo_code.17e44ef031, now test.lab10.not_null_dim_store_store_key.507238c054)
[0m15:42:18.860929 [info ] [Thread-2 (]: 10 of 29 START test not_null_fct_sales_customer_key ............................ [RUN]
[0m15:42:18.863779 [debug] [Thread-4 (]: Finished running node test.lab10.not_null_dim_store_store_code.993f2cbf42
[0m15:42:18.866013 [debug] [Thread-1 (]: Began running node test.lab10.not_null_fct_sales_date_key.2cf9468f5b
[0m15:42:18.868410 [debug] [Thread-3 (]: Began compiling node test.lab10.not_null_dim_store_store_key.507238c054
[0m15:42:18.870706 [debug] [Thread-2 (]: Re-using an available connection from the pool (formerly test.lab10.not_null_dim_product_product_key.f0e1d838d3, now test.lab10.not_null_fct_sales_customer_key.da93bd7098)
[0m15:42:18.873292 [debug] [Thread-4 (]: Began running node test.lab10.not_null_fct_sales_product_key.888b5416c9
[0m15:42:18.875771 [info ] [Thread-1 (]: 11 of 29 START test not_null_fct_sales_date_key ................................ [RUN]
[0m15:42:18.888817 [debug] [Thread-2 (]: Began compiling node test.lab10.not_null_fct_sales_customer_key.da93bd7098
[0m15:42:18.890578 [debug] [Thread-3 (]: Writing injected SQL for node "test.lab10.not_null_dim_store_store_key.507238c054"
[0m15:42:18.893015 [info ] [Thread-4 (]: 12 of 29 START test not_null_fct_sales_product_key ............................. [RUN]
[0m15:42:18.894781 [debug] [Thread-1 (]: Re-using an available connection from the pool (formerly test.lab10.not_null_dim_promotion_promotion_key.386ef2d6d5, now test.lab10.not_null_fct_sales_date_key.2cf9468f5b)
[0m15:42:18.911723 [debug] [Thread-2 (]: Writing injected SQL for node "test.lab10.not_null_fct_sales_customer_key.da93bd7098"
[0m15:42:18.914196 [debug] [Thread-4 (]: Re-using an available connection from the pool (formerly test.lab10.not_null_dim_store_store_code.993f2cbf42, now test.lab10.not_null_fct_sales_product_key.888b5416c9)
[0m15:42:18.915668 [debug] [Thread-1 (]: Began compiling node test.lab10.not_null_fct_sales_date_key.2cf9468f5b
[0m15:42:18.918440 [debug] [Thread-4 (]: Began compiling node test.lab10.not_null_fct_sales_product_key.888b5416c9
[0m15:42:18.937134 [debug] [Thread-1 (]: Writing injected SQL for node "test.lab10.not_null_fct_sales_date_key.2cf9468f5b"
[0m15:42:18.948083 [debug] [Thread-4 (]: Writing injected SQL for node "test.lab10.not_null_fct_sales_product_key.888b5416c9"
[0m15:42:18.949484 [debug] [Thread-3 (]: Began executing node test.lab10.not_null_dim_store_store_key.507238c054
[0m15:42:18.952230 [debug] [Thread-2 (]: Began executing node test.lab10.not_null_fct_sales_customer_key.da93bd7098
[0m15:42:18.962404 [debug] [Thread-3 (]: Writing runtime sql for node "test.lab10.not_null_dim_store_store_key.507238c054"
[0m15:42:18.972401 [debug] [Thread-2 (]: Writing runtime sql for node "test.lab10.not_null_fct_sales_customer_key.da93bd7098"
[0m15:42:18.975307 [debug] [Thread-1 (]: Began executing node test.lab10.not_null_fct_sales_date_key.2cf9468f5b
[0m15:42:18.984840 [debug] [Thread-4 (]: Began executing node test.lab10.not_null_fct_sales_product_key.888b5416c9
[0m15:42:18.986850 [debug] [Thread-1 (]: Writing runtime sql for node "test.lab10.not_null_fct_sales_date_key.2cf9468f5b"
[0m15:42:18.995145 [debug] [Thread-4 (]: Writing runtime sql for node "test.lab10.not_null_fct_sales_product_key.888b5416c9"
[0m15:42:18.998533 [debug] [Thread-2 (]: Using postgres connection "test.lab10.not_null_fct_sales_customer_key.da93bd7098"
[0m15:42:19.000094 [debug] [Thread-3 (]: Using postgres connection "test.lab10.not_null_dim_store_store_key.507238c054"
[0m15:42:19.001888 [debug] [Thread-2 (]: On test.lab10.not_null_fct_sales_customer_key.da93bd7098: /* {"app": "dbt", "dbt_version": "1.11.12", "profile_name": "lab10", "target_name": "dev", "node_id": "test.lab10.not_null_fct_sales_customer_key.da93bd7098"} */

    
    select
      count(*) as failures,
      count(*) != 0 as should_warn,
      count(*) != 0 as should_error
    from (
      
    
  
    
    



select customer_key
from "lab10"."warehouse"."fct_sales"
where customer_key is null



  
  
      
    ) dbt_internal_test
[0m15:42:19.003839 [debug] [Thread-3 (]: On test.lab10.not_null_dim_store_store_key.507238c054: /* {"app": "dbt", "dbt_version": "1.11.12", "profile_name": "lab10", "target_name": "dev", "node_id": "test.lab10.not_null_dim_store_store_key.507238c054"} */

    
    select
      count(*) as failures,
      count(*) != 0 as should_warn,
      count(*) != 0 as should_error
    from (
      
    
  
    
    



select store_key
from "lab10"."warehouse"."dim_store"
where store_key is null



  
  
      
    ) dbt_internal_test
[0m15:42:19.006503 [debug] [Thread-2 (]: Opening a new connection, currently in state closed
[0m15:42:19.008537 [debug] [Thread-1 (]: Using postgres connection "test.lab10.not_null_fct_sales_date_key.2cf9468f5b"
[0m15:42:19.010096 [debug] [Thread-3 (]: Opening a new connection, currently in state closed
[0m15:42:19.012902 [debug] [Thread-4 (]: Using postgres connection "test.lab10.not_null_fct_sales_product_key.888b5416c9"
[0m15:42:19.015387 [debug] [Thread-1 (]: On test.lab10.not_null_fct_sales_date_key.2cf9468f5b: /* {"app": "dbt", "dbt_version": "1.11.12", "profile_name": "lab10", "target_name": "dev", "node_id": "test.lab10.not_null_fct_sales_date_key.2cf9468f5b"} */

    
    select
      count(*) as failures,
      count(*) != 0 as should_warn,
      count(*) != 0 as should_error
    from (
      
    
  
    
    



select date_key
from "lab10"."warehouse"."fct_sales"
where date_key is null



  
  
      
    ) dbt_internal_test
[0m15:42:19.018055 [debug] [Thread-4 (]: On test.lab10.not_null_fct_sales_product_key.888b5416c9: /* {"app": "dbt", "dbt_version": "1.11.12", "profile_name": "lab10", "target_name": "dev", "node_id": "test.lab10.not_null_fct_sales_product_key.888b5416c9"} */

    
    select
      count(*) as failures,
      count(*) != 0 as should_warn,
      count(*) != 0 as should_error
    from (
      
    
  
    
    



select product_key
from "lab10"."warehouse"."fct_sales"
where product_key is null



  
  
      
    ) dbt_internal_test
[0m15:42:19.020130 [debug] [Thread-1 (]: Opening a new connection, currently in state closed
[0m15:42:19.022071 [debug] [Thread-4 (]: Opening a new connection, currently in state closed
[0m15:42:19.033867 [debug] [Thread-2 (]: SQL status: SELECT 1 in 0.027 seconds
[0m15:42:19.035338 [debug] [Thread-3 (]: SQL status: SELECT 1 in 0.025 seconds
[0m15:42:19.039722 [debug] [Thread-2 (]: On test.lab10.not_null_fct_sales_customer_key.da93bd7098: ROLLBACK
[0m15:42:19.045176 [debug] [Thread-3 (]: On test.lab10.not_null_dim_store_store_key.507238c054: ROLLBACK
[0m15:42:19.046774 [debug] [Thread-1 (]: SQL status: SELECT 1 in 0.027 seconds
[0m15:42:19.048347 [debug] [Thread-2 (]: On test.lab10.not_null_fct_sales_customer_key.da93bd7098: Close
[0m15:42:19.049645 [debug] [Thread-4 (]: SQL status: SELECT 1 in 0.028 seconds
[0m15:42:19.050972 [debug] [Thread-3 (]: On test.lab10.not_null_dim_store_store_key.507238c054: Close
[0m15:42:19.054170 [debug] [Thread-1 (]: On test.lab10.not_null_fct_sales_date_key.2cf9468f5b: ROLLBACK
[0m15:42:19.060353 [debug] [Thread-4 (]: On test.lab10.not_null_fct_sales_product_key.888b5416c9: ROLLBACK
[0m15:42:19.056407 [info ] [Thread-2 (]: 10 of 29 PASS not_null_fct_sales_customer_key .................................. [[32mPASS[0m in 0.19s]
[0m15:42:19.063406 [info ] [Thread-3 (]: 9 of 29 PASS not_null_dim_store_store_key ...................................... [[32mPASS[0m in 0.20s]
[0m15:42:19.064931 [debug] [Thread-1 (]: On test.lab10.not_null_fct_sales_date_key.2cf9468f5b: Close
[0m15:42:19.068725 [debug] [Thread-2 (]: Finished running node test.lab10.not_null_fct_sales_customer_key.da93bd7098
[0m15:42:19.070082 [debug] [Thread-4 (]: On test.lab10.not_null_fct_sales_product_key.888b5416c9: Close
[0m15:42:19.072063 [debug] [Thread-3 (]: Finished running node test.lab10.not_null_dim_store_store_key.507238c054
[0m15:42:19.076374 [debug] [Thread-2 (]: Began running node test.lab10.not_null_fct_sales_quantity.a4800a70aa
[0m15:42:19.075120 [info ] [Thread-1 (]: 11 of 29 PASS not_null_fct_sales_date_key ...................................... [[32mPASS[0m in 0.18s]
[0m15:42:19.080824 [debug] [Thread-3 (]: Began running node test.lab10.not_null_fct_sales_revenue.0452ff4e0b
[0m15:42:19.079372 [info ] [Thread-4 (]: 12 of 29 PASS not_null_fct_sales_product_key ................................... [[32mPASS[0m in 0.16s]
[0m15:42:19.083089 [info ] [Thread-2 (]: 13 of 29 START test not_null_fct_sales_quantity ................................ [RUN]
[0m15:42:19.085122 [debug] [Thread-1 (]: Finished running node test.lab10.not_null_fct_sales_date_key.2cf9468f5b
[0m15:42:19.086740 [info ] [Thread-3 (]: 14 of 29 START test not_null_fct_sales_revenue ................................. [RUN]
[0m15:42:19.088742 [debug] [Thread-4 (]: Finished running node test.lab10.not_null_fct_sales_product_key.888b5416c9
[0m15:42:19.090122 [debug] [Thread-2 (]: Re-using an available connection from the pool (formerly test.lab10.not_null_fct_sales_customer_key.da93bd7098, now test.lab10.not_null_fct_sales_quantity.a4800a70aa)
[0m15:42:19.091953 [debug] [Thread-1 (]: Began running node test.lab10.not_null_fct_sales_sales_key.e74fd00454
[0m15:42:19.093490 [debug] [Thread-3 (]: Re-using an available connection from the pool (formerly test.lab10.not_null_dim_store_store_key.507238c054, now test.lab10.not_null_fct_sales_revenue.0452ff4e0b)
[0m15:42:19.094943 [debug] [Thread-4 (]: Began running node test.lab10.not_null_fct_sales_store_key.3f9911ea0c
[0m15:42:19.096296 [debug] [Thread-2 (]: Began compiling node test.lab10.not_null_fct_sales_quantity.a4800a70aa
[0m15:42:19.097657 [info ] [Thread-1 (]: 15 of 29 START test not_null_fct_sales_sales_key ............................... [RUN]
[0m15:42:19.100249 [debug] [Thread-3 (]: Began compiling node test.lab10.not_null_fct_sales_revenue.0452ff4e0b
[0m15:42:19.102342 [info ] [Thread-4 (]: 16 of 29 START test not_null_fct_sales_store_key ............................... [RUN]
[0m15:42:19.128719 [debug] [Thread-1 (]: Re-using an available connection from the pool (formerly test.lab10.not_null_fct_sales_date_key.2cf9468f5b, now test.lab10.not_null_fct_sales_sales_key.e74fd00454)
[0m15:42:19.130726 [debug] [Thread-2 (]: Writing injected SQL for node "test.lab10.not_null_fct_sales_quantity.a4800a70aa"
[0m15:42:19.143401 [debug] [Thread-4 (]: Re-using an available connection from the pool (formerly test.lab10.not_null_fct_sales_product_key.888b5416c9, now test.lab10.not_null_fct_sales_store_key.3f9911ea0c)
[0m15:42:19.145851 [debug] [Thread-3 (]: Writing injected SQL for node "test.lab10.not_null_fct_sales_revenue.0452ff4e0b"
[0m15:42:19.147596 [debug] [Thread-1 (]: Began compiling node test.lab10.not_null_fct_sales_sales_key.e74fd00454
[0m15:42:19.149552 [debug] [Thread-4 (]: Began compiling node test.lab10.not_null_fct_sales_store_key.3f9911ea0c
[0m15:42:19.160770 [debug] [Thread-1 (]: Writing injected SQL for node "test.lab10.not_null_fct_sales_sales_key.e74fd00454"
[0m15:42:19.174334 [debug] [Thread-4 (]: Writing injected SQL for node "test.lab10.not_null_fct_sales_store_key.3f9911ea0c"
[0m15:42:19.177869 [debug] [Thread-3 (]: Began executing node test.lab10.not_null_fct_sales_revenue.0452ff4e0b
[0m15:42:19.179304 [debug] [Thread-2 (]: Began executing node test.lab10.not_null_fct_sales_quantity.a4800a70aa
[0m15:42:19.186716 [debug] [Thread-3 (]: Writing runtime sql for node "test.lab10.not_null_fct_sales_revenue.0452ff4e0b"
[0m15:42:19.194997 [debug] [Thread-2 (]: Writing runtime sql for node "test.lab10.not_null_fct_sales_quantity.a4800a70aa"
[0m15:42:19.196711 [debug] [Thread-1 (]: Began executing node test.lab10.not_null_fct_sales_sales_key.e74fd00454
[0m15:42:19.206496 [debug] [Thread-4 (]: Began executing node test.lab10.not_null_fct_sales_store_key.3f9911ea0c
[0m15:42:19.205219 [debug] [Thread-1 (]: Writing runtime sql for node "test.lab10.not_null_fct_sales_sales_key.e74fd00454"
[0m15:42:19.214911 [debug] [Thread-4 (]: Writing runtime sql for node "test.lab10.not_null_fct_sales_store_key.3f9911ea0c"
[0m15:42:19.218366 [debug] [Thread-3 (]: Using postgres connection "test.lab10.not_null_fct_sales_revenue.0452ff4e0b"
[0m15:42:19.220360 [debug] [Thread-3 (]: On test.lab10.not_null_fct_sales_revenue.0452ff4e0b: /* {"app": "dbt", "dbt_version": "1.11.12", "profile_name": "lab10", "target_name": "dev", "node_id": "test.lab10.not_null_fct_sales_revenue.0452ff4e0b"} */

    
    select
      count(*) as failures,
      count(*) != 0 as should_warn,
      count(*) != 0 as should_error
    from (
      
    
  
    
    



select revenue
from "lab10"."warehouse"."fct_sales"
where revenue is null



  
  
      
    ) dbt_internal_test
[0m15:42:19.222014 [debug] [Thread-3 (]: Opening a new connection, currently in state closed
[0m15:42:19.223299 [debug] [Thread-2 (]: Using postgres connection "test.lab10.not_null_fct_sales_quantity.a4800a70aa"
[0m15:42:19.226379 [debug] [Thread-2 (]: On test.lab10.not_null_fct_sales_quantity.a4800a70aa: /* {"app": "dbt", "dbt_version": "1.11.12", "profile_name": "lab10", "target_name": "dev", "node_id": "test.lab10.not_null_fct_sales_quantity.a4800a70aa"} */

    
    select
      count(*) as failures,
      count(*) != 0 as should_warn,
      count(*) != 0 as should_error
    from (
      
    
  
    
    



select quantity
from "lab10"."warehouse"."fct_sales"
where quantity is null



  
  
      
    ) dbt_internal_test
[0m15:42:19.227971 [debug] [Thread-1 (]: Using postgres connection "test.lab10.not_null_fct_sales_sales_key.e74fd00454"
[0m15:42:19.229553 [debug] [Thread-2 (]: Opening a new connection, currently in state closed
[0m15:42:19.232918 [debug] [Thread-1 (]: On test.lab10.not_null_fct_sales_sales_key.e74fd00454: /* {"app": "dbt", "dbt_version": "1.11.12", "profile_name": "lab10", "target_name": "dev", "node_id": "test.lab10.not_null_fct_sales_sales_key.e74fd00454"} */

    
    select
      count(*) as failures,
      count(*) != 0 as should_warn,
      count(*) != 0 as should_error
    from (
      
    
  
    
    



select sales_key
from "lab10"."warehouse"."fct_sales"
where sales_key is null



  
  
      
    ) dbt_internal_test
[0m15:42:19.236528 [debug] [Thread-1 (]: Opening a new connection, currently in state closed
[0m15:42:19.240094 [debug] [Thread-4 (]: Using postgres connection "test.lab10.not_null_fct_sales_store_key.3f9911ea0c"
[0m15:42:19.242167 [debug] [Thread-4 (]: On test.lab10.not_null_fct_sales_store_key.3f9911ea0c: /* {"app": "dbt", "dbt_version": "1.11.12", "profile_name": "lab10", "target_name": "dev", "node_id": "test.lab10.not_null_fct_sales_store_key.3f9911ea0c"} */

    
    select
      count(*) as failures,
      count(*) != 0 as should_warn,
      count(*) != 0 as should_error
    from (
      
    
  
    
    



select store_key
from "lab10"."warehouse"."fct_sales"
where store_key is null



  
  
      
    ) dbt_internal_test
[0m15:42:19.245238 [debug] [Thread-4 (]: Opening a new connection, currently in state closed
[0m15:42:19.254619 [debug] [Thread-3 (]: SQL status: SELECT 1 in 0.032 seconds
[0m15:42:19.257655 [debug] [Thread-2 (]: SQL status: SELECT 1 in 0.028 seconds
[0m15:42:19.263125 [debug] [Thread-3 (]: On test.lab10.not_null_fct_sales_revenue.0452ff4e0b: ROLLBACK
[0m15:42:19.265449 [debug] [Thread-1 (]: SQL status: SELECT 1 in 0.029 seconds
[0m15:42:19.270438 [debug] [Thread-2 (]: On test.lab10.not_null_fct_sales_quantity.a4800a70aa: ROLLBACK
[0m15:42:19.276414 [debug] [Thread-1 (]: On test.lab10.not_null_fct_sales_sales_key.e74fd00454: ROLLBACK
[0m15:42:19.277841 [debug] [Thread-4 (]: SQL status: SELECT 1 in 0.033 seconds
[0m15:42:19.278880 [debug] [Thread-3 (]: On test.lab10.not_null_fct_sales_revenue.0452ff4e0b: Close
[0m15:42:19.280522 [debug] [Thread-2 (]: On test.lab10.not_null_fct_sales_quantity.a4800a70aa: Close
[0m15:42:19.282557 [debug] [Thread-1 (]: On test.lab10.not_null_fct_sales_sales_key.e74fd00454: Close
[0m15:42:19.287014 [debug] [Thread-4 (]: On test.lab10.not_null_fct_sales_store_key.3f9911ea0c: ROLLBACK
[0m15:42:19.289735 [info ] [Thread-3 (]: 14 of 29 PASS not_null_fct_sales_revenue ....................................... [[32mPASS[0m in 0.20s]
[0m15:42:19.292368 [info ] [Thread-2 (]: 13 of 29 PASS not_null_fct_sales_quantity ...................................... [[32mPASS[0m in 0.20s]
[0m15:42:19.294528 [info ] [Thread-1 (]: 15 of 29 PASS not_null_fct_sales_sales_key ..................................... [[32mPASS[0m in 0.17s]
[0m15:42:19.296327 [debug] [Thread-4 (]: On test.lab10.not_null_fct_sales_store_key.3f9911ea0c: Close
[0m15:42:19.298399 [debug] [Thread-3 (]: Finished running node test.lab10.not_null_fct_sales_revenue.0452ff4e0b
[0m15:42:19.302212 [debug] [Thread-2 (]: Finished running node test.lab10.not_null_fct_sales_quantity.a4800a70aa
[0m15:42:19.304794 [debug] [Thread-1 (]: Finished running node test.lab10.not_null_fct_sales_sales_key.e74fd00454
[0m15:42:19.309085 [debug] [Thread-3 (]: Began running node test.lab10.source_not_null_raw_coffee_sales_sale_date.5f966227d7
[0m15:42:19.307528 [info ] [Thread-4 (]: 16 of 29 PASS not_null_fct_sales_store_key ..................................... [[32mPASS[0m in 0.16s]
[0m15:42:19.313062 [debug] [Thread-2 (]: Began running node test.lab10.source_not_null_raw_coffee_sales_sale_id.216bc2a4b2
[0m15:42:19.315176 [debug] [Thread-1 (]: Began running node test.lab10.source_unique_raw_coffee_sales_sale_id.4f587e747a
[0m15:42:19.317327 [info ] [Thread-3 (]: 17 of 29 START test source_not_null_raw_coffee_sales_sale_date ................. [RUN]
[0m15:42:19.319337 [debug] [Thread-4 (]: Finished running node test.lab10.not_null_fct_sales_store_key.3f9911ea0c
[0m15:42:19.320879 [info ] [Thread-2 (]: 18 of 29 START test source_not_null_raw_coffee_sales_sale_id ................... [RUN]
[0m15:42:19.322559 [info ] [Thread-1 (]: 19 of 29 START test source_unique_raw_coffee_sales_sale_id ..................... [RUN]
[0m15:42:19.324173 [debug] [Thread-3 (]: Re-using an available connection from the pool (formerly test.lab10.not_null_fct_sales_revenue.0452ff4e0b, now test.lab10.source_not_null_raw_coffee_sales_sale_date.5f966227d7)
[0m15:42:19.325756 [debug] [Thread-4 (]: Began running node test.lab10.unique_dim_customer_customer_code.f017329349
[0m15:42:19.327218 [debug] [Thread-2 (]: Re-using an available connection from the pool (formerly test.lab10.not_null_fct_sales_quantity.a4800a70aa, now test.lab10.source_not_null_raw_coffee_sales_sale_id.216bc2a4b2)
[0m15:42:19.328748 [debug] [Thread-1 (]: Re-using an available connection from the pool (formerly test.lab10.not_null_fct_sales_sales_key.e74fd00454, now test.lab10.source_unique_raw_coffee_sales_sale_id.4f587e747a)
[0m15:42:19.330424 [debug] [Thread-3 (]: Began compiling node test.lab10.source_not_null_raw_coffee_sales_sale_date.5f966227d7
[0m15:42:19.332149 [info ] [Thread-4 (]: 20 of 29 START test unique_dim_customer_customer_code .......................... [RUN]
[0m15:42:19.334076 [debug] [Thread-2 (]: Began compiling node test.lab10.source_not_null_raw_coffee_sales_sale_id.216bc2a4b2
[0m15:42:19.335949 [debug] [Thread-1 (]: Began compiling node test.lab10.source_unique_raw_coffee_sales_sale_id.4f587e747a
[0m15:42:19.348953 [debug] [Thread-4 (]: Re-using an available connection from the pool (formerly test.lab10.not_null_fct_sales_store_key.3f9911ea0c, now test.lab10.unique_dim_customer_customer_code.f017329349)
[0m15:42:19.351662 [debug] [Thread-3 (]: Writing injected SQL for node "test.lab10.source_not_null_raw_coffee_sales_sale_date.5f966227d7"
[0m15:42:19.361983 [debug] [Thread-2 (]: Writing injected SQL for node "test.lab10.source_not_null_raw_coffee_sales_sale_id.216bc2a4b2"
[0m15:42:19.381028 [debug] [Thread-4 (]: Began compiling node test.lab10.unique_dim_customer_customer_code.f017329349
[0m15:42:19.384877 [debug] [Thread-1 (]: Writing injected SQL for node "test.lab10.source_unique_raw_coffee_sales_sale_id.4f587e747a"
[0m15:42:19.397182 [debug] [Thread-4 (]: Writing injected SQL for node "test.lab10.unique_dim_customer_customer_code.f017329349"
[0m15:42:19.411939 [debug] [Thread-2 (]: Began executing node test.lab10.source_not_null_raw_coffee_sales_sale_id.216bc2a4b2
[0m15:42:19.419823 [debug] [Thread-4 (]: Began executing node test.lab10.unique_dim_customer_customer_code.f017329349
[0m15:42:19.421826 [debug] [Thread-2 (]: Writing runtime sql for node "test.lab10.source_not_null_raw_coffee_sales_sale_id.216bc2a4b2"
[0m15:42:19.429898 [debug] [Thread-4 (]: Writing runtime sql for node "test.lab10.unique_dim_customer_customer_code.f017329349"
[0m15:42:19.432294 [debug] [Thread-1 (]: Began executing node test.lab10.source_unique_raw_coffee_sales_sale_id.4f587e747a
[0m15:42:19.434041 [debug] [Thread-3 (]: Began executing node test.lab10.source_not_null_raw_coffee_sales_sale_date.5f966227d7
[0m15:42:19.442217 [debug] [Thread-1 (]: Writing runtime sql for node "test.lab10.source_unique_raw_coffee_sales_sale_id.4f587e747a"
[0m15:42:19.449866 [debug] [Thread-3 (]: Writing runtime sql for node "test.lab10.source_not_null_raw_coffee_sales_sale_date.5f966227d7"
[0m15:42:19.452912 [debug] [Thread-4 (]: Using postgres connection "test.lab10.unique_dim_customer_customer_code.f017329349"
[0m15:42:19.454355 [debug] [Thread-4 (]: On test.lab10.unique_dim_customer_customer_code.f017329349: /* {"app": "dbt", "dbt_version": "1.11.12", "profile_name": "lab10", "target_name": "dev", "node_id": "test.lab10.unique_dim_customer_customer_code.f017329349"} */

    
    select
      count(*) as failures,
      count(*) != 0 as should_warn,
      count(*) != 0 as should_error
    from (
      
    
  
    
    

select
    customer_code as unique_field,
    count(*) as n_records

from "lab10"."warehouse"."dim_customer"
where customer_code is not null
group by customer_code
having count(*) > 1



  
  
      
    ) dbt_internal_test
[0m15:42:19.455812 [debug] [Thread-4 (]: Opening a new connection, currently in state closed
[0m15:42:19.458776 [debug] [Thread-2 (]: Using postgres connection "test.lab10.source_not_null_raw_coffee_sales_sale_id.216bc2a4b2"
[0m15:42:19.460511 [debug] [Thread-1 (]: Using postgres connection "test.lab10.source_unique_raw_coffee_sales_sale_id.4f587e747a"
[0m15:42:19.461897 [debug] [Thread-2 (]: On test.lab10.source_not_null_raw_coffee_sales_sale_id.216bc2a4b2: /* {"app": "dbt", "dbt_version": "1.11.12", "profile_name": "lab10", "target_name": "dev", "node_id": "test.lab10.source_not_null_raw_coffee_sales_sale_id.216bc2a4b2"} */

    
    select
      count(*) as failures,
      count(*) != 0 as should_warn,
      count(*) != 0 as should_error
    from (
      
    
  
    
    



select sale_id
from "lab10"."raw"."coffee_sales"
where sale_id is null



  
  
      
    ) dbt_internal_test
[0m15:42:19.463908 [debug] [Thread-1 (]: On test.lab10.source_unique_raw_coffee_sales_sale_id.4f587e747a: /* {"app": "dbt", "dbt_version": "1.11.12", "profile_name": "lab10", "target_name": "dev", "node_id": "test.lab10.source_unique_raw_coffee_sales_sale_id.4f587e747a"} */

    
    select
      count(*) as failures,
      count(*) != 0 as should_warn,
      count(*) != 0 as should_error
    from (
      
    
  
    
    

select
    sale_id as unique_field,
    count(*) as n_records

from "lab10"."raw"."coffee_sales"
where sale_id is not null
group by sale_id
having count(*) > 1



  
  
      
    ) dbt_internal_test
[0m15:42:19.466317 [debug] [Thread-2 (]: Opening a new connection, currently in state closed
[0m15:42:19.470284 [debug] [Thread-3 (]: Using postgres connection "test.lab10.source_not_null_raw_coffee_sales_sale_date.5f966227d7"
[0m15:42:19.471590 [debug] [Thread-1 (]: Opening a new connection, currently in state closed
[0m15:42:19.474350 [debug] [Thread-3 (]: On test.lab10.source_not_null_raw_coffee_sales_sale_date.5f966227d7: /* {"app": "dbt", "dbt_version": "1.11.12", "profile_name": "lab10", "target_name": "dev", "node_id": "test.lab10.source_not_null_raw_coffee_sales_sale_date.5f966227d7"} */

    
    select
      count(*) as failures,
      count(*) != 0 as should_warn,
      count(*) != 0 as should_error
    from (
      
    
  
    
    



select sale_date
from "lab10"."raw"."coffee_sales"
where sale_date is null



  
  
      
    ) dbt_internal_test
[0m15:42:19.477277 [debug] [Thread-3 (]: Opening a new connection, currently in state closed
[0m15:42:19.483741 [debug] [Thread-4 (]: SQL status: SELECT 1 in 0.028 seconds
[0m15:42:19.488211 [debug] [Thread-4 (]: On test.lab10.unique_dim_customer_customer_code.f017329349: ROLLBACK
[0m15:42:19.490419 [debug] [Thread-4 (]: On test.lab10.unique_dim_customer_customer_code.f017329349: Close
[0m15:42:19.495299 [debug] [Thread-2 (]: SQL status: SELECT 1 in 0.029 seconds
[0m15:42:19.492854 [info ] [Thread-4 (]: 20 of 29 PASS unique_dim_customer_customer_code ................................ [[32mPASS[0m in 0.14s]
[0m15:42:19.500629 [debug] [Thread-2 (]: On test.lab10.source_not_null_raw_coffee_sales_sale_id.216bc2a4b2: ROLLBACK
[0m15:42:19.502505 [debug] [Thread-3 (]: SQL status: SELECT 1 in 0.025 seconds
[0m15:42:19.504520 [debug] [Thread-4 (]: Finished running node test.lab10.unique_dim_customer_customer_code.f017329349
[0m15:42:19.505638 [debug] [Thread-1 (]: SQL status: SELECT 1 in 0.034 seconds
[0m15:42:19.507766 [debug] [Thread-2 (]: On test.lab10.source_not_null_raw_coffee_sales_sale_id.216bc2a4b2: Close
[0m15:42:19.513029 [debug] [Thread-3 (]: On test.lab10.source_not_null_raw_coffee_sales_sale_date.5f966227d7: ROLLBACK
[0m15:42:19.514991 [debug] [Thread-4 (]: Began running node test.lab10.unique_dim_customer_customer_key.7b0683cc6e
[0m15:42:19.519701 [debug] [Thread-1 (]: On test.lab10.source_unique_raw_coffee_sales_sale_id.4f587e747a: ROLLBACK
[0m15:42:19.522130 [info ] [Thread-2 (]: 18 of 29 PASS source_not_null_raw_coffee_sales_sale_id ......................... [[32mPASS[0m in 0.19s]
[0m15:42:19.523664 [debug] [Thread-3 (]: On test.lab10.source_not_null_raw_coffee_sales_sale_date.5f966227d7: Close
[0m15:42:19.524909 [info ] [Thread-4 (]: 21 of 29 START test unique_dim_customer_customer_key ........................... [RUN]
[0m15:42:19.527246 [debug] [Thread-1 (]: On test.lab10.source_unique_raw_coffee_sales_sale_id.4f587e747a: Close
[0m15:42:19.528781 [debug] [Thread-2 (]: Finished running node test.lab10.source_not_null_raw_coffee_sales_sale_id.216bc2a4b2
[0m15:42:19.532753 [debug] [Thread-4 (]: Re-using an available connection from the pool (formerly test.lab10.unique_dim_customer_customer_code.f017329349, now test.lab10.unique_dim_customer_customer_key.7b0683cc6e)
[0m15:42:19.531469 [info ] [Thread-3 (]: 17 of 29 PASS source_not_null_raw_coffee_sales_sale_date ....................... [[32mPASS[0m in 0.21s]
[0m15:42:19.537070 [debug] [Thread-2 (]: Began running node test.lab10.unique_dim_date_date_key.0869fd48f9
[0m15:42:19.535765 [info ] [Thread-1 (]: 19 of 29 PASS source_unique_raw_coffee_sales_sale_id ........................... [[32mPASS[0m in 0.21s]
[0m15:42:19.539088 [debug] [Thread-4 (]: Began compiling node test.lab10.unique_dim_customer_customer_key.7b0683cc6e
[0m15:42:19.541229 [debug] [Thread-3 (]: Finished running node test.lab10.source_not_null_raw_coffee_sales_sale_date.5f966227d7
[0m15:42:19.543072 [info ] [Thread-2 (]: 22 of 29 START test unique_dim_date_date_key ................................... [RUN]
[0m15:42:19.545162 [debug] [Thread-1 (]: Finished running node test.lab10.source_unique_raw_coffee_sales_sale_id.4f587e747a
[0m15:42:19.558251 [debug] [Thread-3 (]: Began running node test.lab10.unique_dim_product_product_code.2ff659b986
[0m15:42:19.559740 [debug] [Thread-4 (]: Writing injected SQL for node "test.lab10.unique_dim_customer_customer_key.7b0683cc6e"
[0m15:42:19.561970 [debug] [Thread-2 (]: Re-using an available connection from the pool (formerly test.lab10.source_not_null_raw_coffee_sales_sale_id.216bc2a4b2, now test.lab10.unique_dim_date_date_key.0869fd48f9)
[0m15:42:19.563599 [debug] [Thread-1 (]: Began running node test.lab10.unique_dim_product_product_key.1753236bd0
[0m15:42:19.565472 [info ] [Thread-3 (]: 23 of 29 START test unique_dim_product_product_code ............................ [RUN]
[0m15:42:19.568871 [debug] [Thread-2 (]: Began compiling node test.lab10.unique_dim_date_date_key.0869fd48f9
[0m15:42:19.570674 [info ] [Thread-1 (]: 24 of 29 START test unique_dim_product_product_key ............................. [RUN]
[0m15:42:19.572528 [debug] [Thread-3 (]: Re-using an available connection from the pool (formerly test.lab10.source_not_null_raw_coffee_sales_sale_date.5f966227d7, now test.lab10.unique_dim_product_product_code.2ff659b986)
[0m15:42:19.586161 [debug] [Thread-1 (]: Re-using an available connection from the pool (formerly test.lab10.source_unique_raw_coffee_sales_sale_id.4f587e747a, now test.lab10.unique_dim_product_product_key.1753236bd0)
[0m15:42:19.587553 [debug] [Thread-2 (]: Writing injected SQL for node "test.lab10.unique_dim_date_date_key.0869fd48f9"
[0m15:42:19.589584 [debug] [Thread-3 (]: Began compiling node test.lab10.unique_dim_product_product_code.2ff659b986
[0m15:42:19.591712 [debug] [Thread-1 (]: Began compiling node test.lab10.unique_dim_product_product_key.1753236bd0
[0m15:42:19.613259 [debug] [Thread-3 (]: Writing injected SQL for node "test.lab10.unique_dim_product_product_code.2ff659b986"
[0m15:42:19.622668 [debug] [Thread-1 (]: Writing injected SQL for node "test.lab10.unique_dim_product_product_key.1753236bd0"
[0m15:42:19.624187 [debug] [Thread-4 (]: Began executing node test.lab10.unique_dim_customer_customer_key.7b0683cc6e
[0m15:42:19.632465 [debug] [Thread-2 (]: Began executing node test.lab10.unique_dim_date_date_key.0869fd48f9
[0m15:42:19.634943 [debug] [Thread-4 (]: Writing runtime sql for node "test.lab10.unique_dim_customer_customer_key.7b0683cc6e"
[0m15:42:19.643873 [debug] [Thread-2 (]: Writing runtime sql for node "test.lab10.unique_dim_date_date_key.0869fd48f9"
[0m15:42:19.647065 [debug] [Thread-1 (]: Began executing node test.lab10.unique_dim_product_product_key.1753236bd0
[0m15:42:19.648725 [debug] [Thread-3 (]: Began executing node test.lab10.unique_dim_product_product_code.2ff659b986
[0m15:42:19.656490 [debug] [Thread-1 (]: Writing runtime sql for node "test.lab10.unique_dim_product_product_key.1753236bd0"
[0m15:42:19.664278 [debug] [Thread-3 (]: Writing runtime sql for node "test.lab10.unique_dim_product_product_code.2ff659b986"
[0m15:42:19.668065 [debug] [Thread-4 (]: Using postgres connection "test.lab10.unique_dim_customer_customer_key.7b0683cc6e"
[0m15:42:19.669778 [debug] [Thread-2 (]: Using postgres connection "test.lab10.unique_dim_date_date_key.0869fd48f9"
[0m15:42:19.671108 [debug] [Thread-4 (]: On test.lab10.unique_dim_customer_customer_key.7b0683cc6e: /* {"app": "dbt", "dbt_version": "1.11.12", "profile_name": "lab10", "target_name": "dev", "node_id": "test.lab10.unique_dim_customer_customer_key.7b0683cc6e"} */

    
    select
      count(*) as failures,
      count(*) != 0 as should_warn,
      count(*) != 0 as should_error
    from (
      
    
  
    
    

select
    customer_key as unique_field,
    count(*) as n_records

from "lab10"."warehouse"."dim_customer"
where customer_key is not null
group by customer_key
having count(*) > 1



  
  
      
    ) dbt_internal_test
[0m15:42:19.673110 [debug] [Thread-2 (]: On test.lab10.unique_dim_date_date_key.0869fd48f9: /* {"app": "dbt", "dbt_version": "1.11.12", "profile_name": "lab10", "target_name": "dev", "node_id": "test.lab10.unique_dim_date_date_key.0869fd48f9"} */

    
    select
      count(*) as failures,
      count(*) != 0 as should_warn,
      count(*) != 0 as should_error
    from (
      
    
  
    
    

select
    date_key as unique_field,
    count(*) as n_records

from "lab10"."warehouse"."dim_date"
where date_key is not null
group by date_key
having count(*) > 1



  
  
      
    ) dbt_internal_test
[0m15:42:19.675077 [debug] [Thread-4 (]: Opening a new connection, currently in state closed
[0m15:42:19.676869 [debug] [Thread-1 (]: Using postgres connection "test.lab10.unique_dim_product_product_key.1753236bd0"
[0m15:42:19.678036 [debug] [Thread-2 (]: Opening a new connection, currently in state closed
[0m15:42:19.681001 [debug] [Thread-1 (]: On test.lab10.unique_dim_product_product_key.1753236bd0: /* {"app": "dbt", "dbt_version": "1.11.12", "profile_name": "lab10", "target_name": "dev", "node_id": "test.lab10.unique_dim_product_product_key.1753236bd0"} */

    
    select
      count(*) as failures,
      count(*) != 0 as should_warn,
      count(*) != 0 as should_error
    from (
      
    
  
    
    

select
    product_key as unique_field,
    count(*) as n_records

from "lab10"."warehouse"."dim_product"
where product_key is not null
group by product_key
having count(*) > 1



  
  
      
    ) dbt_internal_test
[0m15:42:19.682650 [debug] [Thread-3 (]: Using postgres connection "test.lab10.unique_dim_product_product_code.2ff659b986"
[0m15:42:19.684632 [debug] [Thread-1 (]: Opening a new connection, currently in state closed
[0m15:42:19.686581 [debug] [Thread-3 (]: On test.lab10.unique_dim_product_product_code.2ff659b986: /* {"app": "dbt", "dbt_version": "1.11.12", "profile_name": "lab10", "target_name": "dev", "node_id": "test.lab10.unique_dim_product_product_code.2ff659b986"} */

    
    select
      count(*) as failures,
      count(*) != 0 as should_warn,
      count(*) != 0 as should_error
    from (
      
    
  
    
    

select
    product_code as unique_field,
    count(*) as n_records

from "lab10"."warehouse"."dim_product"
where product_code is not null
group by product_code
having count(*) > 1



  
  
      
    ) dbt_internal_test
[0m15:42:19.688653 [debug] [Thread-3 (]: Opening a new connection, currently in state closed
[0m15:42:19.701329 [debug] [Thread-2 (]: SQL status: SELECT 1 in 0.023 seconds
[0m15:42:19.702854 [debug] [Thread-4 (]: SQL status: SELECT 1 in 0.028 seconds
[0m15:42:19.707942 [debug] [Thread-2 (]: On test.lab10.unique_dim_date_date_key.0869fd48f9: ROLLBACK
[0m15:42:19.712484 [debug] [Thread-4 (]: On test.lab10.unique_dim_customer_customer_key.7b0683cc6e: ROLLBACK
[0m15:42:19.714113 [debug] [Thread-1 (]: SQL status: SELECT 1 in 0.029 seconds
[0m15:42:19.715745 [debug] [Thread-2 (]: On test.lab10.unique_dim_date_date_key.0869fd48f9: Close
[0m15:42:19.717480 [debug] [Thread-4 (]: On test.lab10.unique_dim_customer_customer_key.7b0683cc6e: Close
[0m15:42:19.722026 [debug] [Thread-1 (]: On test.lab10.unique_dim_product_product_key.1753236bd0: ROLLBACK
[0m15:42:19.723161 [debug] [Thread-3 (]: SQL status: SELECT 1 in 0.034 seconds
[0m15:42:19.725202 [info ] [Thread-2 (]: 22 of 29 PASS unique_dim_date_date_key ......................................... [[32mPASS[0m in 0.16s]
[0m15:42:19.727232 [info ] [Thread-4 (]: 21 of 29 PASS unique_dim_customer_customer_key ................................. [[32mPASS[0m in 0.19s]
[0m15:42:19.731702 [debug] [Thread-3 (]: On test.lab10.unique_dim_product_product_code.2ff659b986: ROLLBACK
[0m15:42:19.733019 [debug] [Thread-1 (]: On test.lab10.unique_dim_product_product_key.1753236bd0: Close
[0m15:42:19.734925 [debug] [Thread-2 (]: Finished running node test.lab10.unique_dim_date_date_key.0869fd48f9
[0m15:42:19.736708 [debug] [Thread-4 (]: Finished running node test.lab10.unique_dim_customer_customer_key.7b0683cc6e
[0m15:42:19.738803 [debug] [Thread-3 (]: On test.lab10.unique_dim_product_product_code.2ff659b986: Close
[0m15:42:19.741409 [debug] [Thread-2 (]: Began running node test.lab10.unique_dim_promotion_promo_code.e6d5acf0a2
[0m15:42:19.740110 [info ] [Thread-1 (]: 24 of 29 PASS unique_dim_product_product_key ................................... [[32mPASS[0m in 0.15s]
[0m15:42:19.743396 [debug] [Thread-4 (]: Began running node test.lab10.unique_dim_promotion_promotion_key.6ffd828ac6
[0m15:42:19.745284 [info ] [Thread-3 (]: 23 of 29 PASS unique_dim_product_product_code .................................. [[32mPASS[0m in 0.17s]
[0m15:42:19.746335 [info ] [Thread-2 (]: 25 of 29 START test unique_dim_promotion_promo_code ............................ [RUN]
[0m15:42:19.748844 [debug] [Thread-1 (]: Finished running node test.lab10.unique_dim_product_product_key.1753236bd0
[0m15:42:19.750345 [info ] [Thread-4 (]: 26 of 29 START test unique_dim_promotion_promotion_key ......................... [RUN]
[0m15:42:19.751730 [debug] [Thread-3 (]: Finished running node test.lab10.unique_dim_product_product_code.2ff659b986
[0m15:42:19.753196 [debug] [Thread-2 (]: Re-using an available connection from the pool (formerly test.lab10.unique_dim_date_date_key.0869fd48f9, now test.lab10.unique_dim_promotion_promo_code.e6d5acf0a2)
[0m15:42:19.754722 [debug] [Thread-1 (]: Began running node test.lab10.unique_dim_store_store_code.d0eb5264c5
[0m15:42:19.756097 [debug] [Thread-4 (]: Re-using an available connection from the pool (formerly test.lab10.unique_dim_customer_customer_key.7b0683cc6e, now test.lab10.unique_dim_promotion_promotion_key.6ffd828ac6)
[0m15:42:19.757488 [debug] [Thread-3 (]: Began running node test.lab10.unique_dim_store_store_key.9baa94554a
[0m15:42:19.758988 [debug] [Thread-2 (]: Began compiling node test.lab10.unique_dim_promotion_promo_code.e6d5acf0a2
[0m15:42:19.760496 [info ] [Thread-1 (]: 27 of 29 START test unique_dim_store_store_code ................................ [RUN]
[0m15:42:19.762690 [debug] [Thread-4 (]: Began compiling node test.lab10.unique_dim_promotion_promotion_key.6ffd828ac6
[0m15:42:19.764362 [info ] [Thread-3 (]: 28 of 29 START test unique_dim_store_store_key ................................. [RUN]
[0m15:42:19.775996 [debug] [Thread-2 (]: Writing injected SQL for node "test.lab10.unique_dim_promotion_promo_code.e6d5acf0a2"
[0m15:42:19.777172 [debug] [Thread-1 (]: Re-using an available connection from the pool (formerly test.lab10.unique_dim_product_product_key.1753236bd0, now test.lab10.unique_dim_store_store_code.d0eb5264c5)
[0m15:42:19.786747 [debug] [Thread-4 (]: Writing injected SQL for node "test.lab10.unique_dim_promotion_promotion_key.6ffd828ac6"
[0m15:42:19.788588 [debug] [Thread-3 (]: Re-using an available connection from the pool (formerly test.lab10.unique_dim_product_product_code.2ff659b986, now test.lab10.unique_dim_store_store_key.9baa94554a)
[0m15:42:19.790498 [debug] [Thread-1 (]: Began compiling node test.lab10.unique_dim_store_store_code.d0eb5264c5
[0m15:42:19.792388 [debug] [Thread-3 (]: Began compiling node test.lab10.unique_dim_store_store_key.9baa94554a
[0m15:42:19.803675 [debug] [Thread-1 (]: Writing injected SQL for node "test.lab10.unique_dim_store_store_code.d0eb5264c5"
[0m15:42:19.811904 [debug] [Thread-3 (]: Writing injected SQL for node "test.lab10.unique_dim_store_store_key.9baa94554a"
[0m15:42:19.821060 [debug] [Thread-2 (]: Began executing node test.lab10.unique_dim_promotion_promo_code.e6d5acf0a2
[0m15:42:19.829532 [debug] [Thread-2 (]: Writing runtime sql for node "test.lab10.unique_dim_promotion_promo_code.e6d5acf0a2"
[0m15:42:19.833743 [debug] [Thread-3 (]: Began executing node test.lab10.unique_dim_store_store_key.9baa94554a
[0m15:42:19.835799 [debug] [Thread-1 (]: Began executing node test.lab10.unique_dim_store_store_code.d0eb5264c5
[0m15:42:19.837232 [debug] [Thread-4 (]: Began executing node test.lab10.unique_dim_promotion_promotion_key.6ffd828ac6
[0m15:42:19.844449 [debug] [Thread-3 (]: Writing runtime sql for node "test.lab10.unique_dim_store_store_key.9baa94554a"
[0m15:42:19.850996 [debug] [Thread-1 (]: Writing runtime sql for node "test.lab10.unique_dim_store_store_code.d0eb5264c5"
[0m15:42:19.864186 [debug] [Thread-4 (]: Writing runtime sql for node "test.lab10.unique_dim_promotion_promotion_key.6ffd828ac6"
[0m15:42:19.867972 [debug] [Thread-2 (]: Using postgres connection "test.lab10.unique_dim_promotion_promo_code.e6d5acf0a2"
[0m15:42:19.869506 [debug] [Thread-2 (]: On test.lab10.unique_dim_promotion_promo_code.e6d5acf0a2: /* {"app": "dbt", "dbt_version": "1.11.12", "profile_name": "lab10", "target_name": "dev", "node_id": "test.lab10.unique_dim_promotion_promo_code.e6d5acf0a2"} */

    
    select
      count(*) as failures,
      count(*) != 0 as should_warn,
      count(*) != 0 as should_error
    from (
      
    
  
    
    

select
    promo_code as unique_field,
    count(*) as n_records

from "lab10"."warehouse"."dim_promotion"
where promo_code is not null
group by promo_code
having count(*) > 1



  
  
      
    ) dbt_internal_test
[0m15:42:19.871043 [debug] [Thread-2 (]: Opening a new connection, currently in state closed
[0m15:42:19.874049 [debug] [Thread-3 (]: Using postgres connection "test.lab10.unique_dim_store_store_key.9baa94554a"
[0m15:42:19.875456 [debug] [Thread-1 (]: Using postgres connection "test.lab10.unique_dim_store_store_code.d0eb5264c5"
[0m15:42:19.876923 [debug] [Thread-3 (]: On test.lab10.unique_dim_store_store_key.9baa94554a: /* {"app": "dbt", "dbt_version": "1.11.12", "profile_name": "lab10", "target_name": "dev", "node_id": "test.lab10.unique_dim_store_store_key.9baa94554a"} */

    
    select
      count(*) as failures,
      count(*) != 0 as should_warn,
      count(*) != 0 as should_error
    from (
      
    
  
    
    

select
    store_key as unique_field,
    count(*) as n_records

from "lab10"."warehouse"."dim_store"
where store_key is not null
group by store_key
having count(*) > 1



  
  
      
    ) dbt_internal_test
[0m15:42:19.878628 [debug] [Thread-1 (]: On test.lab10.unique_dim_store_store_code.d0eb5264c5: /* {"app": "dbt", "dbt_version": "1.11.12", "profile_name": "lab10", "target_name": "dev", "node_id": "test.lab10.unique_dim_store_store_code.d0eb5264c5"} */

    
    select
      count(*) as failures,
      count(*) != 0 as should_warn,
      count(*) != 0 as should_error
    from (
      
    
  
    
    

select
    store_code as unique_field,
    count(*) as n_records

from "lab10"."warehouse"."dim_store"
where store_code is not null
group by store_code
having count(*) > 1



  
  
      
    ) dbt_internal_test
[0m15:42:19.880613 [debug] [Thread-3 (]: Opening a new connection, currently in state closed
[0m15:42:19.882299 [debug] [Thread-1 (]: Opening a new connection, currently in state closed
[0m15:42:19.883689 [debug] [Thread-4 (]: Using postgres connection "test.lab10.unique_dim_promotion_promotion_key.6ffd828ac6"
[0m15:42:19.886674 [debug] [Thread-4 (]: On test.lab10.unique_dim_promotion_promotion_key.6ffd828ac6: /* {"app": "dbt", "dbt_version": "1.11.12", "profile_name": "lab10", "target_name": "dev", "node_id": "test.lab10.unique_dim_promotion_promotion_key.6ffd828ac6"} */

    
    select
      count(*) as failures,
      count(*) != 0 as should_warn,
      count(*) != 0 as should_error
    from (
      
    
  
    
    

select
    promotion_key as unique_field,
    count(*) as n_records

from "lab10"."warehouse"."dim_promotion"
where promotion_key is not null
group by promotion_key
having count(*) > 1



  
  
      
    ) dbt_internal_test
[0m15:42:19.889891 [debug] [Thread-4 (]: Opening a new connection, currently in state closed
[0m15:42:19.894198 [debug] [Thread-2 (]: SQL status: SELECT 1 in 0.023 seconds
[0m15:42:19.899247 [debug] [Thread-2 (]: On test.lab10.unique_dim_promotion_promo_code.e6d5acf0a2: ROLLBACK
[0m15:42:19.902813 [debug] [Thread-2 (]: On test.lab10.unique_dim_promotion_promo_code.e6d5acf0a2: Close
[0m15:42:19.905086 [info ] [Thread-2 (]: 25 of 29 PASS unique_dim_promotion_promo_code .................................. [[32mPASS[0m in 0.15s]
[0m15:42:19.907089 [debug] [Thread-1 (]: SQL status: SELECT 1 in 0.025 seconds
[0m15:42:19.908901 [debug] [Thread-3 (]: SQL status: SELECT 1 in 0.028 seconds
[0m15:42:19.910774 [debug] [Thread-2 (]: Finished running node test.lab10.unique_dim_promotion_promo_code.e6d5acf0a2
[0m15:42:19.914751 [debug] [Thread-1 (]: On test.lab10.unique_dim_store_store_code.d0eb5264c5: ROLLBACK
[0m15:42:19.915911 [debug] [Thread-4 (]: SQL status: SELECT 1 in 0.026 seconds
[0m15:42:19.919253 [debug] [Thread-3 (]: On test.lab10.unique_dim_store_store_key.9baa94554a: ROLLBACK
[0m15:42:19.921086 [debug] [Thread-2 (]: Began running node test.lab10.unique_fct_sales_sales_key.af4741ce89
[0m15:42:19.922856 [debug] [Thread-1 (]: On test.lab10.unique_dim_store_store_code.d0eb5264c5: Close
[0m15:42:19.926802 [debug] [Thread-4 (]: On test.lab10.unique_dim_promotion_promotion_key.6ffd828ac6: ROLLBACK
[0m15:42:19.928664 [debug] [Thread-3 (]: On test.lab10.unique_dim_store_store_key.9baa94554a: Close
[0m15:42:19.929665 [info ] [Thread-2 (]: 29 of 29 START test unique_fct_sales_sales_key ................................. [RUN]
[0m15:42:19.931906 [info ] [Thread-1 (]: 27 of 29 PASS unique_dim_store_store_code ...................................... [[32mPASS[0m in 0.15s]
[0m15:42:19.934694 [debug] [Thread-4 (]: On test.lab10.unique_dim_promotion_promotion_key.6ffd828ac6: Close
[0m15:42:19.936976 [info ] [Thread-3 (]: 28 of 29 PASS unique_dim_store_store_key ....................................... [[32mPASS[0m in 0.15s]
[0m15:42:19.938490 [debug] [Thread-2 (]: Re-using an available connection from the pool (formerly test.lab10.unique_dim_promotion_promo_code.e6d5acf0a2, now test.lab10.unique_fct_sales_sales_key.af4741ce89)
[0m15:42:19.940665 [debug] [Thread-1 (]: Finished running node test.lab10.unique_dim_store_store_code.d0eb5264c5
[0m15:42:19.944710 [debug] [Thread-3 (]: Finished running node test.lab10.unique_dim_store_store_key.9baa94554a
[0m15:42:19.943186 [info ] [Thread-4 (]: 26 of 29 PASS unique_dim_promotion_promotion_key ............................... [[32mPASS[0m in 0.19s]
[0m15:42:19.946602 [debug] [Thread-2 (]: Began compiling node test.lab10.unique_fct_sales_sales_key.af4741ce89
[0m15:42:19.949831 [debug] [Thread-4 (]: Finished running node test.lab10.unique_dim_promotion_promotion_key.6ffd828ac6
[0m15:42:19.959443 [debug] [Thread-2 (]: Writing injected SQL for node "test.lab10.unique_fct_sales_sales_key.af4741ce89"
[0m15:42:19.975795 [debug] [Thread-2 (]: Began executing node test.lab10.unique_fct_sales_sales_key.af4741ce89
[0m15:42:19.982055 [debug] [Thread-2 (]: Writing runtime sql for node "test.lab10.unique_fct_sales_sales_key.af4741ce89"
[0m15:42:19.996788 [debug] [Thread-2 (]: Using postgres connection "test.lab10.unique_fct_sales_sales_key.af4741ce89"
[0m15:42:19.998351 [debug] [Thread-2 (]: On test.lab10.unique_fct_sales_sales_key.af4741ce89: /* {"app": "dbt", "dbt_version": "1.11.12", "profile_name": "lab10", "target_name": "dev", "node_id": "test.lab10.unique_fct_sales_sales_key.af4741ce89"} */

    
    select
      count(*) as failures,
      count(*) != 0 as should_warn,
      count(*) != 0 as should_error
    from (
      
    
  
    
    

select
    sales_key as unique_field,
    count(*) as n_records

from "lab10"."warehouse"."fct_sales"
where sales_key is not null
group by sales_key
having count(*) > 1



  
  
      
    ) dbt_internal_test
[0m15:42:19.999984 [debug] [Thread-2 (]: Opening a new connection, currently in state closed
[0m15:42:20.018618 [debug] [Thread-2 (]: SQL status: SELECT 1 in 0.019 seconds
[0m15:42:20.024155 [debug] [Thread-2 (]: On test.lab10.unique_fct_sales_sales_key.af4741ce89: ROLLBACK
[0m15:42:20.026160 [debug] [Thread-2 (]: On test.lab10.unique_fct_sales_sales_key.af4741ce89: Close
[0m15:42:20.028542 [info ] [Thread-2 (]: 29 of 29 PASS unique_fct_sales_sales_key ....................................... [[32mPASS[0m in 0.09s]
[0m15:42:20.031035 [debug] [Thread-2 (]: Finished running node test.lab10.unique_fct_sales_sales_key.af4741ce89
[0m15:42:20.036391 [debug] [MainThread]: On master: COMMIT
[0m15:42:20.037672 [debug] [MainThread]: Using postgres connection "master"
[0m15:42:20.038819 [debug] [MainThread]: On master: COMMIT
[0m15:42:20.039770 [debug] [MainThread]: Opening a new connection, currently in state closed
[0m15:42:20.052899 [debug] [MainThread]: SQL status: COMMIT in 0.013 seconds
[0m15:42:20.054241 [debug] [MainThread]: On master: Close
[0m15:42:20.055542 [debug] [MainThread]: Connection 'master' was properly closed.
[0m15:42:20.056716 [debug] [MainThread]: Connection 'test.lab10.unique_dim_store_store_code.d0eb5264c5' was properly closed.
[0m15:42:20.057752 [debug] [MainThread]: Connection 'test.lab10.unique_dim_store_store_key.9baa94554a' was properly closed.
[0m15:42:20.058659 [debug] [MainThread]: Connection 'test.lab10.unique_dim_promotion_promotion_key.6ffd828ac6' was properly closed.
[0m15:42:20.059583 [debug] [MainThread]: Connection 'test.lab10.unique_fct_sales_sales_key.af4741ce89' was properly closed.
[0m15:42:20.060751 [info ] [MainThread]: 
[0m15:42:20.062328 [info ] [MainThread]: Finished running 29 data tests in 0 hours 0 minutes and 2.10 seconds (2.10s).
[0m15:42:20.074659 [debug] [MainThread]: Command end result
[0m15:42:20.196135 [debug] [MainThread]: Wrote artifact WritableManifest to /opt/airflow/dbt/target/manifest.json
[0m15:42:20.207725 [debug] [MainThread]: Wrote artifact SemanticManifest to /opt/airflow/dbt/target/semantic_manifest.json
[0m15:42:20.235780 [debug] [MainThread]: Wrote artifact RunExecutionResult to /opt/airflow/dbt/target/run_results.json
[0m15:42:20.237261 [info ] [MainThread]: 
[0m15:42:20.238830 [info ] [MainThread]: [32mCompleted successfully[0m
[0m15:42:20.240227 [info ] [MainThread]: 
[0m15:42:20.241660 [info ] [MainThread]: Done. PASS=29 WARN=0 ERROR=0 SKIP=0 NO-OP=0 TOTAL=29
[0m15:42:20.244498 [debug] [MainThread]: Resource report: {"command_name": "test", "command_success": true, "command_wall_clock_time": 4.5776787, "process_in_blocks": "1152", "process_kernel_time": 0.715591, "process_mem_max_rss": "146224", "process_out_blocks": "0", "process_user_time": 7.06521}
[0m15:42:20.246273 [debug] [MainThread]: Command `dbt test` succeeded at 15:42:20.245957 after 4.58 seconds
[0m15:42:20.247560 [debug] [MainThread]: Sending event: {'category': 'dbt', 'action': 'invocation', 'label': 'end', 'context': [<snowplow_tracker.self_describing_json.SelfDescribingJson object at 0x7f566f4bc410>, <snowplow_tracker.self_describing_json.SelfDescribingJson object at 0x7f566d35efc0>, <snowplow_tracker.self_describing_json.SelfDescribingJson object at 0x7f566d35fd80>]}
[0m15:42:20.248861 [debug] [MainThread]: Flushing usage events
[0m15:42:21.394564 [debug] [MainThread]: An error was encountered while trying to flush usage events
[0m15:48:34.709279 [debug] [MainThread]: Sending event: {'category': 'dbt', 'action': 'invocation', 'label': 'start', 'context': [<snowplow_tracker.self_describing_json.SelfDescribingJson object at 0x7f46d5f427b0>, <snowplow_tracker.self_describing_json.SelfDescribingJson object at 0x7f46d8b42e90>, <snowplow_tracker.self_describing_json.SelfDescribingJson object at 0x7f46d4d3fd90>]}


============================== 15:48:34.716695 | f9da17ee-9dcb-4e62-90a5-1a632e14bf52 ==============================
[0m15:48:34.716695 [info ] [MainThread]: Running with dbt=1.11.12
[0m15:48:34.718256 [debug] [MainThread]: running dbt with arguments {'static_parser': 'True', 'printer_width': '80', 'fail_fast': 'False', 'indirect_selection': 'eager', 'log_format': 'default', 'write_json': 'True', 'quiet': 'False', 'log_path': '/opt/airflow/dbt/logs', 'introspect': 'True', 'target_path': 'None', 'log_cache_events': 'False', 'empty': 'False', 'cache_selected_only': 'False', 'invocation_command': 'dbt run --project-dir /opt/airflow/dbt --profiles-dir /opt/airflow/dbt_root', 'use_colors': 'True', 'profiles_dir': '/opt/airflow/dbt_root', 'warn_error_options': 'WarnErrorOptionsV2(error=[], warn=[], silence=[])', 'debug': 'False', 'use_experimental_parser': 'False', 'partial_parse': 'True', 'send_anonymous_usage_stats': 'True', 'version_check': 'True', 'no_print': 'None', 'warn_error': 'None'}
[0m15:48:35.203361 [debug] [MainThread]: Sending event: {'category': 'dbt', 'action': 'project_id', 'label': 'f9da17ee-9dcb-4e62-90a5-1a632e14bf52', 'context': [<snowplow_tracker.self_describing_json.SelfDescribingJson object at 0x7f46d59b89d0>]}
[0m15:48:35.391117 [debug] [MainThread]: Sending event: {'category': 'dbt', 'action': 'adapter_info', 'label': 'f9da17ee-9dcb-4e62-90a5-1a632e14bf52', 'context': [<snowplow_tracker.self_describing_json.SelfDescribingJson object at 0x7f46d4bcd480>]}
[0m15:48:35.393116 [info ] [MainThread]: Registered adapter: postgres=1.10.2
[0m15:48:35.583661 [debug] [MainThread]: checksum: f368f5348cf42803b94ef7fb8257ecf3bf9a9a16dd9c8c51fe5172f2dbeb457f, vars: {}, profile: , target: , version: 1.11.12
[0m15:48:36.100780 [debug] [MainThread]: Partial parsing enabled: 0 files deleted, 0 files added, 0 files changed.
[0m15:48:36.102233 [debug] [MainThread]: Nothing changed, skipping partial parsing.
[0m15:48:36.103271 [debug] [MainThread]: Partial parsing enabled, no changes found, skipping parsing
[0m15:48:36.388923 [debug] [MainThread]: Sending event: {'category': 'dbt', 'action': 'load_project', 'label': 'f9da17ee-9dcb-4e62-90a5-1a632e14bf52', 'context': [<snowplow_tracker.self_describing_json.SelfDescribingJson object at 0x7f46d4c31250>]}
[0m15:48:36.707661 [debug] [MainThread]: Wrote artifact WritableManifest to /opt/airflow/dbt/target/manifest.json
[0m15:48:36.720530 [debug] [MainThread]: Wrote artifact SemanticManifest to /opt/airflow/dbt/target/semantic_manifest.json
[0m15:48:36.758295 [debug] [MainThread]: Sending event: {'category': 'dbt', 'action': 'resource_counts', 'label': 'f9da17ee-9dcb-4e62-90a5-1a632e14bf52', 'context': [<snowplow_tracker.self_describing_json.SelfDescribingJson object at 0x7f46d33bbf20>]}
[0m15:48:36.759994 [info ] [MainThread]: Found 7 models, 29 data tests, 1 source, 475 macros
[0m15:48:36.761496 [debug] [MainThread]: Sending event: {'category': 'dbt', 'action': 'runnable_timing', 'label': 'f9da17ee-9dcb-4e62-90a5-1a632e14bf52', 'context': [<snowplow_tracker.self_describing_json.SelfDescribingJson object at 0x7f46d2b1d1d0>]}
[0m15:48:36.772307 [info ] [MainThread]: 
[0m15:48:36.774222 [info ] [MainThread]: Concurrency: 4 threads (target='dev')
[0m15:48:36.776041 [info ] [MainThread]: 
[0m15:48:36.778082 [debug] [MainThread]: Acquiring new postgres connection 'master'
[0m15:48:36.791324 [debug] [ThreadPool]: Acquiring new postgres connection 'list_lab10'
[0m15:48:36.887636 [debug] [ThreadPool]: Using postgres connection "list_lab10"
[0m15:48:36.888888 [debug] [ThreadPool]: On list_lab10: /* {"app": "dbt", "dbt_version": "1.11.12", "profile_name": "lab10", "target_name": "dev", "connection_name": "list_lab10"} */

    select distinct nspname from pg_namespace
  
[0m15:48:36.890353 [debug] [ThreadPool]: Opening a new connection, currently in state init
[0m15:48:36.908277 [debug] [ThreadPool]: SQL status: SELECT 6 in 0.018 seconds
[0m15:48:36.913124 [debug] [ThreadPool]: On list_lab10: Close
[0m15:48:36.917964 [debug] [ThreadPool]: Re-using an available connection from the pool (formerly list_lab10, now list_lab10_warehouse)
[0m15:48:36.932094 [debug] [ThreadPool]: Using postgres connection "list_lab10_warehouse"
[0m15:48:36.933507 [debug] [ThreadPool]: On list_lab10_warehouse: /* {"app": "dbt", "dbt_version": "1.11.12", "profile_name": "lab10", "target_name": "dev", "connection_name": "list_lab10_warehouse"} */
select
      'lab10' as database,
      tablename as name,
      schemaname as schema,
      'table' as type
    from pg_tables
    where schemaname ilike 'warehouse'
    union all
    select
      'lab10' as database,
      viewname as name,
      schemaname as schema,
      'view' as type
    from pg_views
    where schemaname ilike 'warehouse'
    union all
    select
      'lab10' as database,
      matviewname as name,
      schemaname as schema,
      'materialized_view' as type
    from pg_matviews
    where schemaname ilike 'warehouse'
  
[0m15:48:36.934708 [debug] [ThreadPool]: Opening a new connection, currently in state closed
[0m15:48:36.951626 [debug] [ThreadPool]: SQL status: SELECT 7 in 0.017 seconds
[0m15:48:36.955297 [debug] [ThreadPool]: On list_lab10_warehouse: ROLLBACK
[0m15:48:36.956819 [debug] [ThreadPool]: On list_lab10_warehouse: Close
[0m15:48:36.971144 [debug] [MainThread]: Using postgres connection "master"
[0m15:48:36.972642 [debug] [MainThread]: On master: /* {"app": "dbt", "dbt_version": "1.11.12", "profile_name": "lab10", "target_name": "dev", "connection_name": "master"} */
select distinct
        dependent_namespace.nspname as dependent_schema,
        dependent_class.relname as dependent_name,
        referenced_namespace.nspname as referenced_schema,
        referenced_class.relname as referenced_name

    -- Query for views: views are entries in pg_class with an entry in pg_rewrite, but we avoid
    -- a seq scan on pg_rewrite by leveraging the fact there is an "internal" row in pg_depend for
    -- the view...
    from pg_class as dependent_class
    join pg_namespace as dependent_namespace on dependent_namespace.oid = dependent_class.relnamespace
    join pg_depend as dependent_depend on dependent_depend.refobjid = dependent_class.oid
        and dependent_depend.classid = 'pg_rewrite'::regclass
        and dependent_depend.refclassid = 'pg_class'::regclass
        and dependent_depend.deptype = 'i'

    -- ... and via pg_depend (that has a row per column, hence the need for "distinct" above, and
    -- making sure to exclude the internal row to avoid a view appearing to depend on itself)...
    join pg_depend as joining_depend on joining_depend.objid = dependent_depend.objid
        and joining_depend.classid = 'pg_rewrite'::regclass
        and joining_depend.refclassid = 'pg_class'::regclass
        and joining_depend.refobjid != dependent_depend.refobjid

    -- ... we can find the tables they query from in pg_class, but excluding system tables. Note we
    -- don't need need to exclude _dependent_ system tables, because they only query from other
    -- system tables, and so are automatically excluded by excluding _referenced_ system tables
    join pg_class as referenced_class on referenced_class.oid = joining_depend.refobjid
    join pg_namespace as referenced_namespace on referenced_namespace.oid = referenced_class.relnamespace
        and referenced_namespace.nspname != 'information_schema'
        and referenced_namespace.nspname not like 'pg\_%'

    order by
        dependent_schema, dependent_name, referenced_schema, referenced_name;
[0m15:48:36.973777 [debug] [MainThread]: Opening a new connection, currently in state init
[0m15:48:36.992431 [debug] [MainThread]: SQL status: SELECT 1 in 0.019 seconds
[0m15:48:36.995894 [debug] [MainThread]: Sending event: {'category': 'dbt', 'action': 'runnable_timing', 'label': 'f9da17ee-9dcb-4e62-90a5-1a632e14bf52', 'context': [<snowplow_tracker.self_describing_json.SelfDescribingJson object at 0x7f46d27936c0>]}
[0m15:48:36.997777 [debug] [MainThread]: On master: ROLLBACK
[0m15:48:36.999438 [debug] [MainThread]: On master: COMMIT
[0m15:48:37.000736 [debug] [MainThread]: Using postgres connection "master"
[0m15:48:37.001823 [debug] [MainThread]: On master: COMMIT
[0m15:48:37.003674 [debug] [MainThread]: SQL status: COMMIT in 0.001 seconds
[0m15:48:37.004831 [debug] [MainThread]: On master: Close
[0m15:48:37.014348 [debug] [Thread-1 (]: Began running node model.lab10.stg_coffee_sales
[0m15:48:37.016015 [info ] [Thread-1 (]: 1 of 7 START sql view model warehouse.stg_coffee_sales ......................... [RUN]
[0m15:48:37.017558 [debug] [Thread-1 (]: Re-using an available connection from the pool (formerly list_lab10_warehouse, now model.lab10.stg_coffee_sales)
[0m15:48:37.019077 [debug] [Thread-1 (]: Began compiling node model.lab10.stg_coffee_sales
[0m15:48:37.039783 [debug] [Thread-1 (]: Writing injected SQL for node "model.lab10.stg_coffee_sales"
[0m15:48:37.054942 [debug] [Thread-1 (]: Began executing node model.lab10.stg_coffee_sales
[0m15:48:37.159580 [debug] [Thread-1 (]: Writing runtime sql for node "model.lab10.stg_coffee_sales"
[0m15:48:37.178016 [debug] [Thread-1 (]: Using postgres connection "model.lab10.stg_coffee_sales"
[0m15:48:37.180208 [debug] [Thread-1 (]: On model.lab10.stg_coffee_sales: /* {"app": "dbt", "dbt_version": "1.11.12", "profile_name": "lab10", "target_name": "dev", "node_id": "model.lab10.stg_coffee_sales"} */

  create view "lab10"."warehouse"."stg_coffee_sales__dbt_tmp"
    
    
  as (
    select
    sale_id::integer as sale_id,
    invoice_number,
    sale_date::date as sale_date,
    customer_code,
    customer_name,
    gender,
    birth_year::integer as birth_year,
    product_code,
    product_name,
    lower(trim(category)) as category,
    size,
    unit_price::numeric(10, 2) as unit_price,
    quantity::integer as quantity,
    revenue::numeric(12, 2) as revenue,
    store_code,
    store_name,
    province,
    nullif(trim(promo_code), '') as promo_code,
    nullif(trim(promo_desc), '') as promo_desc,
    points_redeemed::integer as points_redeemed
from "lab10"."raw"."coffee_sales"
  );
[0m15:48:37.181724 [debug] [Thread-1 (]: Opening a new connection, currently in state closed
[0m15:48:37.202262 [debug] [Thread-1 (]: SQL status: CREATE VIEW in 0.020 seconds
[0m15:48:37.219847 [debug] [Thread-1 (]: Using postgres connection "model.lab10.stg_coffee_sales"
[0m15:48:37.221267 [debug] [Thread-1 (]: On model.lab10.stg_coffee_sales: /* {"app": "dbt", "dbt_version": "1.11.12", "profile_name": "lab10", "target_name": "dev", "node_id": "model.lab10.stg_coffee_sales"} */
alter table "lab10"."warehouse"."stg_coffee_sales" rename to "stg_coffee_sales__dbt_backup"
[0m15:48:37.223406 [debug] [Thread-1 (]: SQL status: ALTER TABLE in 0.001 seconds
[0m15:48:37.234111 [debug] [Thread-1 (]: Using postgres connection "model.lab10.stg_coffee_sales"
[0m15:48:37.235498 [debug] [Thread-1 (]: On model.lab10.stg_coffee_sales: /* {"app": "dbt", "dbt_version": "1.11.12", "profile_name": "lab10", "target_name": "dev", "node_id": "model.lab10.stg_coffee_sales"} */
alter table "lab10"."warehouse"."stg_coffee_sales__dbt_tmp" rename to "stg_coffee_sales"
[0m15:48:37.237546 [debug] [Thread-1 (]: SQL status: ALTER TABLE in 0.001 seconds
[0m15:48:37.285737 [debug] [Thread-1 (]: On model.lab10.stg_coffee_sales: COMMIT
[0m15:48:37.287195 [debug] [Thread-1 (]: Using postgres connection "model.lab10.stg_coffee_sales"
[0m15:48:37.288577 [debug] [Thread-1 (]: On model.lab10.stg_coffee_sales: COMMIT
[0m15:48:37.291816 [debug] [Thread-1 (]: SQL status: COMMIT in 0.002 seconds
[0m15:48:37.313130 [debug] [Thread-1 (]: Applying DROP to: "lab10"."warehouse"."stg_coffee_sales__dbt_backup"
[0m15:48:37.325566 [debug] [Thread-1 (]: Using postgres connection "model.lab10.stg_coffee_sales"
[0m15:48:37.326883 [debug] [Thread-1 (]: On model.lab10.stg_coffee_sales: /* {"app": "dbt", "dbt_version": "1.11.12", "profile_name": "lab10", "target_name": "dev", "node_id": "model.lab10.stg_coffee_sales"} */
drop view if exists "lab10"."warehouse"."stg_coffee_sales__dbt_backup" cascade
[0m15:48:37.336933 [debug] [Thread-1 (]: SQL status: DROP VIEW in 0.009 seconds
[0m15:48:37.345805 [debug] [Thread-1 (]: On model.lab10.stg_coffee_sales: Close
[0m15:48:37.351359 [debug] [Thread-1 (]: Sending event: {'category': 'dbt', 'action': 'run_model', 'label': 'f9da17ee-9dcb-4e62-90a5-1a632e14bf52', 'context': [<snowplow_tracker.self_describing_json.SelfDescribingJson object at 0x7f46d2358590>]}
[0m15:48:37.353948 [info ] [Thread-1 (]: 1 of 7 OK created sql view model warehouse.stg_coffee_sales .................... [[32mCREATE VIEW[0m in 0.33s]
[0m15:48:37.356346 [debug] [Thread-1 (]: Finished running node model.lab10.stg_coffee_sales
[0m15:48:37.359661 [debug] [Thread-2 (]: Began running node model.lab10.dim_customer
[0m15:48:37.360879 [debug] [Thread-4 (]: Began running node model.lab10.dim_product
[0m15:48:37.362031 [debug] [Thread-1 (]: Began running node model.lab10.dim_promotion
[0m15:48:37.363078 [debug] [Thread-3 (]: Began running node model.lab10.dim_date
[0m15:48:37.364642 [info ] [Thread-2 (]: 2 of 7 START sql table model warehouse.dim_customer ............................ [RUN]
[0m15:48:37.366689 [info ] [Thread-4 (]: 4 of 7 START sql table model warehouse.dim_product ............................. [RUN]
[0m15:48:37.368396 [info ] [Thread-1 (]: 5 of 7 START sql table model warehouse.dim_promotion ........................... [RUN]
[0m15:48:37.370494 [info ] [Thread-3 (]: 3 of 7 START sql table model warehouse.dim_date ................................ [RUN]
[0m15:48:37.372678 [debug] [Thread-2 (]: Acquiring new postgres connection 'model.lab10.dim_customer'
[0m15:48:37.374410 [debug] [Thread-4 (]: Acquiring new postgres connection 'model.lab10.dim_product'
[0m15:48:37.375871 [debug] [Thread-1 (]: Re-using an available connection from the pool (formerly model.lab10.stg_coffee_sales, now model.lab10.dim_promotion)
[0m15:48:37.377309 [debug] [Thread-3 (]: Acquiring new postgres connection 'model.lab10.dim_date'
[0m15:48:37.378805 [debug] [Thread-2 (]: Began compiling node model.lab10.dim_customer
[0m15:48:37.380157 [debug] [Thread-4 (]: Began compiling node model.lab10.dim_product
[0m15:48:37.381588 [debug] [Thread-1 (]: Began compiling node model.lab10.dim_promotion
[0m15:48:37.382984 [debug] [Thread-3 (]: Began compiling node model.lab10.dim_date
[0m15:48:37.391634 [debug] [Thread-2 (]: Writing injected SQL for node "model.lab10.dim_customer"
[0m15:48:37.399631 [debug] [Thread-4 (]: Writing injected SQL for node "model.lab10.dim_product"
[0m15:48:37.410553 [debug] [Thread-1 (]: Writing injected SQL for node "model.lab10.dim_promotion"
[0m15:48:37.418125 [debug] [Thread-3 (]: Writing injected SQL for node "model.lab10.dim_date"
[0m15:48:37.429176 [debug] [Thread-1 (]: Began executing node model.lab10.dim_promotion
[0m15:48:37.430791 [debug] [Thread-2 (]: Began executing node model.lab10.dim_customer
[0m15:48:37.448966 [debug] [Thread-3 (]: Began executing node model.lab10.dim_date
[0m15:48:37.461807 [debug] [Thread-4 (]: Began executing node model.lab10.dim_product
[0m15:48:37.576765 [debug] [Thread-1 (]: Writing runtime sql for node "model.lab10.dim_promotion"
[0m15:48:37.592509 [debug] [Thread-2 (]: Writing runtime sql for node "model.lab10.dim_customer"
[0m15:48:37.594287 [debug] [Thread-3 (]: Writing runtime sql for node "model.lab10.dim_date"
[0m15:48:37.603431 [debug] [Thread-4 (]: Writing runtime sql for node "model.lab10.dim_product"
[0m15:48:37.613440 [debug] [Thread-1 (]: Using postgres connection "model.lab10.dim_promotion"
[0m15:48:37.615306 [debug] [Thread-1 (]: On model.lab10.dim_promotion: /* {"app": "dbt", "dbt_version": "1.11.12", "profile_name": "lab10", "target_name": "dev", "node_id": "model.lab10.dim_promotion"} */

  
    

  create  table "lab10"."warehouse"."dim_promotion__dbt_tmp"
  
  
    as
  
  (
    with promotions as (
    select distinct
        promo_code,
        promo_desc
    from "lab10"."warehouse"."stg_coffee_sales"
    where promo_code is not null
)

select
    md5(promo_code) as promotion_key,
    promo_code,
    promo_desc
from promotions
  );
  
[0m15:48:37.617246 [debug] [Thread-3 (]: Using postgres connection "model.lab10.dim_date"
[0m15:48:37.618586 [debug] [Thread-1 (]: Opening a new connection, currently in state closed
[0m15:48:37.620926 [debug] [Thread-3 (]: On model.lab10.dim_date: /* {"app": "dbt", "dbt_version": "1.11.12", "profile_name": "lab10", "target_name": "dev", "node_id": "model.lab10.dim_date"} */

  
    

  create  table "lab10"."warehouse"."dim_date__dbt_tmp"
  
  
    as
  
  (
    with dates as (
    select distinct sale_date
    from "lab10"."warehouse"."stg_coffee_sales"
)

select
    to_char(sale_date, 'YYYYMMDD')::integer as date_key,
    sale_date as full_date,
    extract(year from sale_date)::integer as year,
    extract(month from sale_date)::integer as month_number,
    to_char(sale_date, 'Mon') as month_name,
    extract(day from sale_date)::integer as day_of_month
from dates
  );
  
[0m15:48:37.622694 [debug] [Thread-4 (]: Using postgres connection "model.lab10.dim_product"
[0m15:48:37.623715 [debug] [Thread-2 (]: Using postgres connection "model.lab10.dim_customer"
[0m15:48:37.625685 [debug] [Thread-3 (]: Opening a new connection, currently in state init
[0m15:48:37.627387 [debug] [Thread-4 (]: On model.lab10.dim_product: /* {"app": "dbt", "dbt_version": "1.11.12", "profile_name": "lab10", "target_name": "dev", "node_id": "model.lab10.dim_product"} */

  
    

  create  table "lab10"."warehouse"."dim_product__dbt_tmp"
  
  
    as
  
  (
    with products as (
    select distinct
        product_code,
        product_name,
        category,
        size,
        unit_price
    from "lab10"."warehouse"."stg_coffee_sales"
)

select
    md5(product_code) as product_key,
    product_code,
    product_name,
    category,
    size,
    unit_price
from products
  );
  
[0m15:48:37.629143 [debug] [Thread-2 (]: On model.lab10.dim_customer: /* {"app": "dbt", "dbt_version": "1.11.12", "profile_name": "lab10", "target_name": "dev", "node_id": "model.lab10.dim_customer"} */

  
    

  create  table "lab10"."warehouse"."dim_customer__dbt_tmp"
  
  
    as
  
  (
    with customers as (
    select distinct
        customer_code,
        customer_name,
        gender,
        birth_year
    from "lab10"."warehouse"."stg_coffee_sales"
)

select
    md5(customer_code) as customer_key,
    customer_code,
    customer_name,
    gender,
    birth_year
from customers
  );
  
[0m15:48:37.631893 [debug] [Thread-4 (]: Opening a new connection, currently in state init
[0m15:48:37.633968 [debug] [Thread-2 (]: Opening a new connection, currently in state init
[0m15:48:37.655894 [debug] [Thread-1 (]: SQL status: SELECT 2 in 0.037 seconds
[0m15:48:37.672622 [debug] [Thread-4 (]: SQL status: SELECT 5 in 0.041 seconds
[0m15:48:37.687544 [debug] [Thread-1 (]: Using postgres connection "model.lab10.dim_promotion"
[0m15:48:37.692959 [debug] [Thread-4 (]: Using postgres connection "model.lab10.dim_product"
[0m15:48:37.694040 [debug] [Thread-3 (]: SQL status: SELECT 31 in 0.068 seconds
[0m15:48:37.695255 [debug] [Thread-2 (]: SQL status: SELECT 2745 in 0.061 seconds
[0m15:48:37.696243 [debug] [Thread-1 (]: On model.lab10.dim_promotion: /* {"app": "dbt", "dbt_version": "1.11.12", "profile_name": "lab10", "target_name": "dev", "node_id": "model.lab10.dim_promotion"} */
alter table "lab10"."warehouse"."dim_promotion" rename to "dim_promotion__dbt_backup"
[0m15:48:37.697918 [debug] [Thread-4 (]: On model.lab10.dim_product: /* {"app": "dbt", "dbt_version": "1.11.12", "profile_name": "lab10", "target_name": "dev", "node_id": "model.lab10.dim_product"} */
alter table "lab10"."warehouse"."dim_product" rename to "dim_product__dbt_backup"
[0m15:48:37.707203 [debug] [Thread-3 (]: Using postgres connection "model.lab10.dim_date"
[0m15:48:37.717239 [debug] [Thread-2 (]: Using postgres connection "model.lab10.dim_customer"
[0m15:48:37.719024 [debug] [Thread-1 (]: SQL status: ALTER TABLE in 0.001 seconds
[0m15:48:37.720027 [debug] [Thread-4 (]: SQL status: ALTER TABLE in 0.001 seconds
[0m15:48:37.721036 [debug] [Thread-3 (]: On model.lab10.dim_date: /* {"app": "dbt", "dbt_version": "1.11.12", "profile_name": "lab10", "target_name": "dev", "node_id": "model.lab10.dim_date"} */
alter table "lab10"."warehouse"."dim_date" rename to "dim_date__dbt_backup"
[0m15:48:37.722766 [debug] [Thread-2 (]: On model.lab10.dim_customer: /* {"app": "dbt", "dbt_version": "1.11.12", "profile_name": "lab10", "target_name": "dev", "node_id": "model.lab10.dim_customer"} */
alter table "lab10"."warehouse"."dim_customer" rename to "dim_customer__dbt_backup"
[0m15:48:37.740322 [debug] [Thread-1 (]: Using postgres connection "model.lab10.dim_promotion"
[0m15:48:37.743945 [debug] [Thread-4 (]: Using postgres connection "model.lab10.dim_product"
[0m15:48:37.745736 [debug] [Thread-3 (]: SQL status: ALTER TABLE in 0.001 seconds
[0m15:48:37.746786 [debug] [Thread-2 (]: SQL status: ALTER TABLE in 0.001 seconds
[0m15:48:37.747979 [debug] [Thread-1 (]: On model.lab10.dim_promotion: /* {"app": "dbt", "dbt_version": "1.11.12", "profile_name": "lab10", "target_name": "dev", "node_id": "model.lab10.dim_promotion"} */
alter table "lab10"."warehouse"."dim_promotion__dbt_tmp" rename to "dim_promotion"
[0m15:48:37.749238 [debug] [Thread-4 (]: On model.lab10.dim_product: /* {"app": "dbt", "dbt_version": "1.11.12", "profile_name": "lab10", "target_name": "dev", "node_id": "model.lab10.dim_product"} */
alter table "lab10"."warehouse"."dim_product__dbt_tmp" rename to "dim_product"
[0m15:48:37.757108 [debug] [Thread-3 (]: Using postgres connection "model.lab10.dim_date"
[0m15:48:37.768072 [debug] [Thread-2 (]: Using postgres connection "model.lab10.dim_customer"
[0m15:48:37.771271 [debug] [Thread-3 (]: On model.lab10.dim_date: /* {"app": "dbt", "dbt_version": "1.11.12", "profile_name": "lab10", "target_name": "dev", "node_id": "model.lab10.dim_date"} */
alter table "lab10"."warehouse"."dim_date__dbt_tmp" rename to "dim_date"
[0m15:48:37.772626 [debug] [Thread-4 (]: SQL status: ALTER TABLE in 0.002 seconds
[0m15:48:37.773804 [debug] [Thread-2 (]: On model.lab10.dim_customer: /* {"app": "dbt", "dbt_version": "1.11.12", "profile_name": "lab10", "target_name": "dev", "node_id": "model.lab10.dim_customer"} */
alter table "lab10"."warehouse"."dim_customer__dbt_tmp" rename to "dim_customer"
[0m15:48:37.774954 [debug] [Thread-1 (]: SQL status: ALTER TABLE in 0.005 seconds
[0m15:48:37.780008 [debug] [Thread-4 (]: On model.lab10.dim_product: COMMIT
[0m15:48:37.781417 [debug] [Thread-3 (]: SQL status: ALTER TABLE in 0.005 seconds
[0m15:48:37.786222 [debug] [Thread-1 (]: On model.lab10.dim_promotion: COMMIT
[0m15:48:37.787546 [debug] [Thread-2 (]: SQL status: ALTER TABLE in 0.005 seconds
[0m15:48:37.788384 [debug] [Thread-4 (]: Using postgres connection "model.lab10.dim_product"
[0m15:48:37.793759 [debug] [Thread-3 (]: On model.lab10.dim_date: COMMIT
[0m15:48:37.795740 [debug] [Thread-1 (]: Using postgres connection "model.lab10.dim_promotion"
[0m15:48:37.800915 [debug] [Thread-2 (]: On model.lab10.dim_customer: COMMIT
[0m15:48:37.802608 [debug] [Thread-4 (]: On model.lab10.dim_product: COMMIT
[0m15:48:37.804040 [debug] [Thread-3 (]: Using postgres connection "model.lab10.dim_date"
[0m15:48:37.805494 [debug] [Thread-1 (]: On model.lab10.dim_promotion: COMMIT
[0m15:48:37.807054 [debug] [Thread-2 (]: Using postgres connection "model.lab10.dim_customer"
[0m15:48:37.809114 [debug] [Thread-3 (]: On model.lab10.dim_date: COMMIT
[0m15:48:37.810907 [debug] [Thread-2 (]: On model.lab10.dim_customer: COMMIT
[0m15:48:37.814437 [debug] [Thread-4 (]: SQL status: COMMIT in 0.006 seconds
[0m15:48:37.815977 [debug] [Thread-3 (]: SQL status: COMMIT in 0.004 seconds
[0m15:48:37.817188 [debug] [Thread-1 (]: SQL status: COMMIT in 0.007 seconds
[0m15:48:37.824452 [debug] [Thread-4 (]: Applying DROP to: "lab10"."warehouse"."dim_product__dbt_backup"
[0m15:48:37.825638 [debug] [Thread-2 (]: SQL status: COMMIT in 0.013 seconds
[0m15:48:37.833477 [debug] [Thread-3 (]: Applying DROP to: "lab10"."warehouse"."dim_date__dbt_backup"
[0m15:48:37.839758 [debug] [Thread-1 (]: Applying DROP to: "lab10"."warehouse"."dim_promotion__dbt_backup"
[0m15:48:37.849098 [debug] [Thread-4 (]: Using postgres connection "model.lab10.dim_product"
[0m15:48:37.855735 [debug] [Thread-2 (]: Applying DROP to: "lab10"."warehouse"."dim_customer__dbt_backup"
[0m15:48:37.858752 [debug] [Thread-3 (]: Using postgres connection "model.lab10.dim_date"
[0m15:48:37.861136 [debug] [Thread-1 (]: Using postgres connection "model.lab10.dim_promotion"
[0m15:48:37.862647 [debug] [Thread-4 (]: On model.lab10.dim_product: /* {"app": "dbt", "dbt_version": "1.11.12", "profile_name": "lab10", "target_name": "dev", "node_id": "model.lab10.dim_product"} */
drop table if exists "lab10"."warehouse"."dim_product__dbt_backup" cascade
[0m15:48:37.865850 [debug] [Thread-2 (]: Using postgres connection "model.lab10.dim_customer"
[0m15:48:37.867578 [debug] [Thread-3 (]: On model.lab10.dim_date: /* {"app": "dbt", "dbt_version": "1.11.12", "profile_name": "lab10", "target_name": "dev", "node_id": "model.lab10.dim_date"} */
drop table if exists "lab10"."warehouse"."dim_date__dbt_backup" cascade
[0m15:48:37.869123 [debug] [Thread-1 (]: On model.lab10.dim_promotion: /* {"app": "dbt", "dbt_version": "1.11.12", "profile_name": "lab10", "target_name": "dev", "node_id": "model.lab10.dim_promotion"} */
drop table if exists "lab10"."warehouse"."dim_promotion__dbt_backup" cascade
[0m15:48:37.871480 [debug] [Thread-2 (]: On model.lab10.dim_customer: /* {"app": "dbt", "dbt_version": "1.11.12", "profile_name": "lab10", "target_name": "dev", "node_id": "model.lab10.dim_customer"} */
drop table if exists "lab10"."warehouse"."dim_customer__dbt_backup" cascade
[0m15:48:37.876615 [debug] [Thread-4 (]: SQL status: DROP TABLE in 0.006 seconds
[0m15:48:37.878375 [debug] [Thread-1 (]: SQL status: DROP TABLE in 0.004 seconds
[0m15:48:37.882933 [debug] [Thread-4 (]: On model.lab10.dim_product: Close
[0m15:48:37.884002 [debug] [Thread-3 (]: SQL status: DROP TABLE in 0.011 seconds
[0m15:48:37.885000 [debug] [Thread-2 (]: SQL status: DROP TABLE in 0.011 seconds
[0m15:48:37.888821 [debug] [Thread-1 (]: On model.lab10.dim_promotion: Close
[0m15:48:37.892043 [debug] [Thread-4 (]: Sending event: {'category': 'dbt', 'action': 'run_model', 'label': 'f9da17ee-9dcb-4e62-90a5-1a632e14bf52', 'context': [<snowplow_tracker.self_describing_json.SelfDescribingJson object at 0x7f46d2b42150>]}
[0m15:48:37.896763 [debug] [Thread-3 (]: On model.lab10.dim_date: Close
[0m15:48:37.902181 [debug] [Thread-2 (]: On model.lab10.dim_customer: Close
[0m15:48:37.904868 [debug] [Thread-1 (]: Sending event: {'category': 'dbt', 'action': 'run_model', 'label': 'f9da17ee-9dcb-4e62-90a5-1a632e14bf52', 'context': [<snowplow_tracker.self_describing_json.SelfDescribingJson object at 0x7f46d06445f0>]}
[0m15:48:37.907365 [info ] [Thread-4 (]: 4 of 7 OK created sql table model warehouse.dim_product ........................ [[32mSELECT 5[0m in 0.52s]
[0m15:48:37.909717 [debug] [Thread-3 (]: Sending event: {'category': 'dbt', 'action': 'run_model', 'label': 'f9da17ee-9dcb-4e62-90a5-1a632e14bf52', 'context': [<snowplow_tracker.self_describing_json.SelfDescribingJson object at 0x7f46d061cb90>]}
[0m15:48:37.911662 [debug] [Thread-2 (]: Sending event: {'category': 'dbt', 'action': 'run_model', 'label': 'f9da17ee-9dcb-4e62-90a5-1a632e14bf52', 'context': [<snowplow_tracker.self_describing_json.SelfDescribingJson object at 0x7f46d06e2cd0>]}
[0m15:48:37.913227 [info ] [Thread-1 (]: 5 of 7 OK created sql table model warehouse.dim_promotion ...................... [[32mSELECT 2[0m in 0.53s]
[0m15:48:37.914742 [debug] [Thread-4 (]: Finished running node model.lab10.dim_product
[0m15:48:37.916897 [info ] [Thread-3 (]: 3 of 7 OK created sql table model warehouse.dim_date ........................... [[32mSELECT 31[0m in 0.53s]
[0m15:48:37.918996 [info ] [Thread-2 (]: 2 of 7 OK created sql table model warehouse.dim_customer ....................... [[32mSELECT 2745[0m in 0.54s]
[0m15:48:37.920609 [debug] [Thread-1 (]: Finished running node model.lab10.dim_promotion
[0m15:48:37.921979 [debug] [Thread-4 (]: Began running node model.lab10.dim_store
[0m15:48:37.923868 [debug] [Thread-3 (]: Finished running node model.lab10.dim_date
[0m15:48:37.926051 [debug] [Thread-2 (]: Finished running node model.lab10.dim_customer
[0m15:48:37.928281 [info ] [Thread-4 (]: 6 of 7 START sql table model warehouse.dim_store ............................... [RUN]
[0m15:48:37.931272 [debug] [Thread-4 (]: Re-using an available connection from the pool (formerly model.lab10.dim_product, now model.lab10.dim_store)
[0m15:48:37.932934 [debug] [Thread-4 (]: Began compiling node model.lab10.dim_store
[0m15:48:37.940215 [debug] [Thread-4 (]: Writing injected SQL for node "model.lab10.dim_store"
[0m15:48:37.952300 [debug] [Thread-4 (]: Began executing node model.lab10.dim_store
[0m15:48:37.962090 [debug] [Thread-4 (]: Writing runtime sql for node "model.lab10.dim_store"
[0m15:48:37.975874 [debug] [Thread-4 (]: Using postgres connection "model.lab10.dim_store"
[0m15:48:37.977159 [debug] [Thread-4 (]: On model.lab10.dim_store: /* {"app": "dbt", "dbt_version": "1.11.12", "profile_name": "lab10", "target_name": "dev", "node_id": "model.lab10.dim_store"} */

  
    

  create  table "lab10"."warehouse"."dim_store__dbt_tmp"
  
  
    as
  
  (
    with stores as (
    select distinct
        store_code,
        store_name,
        province
    from "lab10"."warehouse"."stg_coffee_sales"
)

select
    md5(store_code) as store_key,
    store_code,
    store_name,
    province
from stores
  );
  
[0m15:48:37.978304 [debug] [Thread-4 (]: Opening a new connection, currently in state closed
[0m15:48:38.004490 [debug] [Thread-4 (]: SQL status: SELECT 3 in 0.026 seconds
[0m15:48:38.022806 [debug] [Thread-4 (]: Using postgres connection "model.lab10.dim_store"
[0m15:48:38.023963 [debug] [Thread-4 (]: On model.lab10.dim_store: /* {"app": "dbt", "dbt_version": "1.11.12", "profile_name": "lab10", "target_name": "dev", "node_id": "model.lab10.dim_store"} */
alter table "lab10"."warehouse"."dim_store" rename to "dim_store__dbt_backup"
[0m15:48:38.025889 [debug] [Thread-4 (]: SQL status: ALTER TABLE in 0.001 seconds
[0m15:48:38.033107 [debug] [Thread-4 (]: Using postgres connection "model.lab10.dim_store"
[0m15:48:38.034536 [debug] [Thread-4 (]: On model.lab10.dim_store: /* {"app": "dbt", "dbt_version": "1.11.12", "profile_name": "lab10", "target_name": "dev", "node_id": "model.lab10.dim_store"} */
alter table "lab10"."warehouse"."dim_store__dbt_tmp" rename to "dim_store"
[0m15:48:38.036530 [debug] [Thread-4 (]: SQL status: ALTER TABLE in 0.001 seconds
[0m15:48:38.041353 [debug] [Thread-4 (]: On model.lab10.dim_store: COMMIT
[0m15:48:38.042641 [debug] [Thread-4 (]: Using postgres connection "model.lab10.dim_store"
[0m15:48:38.043741 [debug] [Thread-4 (]: On model.lab10.dim_store: COMMIT
[0m15:48:38.048168 [debug] [Thread-4 (]: SQL status: COMMIT in 0.003 seconds
[0m15:48:38.054601 [debug] [Thread-4 (]: Applying DROP to: "lab10"."warehouse"."dim_store__dbt_backup"
[0m15:48:38.056816 [debug] [Thread-4 (]: Using postgres connection "model.lab10.dim_store"
[0m15:48:38.057918 [debug] [Thread-4 (]: On model.lab10.dim_store: /* {"app": "dbt", "dbt_version": "1.11.12", "profile_name": "lab10", "target_name": "dev", "node_id": "model.lab10.dim_store"} */
drop table if exists "lab10"."warehouse"."dim_store__dbt_backup" cascade
[0m15:48:38.062407 [debug] [Thread-4 (]: SQL status: DROP TABLE in 0.003 seconds
[0m15:48:38.068117 [debug] [Thread-4 (]: On model.lab10.dim_store: Close
[0m15:48:38.070539 [debug] [Thread-4 (]: Sending event: {'category': 'dbt', 'action': 'run_model', 'label': 'f9da17ee-9dcb-4e62-90a5-1a632e14bf52', 'context': [<snowplow_tracker.self_describing_json.SelfDescribingJson object at 0x7f46d2b7b3b0>]}
[0m15:48:38.072522 [info ] [Thread-4 (]: 6 of 7 OK created sql table model warehouse.dim_store .......................... [[32mSELECT 3[0m in 0.14s]
[0m15:48:38.074758 [debug] [Thread-4 (]: Finished running node model.lab10.dim_store
[0m15:48:38.077769 [debug] [Thread-1 (]: Began running node model.lab10.fct_sales
[0m15:48:38.079118 [info ] [Thread-1 (]: 7 of 7 START sql table model warehouse.fct_sales ............................... [RUN]
[0m15:48:38.080435 [debug] [Thread-1 (]: Re-using an available connection from the pool (formerly model.lab10.dim_promotion, now model.lab10.fct_sales)
[0m15:48:38.081965 [debug] [Thread-1 (]: Began compiling node model.lab10.fct_sales
[0m15:48:38.091221 [debug] [Thread-1 (]: Writing injected SQL for node "model.lab10.fct_sales"
[0m15:48:38.106143 [debug] [Thread-1 (]: Began executing node model.lab10.fct_sales
[0m15:48:38.115961 [debug] [Thread-1 (]: Writing runtime sql for node "model.lab10.fct_sales"
[0m15:48:38.128152 [debug] [Thread-1 (]: Using postgres connection "model.lab10.fct_sales"
[0m15:48:38.129450 [debug] [Thread-1 (]: On model.lab10.fct_sales: /* {"app": "dbt", "dbt_version": "1.11.12", "profile_name": "lab10", "target_name": "dev", "node_id": "model.lab10.fct_sales"} */

  
    

  create  table "lab10"."warehouse"."fct_sales__dbt_tmp"
  
  
    as
  
  (
    select
    md5(s.sale_id::text) as sales_key,
    s.invoice_number,
    d.date_key,
    p.product_key,
    st.store_key,
    c.customer_key,
    pr.promotion_key,
    s.quantity,
    s.unit_price,
    s.revenue,
    s.points_redeemed
from "lab10"."warehouse"."stg_coffee_sales" s
join "lab10"."warehouse"."dim_date" d
    on s.sale_date = d.full_date
join "lab10"."warehouse"."dim_product" p
    on s.product_code = p.product_code
join "lab10"."warehouse"."dim_store" st
    on s.store_code = st.store_code
join "lab10"."warehouse"."dim_customer" c
    on s.customer_code = c.customer_code
left join "lab10"."warehouse"."dim_promotion" pr
    on s.promo_code = pr.promo_code
  );
  
[0m15:48:38.131241 [debug] [Thread-1 (]: Opening a new connection, currently in state closed
[0m15:48:38.195040 [debug] [Thread-1 (]: SQL status: SELECT 3000 in 0.064 seconds
[0m15:48:38.204917 [debug] [Thread-1 (]: Using postgres connection "model.lab10.fct_sales"
[0m15:48:38.206582 [debug] [Thread-1 (]: On model.lab10.fct_sales: /* {"app": "dbt", "dbt_version": "1.11.12", "profile_name": "lab10", "target_name": "dev", "node_id": "model.lab10.fct_sales"} */
alter table "lab10"."warehouse"."fct_sales" rename to "fct_sales__dbt_backup"
[0m15:48:38.208983 [debug] [Thread-1 (]: SQL status: ALTER TABLE in 0.001 seconds
[0m15:48:38.217804 [debug] [Thread-1 (]: Using postgres connection "model.lab10.fct_sales"
[0m15:48:38.219157 [debug] [Thread-1 (]: On model.lab10.fct_sales: /* {"app": "dbt", "dbt_version": "1.11.12", "profile_name": "lab10", "target_name": "dev", "node_id": "model.lab10.fct_sales"} */
alter table "lab10"."warehouse"."fct_sales__dbt_tmp" rename to "fct_sales"
[0m15:48:38.220988 [debug] [Thread-1 (]: SQL status: ALTER TABLE in 0.001 seconds
[0m15:48:38.225160 [debug] [Thread-1 (]: On model.lab10.fct_sales: COMMIT
[0m15:48:38.226356 [debug] [Thread-1 (]: Using postgres connection "model.lab10.fct_sales"
[0m15:48:38.227407 [debug] [Thread-1 (]: On model.lab10.fct_sales: COMMIT
[0m15:48:38.230875 [debug] [Thread-1 (]: SQL status: COMMIT in 0.002 seconds
[0m15:48:38.238775 [debug] [Thread-1 (]: Applying DROP to: "lab10"."warehouse"."fct_sales__dbt_backup"
[0m15:48:38.241043 [debug] [Thread-1 (]: Using postgres connection "model.lab10.fct_sales"
[0m15:48:38.242068 [debug] [Thread-1 (]: On model.lab10.fct_sales: /* {"app": "dbt", "dbt_version": "1.11.12", "profile_name": "lab10", "target_name": "dev", "node_id": "model.lab10.fct_sales"} */
drop table if exists "lab10"."warehouse"."fct_sales__dbt_backup" cascade
[0m15:48:38.248287 [debug] [Thread-1 (]: SQL status: DROP TABLE in 0.005 seconds
[0m15:48:38.252603 [debug] [Thread-1 (]: On model.lab10.fct_sales: Close
[0m15:48:38.254282 [debug] [Thread-1 (]: Sending event: {'category': 'dbt', 'action': 'run_model', 'label': 'f9da17ee-9dcb-4e62-90a5-1a632e14bf52', 'context': [<snowplow_tracker.self_describing_json.SelfDescribingJson object at 0x7f46d2b78530>]}
[0m15:48:38.256594 [info ] [Thread-1 (]: 7 of 7 OK created sql table model warehouse.fct_sales .......................... [[32mSELECT 3000[0m in 0.17s]
[0m15:48:38.258595 [debug] [Thread-1 (]: Finished running node model.lab10.fct_sales
[0m15:48:38.263222 [debug] [MainThread]: On master: COMMIT
[0m15:48:38.265151 [debug] [MainThread]: Using postgres connection "master"
[0m15:48:38.266721 [debug] [MainThread]: On master: COMMIT
[0m15:48:38.267870 [debug] [MainThread]: Opening a new connection, currently in state closed
[0m15:48:38.281018 [debug] [MainThread]: SQL status: COMMIT in 0.013 seconds
[0m15:48:38.282440 [debug] [MainThread]: On master: Close
[0m15:48:38.283745 [debug] [MainThread]: Connection 'master' was properly closed.
[0m15:48:38.284662 [debug] [MainThread]: Connection 'model.lab10.fct_sales' was properly closed.
[0m15:48:38.285744 [debug] [MainThread]: Connection 'model.lab10.dim_customer' was properly closed.
[0m15:48:38.286610 [debug] [MainThread]: Connection 'model.lab10.dim_store' was properly closed.
[0m15:48:38.287449 [debug] [MainThread]: Connection 'model.lab10.dim_date' was properly closed.
[0m15:48:38.288741 [info ] [MainThread]: 
[0m15:48:38.289914 [info ] [MainThread]: Finished running 6 table models, 1 view model in 0 hours 0 minutes and 1.51 seconds (1.51s).
[0m15:48:38.293931 [debug] [MainThread]: Command end result
[0m15:48:38.410992 [debug] [MainThread]: Wrote artifact WritableManifest to /opt/airflow/dbt/target/manifest.json
[0m15:48:38.421757 [debug] [MainThread]: Wrote artifact SemanticManifest to /opt/airflow/dbt/target/semantic_manifest.json
[0m15:48:38.445324 [debug] [MainThread]: Wrote artifact RunExecutionResult to /opt/airflow/dbt/target/run_results.json
[0m15:48:38.446652 [info ] [MainThread]: 
[0m15:48:38.448267 [info ] [MainThread]: [32mCompleted successfully[0m
[0m15:48:38.449627 [info ] [MainThread]: 
[0m15:48:38.451053 [info ] [MainThread]: Done. PASS=7 WARN=0 ERROR=0 SKIP=0 NO-OP=0 TOTAL=7
[0m15:48:38.454598 [debug] [MainThread]: Resource report: {"command_name": "run", "command_success": true, "command_wall_clock_time": 3.96068, "process_in_blocks": "0", "process_kernel_time": 0.39032, "process_mem_max_rss": "145032", "process_out_blocks": "0", "process_user_time": 6.535365}
[0m15:48:38.456373 [debug] [MainThread]: Command `dbt run` succeeded at 15:48:38.456097 after 3.96 seconds
[0m15:48:38.457719 [debug] [MainThread]: Sending event: {'category': 'dbt', 'action': 'invocation', 'label': 'end', 'context': [<snowplow_tracker.self_describing_json.SelfDescribingJson object at 0x7f46d4ed4110>, <snowplow_tracker.self_describing_json.SelfDescribingJson object at 0x7f46d0627b30>, <snowplow_tracker.self_describing_json.SelfDescribingJson object at 0x7f46d06279b0>]}
[0m15:48:38.459021 [debug] [MainThread]: Flushing usage events
[0m15:48:39.977039 [debug] [MainThread]: An error was encountered while trying to flush usage events
[0m15:48:46.172888 [debug] [MainThread]: Sending event: {'category': 'dbt', 'action': 'invocation', 'label': 'start', 'context': [<snowplow_tracker.self_describing_json.SelfDescribingJson object at 0x7fd399a527b0>, <snowplow_tracker.self_describing_json.SelfDescribingJson object at 0x7fd39c656e90>, <snowplow_tracker.self_describing_json.SelfDescribingJson object at 0x7fd398853d90>]}


============================== 15:48:46.181879 | cf03b143-6e1a-4baa-a814-11ca313f5af3 ==============================
[0m15:48:46.181879 [info ] [MainThread]: Running with dbt=1.11.12
[0m15:48:46.183664 [debug] [MainThread]: running dbt with arguments {'empty': 'None', 'cache_selected_only': 'False', 'use_experimental_parser': 'False', 'use_colors': 'True', 'send_anonymous_usage_stats': 'True', 'debug': 'False', 'no_print': 'None', 'log_format': 'default', 'partial_parse': 'True', 'quiet': 'False', 'profiles_dir': '/opt/airflow/dbt_root', 'log_cache_events': 'False', 'indirect_selection': 'eager', 'warn_error': 'None', 'printer_width': '80', 'invocation_command': 'dbt test --project-dir /opt/airflow/dbt --profiles-dir /opt/airflow/dbt_root', 'fail_fast': 'False', 'target_path': 'None', 'write_json': 'True', 'warn_error_options': 'WarnErrorOptionsV2(error=[], warn=[], silence=[])', 'introspect': 'True', 'log_path': '/opt/airflow/dbt/logs', 'static_parser': 'True', 'version_check': 'True'}
[0m15:48:46.649378 [debug] [MainThread]: Sending event: {'category': 'dbt', 'action': 'project_id', 'label': 'cf03b143-6e1a-4baa-a814-11ca313f5af3', 'context': [<snowplow_tracker.self_describing_json.SelfDescribingJson object at 0x7fd3994c89d0>]}
[0m15:48:46.807719 [debug] [MainThread]: Sending event: {'category': 'dbt', 'action': 'adapter_info', 'label': 'cf03b143-6e1a-4baa-a814-11ca313f5af3', 'context': [<snowplow_tracker.self_describing_json.SelfDescribingJson object at 0x7fd3986d9480>]}
[0m15:48:46.809867 [info ] [MainThread]: Registered adapter: postgres=1.10.2
[0m15:48:46.979433 [debug] [MainThread]: checksum: f368f5348cf42803b94ef7fb8257ecf3bf9a9a16dd9c8c51fe5172f2dbeb457f, vars: {}, profile: , target: , version: 1.11.12
[0m15:48:47.526409 [debug] [MainThread]: Partial parsing enabled: 0 files deleted, 0 files added, 0 files changed.
[0m15:48:47.528546 [debug] [MainThread]: Nothing changed, skipping partial parsing.
[0m15:48:47.530031 [debug] [MainThread]: Partial parsing enabled, no changes found, skipping parsing
[0m15:48:47.788313 [debug] [MainThread]: Sending event: {'category': 'dbt', 'action': 'load_project', 'label': 'cf03b143-6e1a-4baa-a814-11ca313f5af3', 'context': [<snowplow_tracker.self_describing_json.SelfDescribingJson object at 0x7fd398741250>]}
[0m15:48:48.098210 [debug] [MainThread]: Wrote artifact WritableManifest to /opt/airflow/dbt/target/manifest.json
[0m15:48:48.110871 [debug] [MainThread]: Wrote artifact SemanticManifest to /opt/airflow/dbt/target/semantic_manifest.json
[0m15:48:48.172238 [debug] [MainThread]: Sending event: {'category': 'dbt', 'action': 'resource_counts', 'label': 'cf03b143-6e1a-4baa-a814-11ca313f5af3', 'context': [<snowplow_tracker.self_describing_json.SelfDescribingJson object at 0x7fd3963a4140>]}
[0m15:48:48.174005 [info ] [MainThread]: Found 7 models, 29 data tests, 1 source, 475 macros
[0m15:48:48.175486 [debug] [MainThread]: Sending event: {'category': 'dbt', 'action': 'runnable_timing', 'label': 'cf03b143-6e1a-4baa-a814-11ca313f5af3', 'context': [<snowplow_tracker.self_describing_json.SelfDescribingJson object at 0x7fd3977a5c50>]}
[0m15:48:48.185217 [info ] [MainThread]: 
[0m15:48:48.186760 [info ] [MainThread]: Concurrency: 4 threads (target='dev')
[0m15:48:48.188027 [info ] [MainThread]: 
[0m15:48:48.189750 [debug] [MainThread]: Acquiring new postgres connection 'master'
[0m15:48:48.206644 [debug] [ThreadPool]: Acquiring new postgres connection 'list_lab10_warehouse'
[0m15:48:48.302777 [debug] [ThreadPool]: Using postgres connection "list_lab10_warehouse"
[0m15:48:48.304032 [debug] [ThreadPool]: On list_lab10_warehouse: /* {"app": "dbt", "dbt_version": "1.11.12", "profile_name": "lab10", "target_name": "dev", "connection_name": "list_lab10_warehouse"} */
select
      'lab10' as database,
      tablename as name,
      schemaname as schema,
      'table' as type
    from pg_tables
    where schemaname ilike 'warehouse'
    union all
    select
      'lab10' as database,
      viewname as name,
      schemaname as schema,
      'view' as type
    from pg_views
    where schemaname ilike 'warehouse'
    union all
    select
      'lab10' as database,
      matviewname as name,
      schemaname as schema,
      'materialized_view' as type
    from pg_matviews
    where schemaname ilike 'warehouse'
  
[0m15:48:48.305120 [debug] [ThreadPool]: Opening a new connection, currently in state init
[0m15:48:48.324702 [debug] [ThreadPool]: SQL status: SELECT 7 in 0.019 seconds
[0m15:48:48.328643 [debug] [ThreadPool]: On list_lab10_warehouse: ROLLBACK
[0m15:48:48.329979 [debug] [ThreadPool]: On list_lab10_warehouse: Close
[0m15:48:48.344632 [debug] [MainThread]: Using postgres connection "master"
[0m15:48:48.346281 [debug] [MainThread]: On master: /* {"app": "dbt", "dbt_version": "1.11.12", "profile_name": "lab10", "target_name": "dev", "connection_name": "master"} */
select distinct
        dependent_namespace.nspname as dependent_schema,
        dependent_class.relname as dependent_name,
        referenced_namespace.nspname as referenced_schema,
        referenced_class.relname as referenced_name

    -- Query for views: views are entries in pg_class with an entry in pg_rewrite, but we avoid
    -- a seq scan on pg_rewrite by leveraging the fact there is an "internal" row in pg_depend for
    -- the view...
    from pg_class as dependent_class
    join pg_namespace as dependent_namespace on dependent_namespace.oid = dependent_class.relnamespace
    join pg_depend as dependent_depend on dependent_depend.refobjid = dependent_class.oid
        and dependent_depend.classid = 'pg_rewrite'::regclass
        and dependent_depend.refclassid = 'pg_class'::regclass
        and dependent_depend.deptype = 'i'

    -- ... and via pg_depend (that has a row per column, hence the need for "distinct" above, and
    -- making sure to exclude the internal row to avoid a view appearing to depend on itself)...
    join pg_depend as joining_depend on joining_depend.objid = dependent_depend.objid
        and joining_depend.classid = 'pg_rewrite'::regclass
        and joining_depend.refclassid = 'pg_class'::regclass
        and joining_depend.refobjid != dependent_depend.refobjid

    -- ... we can find the tables they query from in pg_class, but excluding system tables. Note we
    -- don't need need to exclude _dependent_ system tables, because they only query from other
    -- system tables, and so are automatically excluded by excluding _referenced_ system tables
    join pg_class as referenced_class on referenced_class.oid = joining_depend.refobjid
    join pg_namespace as referenced_namespace on referenced_namespace.oid = referenced_class.relnamespace
        and referenced_namespace.nspname != 'information_schema'
        and referenced_namespace.nspname not like 'pg\_%'

    order by
        dependent_schema, dependent_name, referenced_schema, referenced_name;
[0m15:48:48.347890 [debug] [MainThread]: Opening a new connection, currently in state init
[0m15:48:48.367848 [debug] [MainThread]: SQL status: SELECT 1 in 0.020 seconds
[0m15:48:48.372130 [debug] [MainThread]: Sending event: {'category': 'dbt', 'action': 'runnable_timing', 'label': 'cf03b143-6e1a-4baa-a814-11ca313f5af3', 'context': [<snowplow_tracker.self_describing_json.SelfDescribingJson object at 0x7fd395356f70>]}
[0m15:48:48.374090 [debug] [MainThread]: On master: ROLLBACK
[0m15:48:48.375956 [debug] [MainThread]: On master: COMMIT
[0m15:48:48.377280 [debug] [MainThread]: Using postgres connection "master"
[0m15:48:48.378416 [debug] [MainThread]: On master: COMMIT
[0m15:48:48.379957 [debug] [MainThread]: SQL status: COMMIT in 0.001 seconds
[0m15:48:48.381101 [debug] [MainThread]: On master: Close
[0m15:48:48.390225 [debug] [Thread-4 (]: Began running node test.lab10.not_null_dim_product_product_code.a555e7d6c4
[0m15:48:48.391425 [debug] [Thread-3 (]: Began running node test.lab10.not_null_dim_date_date_key.881d0a31b6
[0m15:48:48.392382 [debug] [Thread-1 (]: Began running node test.lab10.not_null_dim_customer_customer_code.ada171a051
[0m15:48:48.393320 [debug] [Thread-2 (]: Began running node test.lab10.not_null_dim_customer_customer_key.c289fe4d1f
[0m15:48:48.394237 [info ] [Thread-4 (]: 4 of 29 START test not_null_dim_product_product_code ........................... [RUN]
[0m15:48:48.395419 [info ] [Thread-3 (]: 3 of 29 START test not_null_dim_date_date_key .................................. [RUN]
[0m15:48:48.396548 [info ] [Thread-1 (]: 1 of 29 START test not_null_dim_customer_customer_code ......................... [RUN]
[0m15:48:48.397755 [info ] [Thread-2 (]: 2 of 29 START test not_null_dim_customer_customer_key .......................... [RUN]
[0m15:48:48.399393 [debug] [Thread-4 (]: Acquiring new postgres connection 'test.lab10.not_null_dim_product_product_code.a555e7d6c4'
[0m15:48:48.401064 [debug] [Thread-3 (]: Acquiring new postgres connection 'test.lab10.not_null_dim_date_date_key.881d0a31b6'
[0m15:48:48.402952 [debug] [Thread-1 (]: Re-using an available connection from the pool (formerly list_lab10_warehouse, now test.lab10.not_null_dim_customer_customer_code.ada171a051)
[0m15:48:48.404621 [debug] [Thread-2 (]: Acquiring new postgres connection 'test.lab10.not_null_dim_customer_customer_key.c289fe4d1f'
[0m15:48:48.406554 [debug] [Thread-4 (]: Began compiling node test.lab10.not_null_dim_product_product_code.a555e7d6c4
[0m15:48:48.407897 [debug] [Thread-3 (]: Began compiling node test.lab10.not_null_dim_date_date_key.881d0a31b6
[0m15:48:48.409046 [debug] [Thread-1 (]: Began compiling node test.lab10.not_null_dim_customer_customer_code.ada171a051
[0m15:48:48.410244 [debug] [Thread-2 (]: Began compiling node test.lab10.not_null_dim_customer_customer_key.c289fe4d1f
[0m15:48:48.484224 [debug] [Thread-3 (]: Writing injected SQL for node "test.lab10.not_null_dim_date_date_key.881d0a31b6"
[0m15:48:48.485451 [debug] [Thread-4 (]: Writing injected SQL for node "test.lab10.not_null_dim_product_product_code.a555e7d6c4"
[0m15:48:48.491996 [debug] [Thread-1 (]: Writing injected SQL for node "test.lab10.not_null_dim_customer_customer_code.ada171a051"
[0m15:48:48.497280 [debug] [Thread-2 (]: Writing injected SQL for node "test.lab10.not_null_dim_customer_customer_key.c289fe4d1f"
[0m15:48:48.507890 [debug] [Thread-3 (]: Began executing node test.lab10.not_null_dim_date_date_key.881d0a31b6
[0m15:48:48.520318 [debug] [Thread-2 (]: Began executing node test.lab10.not_null_dim_customer_customer_key.c289fe4d1f
[0m15:48:48.539668 [debug] [Thread-1 (]: Began executing node test.lab10.not_null_dim_customer_customer_code.ada171a051
[0m15:48:48.548473 [debug] [Thread-4 (]: Began executing node test.lab10.not_null_dim_product_product_code.a555e7d6c4
[0m15:48:48.629761 [debug] [Thread-4 (]: Writing runtime sql for node "test.lab10.not_null_dim_product_product_code.a555e7d6c4"
[0m15:48:48.636266 [debug] [Thread-3 (]: Writing runtime sql for node "test.lab10.not_null_dim_date_date_key.881d0a31b6"
[0m15:48:48.647516 [debug] [Thread-2 (]: Writing runtime sql for node "test.lab10.not_null_dim_customer_customer_key.c289fe4d1f"
[0m15:48:48.650067 [debug] [Thread-1 (]: Writing runtime sql for node "test.lab10.not_null_dim_customer_customer_code.ada171a051"
[0m15:48:48.657057 [debug] [Thread-4 (]: Using postgres connection "test.lab10.not_null_dim_product_product_code.a555e7d6c4"
[0m15:48:48.658672 [debug] [Thread-2 (]: Using postgres connection "test.lab10.not_null_dim_customer_customer_key.c289fe4d1f"
[0m15:48:48.659587 [debug] [Thread-3 (]: Using postgres connection "test.lab10.not_null_dim_date_date_key.881d0a31b6"
[0m15:48:48.660419 [debug] [Thread-4 (]: On test.lab10.not_null_dim_product_product_code.a555e7d6c4: /* {"app": "dbt", "dbt_version": "1.11.12", "profile_name": "lab10", "target_name": "dev", "node_id": "test.lab10.not_null_dim_product_product_code.a555e7d6c4"} */

    
    select
      count(*) as failures,
      count(*) != 0 as should_warn,
      count(*) != 0 as should_error
    from (
      
    
  
    
    



select product_code
from "lab10"."warehouse"."dim_product"
where product_code is null



  
  
      
    ) dbt_internal_test
[0m15:48:48.662177 [debug] [Thread-2 (]: On test.lab10.not_null_dim_customer_customer_key.c289fe4d1f: /* {"app": "dbt", "dbt_version": "1.11.12", "profile_name": "lab10", "target_name": "dev", "node_id": "test.lab10.not_null_dim_customer_customer_key.c289fe4d1f"} */

    
    select
      count(*) as failures,
      count(*) != 0 as should_warn,
      count(*) != 0 as should_error
    from (
      
    
  
    
    



select customer_key
from "lab10"."warehouse"."dim_customer"
where customer_key is null



  
  
      
    ) dbt_internal_test
[0m15:48:48.663815 [debug] [Thread-3 (]: On test.lab10.not_null_dim_date_date_key.881d0a31b6: /* {"app": "dbt", "dbt_version": "1.11.12", "profile_name": "lab10", "target_name": "dev", "node_id": "test.lab10.not_null_dim_date_date_key.881d0a31b6"} */

    
    select
      count(*) as failures,
      count(*) != 0 as should_warn,
      count(*) != 0 as should_error
    from (
      
    
  
    
    



select date_key
from "lab10"."warehouse"."dim_date"
where date_key is null



  
  
      
    ) dbt_internal_test
[0m15:48:48.665194 [debug] [Thread-1 (]: Using postgres connection "test.lab10.not_null_dim_customer_customer_code.ada171a051"
[0m15:48:48.666282 [debug] [Thread-4 (]: Opening a new connection, currently in state init
[0m15:48:48.668017 [debug] [Thread-2 (]: Opening a new connection, currently in state init
[0m15:48:48.669532 [debug] [Thread-3 (]: Opening a new connection, currently in state init
[0m15:48:48.671397 [debug] [Thread-1 (]: On test.lab10.not_null_dim_customer_customer_code.ada171a051: /* {"app": "dbt", "dbt_version": "1.11.12", "profile_name": "lab10", "target_name": "dev", "node_id": "test.lab10.not_null_dim_customer_customer_code.ada171a051"} */

    
    select
      count(*) as failures,
      count(*) != 0 as should_warn,
      count(*) != 0 as should_error
    from (
      
    
  
    
    



select customer_code
from "lab10"."warehouse"."dim_customer"
where customer_code is null



  
  
      
    ) dbt_internal_test
[0m15:48:48.675232 [debug] [Thread-1 (]: Opening a new connection, currently in state closed
[0m15:48:48.691047 [debug] [Thread-4 (]: SQL status: SELECT 1 in 0.025 seconds
[0m15:48:48.703734 [debug] [Thread-1 (]: SQL status: SELECT 1 in 0.028 seconds
[0m15:48:48.705389 [debug] [Thread-4 (]: On test.lab10.not_null_dim_product_product_code.a555e7d6c4: ROLLBACK
[0m15:48:48.706384 [debug] [Thread-2 (]: SQL status: SELECT 1 in 0.038 seconds
[0m15:48:48.707209 [debug] [Thread-3 (]: SQL status: SELECT 1 in 0.038 seconds
[0m15:48:48.710478 [debug] [Thread-1 (]: On test.lab10.not_null_dim_customer_customer_code.ada171a051: ROLLBACK
[0m15:48:48.712926 [debug] [Thread-4 (]: On test.lab10.not_null_dim_product_product_code.a555e7d6c4: Close
[0m15:48:48.716927 [debug] [Thread-2 (]: On test.lab10.not_null_dim_customer_customer_key.c289fe4d1f: ROLLBACK
[0m15:48:48.720751 [debug] [Thread-3 (]: On test.lab10.not_null_dim_date_date_key.881d0a31b6: ROLLBACK
[0m15:48:48.723413 [debug] [Thread-1 (]: On test.lab10.not_null_dim_customer_customer_code.ada171a051: Close
[0m15:48:48.724833 [info ] [Thread-4 (]: 4 of 29 PASS not_null_dim_product_product_code ................................. [[32mPASS[0m in 0.33s]
[0m15:48:48.726127 [debug] [Thread-2 (]: On test.lab10.not_null_dim_customer_customer_key.c289fe4d1f: Close
[0m15:48:48.727736 [debug] [Thread-3 (]: On test.lab10.not_null_dim_date_date_key.881d0a31b6: Close
[0m15:48:48.730878 [debug] [Thread-4 (]: Finished running node test.lab10.not_null_dim_product_product_code.a555e7d6c4
[0m15:48:48.729370 [info ] [Thread-1 (]: 1 of 29 PASS not_null_dim_customer_customer_code ............................... [[32mPASS[0m in 0.33s]
[0m15:48:48.733813 [info ] [Thread-2 (]: 2 of 29 PASS not_null_dim_customer_customer_key ................................ [[32mPASS[0m in 0.33s]
[0m15:48:48.737216 [debug] [Thread-4 (]: Began running node test.lab10.not_null_dim_product_product_key.f0e1d838d3
[0m15:48:48.736055 [info ] [Thread-3 (]: 3 of 29 PASS not_null_dim_date_date_key ........................................ [[32mPASS[0m in 0.34s]
[0m15:48:48.739437 [debug] [Thread-1 (]: Finished running node test.lab10.not_null_dim_customer_customer_code.ada171a051
[0m15:48:48.741027 [debug] [Thread-2 (]: Finished running node test.lab10.not_null_dim_customer_customer_key.c289fe4d1f
[0m15:48:48.742561 [info ] [Thread-4 (]: 5 of 29 START test not_null_dim_product_product_key ............................ [RUN]
[0m15:48:48.744155 [debug] [Thread-3 (]: Finished running node test.lab10.not_null_dim_date_date_key.881d0a31b6
[0m15:48:48.745501 [debug] [Thread-1 (]: Began running node test.lab10.not_null_dim_promotion_promo_code.17e44ef031
[0m15:48:48.747142 [debug] [Thread-2 (]: Began running node test.lab10.not_null_dim_promotion_promotion_key.386ef2d6d5
[0m15:48:48.748529 [debug] [Thread-4 (]: Re-using an available connection from the pool (formerly test.lab10.not_null_dim_product_product_code.a555e7d6c4, now test.lab10.not_null_dim_product_product_key.f0e1d838d3)
[0m15:48:48.749935 [debug] [Thread-3 (]: Began running node test.lab10.not_null_dim_store_store_code.993f2cbf42
[0m15:48:48.751491 [info ] [Thread-1 (]: 6 of 29 START test not_null_dim_promotion_promo_code ........................... [RUN]
[0m15:48:48.752760 [info ] [Thread-2 (]: 7 of 29 START test not_null_dim_promotion_promotion_key ........................ [RUN]
[0m15:48:48.754106 [debug] [Thread-4 (]: Began compiling node test.lab10.not_null_dim_product_product_key.f0e1d838d3
[0m15:48:48.755298 [info ] [Thread-3 (]: 8 of 29 START test not_null_dim_store_store_code ............................... [RUN]
[0m15:48:48.756865 [debug] [Thread-1 (]: Re-using an available connection from the pool (formerly test.lab10.not_null_dim_customer_customer_code.ada171a051, now test.lab10.not_null_dim_promotion_promo_code.17e44ef031)
[0m15:48:48.758032 [debug] [Thread-2 (]: Re-using an available connection from the pool (formerly test.lab10.not_null_dim_customer_customer_key.c289fe4d1f, now test.lab10.not_null_dim_promotion_promotion_key.386ef2d6d5)
[0m15:48:48.768091 [debug] [Thread-4 (]: Writing injected SQL for node "test.lab10.not_null_dim_product_product_key.f0e1d838d3"
[0m15:48:48.769806 [debug] [Thread-3 (]: Re-using an available connection from the pool (formerly test.lab10.not_null_dim_date_date_key.881d0a31b6, now test.lab10.not_null_dim_store_store_code.993f2cbf42)
[0m15:48:48.771101 [debug] [Thread-1 (]: Began compiling node test.lab10.not_null_dim_promotion_promo_code.17e44ef031
[0m15:48:48.772408 [debug] [Thread-2 (]: Began compiling node test.lab10.not_null_dim_promotion_promotion_key.386ef2d6d5
[0m15:48:48.774146 [debug] [Thread-3 (]: Began compiling node test.lab10.not_null_dim_store_store_code.993f2cbf42
[0m15:48:48.785008 [debug] [Thread-1 (]: Writing injected SQL for node "test.lab10.not_null_dim_promotion_promo_code.17e44ef031"
[0m15:48:48.795741 [debug] [Thread-2 (]: Writing injected SQL for node "test.lab10.not_null_dim_promotion_promotion_key.386ef2d6d5"
[0m15:48:48.805189 [debug] [Thread-3 (]: Writing injected SQL for node "test.lab10.not_null_dim_store_store_code.993f2cbf42"
[0m15:48:48.808775 [debug] [Thread-4 (]: Began executing node test.lab10.not_null_dim_product_product_key.f0e1d838d3
[0m15:48:48.817345 [debug] [Thread-4 (]: Writing runtime sql for node "test.lab10.not_null_dim_product_product_key.f0e1d838d3"
[0m15:48:48.820941 [debug] [Thread-3 (]: Began executing node test.lab10.not_null_dim_store_store_code.993f2cbf42
[0m15:48:48.822375 [debug] [Thread-2 (]: Began executing node test.lab10.not_null_dim_promotion_promotion_key.386ef2d6d5
[0m15:48:48.823305 [debug] [Thread-1 (]: Began executing node test.lab10.not_null_dim_promotion_promo_code.17e44ef031
[0m15:48:48.828532 [debug] [Thread-3 (]: Writing runtime sql for node "test.lab10.not_null_dim_store_store_code.993f2cbf42"
[0m15:48:48.834871 [debug] [Thread-2 (]: Writing runtime sql for node "test.lab10.not_null_dim_promotion_promotion_key.386ef2d6d5"
[0m15:48:48.841933 [debug] [Thread-1 (]: Writing runtime sql for node "test.lab10.not_null_dim_promotion_promo_code.17e44ef031"
[0m15:48:48.844748 [debug] [Thread-4 (]: Using postgres connection "test.lab10.not_null_dim_product_product_key.f0e1d838d3"
[0m15:48:48.846592 [debug] [Thread-4 (]: On test.lab10.not_null_dim_product_product_key.f0e1d838d3: /* {"app": "dbt", "dbt_version": "1.11.12", "profile_name": "lab10", "target_name": "dev", "node_id": "test.lab10.not_null_dim_product_product_key.f0e1d838d3"} */

    
    select
      count(*) as failures,
      count(*) != 0 as should_warn,
      count(*) != 0 as should_error
    from (
      
    
  
    
    



select product_key
from "lab10"."warehouse"."dim_product"
where product_key is null



  
  
      
    ) dbt_internal_test
[0m15:48:48.847726 [debug] [Thread-4 (]: Opening a new connection, currently in state closed
[0m15:48:48.850547 [debug] [Thread-3 (]: Using postgres connection "test.lab10.not_null_dim_store_store_code.993f2cbf42"
[0m15:48:48.852062 [debug] [Thread-2 (]: Using postgres connection "test.lab10.not_null_dim_promotion_promotion_key.386ef2d6d5"
[0m15:48:48.853447 [debug] [Thread-3 (]: On test.lab10.not_null_dim_store_store_code.993f2cbf42: /* {"app": "dbt", "dbt_version": "1.11.12", "profile_name": "lab10", "target_name": "dev", "node_id": "test.lab10.not_null_dim_store_store_code.993f2cbf42"} */

    
    select
      count(*) as failures,
      count(*) != 0 as should_warn,
      count(*) != 0 as should_error
    from (
      
    
  
    
    



select store_code
from "lab10"."warehouse"."dim_store"
where store_code is null



  
  
      
    ) dbt_internal_test
[0m15:48:48.855313 [debug] [Thread-2 (]: On test.lab10.not_null_dim_promotion_promotion_key.386ef2d6d5: /* {"app": "dbt", "dbt_version": "1.11.12", "profile_name": "lab10", "target_name": "dev", "node_id": "test.lab10.not_null_dim_promotion_promotion_key.386ef2d6d5"} */

    
    select
      count(*) as failures,
      count(*) != 0 as should_warn,
      count(*) != 0 as should_error
    from (
      
    
  
    
    



select promotion_key
from "lab10"."warehouse"."dim_promotion"
where promotion_key is null



  
  
      
    ) dbt_internal_test
[0m15:48:48.856908 [debug] [Thread-1 (]: Using postgres connection "test.lab10.not_null_dim_promotion_promo_code.17e44ef031"
[0m15:48:48.857970 [debug] [Thread-3 (]: Opening a new connection, currently in state closed
[0m15:48:48.859381 [debug] [Thread-2 (]: Opening a new connection, currently in state closed
[0m15:48:48.860558 [debug] [Thread-1 (]: On test.lab10.not_null_dim_promotion_promo_code.17e44ef031: /* {"app": "dbt", "dbt_version": "1.11.12", "profile_name": "lab10", "target_name": "dev", "node_id": "test.lab10.not_null_dim_promotion_promo_code.17e44ef031"} */

    
    select
      count(*) as failures,
      count(*) != 0 as should_warn,
      count(*) != 0 as should_error
    from (
      
    
  
    
    



select promo_code
from "lab10"."warehouse"."dim_promotion"
where promo_code is null



  
  
      
    ) dbt_internal_test
[0m15:48:48.863352 [debug] [Thread-1 (]: Opening a new connection, currently in state closed
[0m15:48:48.864571 [debug] [Thread-4 (]: SQL status: SELECT 1 in 0.017 seconds
[0m15:48:48.870234 [debug] [Thread-4 (]: On test.lab10.not_null_dim_product_product_key.f0e1d838d3: ROLLBACK
[0m15:48:48.872147 [debug] [Thread-4 (]: On test.lab10.not_null_dim_product_product_key.f0e1d838d3: Close
[0m15:48:48.874432 [info ] [Thread-4 (]: 5 of 29 PASS not_null_dim_product_product_key .................................. [[32mPASS[0m in 0.13s]
[0m15:48:48.876802 [debug] [Thread-4 (]: Finished running node test.lab10.not_null_dim_product_product_key.f0e1d838d3
[0m15:48:48.878481 [debug] [Thread-4 (]: Began running node test.lab10.not_null_dim_store_store_key.507238c054
[0m15:48:48.881765 [debug] [Thread-3 (]: SQL status: SELECT 1 in 0.024 seconds
[0m15:48:48.880689 [info ] [Thread-4 (]: 9 of 29 START test not_null_dim_store_store_key ................................ [RUN]
[0m15:48:48.883375 [debug] [Thread-2 (]: SQL status: SELECT 1 in 0.024 seconds
[0m15:48:48.886473 [debug] [Thread-3 (]: On test.lab10.not_null_dim_store_store_code.993f2cbf42: ROLLBACK
[0m15:48:48.887404 [debug] [Thread-1 (]: SQL status: SELECT 1 in 0.024 seconds
[0m15:48:48.888762 [debug] [Thread-4 (]: Re-using an available connection from the pool (formerly test.lab10.not_null_dim_product_product_key.f0e1d838d3, now test.lab10.not_null_dim_store_store_key.507238c054)
[0m15:48:48.892375 [debug] [Thread-2 (]: On test.lab10.not_null_dim_promotion_promotion_key.386ef2d6d5: ROLLBACK
[0m15:48:48.895779 [debug] [Thread-1 (]: On test.lab10.not_null_dim_promotion_promo_code.17e44ef031: ROLLBACK
[0m15:48:48.896719 [debug] [Thread-3 (]: On test.lab10.not_null_dim_store_store_code.993f2cbf42: Close
[0m15:48:48.898256 [debug] [Thread-4 (]: Began compiling node test.lab10.not_null_dim_store_store_key.507238c054
[0m15:48:48.900416 [debug] [Thread-2 (]: On test.lab10.not_null_dim_promotion_promotion_key.386ef2d6d5: Close
[0m15:48:48.901815 [debug] [Thread-1 (]: On test.lab10.not_null_dim_promotion_promo_code.17e44ef031: Close
[0m15:48:48.913244 [debug] [Thread-4 (]: Writing injected SQL for node "test.lab10.not_null_dim_store_store_key.507238c054"
[0m15:48:48.903477 [info ] [Thread-3 (]: 8 of 29 PASS not_null_dim_store_store_code ..................................... [[32mPASS[0m in 0.13s]
[0m15:48:48.915287 [info ] [Thread-2 (]: 7 of 29 PASS not_null_dim_promotion_promotion_key .............................. [[32mPASS[0m in 0.16s]
[0m15:48:48.917411 [info ] [Thread-1 (]: 6 of 29 PASS not_null_dim_promotion_promo_code ................................. [[32mPASS[0m in 0.16s]
[0m15:48:48.919962 [debug] [Thread-3 (]: Finished running node test.lab10.not_null_dim_store_store_code.993f2cbf42
[0m15:48:48.921552 [debug] [Thread-2 (]: Finished running node test.lab10.not_null_dim_promotion_promotion_key.386ef2d6d5
[0m15:48:48.923074 [debug] [Thread-1 (]: Finished running node test.lab10.not_null_dim_promotion_promo_code.17e44ef031
[0m15:48:48.924548 [debug] [Thread-3 (]: Began running node test.lab10.not_null_fct_sales_customer_key.da93bd7098
[0m15:48:48.925882 [debug] [Thread-2 (]: Began running node test.lab10.not_null_fct_sales_date_key.2cf9468f5b
[0m15:48:48.927170 [debug] [Thread-1 (]: Began running node test.lab10.not_null_fct_sales_product_key.888b5416c9
[0m15:48:48.928385 [info ] [Thread-3 (]: 10 of 29 START test not_null_fct_sales_customer_key ............................ [RUN]
[0m15:48:48.929809 [info ] [Thread-2 (]: 11 of 29 START test not_null_fct_sales_date_key ................................ [RUN]
[0m15:48:48.931486 [info ] [Thread-1 (]: 12 of 29 START test not_null_fct_sales_product_key ............................. [RUN]
[0m15:48:48.934640 [debug] [Thread-3 (]: Re-using an available connection from the pool (formerly test.lab10.not_null_dim_store_store_code.993f2cbf42, now test.lab10.not_null_fct_sales_customer_key.da93bd7098)
[0m15:48:48.936262 [debug] [Thread-2 (]: Re-using an available connection from the pool (formerly test.lab10.not_null_dim_promotion_promotion_key.386ef2d6d5, now test.lab10.not_null_fct_sales_date_key.2cf9468f5b)
[0m15:48:48.937359 [debug] [Thread-4 (]: Began executing node test.lab10.not_null_dim_store_store_key.507238c054
[0m15:48:48.938327 [debug] [Thread-1 (]: Re-using an available connection from the pool (formerly test.lab10.not_null_dim_promotion_promo_code.17e44ef031, now test.lab10.not_null_fct_sales_product_key.888b5416c9)
[0m15:48:48.939622 [debug] [Thread-3 (]: Began compiling node test.lab10.not_null_fct_sales_customer_key.da93bd7098
[0m15:48:48.940977 [debug] [Thread-2 (]: Began compiling node test.lab10.not_null_fct_sales_date_key.2cf9468f5b
[0m15:48:48.948317 [debug] [Thread-4 (]: Writing runtime sql for node "test.lab10.not_null_dim_store_store_key.507238c054"
[0m15:48:48.949327 [debug] [Thread-1 (]: Began compiling node test.lab10.not_null_fct_sales_product_key.888b5416c9
[0m15:48:48.958248 [debug] [Thread-3 (]: Writing injected SQL for node "test.lab10.not_null_fct_sales_customer_key.da93bd7098"
[0m15:48:48.971865 [debug] [Thread-2 (]: Writing injected SQL for node "test.lab10.not_null_fct_sales_date_key.2cf9468f5b"
[0m15:48:48.981733 [debug] [Thread-1 (]: Writing injected SQL for node "test.lab10.not_null_fct_sales_product_key.888b5416c9"
[0m15:48:48.986171 [debug] [Thread-4 (]: Using postgres connection "test.lab10.not_null_dim_store_store_key.507238c054"
[0m15:48:48.987575 [debug] [Thread-4 (]: On test.lab10.not_null_dim_store_store_key.507238c054: /* {"app": "dbt", "dbt_version": "1.11.12", "profile_name": "lab10", "target_name": "dev", "node_id": "test.lab10.not_null_dim_store_store_key.507238c054"} */

    
    select
      count(*) as failures,
      count(*) != 0 as should_warn,
      count(*) != 0 as should_error
    from (
      
    
  
    
    



select store_key
from "lab10"."warehouse"."dim_store"
where store_key is null



  
  
      
    ) dbt_internal_test
[0m15:48:48.988681 [debug] [Thread-4 (]: Opening a new connection, currently in state closed
[0m15:48:48.995228 [debug] [Thread-3 (]: Began executing node test.lab10.not_null_fct_sales_customer_key.da93bd7098
[0m15:48:48.996868 [debug] [Thread-1 (]: Began executing node test.lab10.not_null_fct_sales_product_key.888b5416c9
[0m15:48:49.004763 [debug] [Thread-3 (]: Writing runtime sql for node "test.lab10.not_null_fct_sales_customer_key.da93bd7098"
[0m15:48:49.011088 [debug] [Thread-2 (]: Began executing node test.lab10.not_null_fct_sales_date_key.2cf9468f5b
[0m15:48:49.012345 [debug] [Thread-1 (]: Writing runtime sql for node "test.lab10.not_null_fct_sales_product_key.888b5416c9"
[0m15:48:49.019698 [debug] [Thread-4 (]: SQL status: SELECT 1 in 0.031 seconds
[0m15:48:49.021745 [debug] [Thread-2 (]: Writing runtime sql for node "test.lab10.not_null_fct_sales_date_key.2cf9468f5b"
[0m15:48:49.025657 [debug] [Thread-4 (]: On test.lab10.not_null_dim_store_store_key.507238c054: ROLLBACK
[0m15:48:49.029093 [debug] [Thread-4 (]: On test.lab10.not_null_dim_store_store_key.507238c054: Close
[0m15:48:49.030512 [debug] [Thread-1 (]: Using postgres connection "test.lab10.not_null_fct_sales_product_key.888b5416c9"
[0m15:48:49.031903 [debug] [Thread-3 (]: Using postgres connection "test.lab10.not_null_fct_sales_customer_key.da93bd7098"
[0m15:48:49.035435 [debug] [Thread-1 (]: On test.lab10.not_null_fct_sales_product_key.888b5416c9: /* {"app": "dbt", "dbt_version": "1.11.12", "profile_name": "lab10", "target_name": "dev", "node_id": "test.lab10.not_null_fct_sales_product_key.888b5416c9"} */

    
    select
      count(*) as failures,
      count(*) != 0 as should_warn,
      count(*) != 0 as should_error
    from (
      
    
  
    
    



select product_key
from "lab10"."warehouse"."fct_sales"
where product_key is null



  
  
      
    ) dbt_internal_test
[0m15:48:49.034376 [info ] [Thread-4 (]: 9 of 29 PASS not_null_dim_store_store_key ...................................... [[32mPASS[0m in 0.15s]
[0m15:48:49.037420 [debug] [Thread-3 (]: On test.lab10.not_null_fct_sales_customer_key.da93bd7098: /* {"app": "dbt", "dbt_version": "1.11.12", "profile_name": "lab10", "target_name": "dev", "node_id": "test.lab10.not_null_fct_sales_customer_key.da93bd7098"} */

    
    select
      count(*) as failures,
      count(*) != 0 as should_warn,
      count(*) != 0 as should_error
    from (
      
    
  
    
    



select customer_key
from "lab10"."warehouse"."fct_sales"
where customer_key is null



  
  
      
    ) dbt_internal_test
[0m15:48:49.038678 [debug] [Thread-2 (]: Using postgres connection "test.lab10.not_null_fct_sales_date_key.2cf9468f5b"
[0m15:48:49.039692 [debug] [Thread-1 (]: Opening a new connection, currently in state closed
[0m15:48:49.041750 [debug] [Thread-4 (]: Finished running node test.lab10.not_null_dim_store_store_key.507238c054
[0m15:48:49.042924 [debug] [Thread-3 (]: Opening a new connection, currently in state closed
[0m15:48:49.044328 [debug] [Thread-2 (]: On test.lab10.not_null_fct_sales_date_key.2cf9468f5b: /* {"app": "dbt", "dbt_version": "1.11.12", "profile_name": "lab10", "target_name": "dev", "node_id": "test.lab10.not_null_fct_sales_date_key.2cf9468f5b"} */

    
    select
      count(*) as failures,
      count(*) != 0 as should_warn,
      count(*) != 0 as should_error
    from (
      
    
  
    
    



select date_key
from "lab10"."warehouse"."fct_sales"
where date_key is null



  
  
      
    ) dbt_internal_test
[0m15:48:49.046310 [debug] [Thread-4 (]: Began running node test.lab10.not_null_fct_sales_quantity.a4800a70aa
[0m15:48:49.048204 [debug] [Thread-2 (]: Opening a new connection, currently in state closed
[0m15:48:49.050147 [info ] [Thread-4 (]: 13 of 29 START test not_null_fct_sales_quantity ................................ [RUN]
[0m15:48:49.052439 [debug] [Thread-4 (]: Re-using an available connection from the pool (formerly test.lab10.not_null_dim_store_store_key.507238c054, now test.lab10.not_null_fct_sales_quantity.a4800a70aa)
[0m15:48:49.053746 [debug] [Thread-4 (]: Began compiling node test.lab10.not_null_fct_sales_quantity.a4800a70aa
[0m15:48:49.080065 [debug] [Thread-2 (]: SQL status: SELECT 1 in 0.032 seconds
[0m15:48:49.085201 [debug] [Thread-4 (]: Writing injected SQL for node "test.lab10.not_null_fct_sales_quantity.a4800a70aa"
[0m15:48:49.086715 [debug] [Thread-1 (]: SQL status: SELECT 1 in 0.047 seconds
[0m15:48:49.090510 [debug] [Thread-2 (]: On test.lab10.not_null_fct_sales_date_key.2cf9468f5b: ROLLBACK
[0m15:48:49.091623 [debug] [Thread-3 (]: SQL status: SELECT 1 in 0.049 seconds
[0m15:48:49.096908 [debug] [Thread-1 (]: On test.lab10.not_null_fct_sales_product_key.888b5416c9: ROLLBACK
[0m15:48:49.101720 [debug] [Thread-3 (]: On test.lab10.not_null_fct_sales_customer_key.da93bd7098: ROLLBACK
[0m15:48:49.103034 [debug] [Thread-2 (]: On test.lab10.not_null_fct_sales_date_key.2cf9468f5b: Close
[0m15:48:49.104520 [debug] [Thread-1 (]: On test.lab10.not_null_fct_sales_product_key.888b5416c9: Close
[0m15:48:49.105977 [debug] [Thread-3 (]: On test.lab10.not_null_fct_sales_customer_key.da93bd7098: Close
[0m15:48:49.107491 [info ] [Thread-2 (]: 11 of 29 PASS not_null_fct_sales_date_key ...................................... [[32mPASS[0m in 0.17s]
[0m15:48:49.109043 [debug] [Thread-4 (]: Began executing node test.lab10.not_null_fct_sales_quantity.a4800a70aa
[0m15:48:49.110488 [info ] [Thread-1 (]: 12 of 29 PASS not_null_fct_sales_product_key ................................... [[32mPASS[0m in 0.17s]
[0m15:48:49.113757 [debug] [Thread-2 (]: Finished running node test.lab10.not_null_fct_sales_date_key.2cf9468f5b
[0m15:48:49.112576 [info ] [Thread-3 (]: 10 of 29 PASS not_null_fct_sales_customer_key .................................. [[32mPASS[0m in 0.18s]
[0m15:48:49.119473 [debug] [Thread-4 (]: Writing runtime sql for node "test.lab10.not_null_fct_sales_quantity.a4800a70aa"
[0m15:48:49.121171 [debug] [Thread-1 (]: Finished running node test.lab10.not_null_fct_sales_product_key.888b5416c9
[0m15:48:49.122724 [debug] [Thread-2 (]: Began running node test.lab10.not_null_fct_sales_revenue.0452ff4e0b
[0m15:48:49.124306 [debug] [Thread-3 (]: Finished running node test.lab10.not_null_fct_sales_customer_key.da93bd7098
[0m15:48:49.126340 [debug] [Thread-1 (]: Began running node test.lab10.not_null_fct_sales_sales_key.e74fd00454
[0m15:48:49.127780 [info ] [Thread-2 (]: 14 of 29 START test not_null_fct_sales_revenue ................................. [RUN]
[0m15:48:49.129192 [debug] [Thread-3 (]: Began running node test.lab10.not_null_fct_sales_store_key.3f9911ea0c
[0m15:48:49.130732 [info ] [Thread-1 (]: 15 of 29 START test not_null_fct_sales_sales_key ............................... [RUN]
[0m15:48:49.132315 [debug] [Thread-2 (]: Re-using an available connection from the pool (formerly test.lab10.not_null_fct_sales_date_key.2cf9468f5b, now test.lab10.not_null_fct_sales_revenue.0452ff4e0b)
[0m15:48:49.134132 [info ] [Thread-3 (]: 16 of 29 START test not_null_fct_sales_store_key ............................... [RUN]
[0m15:48:49.135603 [debug] [Thread-1 (]: Re-using an available connection from the pool (formerly test.lab10.not_null_fct_sales_product_key.888b5416c9, now test.lab10.not_null_fct_sales_sales_key.e74fd00454)
[0m15:48:49.137150 [debug] [Thread-2 (]: Began compiling node test.lab10.not_null_fct_sales_revenue.0452ff4e0b
[0m15:48:49.138726 [debug] [Thread-3 (]: Re-using an available connection from the pool (formerly test.lab10.not_null_fct_sales_customer_key.da93bd7098, now test.lab10.not_null_fct_sales_store_key.3f9911ea0c)
[0m15:48:49.140021 [debug] [Thread-1 (]: Began compiling node test.lab10.not_null_fct_sales_sales_key.e74fd00454
[0m15:48:49.150884 [debug] [Thread-2 (]: Writing injected SQL for node "test.lab10.not_null_fct_sales_revenue.0452ff4e0b"
[0m15:48:49.151992 [debug] [Thread-3 (]: Began compiling node test.lab10.not_null_fct_sales_store_key.3f9911ea0c
[0m15:48:49.159545 [debug] [Thread-4 (]: Using postgres connection "test.lab10.not_null_fct_sales_quantity.a4800a70aa"
[0m15:48:49.164186 [debug] [Thread-1 (]: Writing injected SQL for node "test.lab10.not_null_fct_sales_sales_key.e74fd00454"
[0m15:48:49.177944 [debug] [Thread-4 (]: On test.lab10.not_null_fct_sales_quantity.a4800a70aa: /* {"app": "dbt", "dbt_version": "1.11.12", "profile_name": "lab10", "target_name": "dev", "node_id": "test.lab10.not_null_fct_sales_quantity.a4800a70aa"} */

    
    select
      count(*) as failures,
      count(*) != 0 as should_warn,
      count(*) != 0 as should_error
    from (
      
    
  
    
    



select quantity
from "lab10"."warehouse"."fct_sales"
where quantity is null



  
  
      
    ) dbt_internal_test
[0m15:48:49.176947 [debug] [Thread-3 (]: Writing injected SQL for node "test.lab10.not_null_fct_sales_store_key.3f9911ea0c"
[0m15:48:49.180644 [debug] [Thread-4 (]: Opening a new connection, currently in state closed
[0m15:48:49.182020 [debug] [Thread-2 (]: Began executing node test.lab10.not_null_fct_sales_revenue.0452ff4e0b
[0m15:48:49.190056 [debug] [Thread-2 (]: Writing runtime sql for node "test.lab10.not_null_fct_sales_revenue.0452ff4e0b"
[0m15:48:49.193264 [debug] [Thread-1 (]: Began executing node test.lab10.not_null_fct_sales_sales_key.e74fd00454
[0m15:48:49.200336 [debug] [Thread-1 (]: Writing runtime sql for node "test.lab10.not_null_fct_sales_sales_key.e74fd00454"
[0m15:48:49.201866 [debug] [Thread-4 (]: SQL status: SELECT 1 in 0.021 seconds
[0m15:48:49.206799 [debug] [Thread-4 (]: On test.lab10.not_null_fct_sales_quantity.a4800a70aa: ROLLBACK
[0m15:48:49.208006 [debug] [Thread-3 (]: Began executing node test.lab10.not_null_fct_sales_store_key.3f9911ea0c
[0m15:48:49.209600 [debug] [Thread-4 (]: On test.lab10.not_null_fct_sales_quantity.a4800a70aa: Close
[0m15:48:49.215262 [debug] [Thread-3 (]: Writing runtime sql for node "test.lab10.not_null_fct_sales_store_key.3f9911ea0c"
[0m15:48:49.217650 [info ] [Thread-4 (]: 13 of 29 PASS not_null_fct_sales_quantity ...................................... [[32mPASS[0m in 0.17s]
[0m15:48:49.219104 [debug] [Thread-2 (]: Using postgres connection "test.lab10.not_null_fct_sales_revenue.0452ff4e0b"
[0m15:48:49.221686 [debug] [Thread-1 (]: Using postgres connection "test.lab10.not_null_fct_sales_sales_key.e74fd00454"
[0m15:48:49.223364 [debug] [Thread-4 (]: Finished running node test.lab10.not_null_fct_sales_quantity.a4800a70aa
[0m15:48:49.224796 [debug] [Thread-2 (]: On test.lab10.not_null_fct_sales_revenue.0452ff4e0b: /* {"app": "dbt", "dbt_version": "1.11.12", "profile_name": "lab10", "target_name": "dev", "node_id": "test.lab10.not_null_fct_sales_revenue.0452ff4e0b"} */

    
    select
      count(*) as failures,
      count(*) != 0 as should_warn,
      count(*) != 0 as should_error
    from (
      
    
  
    
    



select revenue
from "lab10"."warehouse"."fct_sales"
where revenue is null



  
  
      
    ) dbt_internal_test
[0m15:48:49.226212 [debug] [Thread-1 (]: On test.lab10.not_null_fct_sales_sales_key.e74fd00454: /* {"app": "dbt", "dbt_version": "1.11.12", "profile_name": "lab10", "target_name": "dev", "node_id": "test.lab10.not_null_fct_sales_sales_key.e74fd00454"} */

    
    select
      count(*) as failures,
      count(*) != 0 as should_warn,
      count(*) != 0 as should_error
    from (
      
    
  
    
    



select sales_key
from "lab10"."warehouse"."fct_sales"
where sales_key is null



  
  
      
    ) dbt_internal_test
[0m15:48:49.228133 [debug] [Thread-4 (]: Began running node test.lab10.source_not_null_raw_coffee_sales_sale_date.5f966227d7
[0m15:48:49.229719 [debug] [Thread-2 (]: Opening a new connection, currently in state closed
[0m15:48:49.231309 [debug] [Thread-1 (]: Opening a new connection, currently in state closed
[0m15:48:49.233579 [info ] [Thread-4 (]: 17 of 29 START test source_not_null_raw_coffee_sales_sale_date ................. [RUN]
[0m15:48:49.237744 [debug] [Thread-4 (]: Re-using an available connection from the pool (formerly test.lab10.not_null_fct_sales_quantity.a4800a70aa, now test.lab10.source_not_null_raw_coffee_sales_sale_date.5f966227d7)
[0m15:48:49.239650 [debug] [Thread-3 (]: Using postgres connection "test.lab10.not_null_fct_sales_store_key.3f9911ea0c"
[0m15:48:49.241006 [debug] [Thread-4 (]: Began compiling node test.lab10.source_not_null_raw_coffee_sales_sale_date.5f966227d7
[0m15:48:49.242795 [debug] [Thread-3 (]: On test.lab10.not_null_fct_sales_store_key.3f9911ea0c: /* {"app": "dbt", "dbt_version": "1.11.12", "profile_name": "lab10", "target_name": "dev", "node_id": "test.lab10.not_null_fct_sales_store_key.3f9911ea0c"} */

    
    select
      count(*) as failures,
      count(*) != 0 as should_warn,
      count(*) != 0 as should_error
    from (
      
    
  
    
    



select store_key
from "lab10"."warehouse"."fct_sales"
where store_key is null



  
  
      
    ) dbt_internal_test
[0m15:48:49.253377 [debug] [Thread-4 (]: Writing injected SQL for node "test.lab10.source_not_null_raw_coffee_sales_sale_date.5f966227d7"
[0m15:48:49.254400 [debug] [Thread-2 (]: SQL status: SELECT 1 in 0.025 seconds
[0m15:48:49.255343 [debug] [Thread-3 (]: Opening a new connection, currently in state closed
[0m15:48:49.259978 [debug] [Thread-2 (]: On test.lab10.not_null_fct_sales_revenue.0452ff4e0b: ROLLBACK
[0m15:48:49.261337 [debug] [Thread-1 (]: SQL status: SELECT 1 in 0.030 seconds
[0m15:48:49.263495 [debug] [Thread-2 (]: On test.lab10.not_null_fct_sales_revenue.0452ff4e0b: Close
[0m15:48:49.267821 [debug] [Thread-1 (]: On test.lab10.not_null_fct_sales_sales_key.e74fd00454: ROLLBACK
[0m15:48:49.270419 [info ] [Thread-2 (]: 14 of 29 PASS not_null_fct_sales_revenue ....................................... [[32mPASS[0m in 0.14s]
[0m15:48:49.272128 [debug] [Thread-1 (]: On test.lab10.not_null_fct_sales_sales_key.e74fd00454: Close
[0m15:48:49.274682 [debug] [Thread-2 (]: Finished running node test.lab10.not_null_fct_sales_revenue.0452ff4e0b
[0m15:48:49.276301 [debug] [Thread-4 (]: Began executing node test.lab10.source_not_null_raw_coffee_sales_sale_date.5f966227d7
[0m15:48:49.278072 [info ] [Thread-1 (]: 15 of 29 PASS not_null_fct_sales_sales_key ..................................... [[32mPASS[0m in 0.14s]
[0m15:48:49.279484 [debug] [Thread-2 (]: Began running node test.lab10.source_not_null_raw_coffee_sales_sale_id.216bc2a4b2
[0m15:48:49.285359 [debug] [Thread-4 (]: Writing runtime sql for node "test.lab10.source_not_null_raw_coffee_sales_sale_date.5f966227d7"
[0m15:48:49.286834 [debug] [Thread-3 (]: SQL status: SELECT 1 in 0.031 seconds
[0m15:48:49.288171 [debug] [Thread-1 (]: Finished running node test.lab10.not_null_fct_sales_sales_key.e74fd00454
[0m15:48:49.289397 [info ] [Thread-2 (]: 18 of 29 START test source_not_null_raw_coffee_sales_sale_id ................... [RUN]
[0m15:48:49.293755 [debug] [Thread-3 (]: On test.lab10.not_null_fct_sales_store_key.3f9911ea0c: ROLLBACK
[0m15:48:49.295487 [debug] [Thread-1 (]: Began running node test.lab10.source_unique_raw_coffee_sales_sale_id.4f587e747a
[0m15:48:49.297020 [debug] [Thread-2 (]: Re-using an available connection from the pool (formerly test.lab10.not_null_fct_sales_revenue.0452ff4e0b, now test.lab10.source_not_null_raw_coffee_sales_sale_id.216bc2a4b2)
[0m15:48:49.300189 [info ] [Thread-1 (]: 19 of 29 START test source_unique_raw_coffee_sales_sale_id ..................... [RUN]
[0m15:48:49.302028 [debug] [Thread-3 (]: On test.lab10.not_null_fct_sales_store_key.3f9911ea0c: Close
[0m15:48:49.303151 [debug] [Thread-2 (]: Began compiling node test.lab10.source_not_null_raw_coffee_sales_sale_id.216bc2a4b2
[0m15:48:49.304634 [debug] [Thread-1 (]: Re-using an available connection from the pool (formerly test.lab10.not_null_fct_sales_sales_key.e74fd00454, now test.lab10.source_unique_raw_coffee_sales_sale_id.4f587e747a)
[0m15:48:49.310328 [info ] [Thread-3 (]: 16 of 29 PASS not_null_fct_sales_store_key ..................................... [[32mPASS[0m in 0.17s]
[0m15:48:49.312002 [debug] [Thread-4 (]: Using postgres connection "test.lab10.source_not_null_raw_coffee_sales_sale_date.5f966227d7"
[0m15:48:49.322598 [debug] [Thread-2 (]: Writing injected SQL for node "test.lab10.source_not_null_raw_coffee_sales_sale_id.216bc2a4b2"
[0m15:48:49.324037 [debug] [Thread-1 (]: Began compiling node test.lab10.source_unique_raw_coffee_sales_sale_id.4f587e747a
[0m15:48:49.325926 [debug] [Thread-3 (]: Finished running node test.lab10.not_null_fct_sales_store_key.3f9911ea0c
[0m15:48:49.327328 [debug] [Thread-4 (]: On test.lab10.source_not_null_raw_coffee_sales_sale_date.5f966227d7: /* {"app": "dbt", "dbt_version": "1.11.12", "profile_name": "lab10", "target_name": "dev", "node_id": "test.lab10.source_not_null_raw_coffee_sales_sale_date.5f966227d7"} */

    
    select
      count(*) as failures,
      count(*) != 0 as should_warn,
      count(*) != 0 as should_error
    from (
      
    
  
    
    



select sale_date
from "lab10"."raw"."coffee_sales"
where sale_date is null



  
  
      
    ) dbt_internal_test
[0m15:48:49.346949 [debug] [Thread-1 (]: Writing injected SQL for node "test.lab10.source_unique_raw_coffee_sales_sale_id.4f587e747a"
[0m15:48:49.348299 [debug] [Thread-3 (]: Began running node test.lab10.unique_dim_customer_customer_code.f017329349
[0m15:48:49.349573 [debug] [Thread-4 (]: Opening a new connection, currently in state closed
[0m15:48:49.351569 [debug] [Thread-2 (]: Began executing node test.lab10.source_not_null_raw_coffee_sales_sale_id.216bc2a4b2
[0m15:48:49.352767 [info ] [Thread-3 (]: 20 of 29 START test unique_dim_customer_customer_code .......................... [RUN]
[0m15:48:49.362059 [debug] [Thread-2 (]: Writing runtime sql for node "test.lab10.source_not_null_raw_coffee_sales_sale_id.216bc2a4b2"
[0m15:48:49.363175 [debug] [Thread-3 (]: Re-using an available connection from the pool (formerly test.lab10.not_null_fct_sales_store_key.3f9911ea0c, now test.lab10.unique_dim_customer_customer_code.f017329349)
[0m15:48:49.365433 [debug] [Thread-3 (]: Began compiling node test.lab10.unique_dim_customer_customer_code.f017329349
[0m15:48:49.373534 [debug] [Thread-1 (]: Began executing node test.lab10.source_unique_raw_coffee_sales_sale_id.4f587e747a
[0m15:48:49.385478 [debug] [Thread-3 (]: Writing injected SQL for node "test.lab10.unique_dim_customer_customer_code.f017329349"
[0m15:48:49.384733 [debug] [Thread-1 (]: Writing runtime sql for node "test.lab10.source_unique_raw_coffee_sales_sale_id.4f587e747a"
[0m15:48:49.386853 [debug] [Thread-4 (]: SQL status: SELECT 1 in 0.037 seconds
[0m15:48:49.391492 [debug] [Thread-4 (]: On test.lab10.source_not_null_raw_coffee_sales_sale_date.5f966227d7: ROLLBACK
[0m15:48:49.392662 [debug] [Thread-2 (]: Using postgres connection "test.lab10.source_not_null_raw_coffee_sales_sale_id.216bc2a4b2"
[0m15:48:49.394195 [debug] [Thread-2 (]: On test.lab10.source_not_null_raw_coffee_sales_sale_id.216bc2a4b2: /* {"app": "dbt", "dbt_version": "1.11.12", "profile_name": "lab10", "target_name": "dev", "node_id": "test.lab10.source_not_null_raw_coffee_sales_sale_id.216bc2a4b2"} */

    
    select
      count(*) as failures,
      count(*) != 0 as should_warn,
      count(*) != 0 as should_error
    from (
      
    
  
    
    



select sale_id
from "lab10"."raw"."coffee_sales"
where sale_id is null



  
  
      
    ) dbt_internal_test
[0m15:48:49.395207 [debug] [Thread-4 (]: On test.lab10.source_not_null_raw_coffee_sales_sale_date.5f966227d7: Close
[0m15:48:49.396165 [debug] [Thread-2 (]: Opening a new connection, currently in state closed
[0m15:48:49.398917 [info ] [Thread-4 (]: 17 of 29 PASS source_not_null_raw_coffee_sales_sale_date ....................... [[32mPASS[0m in 0.16s]
[0m15:48:49.401599 [debug] [Thread-4 (]: Finished running node test.lab10.source_not_null_raw_coffee_sales_sale_date.5f966227d7
[0m15:48:49.403101 [debug] [Thread-4 (]: Began running node test.lab10.unique_dim_customer_customer_key.7b0683cc6e
[0m15:48:49.404706 [info ] [Thread-4 (]: 21 of 29 START test unique_dim_customer_customer_key ........................... [RUN]
[0m15:48:49.406434 [debug] [Thread-4 (]: Re-using an available connection from the pool (formerly test.lab10.source_not_null_raw_coffee_sales_sale_date.5f966227d7, now test.lab10.unique_dim_customer_customer_key.7b0683cc6e)
[0m15:48:49.407637 [debug] [Thread-1 (]: Using postgres connection "test.lab10.source_unique_raw_coffee_sales_sale_id.4f587e747a"
[0m15:48:49.408656 [debug] [Thread-3 (]: Began executing node test.lab10.unique_dim_customer_customer_code.f017329349
[0m15:48:49.409520 [debug] [Thread-4 (]: Began compiling node test.lab10.unique_dim_customer_customer_key.7b0683cc6e
[0m15:48:49.410735 [debug] [Thread-1 (]: On test.lab10.source_unique_raw_coffee_sales_sale_id.4f587e747a: /* {"app": "dbt", "dbt_version": "1.11.12", "profile_name": "lab10", "target_name": "dev", "node_id": "test.lab10.source_unique_raw_coffee_sales_sale_id.4f587e747a"} */

    
    select
      count(*) as failures,
      count(*) != 0 as should_warn,
      count(*) != 0 as should_error
    from (
      
    
  
    
    

select
    sale_id as unique_field,
    count(*) as n_records

from "lab10"."raw"."coffee_sales"
where sale_id is not null
group by sale_id
having count(*) > 1



  
  
      
    ) dbt_internal_test
[0m15:48:49.418183 [debug] [Thread-3 (]: Writing runtime sql for node "test.lab10.unique_dim_customer_customer_code.f017329349"
[0m15:48:49.424762 [debug] [Thread-2 (]: SQL status: SELECT 1 in 0.029 seconds
[0m15:48:49.429617 [debug] [Thread-4 (]: Writing injected SQL for node "test.lab10.unique_dim_customer_customer_key.7b0683cc6e"
[0m15:48:49.431091 [debug] [Thread-1 (]: Opening a new connection, currently in state closed
[0m15:48:49.437237 [debug] [Thread-2 (]: On test.lab10.source_not_null_raw_coffee_sales_sale_id.216bc2a4b2: ROLLBACK
[0m15:48:49.440947 [debug] [Thread-2 (]: On test.lab10.source_not_null_raw_coffee_sales_sale_id.216bc2a4b2: Close
[0m15:48:49.443341 [info ] [Thread-2 (]: 18 of 29 PASS source_not_null_raw_coffee_sales_sale_id ......................... [[32mPASS[0m in 0.15s]
[0m15:48:49.445902 [debug] [Thread-2 (]: Finished running node test.lab10.source_not_null_raw_coffee_sales_sale_id.216bc2a4b2
[0m15:48:49.447454 [debug] [Thread-2 (]: Began running node test.lab10.unique_dim_date_date_key.0869fd48f9
[0m15:48:49.448712 [info ] [Thread-2 (]: 22 of 29 START test unique_dim_date_date_key ................................... [RUN]
[0m15:48:49.450276 [debug] [Thread-2 (]: Re-using an available connection from the pool (formerly test.lab10.source_not_null_raw_coffee_sales_sale_id.216bc2a4b2, now test.lab10.unique_dim_date_date_key.0869fd48f9)
[0m15:48:49.452713 [debug] [Thread-3 (]: Using postgres connection "test.lab10.unique_dim_customer_customer_code.f017329349"
[0m15:48:49.454154 [debug] [Thread-2 (]: Began compiling node test.lab10.unique_dim_date_date_key.0869fd48f9
[0m15:48:49.455626 [debug] [Thread-3 (]: On test.lab10.unique_dim_customer_customer_code.f017329349: /* {"app": "dbt", "dbt_version": "1.11.12", "profile_name": "lab10", "target_name": "dev", "node_id": "test.lab10.unique_dim_customer_customer_code.f017329349"} */

    
    select
      count(*) as failures,
      count(*) != 0 as should_warn,
      count(*) != 0 as should_error
    from (
      
    
  
    
    

select
    customer_code as unique_field,
    count(*) as n_records

from "lab10"."warehouse"."dim_customer"
where customer_code is not null
group by customer_code
having count(*) > 1



  
  
      
    ) dbt_internal_test
[0m15:48:49.462484 [debug] [Thread-4 (]: Began executing node test.lab10.unique_dim_customer_customer_key.7b0683cc6e
[0m15:48:49.467080 [debug] [Thread-2 (]: Writing injected SQL for node "test.lab10.unique_dim_date_date_key.0869fd48f9"
[0m15:48:49.467985 [debug] [Thread-1 (]: SQL status: SELECT 1 in 0.037 seconds
[0m15:48:49.468970 [debug] [Thread-3 (]: Opening a new connection, currently in state closed
[0m15:48:49.475674 [debug] [Thread-4 (]: Writing runtime sql for node "test.lab10.unique_dim_customer_customer_key.7b0683cc6e"
[0m15:48:49.480340 [debug] [Thread-1 (]: On test.lab10.source_unique_raw_coffee_sales_sale_id.4f587e747a: ROLLBACK
[0m15:48:49.483466 [debug] [Thread-1 (]: On test.lab10.source_unique_raw_coffee_sales_sale_id.4f587e747a: Close
[0m15:48:49.485762 [info ] [Thread-1 (]: 19 of 29 PASS source_unique_raw_coffee_sales_sale_id ........................... [[32mPASS[0m in 0.18s]
[0m15:48:49.487769 [debug] [Thread-1 (]: Finished running node test.lab10.source_unique_raw_coffee_sales_sale_id.4f587e747a
[0m15:48:49.489411 [debug] [Thread-1 (]: Began running node test.lab10.unique_dim_product_product_code.2ff659b986
[0m15:48:49.490950 [info ] [Thread-1 (]: 23 of 29 START test unique_dim_product_product_code ............................ [RUN]
[0m15:48:49.492598 [debug] [Thread-1 (]: Re-using an available connection from the pool (formerly test.lab10.source_unique_raw_coffee_sales_sale_id.4f587e747a, now test.lab10.unique_dim_product_product_code.2ff659b986)
[0m15:48:49.493865 [debug] [Thread-2 (]: Began executing node test.lab10.unique_dim_date_date_key.0869fd48f9
[0m15:48:49.495043 [debug] [Thread-1 (]: Began compiling node test.lab10.unique_dim_product_product_code.2ff659b986
[0m15:48:49.502081 [debug] [Thread-2 (]: Writing runtime sql for node "test.lab10.unique_dim_date_date_key.0869fd48f9"
[0m15:48:49.503304 [debug] [Thread-3 (]: SQL status: SELECT 1 in 0.034 seconds
[0m15:48:49.514088 [debug] [Thread-1 (]: Writing injected SQL for node "test.lab10.unique_dim_product_product_code.2ff659b986"
[0m15:48:49.515645 [debug] [Thread-4 (]: Using postgres connection "test.lab10.unique_dim_customer_customer_key.7b0683cc6e"
[0m15:48:49.520789 [debug] [Thread-3 (]: On test.lab10.unique_dim_customer_customer_code.f017329349: ROLLBACK
[0m15:48:49.523157 [debug] [Thread-4 (]: On test.lab10.unique_dim_customer_customer_key.7b0683cc6e: /* {"app": "dbt", "dbt_version": "1.11.12", "profile_name": "lab10", "target_name": "dev", "node_id": "test.lab10.unique_dim_customer_customer_key.7b0683cc6e"} */

    
    select
      count(*) as failures,
      count(*) != 0 as should_warn,
      count(*) != 0 as should_error
    from (
      
    
  
    
    

select
    customer_key as unique_field,
    count(*) as n_records

from "lab10"."warehouse"."dim_customer"
where customer_key is not null
group by customer_key
having count(*) > 1



  
  
      
    ) dbt_internal_test
[0m15:48:49.525145 [debug] [Thread-3 (]: On test.lab10.unique_dim_customer_customer_code.f017329349: Close
[0m15:48:49.526315 [debug] [Thread-4 (]: Opening a new connection, currently in state closed
[0m15:48:49.528698 [info ] [Thread-3 (]: 20 of 29 PASS unique_dim_customer_customer_code ................................ [[32mPASS[0m in 0.17s]
[0m15:48:49.531757 [debug] [Thread-3 (]: Finished running node test.lab10.unique_dim_customer_customer_code.f017329349
[0m15:48:49.533666 [debug] [Thread-3 (]: Began running node test.lab10.unique_dim_product_product_key.1753236bd0
[0m15:48:49.535412 [debug] [Thread-2 (]: Using postgres connection "test.lab10.unique_dim_date_date_key.0869fd48f9"
[0m15:48:49.536815 [info ] [Thread-3 (]: 24 of 29 START test unique_dim_product_product_key ............................. [RUN]
[0m15:48:49.538518 [debug] [Thread-2 (]: On test.lab10.unique_dim_date_date_key.0869fd48f9: /* {"app": "dbt", "dbt_version": "1.11.12", "profile_name": "lab10", "target_name": "dev", "node_id": "test.lab10.unique_dim_date_date_key.0869fd48f9"} */

    
    select
      count(*) as failures,
      count(*) != 0 as should_warn,
      count(*) != 0 as should_error
    from (
      
    
  
    
    

select
    date_key as unique_field,
    count(*) as n_records

from "lab10"."warehouse"."dim_date"
where date_key is not null
group by date_key
having count(*) > 1



  
  
      
    ) dbt_internal_test
[0m15:48:49.540079 [debug] [Thread-1 (]: Began executing node test.lab10.unique_dim_product_product_code.2ff659b986
[0m15:48:49.541855 [debug] [Thread-3 (]: Re-using an available connection from the pool (formerly test.lab10.unique_dim_customer_customer_code.f017329349, now test.lab10.unique_dim_product_product_key.1753236bd0)
[0m15:48:49.543641 [debug] [Thread-2 (]: Opening a new connection, currently in state closed
[0m15:48:49.549626 [debug] [Thread-1 (]: Writing runtime sql for node "test.lab10.unique_dim_product_product_code.2ff659b986"
[0m15:48:49.551800 [debug] [Thread-3 (]: Began compiling node test.lab10.unique_dim_product_product_key.1753236bd0
[0m15:48:49.561457 [debug] [Thread-4 (]: SQL status: SELECT 1 in 0.035 seconds
[0m15:48:49.565387 [debug] [Thread-3 (]: Writing injected SQL for node "test.lab10.unique_dim_product_product_key.1753236bd0"
[0m15:48:49.569523 [debug] [Thread-4 (]: On test.lab10.unique_dim_customer_customer_key.7b0683cc6e: ROLLBACK
[0m15:48:49.572064 [debug] [Thread-4 (]: On test.lab10.unique_dim_customer_customer_key.7b0683cc6e: Close
[0m15:48:49.573585 [debug] [Thread-1 (]: Using postgres connection "test.lab10.unique_dim_product_product_code.2ff659b986"
[0m15:48:49.574695 [debug] [Thread-2 (]: SQL status: SELECT 1 in 0.031 seconds
[0m15:48:49.577225 [debug] [Thread-1 (]: On test.lab10.unique_dim_product_product_code.2ff659b986: /* {"app": "dbt", "dbt_version": "1.11.12", "profile_name": "lab10", "target_name": "dev", "node_id": "test.lab10.unique_dim_product_product_code.2ff659b986"} */

    
    select
      count(*) as failures,
      count(*) != 0 as should_warn,
      count(*) != 0 as should_error
    from (
      
    
  
    
    

select
    product_code as unique_field,
    count(*) as n_records

from "lab10"."warehouse"."dim_product"
where product_code is not null
group by product_code
having count(*) > 1



  
  
      
    ) dbt_internal_test
[0m15:48:49.576341 [info ] [Thread-4 (]: 21 of 29 PASS unique_dim_customer_customer_key ................................. [[32mPASS[0m in 0.17s]
[0m15:48:49.581418 [debug] [Thread-2 (]: On test.lab10.unique_dim_date_date_key.0869fd48f9: ROLLBACK
[0m15:48:49.582762 [debug] [Thread-1 (]: Opening a new connection, currently in state closed
[0m15:48:49.585024 [debug] [Thread-4 (]: Finished running node test.lab10.unique_dim_customer_customer_key.7b0683cc6e
[0m15:48:49.586959 [debug] [Thread-2 (]: On test.lab10.unique_dim_date_date_key.0869fd48f9: Close
[0m15:48:49.588162 [debug] [Thread-3 (]: Began executing node test.lab10.unique_dim_product_product_key.1753236bd0
[0m15:48:49.589562 [debug] [Thread-4 (]: Began running node test.lab10.unique_dim_promotion_promo_code.e6d5acf0a2
[0m15:48:49.591765 [info ] [Thread-2 (]: 22 of 29 PASS unique_dim_date_date_key ......................................... [[32mPASS[0m in 0.14s]
[0m15:48:49.599478 [debug] [Thread-3 (]: Writing runtime sql for node "test.lab10.unique_dim_product_product_key.1753236bd0"
[0m15:48:49.600745 [info ] [Thread-4 (]: 25 of 29 START test unique_dim_promotion_promo_code ............................ [RUN]
[0m15:48:49.603210 [debug] [Thread-2 (]: Finished running node test.lab10.unique_dim_date_date_key.0869fd48f9
[0m15:48:49.605515 [debug] [Thread-4 (]: Re-using an available connection from the pool (formerly test.lab10.unique_dim_customer_customer_key.7b0683cc6e, now test.lab10.unique_dim_promotion_promo_code.e6d5acf0a2)
[0m15:48:49.606632 [debug] [Thread-1 (]: SQL status: SELECT 1 in 0.024 seconds
[0m15:48:49.608317 [debug] [Thread-2 (]: Began running node test.lab10.unique_dim_promotion_promotion_key.6ffd828ac6
[0m15:48:49.609839 [debug] [Thread-4 (]: Began compiling node test.lab10.unique_dim_promotion_promo_code.e6d5acf0a2
[0m15:48:49.613585 [debug] [Thread-1 (]: On test.lab10.unique_dim_product_product_code.2ff659b986: ROLLBACK
[0m15:48:49.615499 [info ] [Thread-2 (]: 26 of 29 START test unique_dim_promotion_promotion_key ......................... [RUN]
[0m15:48:49.625437 [debug] [Thread-4 (]: Writing injected SQL for node "test.lab10.unique_dim_promotion_promo_code.e6d5acf0a2"
[0m15:48:49.627001 [debug] [Thread-1 (]: On test.lab10.unique_dim_product_product_code.2ff659b986: Close
[0m15:48:49.628221 [debug] [Thread-2 (]: Re-using an available connection from the pool (formerly test.lab10.unique_dim_date_date_key.0869fd48f9, now test.lab10.unique_dim_promotion_promotion_key.6ffd828ac6)
[0m15:48:49.630338 [debug] [Thread-3 (]: Using postgres connection "test.lab10.unique_dim_product_product_key.1753236bd0"
[0m15:48:49.634240 [debug] [Thread-2 (]: Began compiling node test.lab10.unique_dim_promotion_promotion_key.6ffd828ac6
[0m15:48:49.632771 [info ] [Thread-1 (]: 23 of 29 PASS unique_dim_product_product_code .................................. [[32mPASS[0m in 0.14s]
[0m15:48:49.636378 [debug] [Thread-3 (]: On test.lab10.unique_dim_product_product_key.1753236bd0: /* {"app": "dbt", "dbt_version": "1.11.12", "profile_name": "lab10", "target_name": "dev", "node_id": "test.lab10.unique_dim_product_product_key.1753236bd0"} */

    
    select
      count(*) as failures,
      count(*) != 0 as should_warn,
      count(*) != 0 as should_error
    from (
      
    
  
    
    

select
    product_key as unique_field,
    count(*) as n_records

from "lab10"."warehouse"."dim_product"
where product_key is not null
group by product_key
having count(*) > 1



  
  
      
    ) dbt_internal_test
[0m15:48:49.649276 [debug] [Thread-2 (]: Writing injected SQL for node "test.lab10.unique_dim_promotion_promotion_key.6ffd828ac6"
[0m15:48:49.650775 [debug] [Thread-1 (]: Finished running node test.lab10.unique_dim_product_product_code.2ff659b986
[0m15:48:49.652501 [debug] [Thread-3 (]: Opening a new connection, currently in state closed
[0m15:48:49.653858 [debug] [Thread-4 (]: Began executing node test.lab10.unique_dim_promotion_promo_code.e6d5acf0a2
[0m15:48:49.656149 [debug] [Thread-1 (]: Began running node test.lab10.unique_dim_store_store_code.d0eb5264c5
[0m15:48:49.663741 [debug] [Thread-4 (]: Writing runtime sql for node "test.lab10.unique_dim_promotion_promo_code.e6d5acf0a2"
[0m15:48:49.665321 [info ] [Thread-1 (]: 27 of 29 START test unique_dim_store_store_code ................................ [RUN]
[0m15:48:49.667858 [debug] [Thread-1 (]: Re-using an available connection from the pool (formerly test.lab10.unique_dim_product_product_code.2ff659b986, now test.lab10.unique_dim_store_store_code.d0eb5264c5)
[0m15:48:49.669396 [debug] [Thread-1 (]: Began compiling node test.lab10.unique_dim_store_store_code.d0eb5264c5
[0m15:48:49.680501 [debug] [Thread-1 (]: Writing injected SQL for node "test.lab10.unique_dim_store_store_code.d0eb5264c5"
[0m15:48:49.683876 [debug] [Thread-2 (]: Began executing node test.lab10.unique_dim_promotion_promotion_key.6ffd828ac6
[0m15:48:49.685266 [debug] [Thread-4 (]: Using postgres connection "test.lab10.unique_dim_promotion_promo_code.e6d5acf0a2"
[0m15:48:49.686389 [debug] [Thread-3 (]: SQL status: SELECT 1 in 0.034 seconds
[0m15:48:49.692156 [debug] [Thread-2 (]: Writing runtime sql for node "test.lab10.unique_dim_promotion_promotion_key.6ffd828ac6"
[0m15:48:49.694027 [debug] [Thread-4 (]: On test.lab10.unique_dim_promotion_promo_code.e6d5acf0a2: /* {"app": "dbt", "dbt_version": "1.11.12", "profile_name": "lab10", "target_name": "dev", "node_id": "test.lab10.unique_dim_promotion_promo_code.e6d5acf0a2"} */

    
    select
      count(*) as failures,
      count(*) != 0 as should_warn,
      count(*) != 0 as should_error
    from (
      
    
  
    
    

select
    promo_code as unique_field,
    count(*) as n_records

from "lab10"."warehouse"."dim_promotion"
where promo_code is not null
group by promo_code
having count(*) > 1



  
  
      
    ) dbt_internal_test
[0m15:48:49.698730 [debug] [Thread-3 (]: On test.lab10.unique_dim_product_product_key.1753236bd0: ROLLBACK
[0m15:48:49.700552 [debug] [Thread-1 (]: Began executing node test.lab10.unique_dim_store_store_code.d0eb5264c5
[0m15:48:49.702347 [debug] [Thread-4 (]: Opening a new connection, currently in state closed
[0m15:48:49.708779 [debug] [Thread-1 (]: Writing runtime sql for node "test.lab10.unique_dim_store_store_code.d0eb5264c5"
[0m15:48:49.710089 [debug] [Thread-3 (]: On test.lab10.unique_dim_product_product_key.1753236bd0: Close
[0m15:48:49.714725 [info ] [Thread-3 (]: 24 of 29 PASS unique_dim_product_product_key ................................... [[32mPASS[0m in 0.17s]
[0m15:48:49.717636 [debug] [Thread-3 (]: Finished running node test.lab10.unique_dim_product_product_key.1753236bd0
[0m15:48:49.719351 [debug] [Thread-3 (]: Began running node test.lab10.unique_dim_store_store_key.9baa94554a
[0m15:48:49.722386 [debug] [Thread-2 (]: Using postgres connection "test.lab10.unique_dim_promotion_promotion_key.6ffd828ac6"
[0m15:48:49.721012 [info ] [Thread-3 (]: 28 of 29 START test unique_dim_store_store_key ................................. [RUN]
[0m15:48:49.724862 [debug] [Thread-2 (]: On test.lab10.unique_dim_promotion_promotion_key.6ffd828ac6: /* {"app": "dbt", "dbt_version": "1.11.12", "profile_name": "lab10", "target_name": "dev", "node_id": "test.lab10.unique_dim_promotion_promotion_key.6ffd828ac6"} */

    
    select
      count(*) as failures,
      count(*) != 0 as should_warn,
      count(*) != 0 as should_error
    from (
      
    
  
    
    

select
    promotion_key as unique_field,
    count(*) as n_records

from "lab10"."warehouse"."dim_promotion"
where promotion_key is not null
group by promotion_key
having count(*) > 1



  
  
      
    ) dbt_internal_test
[0m15:48:49.726596 [debug] [Thread-1 (]: Using postgres connection "test.lab10.unique_dim_store_store_code.d0eb5264c5"
[0m15:48:49.727716 [debug] [Thread-3 (]: Re-using an available connection from the pool (formerly test.lab10.unique_dim_product_product_key.1753236bd0, now test.lab10.unique_dim_store_store_key.9baa94554a)
[0m15:48:49.728945 [debug] [Thread-4 (]: SQL status: SELECT 1 in 0.027 seconds
[0m15:48:49.729948 [debug] [Thread-2 (]: Opening a new connection, currently in state closed
[0m15:48:49.731853 [debug] [Thread-1 (]: On test.lab10.unique_dim_store_store_code.d0eb5264c5: /* {"app": "dbt", "dbt_version": "1.11.12", "profile_name": "lab10", "target_name": "dev", "node_id": "test.lab10.unique_dim_store_store_code.d0eb5264c5"} */

    
    select
      count(*) as failures,
      count(*) != 0 as should_warn,
      count(*) != 0 as should_error
    from (
      
    
  
    
    

select
    store_code as unique_field,
    count(*) as n_records

from "lab10"."warehouse"."dim_store"
where store_code is not null
group by store_code
having count(*) > 1



  
  
      
    ) dbt_internal_test
[0m15:48:49.733726 [debug] [Thread-3 (]: Began compiling node test.lab10.unique_dim_store_store_key.9baa94554a
[0m15:48:49.738834 [debug] [Thread-4 (]: On test.lab10.unique_dim_promotion_promo_code.e6d5acf0a2: ROLLBACK
[0m15:48:49.741000 [debug] [Thread-1 (]: Opening a new connection, currently in state closed
[0m15:48:49.759770 [debug] [Thread-4 (]: On test.lab10.unique_dim_promotion_promo_code.e6d5acf0a2: Close
[0m15:48:49.763785 [debug] [Thread-3 (]: Writing injected SQL for node "test.lab10.unique_dim_store_store_key.9baa94554a"
[0m15:48:49.765779 [debug] [Thread-2 (]: SQL status: SELECT 1 in 0.036 seconds
[0m15:48:49.768738 [info ] [Thread-4 (]: 25 of 29 PASS unique_dim_promotion_promo_code .................................. [[32mPASS[0m in 0.16s]
[0m15:48:49.774346 [debug] [Thread-2 (]: On test.lab10.unique_dim_promotion_promotion_key.6ffd828ac6: ROLLBACK
[0m15:48:49.776573 [debug] [Thread-4 (]: Finished running node test.lab10.unique_dim_promotion_promo_code.e6d5acf0a2
[0m15:48:49.778490 [debug] [Thread-2 (]: On test.lab10.unique_dim_promotion_promotion_key.6ffd828ac6: Close
[0m15:48:49.780011 [debug] [Thread-4 (]: Began running node test.lab10.unique_fct_sales_sales_key.af4741ce89
[0m15:48:49.782790 [info ] [Thread-2 (]: 26 of 29 PASS unique_dim_promotion_promotion_key ............................... [[32mPASS[0m in 0.15s]
[0m15:48:49.783695 [info ] [Thread-4 (]: 29 of 29 START test unique_fct_sales_sales_key ................................. [RUN]
[0m15:48:49.787116 [debug] [Thread-2 (]: Finished running node test.lab10.unique_dim_promotion_promotion_key.6ffd828ac6
[0m15:48:49.788666 [debug] [Thread-1 (]: SQL status: SELECT 1 in 0.047 seconds
[0m15:48:49.789736 [debug] [Thread-4 (]: Re-using an available connection from the pool (formerly test.lab10.unique_dim_promotion_promo_code.e6d5acf0a2, now test.lab10.unique_fct_sales_sales_key.af4741ce89)
[0m15:48:49.791901 [debug] [Thread-3 (]: Began executing node test.lab10.unique_dim_store_store_key.9baa94554a
[0m15:48:49.795112 [debug] [Thread-1 (]: On test.lab10.unique_dim_store_store_code.d0eb5264c5: ROLLBACK
[0m15:48:49.796633 [debug] [Thread-4 (]: Began compiling node test.lab10.unique_fct_sales_sales_key.af4741ce89
[0m15:48:49.804230 [debug] [Thread-3 (]: Writing runtime sql for node "test.lab10.unique_dim_store_store_key.9baa94554a"
[0m15:48:49.805816 [debug] [Thread-1 (]: On test.lab10.unique_dim_store_store_code.d0eb5264c5: Close
[0m15:48:49.816898 [debug] [Thread-4 (]: Writing injected SQL for node "test.lab10.unique_fct_sales_sales_key.af4741ce89"
[0m15:48:49.819217 [info ] [Thread-1 (]: 27 of 29 PASS unique_dim_store_store_code ...................................... [[32mPASS[0m in 0.15s]
[0m15:48:49.821320 [debug] [Thread-1 (]: Finished running node test.lab10.unique_dim_store_store_code.d0eb5264c5
[0m15:48:49.830785 [debug] [Thread-3 (]: Using postgres connection "test.lab10.unique_dim_store_store_key.9baa94554a"
[0m15:48:49.833208 [debug] [Thread-4 (]: Began executing node test.lab10.unique_fct_sales_sales_key.af4741ce89
[0m15:48:49.834636 [debug] [Thread-3 (]: On test.lab10.unique_dim_store_store_key.9baa94554a: /* {"app": "dbt", "dbt_version": "1.11.12", "profile_name": "lab10", "target_name": "dev", "node_id": "test.lab10.unique_dim_store_store_key.9baa94554a"} */

    
    select
      count(*) as failures,
      count(*) != 0 as should_warn,
      count(*) != 0 as should_error
    from (
      
    
  
    
    

select
    store_key as unique_field,
    count(*) as n_records

from "lab10"."warehouse"."dim_store"
where store_key is not null
group by store_key
having count(*) > 1



  
  
      
    ) dbt_internal_test
[0m15:48:49.843104 [debug] [Thread-4 (]: Writing runtime sql for node "test.lab10.unique_fct_sales_sales_key.af4741ce89"
[0m15:48:49.844946 [debug] [Thread-3 (]: Opening a new connection, currently in state closed
[0m15:48:49.859614 [debug] [Thread-3 (]: SQL status: SELECT 1 in 0.015 seconds
[0m15:48:49.860769 [debug] [Thread-4 (]: Using postgres connection "test.lab10.unique_fct_sales_sales_key.af4741ce89"
[0m15:48:49.864465 [debug] [Thread-3 (]: On test.lab10.unique_dim_store_store_key.9baa94554a: ROLLBACK
[0m15:48:49.866537 [debug] [Thread-4 (]: On test.lab10.unique_fct_sales_sales_key.af4741ce89: /* {"app": "dbt", "dbt_version": "1.11.12", "profile_name": "lab10", "target_name": "dev", "node_id": "test.lab10.unique_fct_sales_sales_key.af4741ce89"} */

    
    select
      count(*) as failures,
      count(*) != 0 as should_warn,
      count(*) != 0 as should_error
    from (
      
    
  
    
    

select
    sales_key as unique_field,
    count(*) as n_records

from "lab10"."warehouse"."fct_sales"
where sales_key is not null
group by sales_key
having count(*) > 1



  
  
      
    ) dbt_internal_test
[0m15:48:49.868408 [debug] [Thread-4 (]: Opening a new connection, currently in state closed
[0m15:48:49.869509 [debug] [Thread-3 (]: On test.lab10.unique_dim_store_store_key.9baa94554a: Close
[0m15:48:49.872234 [info ] [Thread-3 (]: 28 of 29 PASS unique_dim_store_store_key ....................................... [[32mPASS[0m in 0.14s]
[0m15:48:49.874143 [debug] [Thread-3 (]: Finished running node test.lab10.unique_dim_store_store_key.9baa94554a
[0m15:48:49.886604 [debug] [Thread-4 (]: SQL status: SELECT 1 in 0.018 seconds
[0m15:48:49.890297 [debug] [Thread-4 (]: On test.lab10.unique_fct_sales_sales_key.af4741ce89: ROLLBACK
[0m15:48:49.892248 [debug] [Thread-4 (]: On test.lab10.unique_fct_sales_sales_key.af4741ce89: Close
[0m15:48:49.894039 [info ] [Thread-4 (]: 29 of 29 PASS unique_fct_sales_sales_key ....................................... [[32mPASS[0m in 0.10s]
[0m15:48:49.895750 [debug] [Thread-4 (]: Finished running node test.lab10.unique_fct_sales_sales_key.af4741ce89
[0m15:48:49.900231 [debug] [MainThread]: On master: COMMIT
[0m15:48:49.901659 [debug] [MainThread]: Using postgres connection "master"
[0m15:48:49.902609 [debug] [MainThread]: On master: COMMIT
[0m15:48:49.903559 [debug] [MainThread]: Opening a new connection, currently in state closed
[0m15:48:49.916036 [debug] [MainThread]: SQL status: COMMIT in 0.012 seconds
[0m15:48:49.917220 [debug] [MainThread]: On master: Close
[0m15:48:49.918975 [debug] [MainThread]: Connection 'master' was properly closed.
[0m15:48:49.920062 [debug] [MainThread]: Connection 'test.lab10.unique_dim_store_store_code.d0eb5264c5' was properly closed.
[0m15:48:49.921019 [debug] [MainThread]: Connection 'test.lab10.unique_fct_sales_sales_key.af4741ce89' was properly closed.
[0m15:48:49.922021 [debug] [MainThread]: Connection 'test.lab10.unique_dim_store_store_key.9baa94554a' was properly closed.
[0m15:48:49.922956 [debug] [MainThread]: Connection 'test.lab10.unique_dim_promotion_promotion_key.6ffd828ac6' was properly closed.
[0m15:48:49.924128 [info ] [MainThread]: 
[0m15:48:49.925447 [info ] [MainThread]: Finished running 29 data tests in 0 hours 0 minutes and 1.73 seconds (1.73s).
[0m15:48:49.935509 [debug] [MainThread]: Command end result
[0m15:48:50.046775 [debug] [MainThread]: Wrote artifact WritableManifest to /opt/airflow/dbt/target/manifest.json
[0m15:48:50.058493 [debug] [MainThread]: Wrote artifact SemanticManifest to /opt/airflow/dbt/target/semantic_manifest.json
[0m15:48:50.085526 [debug] [MainThread]: Wrote artifact RunExecutionResult to /opt/airflow/dbt/target/run_results.json
[0m15:48:50.086939 [info ] [MainThread]: 
[0m15:48:50.088250 [info ] [MainThread]: [32mCompleted successfully[0m
[0m15:48:50.089593 [info ] [MainThread]: 
[0m15:48:50.090852 [info ] [MainThread]: Done. PASS=29 WARN=0 ERROR=0 SKIP=0 NO-OP=0 TOTAL=29
[0m15:48:50.093871 [debug] [MainThread]: Resource report: {"command_name": "test", "command_success": true, "command_wall_clock_time": 4.106111, "process_in_blocks": "0", "process_kernel_time": 0.653076, "process_mem_max_rss": "147264", "process_out_blocks": "0", "process_user_time": 7.123561}
[0m15:48:50.095256 [debug] [MainThread]: Command `dbt test` succeeded at 15:48:50.095015 after 4.11 seconds
[0m15:48:50.096294 [debug] [MainThread]: Sending event: {'category': 'dbt', 'action': 'invocation', 'label': 'end', 'context': [<snowplow_tracker.self_describing_json.SelfDescribingJson object at 0x7fd3987ec410>, <snowplow_tracker.self_describing_json.SelfDescribingJson object at 0x7fd396337b70>, <snowplow_tracker.self_describing_json.SelfDescribingJson object at 0x7fd3963378b0>]}
[0m15:48:50.097699 [debug] [MainThread]: Flushing usage events
[0m15:48:51.199657 [debug] [MainThread]: An error was encountered while trying to flush usage events
