order_id,order_date,shipped_date,delivered_date,product_code,product_name,category,size,unit_price,quantity,discount_amount,net_amount,cost_amount,margin_amount,customer_code,customer_name,store_code,store_name,staff_code,staff_name,payment_method,status
ORD202400001,2025-04-28,2025-04-28,2025-05-01,P003,Latte,Coffee,L,103.93,1,0.0,103.93,65.05,38.88,C0217,Thida Boonmee,ST005,Hatyai Center,EMP204,Eve,Cash,DELIVERED
ORD202400002,2025-04-02,,,P005,Mocha,Coffee,L,104.7,1,0.0,0.0,0.0,-55.38,C0435,Kanya Sukjai,ST006,Phuket Marina,EMP204,Eve,Credit Card,CANCELLED
ORD202400003,2024-01-31,2024-01-31,2024-02-03,P204,Bagel,Bakery,-,43.05,2,7.19,78.91,46.77,32.14,C0454,Kanya Boonmee,ST006,Phuket Marina,EMP200,Ann,Mobile Wallet,DELIVERED
ORD202400004,2025-03-27,2025-03-27,,P004,Cappuccino,Coffee,M,79.99,1,0.0,79.99,47.44,32.55,C0151,Napat Chantarangsu,ST002,Silom Complex,EMP205,Finn,Mobile Wallet,SHIPPED
ORD202400005,2024-02-11,2024-02-13,2024-02-15,P101,Green Tea,Tea,M,58.08,2,0.0,116.16,85.91,30.25,C0243,Anan Srikul,ST003,Chiang Mai One,EMP201,Ben,QR PromptPay,DELIVERED
ORD202400006,2025-05-20,,,P005,Mocha,Coffee,S,78.99,1,0.0,0.0,0.0,-47.15,C0356,Nicha Yodkaew,ST003,Chiang Mai One,EMP203,Dan,QR PromptPay,CANCELLED
ORD202400007,2025-01-23,2025-01-23,2025-01-27,P202,Cheesecake,Bakery,-,78.51,2,0.0,157.02,84.94,72.08,C0335,Suda Boonmee,ST004,Khon Kaen Mall,EMP203,Dan,QR PromptPay,DELIVERED
ORD202400008,2024-12-21,2024-12-21,2024-12-25,P005,Mocha,Coffee,L,108.51,3,0.0,325.53,243.36,82.17,C0252,Korn Chantarangsu,ST002,Silom Complex,EMP204,Eve,Cash,DELIVERED
ORD202400009,2024-09-18,2024-09-19,,P201,Croissant,Bakery,-,43.29,1,0.0,43.29,26.34,16.95,C0480,Korn Suwan,ST005,Hatyai Center,EMP204,Eve,Cash,SHIPPED
ORD202400010,2025-05-10,2025-05-12,2025-05-14,P002,Americano,Coffee,M,64.49,1,3.75,60.74,36.95,23.79,C0111,Wipa Suwan,ST001,Central Plaza,EMP200,Ann,Cash,DELIVERED
ORD202400011,2024-02-15,2024-02-16,2024-02-19,P101,Green Tea,Tea,S,51.2,1,10.8,40.4,33.76,6.64,C0253,Thanakorn Suwan,ST006,Phuket Marina,EMP205,Finn,Mobile Wallet,DELIVERED
ORD202400012,2024-02-01,2024-02-03,2024-02-07,P001,Espresso,Coffee,S,63.87,2,0.0,127.74,81.1,46.64,C0261,Napat Boonmee,ST002,Silom Complex,EMP203,Dan,QR PromptPay,DELIVERED
ORD202400013,2025-02-23,2025-02-23,2025-02-25,P201,Croissant,Bakery,-,46.01,1,0.0,46.01,28.81,17.2,C0030,Preecha Prasert,ST004,Khon Kaen Mall,EMP201,Ben,QR PromptPay,DELIVERED
ORD202400014,2024-07-04,,,P203,Brownie,Bakery,-,53.88,1,0.0,53.88,34.1,19.78,C0322,Suda Suwan,ST002,Silom Complex,EMP204,Eve,Cash,ORDERED
ORD202400015,2025-05-15,2025-05-15,2025-05-15,P001,Espresso,Coffee,M,72.7,3,0.0,218.1,118.73,99.37,C0144,Chanida Yodkaew,ST003,Chiang Mai One,EMP204,Eve,Credit Card,DELIVERED
ORD202400016,2025-05-21,2025-05-22,2025-05-22,P204,Bagel,Bakery,-,38.15,2,0.0,76.3,44.02,32.28,C0251,Wipa Prasert,ST006,Phuket Marina,EMP203,Dan,Cash,DELIVERED
ORD202400017,2025-01-18,2025-01-20,2025-01-22,P201,Croissant,Bakery,-,44.63,1,0.0,44.63,33.27,11.36,C0130,Chanida Yodkaew,ST004,Khon Kaen Mall,EMP203,Dan,QR PromptPay,DELIVERED
ORD202400018,2025-05-08,2025-05-09,2025-05-13,P203,Brownie,Bakery,-,53.21,2,0.0,106.42,78.84,27.58,C0461,Suda Yodkaew,ST006,Phuket Marina,EMP205,Finn,Cash,DELIVERED
ORD202400019,2025-02-03,2025-02-04,2025-02-08,P204,Bagel,Bakery,-,38.68,1,0.0,38.68,24.69,13.99,C0486,Thanakorn Suwan,ST006,Phuket Marina,EMP201,Ben,Cash,DELIVERED
ORD202400020,2024-06-06,2024-06-06,2024-06-06,P002,Americano,Coffee,M,72.45,1,0.0,72.45,49.81,22.64,C0429,Thanakorn Sukjai,ST002,Silom Complex,EMP200,Ann,Credit Card,DELIVERED
ORD202400021,2025-02-28,2025-02-28,2025-03-04,P204,Bagel,Bakery,-,38.25,1,0.0,38.25,28.55,9.7,C0052,Thida Sukjai,ST001,Central Plaza,EMP204,Eve,Cash,DELIVERED
ORD202400022,2025-03-09,2025-03-10,2025-03-14,P103,Thai Tea,Tea,L,77.9,1,10.82,67.08,54.57,12.51,C0484,Saran Thongchai,ST004,Khon Kaen Mall,EMP205,Finn,QR PromptPay,DELIVERED
ORD202400023,2024-07-22,2024-07-23,2024-07-26,P201,Croissant,Bakery,-,43.0,1,1.17,41.83,28.76,13.07,C0001,Wipa Sriwong,ST001,Central Plaza,EMP201,Ben,Cash,DELIVERED
ORD202400024,2025-02-07,2025-02-07,,P204,Bagel,Bakery,-,43.19,2,0.0,86.38,44.25,42.13,C0057,Saran Suwan,ST004,Khon Kaen Mall,EMP202,Cara,Credit Card,SHIPPED
ORD202400025,2024-10-16,2024-10-16,2024-10-19,P003,Latte,Coffee,L,105.71,2,27.2,184.22,141.51,42.71,C0001,Wipa Sriwong,ST001,Central Plaza,EMP204,Eve,QR PromptPay,DELIVERED
ORD202400026,2025-03-01,2025-03-03,2025-03-06,P102,Black Tea,Tea,S,52.54,3,33.6,124.02,92.52,31.5,C0129,Nicha Boonmee,ST002,Silom Complex,EMP201,Ben,Mobile Wallet,DELIVERED
ORD202400027,2025-01-05,2025-01-05,2025-01-07,P103,Thai Tea,Tea,L,77.73,2,34.46,121.0,85.02,35.98,C0024,Kanya Chantarangsu,ST006,Phuket Marina,EMP200,Ann,QR PromptPay,DELIVERED
ORD202400028,2025-02-27,,,P002,Americano,Coffee,S,58.91,2,0.0,117.82,67.64,50.18,C0384,Saran Suwan,ST005,Hatyai Center,EMP200,Ann,Mobile Wallet,ORDERED
ORD202400029,2025-02-05,2025-02-06,2025-02-08,P001,Espresso,Coffee,M,74.61,1,0.0,74.61,50.38,24.23,C0137,Wipa Bussaba,ST002,Silom Complex,EMP200,Ann,Cash,DELIVERED
ORD202400030,2024-07-10,,,P202,Cheesecake,Bakery,-,81.96,3,22.46,0.0,0.0,-127.07,C0041,Korn Suwan,ST002,Silom Complex,EMP204,Eve,QR PromptPay,CANCELLED
ORD202400031,2024-09-02,2024-09-03,2024-09-07,P103,Thai Tea,Tea,L,78.39,1,0.0,78.39,45.92,32.47,C0160,Korn Sriwong,ST006,Phuket Marina,EMP203,Dan,QR PromptPay,DELIVERED
ORD202400032,2024-11-02,2024-11-02,2024-11-03,P005,Mocha,Coffee,L,108.27,2,48.56,167.98,121.0,46.98,C0182,Chanida Chantarangsu,ST006,Phuket Marina,EMP205,Finn,Credit Card,DELIVERED
ORD202400033,2024-01-14,2024-01-14,,P001,Espresso,Coffee,S,63.68,1,0.0,63.68,42.24,21.44,C0491,Saran Sriwong,ST003,Chiang Mai One,EMP204,Eve,Mobile Wallet,SHIPPED
ORD202400034,2024-03-25,2024-03-25,2024-03-28,P002,Americano,Coffee,L,76.87,1,0.0,76.87,43.88,32.99,C0245,Preecha Prasert,ST003,Chiang Mai One,EMP203,Dan,Credit Card,DELIVERED
ORD202400035,2024-08-27,2024-08-27,2024-08-31,P102,Black Tea,Tea,M,64.05,2,0.0,128.1,95.91,32.19,C0427,Korn Srikul,ST002,Silom Complex,EMP200,Ann,Mobile Wallet,DELIVERED
ORD202400036,2025-03-06,2025-03-06,2025-03-10,P202,Cheesecake,Bakery,-,86.83,1,12.2,74.63,45.63,29.0,C0474,Korn Boonmee,ST004,Khon Kaen Mall,EMP202,Cara,Credit Card,DELIVERED
ORD202400037,2024-08-24,,,P005,Mocha,Coffee,S,77.02,3,55.44,0.0,0.0,-121.48,C0342,Korn Bussaba,ST005,Hatyai Center,EMP201,Ben,Mobile Wallet,CANCELLED
ORD202400038,2024-02-05,2024-02-05,2024-02-05,P003,Latte,Coffee,L,96.72,2,0.0,193.44,121.68,71.76,C0498,Anan Prasert,ST006,Phuket Marina,EMP201,Ben,QR PromptPay,DELIVERED
ORD202400039,2024-07-28,2024-07-29,2024-07-30,P102,Black Tea,Tea,L,67.67,2,23.62,111.72,74.67,37.05,C0086,Wipa Sukjai,ST006,Phuket Marina,EMP201,Ben,Mobile Wallet,DELIVERED
ORD202400040,2024-01-01,2024-01-01,2024-01-03,P005,Mocha,Coffee,M,91.12,1,19.65,71.47,45.59,25.88,C0389,Kanya Boonmee,ST006,Phuket Marina,EMP201,Ben,Mobile Wallet,DELIVERED
ORD202400041,2024-08-23,2024-08-23,2024-08-24,P201,Croissant,Bakery,-,45.0,1,0.0,45.0,31.96,13.04,C0121,Wipa Yodkaew,ST002,Silom Complex,EMP204,Eve,Credit Card,DELIVERED
ORD202400042,2024-09-19,2024-09-19,2024-09-23,P204,Bagel,Bakery,-,39.45,3,0.0,118.35,65.93,52.42,C0196,Preecha Boonmee,ST005,Hatyai Center,EMP205,Finn,Mobile Wallet,DELIVERED
ORD202400043,2024-09-08,,,P004,Cappuccino,Coffee,L,93.81,1,0.0,0.0,0.0,-50.43,C0232,Preecha Suwan,ST001,Central Plaza,EMP204,Eve,Mobile Wallet,CANCELLED
ORD202400044,2025-05-16,,,P002,Americano,Coffee,S,53.39,1,2.51,50.88,27.11,23.77,C0195,Suda Boonmee,ST003,Chiang Mai One,EMP203,Dan,Cash,ORDERED
ORD202400045,2024-05-11,2024-05-12,2024-05-12,P203,Brownie,Bakery,-,52.15,1,0.0,52.15,33.77,18.38,C0241,Thanakorn Chantarangsu,ST004,Khon Kaen Mall,EMP201,Ben,Credit Card,DELIVERED
ORD202400046,2024-12-04,2024-12-04,2024-12-08,P103,Thai Tea,Tea,M,71.15,1,13.75,57.4,50.79,6.61,C0112,Preecha Srikul,ST001,Central Plaza,EMP203,Dan,Cash,DELIVERED
ORD202400047,2024-11-25,2024-11-25,2024-11-26,P202,Cheesecake,Bakery,-,81.45,3,0.0,244.35,144.26,100.09,C0214,Suda Chantarangsu,ST004,Khon Kaen Mall,EMP204,Eve,QR PromptPay,DELIVERED
ORD202400048,2024-11-24,,,P203,Brownie,Bakery,-,53.49,1,5.54,0.0,0.0,-30.99,C0304,Napat Yodkaew,ST002,Silom Complex,EMP200,Ann,Cash,CANCELLED
ORD202400049,2024-07-08,2024-07-08,2024-07-11,P203,Brownie,Bakery,-,47.72,2,3.95,91.49,65.02,26.47,C0422,Suda Sukjai,ST005,Hatyai Center,EMP203,Dan,Mobile Wallet,DELIVERED
ORD202400050,2025-04-30,,,P202,Cheesecake,Bakery,-,79.81,1,0.0,79.81,42.42,37.39,C0163,Korn Srikul,ST001,Central Plaza,EMP200,Ann,Mobile Wallet,ORDERED
ORD202400051,2024-04-04,,,P204,Bagel,Bakery,-,42.16,1,0.0,0.0,0.0,-31.53,C0353,Wipa Yodkaew,ST006,Phuket Marina,EMP204,Eve,Mobile Wallet,CANCELLED
ORD202400052,2025-06-26,2025-06-26,2025-06-30,P101,Green Tea,Tea,M,57.15,1,0.0,57.15,30.39,26.76,C0122,Wipa Prasert,ST003,Chiang Mai One,EMP201,Ben,Mobile Wallet,DELIVERED
ORD202400053,2024-12-05,2024-12-06,2024-12-09,P003,Latte,Coffee,L,100.98,1,1.28,99.7,65.5,34.2,C0403,Preecha Sriwong,ST006,Phuket Marina,EMP202,Cara,Mobile Wallet,DELIVERED
ORD202400054,2024-01-10,2024-01-12,2024-01-13,P002,Americano,Coffee,S,59.15,1,0.0,59.15,33.0,26.15,C0436,Kanya Srikul,ST004,Khon Kaen Mall,EMP202,Cara,Credit Card,DELIVERED
ORD202400055,2024-10-29,2024-10-31,2024-11-02,P203,Brownie,Bakery,-,52.08,1,0.0,52.08,34.86,17.22,C0316,Preecha Thongchai,ST004,Khon Kaen Mall,EMP203,Dan,Mobile Wallet,DELIVERED
ORD202400056,2025-06-20,,,P001,Espresso,Coffee,L,89.36,2,0.0,0.0,0.0,-112.35,C0326,Anan Prasert,ST006,Phuket Marina,EMP203,Dan,Credit Card,CANCELLED
ORD202400057,2024-10-11,2024-10-12,2024-10-13,P101,Green Tea,Tea,M,64.16,1,0.0,64.16,33.59,30.57,C0386,Nicha Bussaba,ST001,Central Plaza,EMP205,Finn,Cash,DELIVERED
ORD202400058,2024-03-22,2024-03-24,,P102,Black Tea,Tea,L,73.67,1,0.0,73.67,40.12,33.55,C0259,Suda Sukjai,ST005,Hatyai Center,EMP201,Ben,Credit Card,SHIPPED
ORD202400059,2024-12-17,2024-12-19,2024-12-21,P201,Croissant,Bakery,-,48.91,3,17.23,129.5,100.27,29.23,C0107,Thida Suwan,ST005,Hatyai Center,EMP201,Ben,Credit Card,DELIVERED
ORD202400060,2025-06-02,,,P101,Green Tea,Tea,S,53.06,1,0.0,53.06,36.92,16.14,C0170,Chanida Bussaba,ST003,Chiang Mai One,EMP204,Eve,Credit Card,ORDERED
ORD202400061,2024-10-01,2024-10-01,,P002,Americano,Coffee,L,83.59,1,0.0,83.59,58.47,25.12,C0030,Preecha Prasert,ST004,Khon Kaen Mall,EMP205,Finn,Credit Card,SHIPPED
ORD202400062,2024-01-13,2024-01-15,2024-01-19,P004,Cappuccino,Coffee,L,104.03,1,0.0,104.03,61.82,42.21,C0080,Anan Sriwong,ST006,Phuket Marina,EMP202,Cara,Mobile Wallet,DELIVERED
ORD202400063,2024-06-23,2024-06-23,2024-06-26,P103,Thai Tea,Tea,L,77.71,2,0.0,155.42,100.28,55.14,C0226,Korn Bussaba,ST001,Central Plaza,EMP203,Dan,Cash,DELIVERED
ORD202400064,2024-09-12,,,P103,Thai Tea,Tea,M,71.96,1,6.79,65.17,43.07,22.1,C0051,Thida Boonmee,ST001,Central Plaza,EMP201,Ben,QR PromptPay,ORDERED
ORD202400065,2025-01-08,,,P005,Mocha,Coffee,M,87.7,1,20.94,66.76,49.19,17.57,C0226,Korn Bussaba,ST005,Hatyai Center,EMP200,Ann,QR PromptPay,ORDERED
ORD202400066,2025-04-26,2025-04-26,2025-04-28,P002,Americano,Coffee,S,58.47,2,5.91,111.03,63.9,47.13,C0413,Nicha Sukjai,ST002,Silom Complex,EMP203,Dan,QR PromptPay,DELIVERED
ORD202400067,2024-01-25,2024-01-27,2024-01-29,P002,Americano,Coffee,M,65.27,1,0.0,65.27,48.29,16.98,C0168,Kanya Chantarangsu,ST003,Chiang Mai One,EMP204,Eve,Credit Card,DELIVERED
ORD202400068,2024-05-17,2024-05-17,2024-05-21,P201,Croissant,Bakery,-,43.5,1,8.32,35.18,31.28,3.9,C0003,Kanya Chantarangsu,ST005,Hatyai Center,EMP204,Eve,QR PromptPay,DELIVERED
ORD202400069,2025-06-04,2025-06-05,2025-06-05,P204,Bagel,Bakery,-,43.89,1,1.51,42.38,25.29,17.09,C0031,Suda Sriwong,ST002,Silom Complex,EMP203,Dan,Cash,DELIVERED
ORD202400070,2024-12-02,2024-12-03,2024-12-03,P004,Cappuccino,Coffee,L,105.53,2,0.0,211.06,114.25,96.81,C0170,Chanida Bussaba,ST001,Central Plaza,EMP202,Cara,Credit Card,DELIVERED
ORD202400071,2024-11-14,2024-11-16,2024-11-18,P203,Brownie,Bakery,-,53.89,1,0.0,53.89,30.93,22.96,C0053,Thida Sriwong,ST002,Silom Complex,EMP201,Ben,Cash,DELIVERED
ORD202400072,2025-02-25,2025-02-27,2025-02-27,P204,Bagel,Bakery,-,42.56,1,10.02,32.54,22.56,9.98,C0455,Napat Sukjai,ST005,Hatyai Center,EMP202,Cara,QR PromptPay,DELIVERED
ORD202400073,2025-04-07,2025-04-09,,P102,Black Tea,Tea,S,49.48,1,5.12,44.36,30.3,14.06,C0191,Somchai Bussaba,ST006,Phuket Marina,EMP203,Dan,Mobile Wallet,SHIPPED
ORD202400074,2024-10-19,2024-10-20,,P004,Cappuccino,Coffee,M,90.53,2,0.0,181.06,105.89,75.17,C0428,Thanakorn Chantarangsu,ST006,Phuket Marina,EMP205,Finn,Cash,SHIPPED
ORD202400075,2024-03-29,2024-03-29,2024-03-31,P203,Brownie,Bakery,-,49.34,1,0.0,49.34,35.62,13.72,C0391,Suda Prasert,ST002,Silom Complex,EMP204,Eve,Cash,DELIVERED
ORD202400076,2024-10-16,,,P001,Espresso,Coffee,S,61.42,1,0.0,61.42,37.38,24.04,C0046,Kanya Chantarangsu,ST001,Central Plaza,EMP205,Finn,QR PromptPay,ORDERED
ORD202400077,2025-06-03,2025-06-04,,P204,Bagel,Bakery,-,38.75,1,0.0,38.75,28.61,10.14,C0374,Anan Thongchai,ST006,Phuket Marina,EMP205,Finn,Credit Card,SHIPPED
ORD202400078,2024-03-26,2024-03-28,2024-04-01,P203,Brownie,Bakery,-,49.06,1,0.37,48.69,25.99,22.7,C0449,Anan Sukjai,ST006,Phuket Marina,EMP204,Eve,Credit Card,DELIVERED
ORD202400079,2024-12-26,2024-12-26,2024-12-26,P102,Black Tea,Tea,L,71.38,2,0.0,142.76,90.36,52.4,C0155,Napat Boonmee,ST005,Hatyai Center,EMP205,Finn,QR PromptPay,DELIVERED
ORD202400080,2025-03-28,2025-03-30,2025-04-01,P203,Brownie,Bakery,-,53.06,2,0.0,106.12,57.12,49.0,C0382,Korn Bussaba,ST003,Chiang Mai One,EMP203,Dan,Cash,DELIVERED
ORD202400081,2024-01-30,2024-02-01,2024-02-05,P101,Green Tea,Tea,L,70.1,1,0.0,70.1,45.96,24.14,C0481,Wipa Suwan,ST002,Silom Complex,EMP203,Dan,Cash,DELIVERED
ORD202400082,2025-02-15,2025-02-15,2025-02-16,P005,Mocha,Coffee,L,114.3,1,0.0,114.3,75.41,38.89,C0384,Saran Suwan,ST004,Khon Kaen Mall,EMP205,Finn,QR PromptPay,DELIVERED
ORD202400083,2024-08-24,2024-08-24,2024-08-26,P102,Black Tea,Tea,S,47.97,1,0.0,47.97,25.53,22.44,C0098,Korn Sukjai,ST004,Khon Kaen Mall,EMP202,Cara,Mobile Wallet,DELIVERED
ORD202400084,2024-06-14,2024-06-15,2024-06-15,P003,Latte,Coffee,S,76.18,1,13.83,62.35,46.87,15.48,C0426,Korn Chantarangsu,ST005,Hatyai Center,EMP200,Ann,QR PromptPay,DELIVERED
ORD202400085,2025-06-22,,,P005,Mocha,Coffee,S,81.94,1,3.63,0.0,0.0,-54.86,C0102,Anan Prasert,ST004,Khon Kaen Mall,EMP203,Dan,Cash,CANCELLED
ORD202400086,2024-05-31,2024-06-02,2024-06-05,P004,Cappuccino,Coffee,S,71.22,2,0.0,142.44,97.91,44.53,C0169,Korn Thongchai,ST003,Chiang Mai One,EMP201,Ben,Cash,DELIVERED
ORD202400087,2025-02-05,2025-02-07,2025-02-11,P203,Brownie,Bakery,-,49.77,2,0.0,99.54,58.89,40.65,C0002,Nicha Suwan,ST001,Central Plaza,EMP201,Ben,Credit Card,DELIVERED
ORD202400088,2024-06-29,2024-06-30,2024-07-02,P102,Black Tea,Tea,S,52.9,1,0.0,52.9,38.45,14.45,C0106,Thanakorn Sriwong,ST003,Chiang Mai One,EMP201,Ben,Mobile Wallet,DELIVERED
ORD202400089,2025-03-27,2025-03-27,2025-03-27,P202,Cheesecake,Bakery,-,80.9,1,0.0,80.9,42.99,37.91,C0255,Thanakorn Srikul,ST004,Khon Kaen Mall,EMP201,Ben,Cash,DELIVERED
ORD202400090,2024-03-29,2024-03-31,2024-04-03,P002,Americano,Coffee,S,57.72,2,9.42,106.02,63.43,42.59,C0210,Thanakorn Yodkaew,ST005,Hatyai Center,EMP205,Finn,Mobile Wallet,DELIVERED
ORD202400091,2024-06-02,2024-06-02,2024-06-06,P003,Latte,Coffee,L,102.92,1,7.08,95.84,55.03,40.81,C0244,Napat Yodkaew,ST002,Silom Complex,EMP200,Ann,Credit Card,DELIVERED
ORD202400092,2025-02-23,2025-02-25,2025-02-28,P102,Black Tea,Tea,L,68.63,3,0.0,205.89,139.05,66.84,C0496,Napat Yodkaew,ST001,Central Plaza,EMP205,Finn,Mobile Wallet,DELIVERED
ORD202400093,2024-08-28,,,P002,Americano,Coffee,L,80.37,1,19.61,0.0,0.0,-48.22,C0248,Thanakorn Suwan,ST003,Chiang Mai One,EMP203,Dan,Cash,CANCELLED
ORD202400094,2024-07-16,2024-07-17,2024-07-21,P004,Cappuccino,Coffee,S,70.7,2,0.0,141.4,92.27,49.13,C0290,Suda Boonmee,ST002,Silom Complex,EMP201,Ben,Credit Card,DELIVERED
ORD202400095,2024-08-29,2024-08-30,2024-09-03,P005,Mocha,Coffee,M,89.85,2,0.0,179.7,111.86,67.84,C0349,Preecha Yodkaew,ST001,Central Plaza,EMP204,Eve,Mobile Wallet,DELIVERED
ORD202400096,2025-05-26,2025-05-28,2025-06-01,P203,Brownie,Bakery,-,54.35,1,0.0,54.35,38.63,15.72,C0255,Thanakorn Srikul,ST001,Central Plaza,EMP200,Ann,Mobile Wallet,DELIVERED
ORD202400097,2025-01-17,2025-01-17,2025-01-20,P102,Black Tea,Tea,S,53.22,2,0.0,106.44,65.37,41.07,C0185,Somchai Sriwong,ST005,Hatyai Center,EMP202,Cara,Cash,DELIVERED
ORD202400098,2024-06-05,2024-06-05,2024-06-06,P201,Croissant,Bakery,-,44.49,1,0.0,44.49,26.81,17.68,C0098,Korn Sukjai,ST005,Hatyai Center,EMP201,Ben,QR PromptPay,DELIVERED
ORD202400099,2024-03-14,,,P001,Espresso,Coffee,L,81.91,3,20.65,225.08,171.86,53.22,C0020,Thanakorn Prasert,ST004,Khon Kaen Mall,EMP205,Finn,Cash,ORDERED
ORD202400100,2024-06-05,2024-06-05,,P203,Brownie,Bakery,-,53.31,2,10.4,96.22,79.93,16.29,C0149,Suda Suwan,ST006,Phuket Marina,EMP201,Ben,QR PromptPay,SHIPPED
ORD202400101,2024-12-04,,,P102,Black Tea,Tea,L,70.94,1,0.0,0.0,0.0,-52.86,C0479,Kanya Prasert,ST001,Central Plaza,EMP201,Ben,Credit Card,CANCELLED
ORD202400102,2025-03-07,,,P003,Latte,Coffee,L,95.13,2,42.09,148.17,126.69,21.48,C0432,Wipa Sriwong,ST003,Chiang Mai One,EMP201,Ben,Mobile Wallet,ORDERED
ORD202400103,2024-04-06,2024-04-06,2024-04-09,P005,Mocha,Coffee,M,96.74,2,0.0,193.48,123.45,70.03,C0371,Thida Sriwong,ST003,Chiang Mai One,EMP201,Ben,QR PromptPay,DELIVERED
ORD202400104,2025-06-25,,,P001,Espresso,Coffee,M,75.45,1,0.0,75.45,47.47,27.98,C0119,Nicha Suwan,ST001,Central Plaza,EMP205,Finn,Cash,ORDERED
ORD202400105,2025-06-17,,,P004,Cappuccino,Coffee,L,103.8,1,11.97,0.0,0.0,-62.92,C0003,Kanya Chantarangsu,ST002,Silom Complex,EMP200,Ann,Cash,CANCELLED
ORD202400106,2024-07-11,2024-07-13,2024-07-15,P101,Green Tea,Tea,S,52.54,2,0.0,105.08,74.4,30.68,C0372,Nicha Srikul,ST004,Khon Kaen Mall,EMP202,Cara,QR PromptPay,DELIVERED
ORD202400107,2025-02-12,2025-02-12,2025-02-12,P003,Latte,Coffee,M,83.85,1,0.0,83.85,52.22,31.63,C0308,Nicha Prasert,ST004,Khon Kaen Mall,EMP200,Ann,Credit Card,DELIVERED
ORD202400108,2024-02-22,,,P004,Cappuccino,Coffee,L,106.02,3,42.45,0.0,0.0,-164.4,C0444,Somchai Boonmee,ST003,Chiang Mai One,EMP202,Cara,Credit Card,CANCELLED
ORD202400109,2024-08-26,2024-08-28,2024-09-01,P005,Mocha,Coffee,S,71.26,1,0.0,71.26,36.25,35.01,C0375,Napat Boonmee,ST002,Silom Complex,EMP201,Ben,Mobile Wallet,DELIVERED
ORD202400110,2024-03-21,2024-03-22,2024-03-26,P003,Latte,Coffee,L,95.57,1,0.0,95.57,67.45,28.12,C0434,Thida Chantarangsu,ST004,Khon Kaen Mall,EMP205,Finn,Credit Card,DELIVERED
ORD202400111,2024-08-03,2024-08-03,2024-08-05,P102,Black Tea,Tea,M,57.83,1,0.0,57.83,32.64,25.19,C0204,Kanya Boonmee,ST005,Hatyai Center,EMP201,Ben,Cash,DELIVERED
ORD202400112,2024-09-10,2024-09-11,,P101,Green Tea,Tea,S,53.13,2,0.0,106.26,58.95,47.31,C0398,Kanya Srikul,ST004,Khon Kaen Mall,EMP201,Ben,Cash,SHIPPED
ORD202400113,2024-01-24,2024-01-26,2024-01-29,P102,Black Tea,Tea,L,67.75,2,5.97,129.53,73.69,55.84,C0222,Wipa Suwan,ST002,Silom Complex,EMP203,Dan,Credit Card,DELIVERED
ORD202400114,2025-05-16,2025-05-17,2025-05-21,P003,Latte,Coffee,S,67.94,3,0.0,203.82,124.78,79.04,C0159,Preecha Sriwong,ST005,Hatyai Center,EMP204,Eve,QR PromptPay,DELIVERED
ORD202400115,2025-05-31,2025-05-31,2025-05-31,P005,Mocha,Coffee,S,81.07,3,13.43,229.78,161.5,68.28,C0122,Wipa Prasert,ST004,Khon Kaen Mall,EMP205,Finn,QR PromptPay,DELIVERED
ORD202400116,2024-09-10,,,P102,Black Tea,Tea,S,51.63,1,0.0,0.0,0.0,-34.99,C0138,Kanya Suwan,ST005,Hatyai Center,EMP200,Ann,Cash,CANCELLED
ORD202400117,2024-06-06,2024-06-07,2024-06-07,P103,Thai Tea,Tea,L,80.1,1,0.0,80.1,45.26,34.84,C0223,Anan Prasert,ST004,Khon Kaen Mall,EMP205,Finn,Credit Card,DELIVERED
ORD202400118,2024-03-13,2024-03-14,2024-03-16,P203,Brownie,Bakery,-,51.71,2,0.0,103.42,58.71,44.71,C0246,Korn Chantarangsu,ST006,Phuket Marina,EMP201,Ben,QR PromptPay,DELIVERED
ORD202400119,2024-11-22,2024-11-24,2024-11-27,P202,Cheesecake,Bakery,-,84.12,1,0.02,84.1,46.52,37.58,C0158,Thanakorn Prasert,ST003,Chiang Mai One,EMP205,Finn,QR PromptPay,DELIVERED
ORD202400120,2025-04-03,,,P005,Mocha,Coffee,M,97.52,1,0.0,0.0,0.0,-60.37,C0483,Korn Yodkaew,ST002,Silom Complex,EMP202,Cara,Mobile Wallet,CANCELLED
ORD202400121,2024-06-13,2024-06-15,,P002,Americano,Coffee,L,75.64,3,0.0,226.92,124.55,102.37,C0131,Thida Boonmee,ST002,Silom Complex,EMP204,Eve,QR PromptPay,SHIPPED
ORD202400122,2024-04-23,,,P002,Americano,Coffee,M,63.68,1,0.0,63.68,34.64,29.04,C0232,Preecha Suwan,ST001,Central Plaza,EMP201,Ben,Cash,ORDERED
ORD202400123,2024-06-23,2024-06-24,2024-06-25,P203,Brownie,Bakery,-,53.95,1,0.0,53.95,27.72,26.23,C0145,Saran Suwan,ST003,Chiang Mai One,EMP202,Cara,Cash,DELIVERED
ORD202400124,2024-04-22,,,P004,Cappuccino,Coffee,L,102.07,1,0.0,102.07,74.76,27.31,C0233,Somchai Bussaba,ST006,Phuket Marina,EMP200,Ann,QR PromptPay,ORDERED
ORD202400125,2024-03-03,2024-03-05,2024-03-08,P004,Cappuccino,Coffee,L,94.68,1,0.0,94.68,50.23,44.45,C0255,Thanakorn Srikul,ST001,Central Plaza,EMP205,Finn,Cash,DELIVERED
ORD202400126,2024-10-14,2024-10-14,2024-10-15,P101,Green Tea,Tea,L,75.11,2,0.0,150.22,76.77,73.45,C0117,Somchai Sriwong,ST006,Phuket Marina,EMP201,Ben,Mobile Wallet,DELIVERED
ORD202400127,2024-11-10,2024-11-10,2024-11-12,P202,Cheesecake,Bakery,-,87.38,1,0.0,87.38,47.41,39.97,C0117,Somchai Sriwong,ST001,Central Plaza,EMP204,Eve,Mobile Wallet,DELIVERED
ORD202400128,2025-06-14,2025-06-15,2025-06-15,P103,Thai Tea,Tea,L,78.85,1,0.0,78.85,47.26,31.59,C0479,Kanya Prasert,ST005,Hatyai Center,EMP204,Eve,Credit Card,DELIVERED
ORD202400129,2024-04-15,2024-04-17,2024-04-19,P203,Brownie,Bakery,-,49.91,1,10.81,39.1,32.31,6.79,C0371,Thida Sriwong,ST001,Central Plaza,EMP200,Ann,QR PromptPay,DELIVERED
ORD202400130,2024-12-11,2024-12-13,2024-12-14,P102,Black Tea,Tea,L,71.03,2,0.0,142.06,104.16,37.9,C0104,Preecha Bussaba,ST002,Silom Complex,EMP203,Dan,Credit Card,DELIVERED
ORD202400131,2024-11-06,2024-11-07,2024-11-08,P004,Cappuccino,Coffee,L,99.73,3,0.0,299.19,198.87,100.32,C0068,Thida Thongchai,ST004,Khon Kaen Mall,EMP201,Ben,QR PromptPay,DELIVERED
ORD202400132,2024-07-25,2024-07-27,2024-07-28,P203,Brownie,Bakery,-,50.09,1,2.08,48.01,34.1,13.91,C0229,Wipa Prasert,ST004,Khon Kaen Mall,EMP200,Ann,QR PromptPay,DELIVERED
ORD202400133,2025-02-16,2025-02-16,2025-02-19,P005,Mocha,Coffee,S,77.58,2,32.07,123.09,113.56,9.53,C0183,Wipa Yodkaew,ST003,Chiang Mai One,EMP200,Ann,Credit Card,DELIVERED
ORD202400134,2025-05-31,2025-06-02,2025-06-02,P202,Cheesecake,Bakery,-,76.63,2,0.0,153.26,112.03,41.23,C0430,Nicha Chantarangsu,ST005,Hatyai Center,EMP201,Ben,Credit Card,DELIVERED
ORD202400135,2025-01-06,2025-01-06,2025-01-10,P003,Latte,Coffee,M,80.29,3,0.0,240.87,122.03,118.84,C0452,Chanida Chantarangsu,ST006,Phuket Marina,EMP202,Cara,QR PromptPay,DELIVERED
ORD202400136,2024-09-11,2024-09-13,2024-09-14,P203,Brownie,Bakery,-,51.22,1,10.07,41.15,29.84,11.31,C0141,Thanakorn Suwan,ST005,Hatyai Center,EMP202,Cara,QR PromptPay,DELIVERED
ORD202400137,2024-05-27,2024-05-27,2024-05-31,P002,Americano,Coffee,S,56.91,1,11.03,45.88,35.52,10.36,C0430,Nicha Chantarangsu,ST004,Khon Kaen Mall,EMP200,Ann,Mobile Wallet,DELIVERED
ORD202400138,2025-04-12,2025-04-12,2025-04-12,P103,Thai Tea,Tea,M,72.24,2,21.47,123.01,103.96,19.05,C0038,Nicha Suwan,ST004,Khon Kaen Mall,EMP204,Eve,QR PromptPay,DELIVERED
ORD202400139,2024-09-20,2024-09-22,2024-09-24,P101,Green Tea,Tea,M,64.3,1,0.0,64.3,47.94,16.36,C0405,Kanya Bussaba,ST005,Hatyai Center,EMP201,Ben,QR PromptPay,DELIVERED
ORD202400140,2024-08-16,2024-08-18,2024-08-19,P003,Latte,Coffee,M,84.46,1,16.78,67.68,59.92,7.76,C0264,Korn Boonmee,ST006,Phuket Marina,EMP202,Cara,QR PromptPay,DELIVERED
ORD202400141,2024-01-14,2024-01-15,2024-01-15,P001,Espresso,Coffee,L,90.82,1,0.0,90.82,55.94,34.88,C0063,Suda Yodkaew,ST001,Central Plaza,EMP200,Ann,Cash,DELIVERED
ORD202400142,2024-07-24,2024-07-26,2024-07-28,P102,Black Tea,Tea,L,73.52,1,0.0,73.52,37.5,36.02,C0204,Kanya Boonmee,ST002,Silom Complex,EMP204,Eve,Cash,DELIVERED
ORD202400143,2024-03-17,2024-03-17,2024-03-19,P004,Cappuccino,Coffee,M,82.5,1,7.1,75.4,43.25,32.15,C0296,Thida Bussaba,ST006,Phuket Marina,EMP200,Ann,Cash,DELIVERED
ORD202400144,2025-06-16,2025-06-17,2025-06-19,P103,Thai Tea,Tea,S,58.92,1,9.6,49.32,42.3,7.02,C0156,Nicha Prasert,ST004,Khon Kaen Mall,EMP201,Ben,QR PromptPay,DELIVERED
ORD202400145,2024-01-20,2024-01-21,2024-01-21,P204,Bagel,Bakery,-,40.59,1,0.0,40.59,30.38,10.21,C0136,Thanakorn Sukjai,ST001,Central Plaza,EMP202,Cara,Cash,DELIVERED
ORD202400146,2024-06-13,2024-06-15,2024-06-19,P103,Thai Tea,Tea,M,69.69,1,0.0,69.69,35.63,34.06,C0058,Anan Yodkaew,ST004,Khon Kaen Mall,EMP202,Cara,Credit Card,DELIVERED
ORD202400147,2024-02-02,2024-02-02,2024-02-06,P201,Croissant,Bakery,-,43.54,1,0.0,43.54,23.47,20.07,C0239,Suda Sukjai,ST001,Central Plaza,EMP201,Ben,QR PromptPay,DELIVERED
ORD202400148,2024-08-04,2024-08-04,2024-08-05,P201,Croissant,Bakery,-,46.58,2,0.0,93.16,48.05,45.11,C0370,Preecha Chantarangsu,ST003,Chiang Mai One,EMP205,Finn,QR PromptPay,DELIVERED
ORD202400149,2024-06-05,2024-06-05,2024-06-08,P102,Black Tea,Tea,S,48.92,1,0.0,48.92,25.61,23.31,C0422,Suda Sukjai,ST002,Silom Complex,EMP202,Cara,Credit Card,DELIVERED
ORD202400150,2025-06-16,,,P103,Thai Tea,Tea,S,59.1,1,0.0,59.1,43.49,15.61,C0258,Korn Boonmee,ST001,Central Plaza,EMP201,Ben,Cash,ORDERED
ORD202400151,2024-10-24,2024-10-25,2024-10-28,P101,Green Tea,Tea,L,74.86,1,0.0,74.86,54.25,20.61,C0032,Napat Bussaba,ST006,Phuket Marina,EMP202,Cara,Cash,DELIVERED
ORD202400152,2024-09-06,2024-09-06,2024-09-06,P201,Croissant,Bakery,-,46.01,1,0.0,46.01,27.16,18.85,C0274,Kanya Yodkaew,ST002,Silom Complex,EMP201,Ben,Mobile Wallet,DELIVERED
ORD202400153,2025-03-01,2025-03-01,2025-03-01,P004,Cappuccino,Coffee,L,94.24,1,0.0,94.24,69.05,25.19,C0474,Korn Boonmee,ST003,Chiang Mai One,EMP200,Ann,Mobile Wallet,DELIVERED
ORD202400154,2024-04-22,2024-04-23,2024-04-27,P002,Americano,Coffee,M,64.26,3,0.0,192.78,106.93,85.85,C0051,Thida Boonmee,ST004,Khon Kaen Mall,EMP200,Ann,Credit Card,DELIVERED
ORD202400155,2024-05-09,2024-05-09,,P203,Brownie,Bakery,-,54.83,1,2.11,52.72,28.28,24.44,C0272,Chanida Boonmee,ST003,Chiang Mai One,EMP205,Finn,Mobile Wallet,SHIPPED
ORD202400156,2025-03-10,2025-03-10,2025-03-14,P101,Green Tea,Tea,S,54.34,1,0.0,54.34,35.67,18.67,C0141,Thanakorn Suwan,ST001,Central Plaza,EMP200,Ann,Cash,DELIVERED
ORD202400157,2024-03-02,2024-03-02,,P101,Green Tea,Tea,M,64.78,2,0.0,129.56,76.05,53.51,C0335,Suda Boonmee,ST005,Hatyai Center,EMP201,Ben,Cash,SHIPPED
ORD202400158,2025-05-31,2025-06-01,2025-06-01,P003,Latte,Coffee,L,99.54,2,0.0,199.08,137.9,61.18,C0050,Nicha Boonmee,ST006,Phuket Marina,EMP203,Dan,Credit Card,DELIVERED
ORD202400159,2024-12-22,2024-12-24,,P002,Americano,Coffee,M,65.88,1,0.0,65.88,40.1,25.78,C0097,Saran Thongchai,ST005,Hatyai Center,EMP205,Finn,QR PromptPay,SHIPPED
ORD202400160,2025-03-24,2025-03-24,2025-03-26,P102,Black Tea,Tea,M,58.52,2,0.0,117.04,64.02,53.02,C0173,Suda Srikul,ST005,Hatyai Center,EMP202,Cara,Mobile Wallet,DELIVERED
ORD202400161,2024-02-24,2024-02-25,2024-02-29,P202,Cheesecake,Bakery,-,82.1,1,0.0,82.1,61.47,20.63,C0450,Somchai Prasert,ST002,Silom Complex,EMP202,Cara,Credit Card,DELIVERED
ORD202400162,2025-01-27,,,P201,Croissant,Bakery,-,43.2,1,0.0,0.0,0.0,-24.06,C0311,Kanya Suwan,ST005,Hatyai Center,EMP200,Ann,Cash,CANCELLED
ORD202400163,2024-06-03,,,P001,Espresso,Coffee,M,79.0,2,0.0,0.0,0.0,-114.42,C0262,Chanida Chantarangsu,ST002,Silom Complex,EMP203,Dan,QR PromptPay,CANCELLED
ORD202400164,2025-05-08,2025-05-09,2025-05-09,P204,Bagel,Bakery,-,42.93,1,0.0,42.93,29.86,13.07,C0408,Thida Chantarangsu,ST006,Phuket Marina,EMP202,Cara,Mobile Wallet,DELIVERED
ORD202400165,2025-05-22,2025-05-24,2025-05-26,P202,Cheesecake,Bakery,-,83.57,2,27.68,139.46,111.64,27.82,C0079,Wipa Yodkaew,ST002,Silom Complex,EMP203,Dan,Credit Card,DELIVERED
ORD202400166,2024-09-24,2024-09-25,,P204,Bagel,Bakery,-,42.87,1,0.0,42.87,29.33,13.54,C0067,Wipa Yodkaew,ST001,Central Plaza,EMP205,Finn,QR PromptPay,SHIPPED
ORD202400167,2024-03-12,2024-03-14,2024-03-15,P201,Croissant,Bakery,-,47.78,1,7.49,40.29,32.82,7.47,C0380,Wipa Sriwong,ST003,Chiang Mai One,EMP204,Eve,Mobile Wallet,DELIVERED
ORD202400168,2025-06-06,2025-06-06,2025-06-10,P001,Espresso,Coffee,M,69.6,1,3.44,66.16,39.87,26.29,C0237,Kanya Suwan,ST006,Phuket Marina,EMP205,Finn,Mobile Wallet,DELIVERED
ORD202400169,2025-01-21,,,P102,Black Tea,Tea,S,53.2,1,4.76,48.44,32.96,15.48,C0140,Somchai Sukjai,ST002,Silom Complex,EMP205,Finn,Credit Card,ORDERED
ORD202400170,2024-06-17,,,P103,Thai Tea,Tea,L,76.31,1,10.5,0.0,0.0,-51.61,C0133,Korn Yodkaew,ST003,Chiang Mai One,EMP205,Finn,Cash,CANCELLED
ORD202400171,2025-03-03,2025-03-04,2025-03-08,P004,Cappuccino,Coffee,L,100.17,1,0.0,100.17,70.5,29.67,C0416,Thanakorn Srikul,ST004,Khon Kaen Mall,EMP200,Ann,Credit Card,DELIVERED
ORD202400172,2024-07-16,2024-07-18,,P101,Green Tea,Tea,S,49.31,1,5.76,43.55,29.49,14.06,C0439,Saran Sriwong,ST001,Central Plaza,EMP201,Ben,Cash,SHIPPED
ORD202400173,2025-01-17,2025-01-17,2025-01-21,P001,Espresso,Coffee,L,83.75,2,5.48,162.02,102.13,59.89,C0245,Preecha Prasert,ST006,Phuket Marina,EMP205,Finn,Mobile Wallet,DELIVERED
ORD202400174,2024-12-09,2024-12-10,2024-12-13,P002,Americano,Coffee,M,70.26,1,0.0,70.26,43.88,26.38,C0138,Kanya Suwan,ST003,Chiang Mai One,EMP201,Ben,QR PromptPay,DELIVERED
ORD202400175,2024-10-02,2024-10-04,2024-10-07,P005,Mocha,Coffee,L,109.41,3,0.0,328.23,238.67,89.56,C0481,Wipa Suwan,ST001,Central Plaza,EMP201,Ben,Credit Card,DELIVERED
ORD202400176,2024-09-25,2024-09-26,2024-09-29,P201,Croissant,Bakery,-,42.86,1,0.0,42.86,26.73,16.13,C0249,Wipa Thongchai,ST003,Chiang Mai One,EMP200,Ann,Cash,DELIVERED
ORD202400177,2024-02-07,2024-02-09,2024-02-12,P001,Espresso,Coffee,L,90.34,1,5.09,85.25,63.08,22.17,C0100,Napat Bussaba,ST001,Central Plaza,EMP203,Dan,Credit Card,DELIVERED
ORD202400178,2025-03-24,2025-03-25,2025-03-27,P102,Black Tea,Tea,S,54.17,3,16.32,146.19,92.15,54.04,C0116,Anan Chantarangsu,ST003,Chiang Mai One,EMP202,Cara,Credit Card,DELIVERED
ORD202400179,2025-02-11,2025-02-11,2025-02-14,P202,Cheesecake,Bakery,-,82.68,1,3.51,79.17,45.37,33.8,C0225,Anan Srikul,ST002,Silom Complex,EMP205,Finn,Cash,DELIVERED
ORD202400180,2025-02-07,2025-02-07,2025-02-11,P203,Brownie,Bakery,-,53.76,1,0.0,53.76,29.46,24.3,C0294,Nicha Sukjai,ST004,Khon Kaen Mall,EMP201,Ben,Cash,DELIVERED
ORD202400181,2024-08-17,2024-08-17,2024-08-18,P002,Americano,Coffee,L,83.7,1,14.18,69.52,58.89,10.63,C0078,Kanya Prasert,ST001,Central Plaza,EMP205,Finn,Cash,DELIVERED
ORD202400182,2025-01-16,2025-01-16,2025-01-19,P004,Cappuccino,Coffee,S,69.28,3,0.0,207.84,126.39,81.45,C0243,Anan Srikul,ST001,Central Plaza,EMP204,Eve,Mobile Wallet,DELIVERED
ORD202400183,2025-01-04,2025-01-04,2025-01-05,P004,Cappuccino,Coffee,S,70.47,2,0.0,140.94,77.98,62.96,C0233,Somchai Bussaba,ST004,Khon Kaen Mall,EMP202,Cara,Credit Card,DELIVERED
ORD202400184,2025-02-23,2025-02-23,2025-02-24,P202,Cheesecake,Bakery,-,76.46,3,29.76,199.62,161.14,38.48,C0246,Korn Chantarangsu,ST003,Chiang Mai One,EMP203,Dan,Credit Card,DELIVERED
ORD202400185,2024-08-25,2024-08-26,2024-08-28,P102,Black Tea,Tea,S,50.29,2,4.92,95.66,60.6,35.06,C0335,Suda Boonmee,ST001,Central Plaza,EMP201,Ben,Cash,DELIVERED
ORD202400186,2024-12-22,2024-12-23,2024-12-23,P003,Latte,Coffee,M,88.5,2,0.0,177.0,106.72,70.28,C0070,Napat Suwan,ST001,Central Plaza,EMP200,Ann,Mobile Wallet,DELIVERED
ORD202400187,2024-08-14,2024-08-15,,P203,Brownie,Bakery,-,52.97,1,0.0,52.97,27.78,25.19,C0329,Preecha Prasert,ST003,Chiang Mai One,EMP205,Finn,Mobile Wallet,SHIPPED
ORD202400188,2024-09-10,2024-09-11,2024-09-12,P101,Green Tea,Tea,L,68.45,1,13.62,54.83,49.76,5.07,C0185,Somchai Sriwong,ST006,Phuket Marina,EMP203,Dan,Cash,DELIVERED
ORD202400189,2024-05-19,2024-05-20,,P102,Black Tea,Tea,S,49.56,1,11.69,37.87,29.76,8.11,C0124,Preecha Suwan,ST001,Central Plaza,EMP202,Cara,Cash,SHIPPED
ORD202400190,2024-08-24,2024-08-26,,P001,Espresso,Coffee,M,72.71,2,5.89,139.53,95.95,43.58,C0248,Thanakorn Suwan,ST001,Central Plaza,EMP200,Ann,QR PromptPay,SHIPPED
ORD202400191,2025-04-09,,,P005,Mocha,Coffee,S,81.57,2,0.0,0.0,0.0,-90.86,C0238,Nicha Sriwong,ST003,Chiang Mai One,EMP202,Cara,QR PromptPay,CANCELLED
ORD202400192,2024-06-15,,,P003,Latte,Coffee,L,105.85,1,0.0,105.85,73.04,32.81,C0066,Saran Yodkaew,ST005,Hatyai Center,EMP205,Finn,Credit Card,ORDERED
ORD202400193,2025-05-27,2025-05-27,2025-05-29,P005,Mocha,Coffee,M,96.04,1,0.0,96.04,58.61,37.43,C0013,Thida Prasert,ST004,Khon Kaen Mall,EMP204,Eve,Credit Card,DELIVERED
ORD202400194,2025-03-23,,,P005,Mocha,Coffee,M,95.55,1,0.0,95.55,54.65,40.9,C0157,Wipa Srikul,ST006,Phuket Marina,EMP204,Eve,Mobile Wallet,ORDERED
ORD202400195,2024-10-01,2024-10-03,2024-10-06,P202,Cheesecake,Bakery,-,78.86,1,0.0,78.86,50.92,27.94,C0021,Chanida Sriwong,ST004,Khon Kaen Mall,EMP205,Finn,Cash,DELIVERED
ORD202400196,2024-05-14,2024-05-16,2024-05-16,P203,Brownie,Bakery,-,54.35,2,0.0,108.7,72.77,35.93,C0465,Kanya Yodkaew,ST003,Chiang Mai One,EMP202,Cara,Mobile Wallet,DELIVERED
ORD202400197,2025-06-08,2025-06-09,2025-06-10,P103,Thai Tea,Tea,M,70.57,1,0.0,70.57,51.48,19.09,C0167,Napat Chantarangsu,ST004,Khon Kaen Mall,EMP201,Ben,Credit Card,DELIVERED
ORD202400198,2024-09-15,2024-09-16,2024-09-20,P202,Cheesecake,Bakery,-,83.66,2,0.0,167.32,87.58,79.74,C0382,Korn Bussaba,ST002,Silom Complex,EMP203,Dan,Mobile Wallet,DELIVERED
ORD202400199,2025-03-06,2025-03-08,2025-03-09,P002,Americano,Coffee,M,65.51,1,0.0,65.51,48.8,16.71,C0133,Korn Yodkaew,ST002,Silom Complex,EMP201,Ben,Credit Card,DELIVERED
ORD202400200,2024-07-02,2024-07-04,2024-07-04,P202,Cheesecake,Bakery,-,85.24,1,0.0,85.24,56.65,28.59,C0317,Kanya Thongchai,ST001,Central Plaza,EMP201,Ben,QR PromptPay,DELIVERED
ORD202400201,2025-01-23,,,P203,Brownie,Bakery,-,49.15,3,0.0,0.0,0.0,-91.99,C0168,Kanya Chantarangsu,ST006,Phuket Marina,EMP203,Dan,QR PromptPay,CANCELLED
ORD202400202,2025-04-17,,,P003,Latte,Coffee,L,98.22,2,19.47,0.0,0.0,-144.64,C0462,Kanya Boonmee,ST001,Central Plaza,EMP205,Finn,Cash,CANCELLED
ORD202400203,2024-05-20,2024-05-20,2024-05-21,P201,Croissant,Bakery,-,47.81,1,0.0,47.81,32.82,14.99,C0251,Wipa Prasert,ST002,Silom Complex,EMP201,Ben,Mobile Wallet,DELIVERED
ORD202400204,2025-03-01,2025-03-02,2025-03-05,P102,Black Tea,Tea,L,72.08,1,4.16,67.92,36.53,31.39,C0262,Chanida Chantarangsu,ST006,Phuket Marina,EMP203,Dan,Mobile Wallet,DELIVERED
ORD202400205,2025-02-10,2025-02-10,2025-02-13,P001,Espresso,Coffee,S,62.72,1,0.0,62.72,38.83,23.89,C0389,Kanya Boonmee,ST001,Central Plaza,EMP201,Ben,QR PromptPay,DELIVERED
ORD202400206,2025-04-29,2025-04-29,2025-04-29,P005,Mocha,Coffee,M,88.22,1,0.0,88.22,51.82,36.4,C0019,Suda Chantarangsu,ST006,Phuket Marina,EMP203,Dan,Credit Card,DELIVERED
ORD202400207,2025-05-07,2025-05-07,,P204,Bagel,Bakery,-,43.83,1,0.0,43.83,25.55,18.28,C0241,Thanakorn Chantarangsu,ST005,Hatyai Center,EMP205,Finn,Mobile Wallet,SHIPPED
ORD202400208,2024-02-17,,,P102,Black Tea,Tea,S,48.18,1,0.86,47.32,36.01,11.31,C0162,Saran Bussaba,ST004,Khon Kaen Mall,EMP200,Ann,Cash,ORDERED
ORD202400209,2024-01-21,2024-01-22,2024-01-23,P204,Bagel,Bakery,-,42.96,1,0.0,42.96,29.8,13.16,C0331,Chanida Sriwong,ST004,Khon Kaen Mall,EMP203,Dan,Credit Card,DELIVERED
ORD202400210,2025-01-19,2025-01-20,2025-01-20,P004,Cappuccino,Coffee,L,100.78,2,0.0,201.56,123.32,78.24,C0432,Wipa Sriwong,ST004,Khon Kaen Mall,EMP204,Eve,QR PromptPay,DELIVERED
ORD202400211,2025-03-12,2025-03-14,2025-03-18,P005,Mocha,Coffee,S,80.21,1,3.08,77.13,45.04,32.09,C0322,Suda Suwan,ST004,Khon Kaen Mall,EMP204,Eve,QR PromptPay,DELIVERED
ORD202400212,2025-02-14,2025-02-14,2025-02-17,P101,Green Tea,Tea,M,64.71,2,24.75,104.67,74.66,30.01,C0146,Thida Srikul,ST002,Silom Complex,EMP202,Cara,Mobile Wallet,DELIVERED
ORD202400213,2024-07-04,2024-07-05,2024-07-07,P201,Croissant,Bakery,-,44.74,3,0.0,134.22,76.84,57.38,C0154,Thanakorn Yodkaew,ST002,Silom Complex,EMP204,Eve,Cash,DELIVERED
ORD202400214,2024-11-01,,,P003,Latte,Coffee,S,73.05,2,25.33,0.0,0.0,-97.7,C0473,Wipa Boonmee,ST003,Chiang Mai One,EMP203,Dan,Mobile Wallet,CANCELLED
ORD202400215,2025-06-27,2025-06-27,2025-07-01,P005,Mocha,Coffee,L,106.79,2,0.0,213.58,111.42,102.16,C0387,Somchai Sriwong,ST004,Khon Kaen Mall,EMP204,Eve,Mobile Wallet,DELIVERED
ORD202400216,2024-01-21,2024-01-23,2024-01-25,P103,Thai Tea,Tea,S,54.21,2,0.0,108.42,69.0,39.42,C0292,Wipa Sukjai,ST005,Hatyai Center,EMP203,Dan,QR PromptPay,DELIVERED
ORD202400217,2025-06-07,2025-06-08,2025-06-12,P002,Americano,Coffee,M,68.84,1,0.0,68.84,42.88,25.96,C0309,Thanakorn Srikul,ST002,Silom Complex,EMP204,Eve,Mobile Wallet,DELIVERED
ORD202400218,2024-10-07,2024-10-09,2024-10-11,P201,Croissant,Bakery,-,43.23,2,0.0,86.46,53.64,32.82,C0137,Wipa Bussaba,ST002,Silom Complex,EMP203,Dan,Mobile Wallet,DELIVERED
ORD202400219,2024-08-20,,,P005,Mocha,Coffee,L,114.9,1,0.0,114.9,62.65,52.25,C0144,Chanida Yodkaew,ST001,Central Plaza,EMP203,Dan,Mobile Wallet,ORDERED
ORD202400220,2024-10-21,,,P203,Brownie,Bakery,-,47.5,1,0.0,0.0,0.0,-32.88,C0278,Korn Yodkaew,ST003,Chiang Mai One,EMP201,Ben,Cash,CANCELLED
ORD202400221,2024-08-07,2024-08-08,2024-08-09,P004,Cappuccino,Coffee,L,101.48,2,47.75,155.21,109.97,45.24,C0423,Somchai Sukjai,ST004,Khon Kaen Mall,EMP204,Eve,Credit Card,DELIVERED
ORD202400222,2024-05-16,2024-05-18,2024-05-18,P204,Bagel,Bakery,-,40.47,2,0.0,80.94,45.14,35.8,C0430,Nicha Chantarangsu,ST006,Phuket Marina,EMP204,Eve,Cash,DELIVERED
ORD202400223,2025-01-31,2025-01-31,2025-02-03,P203,Brownie,Bakery,-,53.87,2,0.0,107.74,59.9,47.84,C0333,Saran Prasert,ST004,Khon Kaen Mall,EMP205,Finn,Cash,DELIVERED
ORD202400224,2024-02-29,2024-03-01,2024-03-04,P204,Bagel,Bakery,-,41.49,1,0.0,41.49,31.02,10.47,C0135,Saran Yodkaew,ST001,Central Plaza,EMP202,Cara,Cash,DELIVERED
ORD202400225,2024-05-02,2024-05-02,2024-05-03,P004,Cappuccino,Coffee,S,76.3,3,30.25,198.65,162.11,36.54,C0369,Preecha Thongchai,ST003,Chiang Mai One,EMP202,Cara,QR PromptPay,DELIVERED
ORD202400226,2025-06-08,2025-06-08,2025-06-11,P001,Espresso,Coffee,M,79.04,3,0.0,237.12,165.89,71.23,C0271,Preecha Sukjai,ST004,Khon Kaen Mall,EMP202,Cara,Cash,DELIVERED
ORD202400227,2024-08-13,2024-08-14,2024-08-18,P202,Cheesecake,Bakery,-,82.73,1,0.0,82.73,54.53,28.2,C0330,Somchai Srikul,ST004,Khon Kaen Mall,EMP204,Eve,Credit Card,DELIVERED
ORD202400228,2025-06-22,2025-06-23,,P003,Latte,Coffee,M,83.97,1,3.96,80.01,59.84,20.17,C0489,Wipa Yodkaew,ST001,Central Plaza,EMP203,Dan,QR PromptPay,SHIPPED
ORD202400229,2024-10-29,2024-10-31,2024-11-01,P004,Cappuccino,Coffee,S,74.47,3,17.67,205.74,121.59,84.15,C0185,Somchai Sriwong,ST006,Phuket Marina,EMP203,Dan,Cash,DELIVERED
ORD202400230,2024-01-30,2024-01-30,2024-01-30,P203,Brownie,Bakery,-,47.99,1,0.0,47.99,24.26,23.73,C0084,Napat Boonmee,ST002,Silom Complex,EMP204,Eve,Mobile Wallet,DELIVERED
ORD202400231,2024-08-30,2024-08-31,2024-09-04,P201,Croissant,Bakery,-,46.84,1,0.0,46.84,24.26,22.58,C0298,Napat Chantarangsu,ST004,Khon Kaen Mall,EMP203,Dan,Cash,DELIVERED
ORD202400232,2024-04-07,2024-04-09,,P002,Americano,Coffee,L,73.28,1,0.0,73.28,46.71,26.57,C0154,Thanakorn Yodkaew,ST004,Khon Kaen Mall,EMP204,Eve,Credit Card,SHIPPED
ORD202400233,2025-06-07,2025-06-09,2025-06-11,P002,Americano,Coffee,L,80.77,1,0.0,80.77,52.49,28.28,C0208,Somchai Prasert,ST003,Chiang Mai One,EMP200,Ann,Cash,DELIVERED
ORD202400234,2025-02-04,2025-02-04,2025-02-06,P004,Cappuccino,Coffee,M,85.81,1,0.0,85.81,47.72,38.09,C0470,Anan Yodkaew,ST006,Phuket Marina,EMP200,Ann,Cash,DELIVERED
ORD202400235,2024-05-15,2024-05-16,2024-05-18,P004,Cappuccino,Coffee,L,93.37,2,0.0,186.74,123.44,63.3,C0169,Korn Thongchai,ST006,Phuket Marina,EMP205,Finn,Credit Card,DELIVERED
ORD202400236,2025-01-14,,,P204,Bagel,Bakery,-,42.27,2,10.04,0.0,0.0,-55.02,C0023,Somchai Bussaba,ST005,Hatyai Center,EMP204,Eve,Cash,CANCELLED
ORD202400237,2024-02-15,2024-02-15,2024-02-17,P101,Green Tea,Tea,S,49.18,1,0.0,49.18,29.68,19.5,C0285,Nicha Yodkaew,ST004,Khon Kaen Mall,EMP201,Ben,Mobile Wallet,DELIVERED
ORD202400238,2024-06-14,2024-06-16,2024-06-18,P202,Cheesecake,Bakery,-,78.42,3,0.0,235.26,118.68,116.58,C0032,Napat Bussaba,ST002,Silom Complex,EMP205,Finn,Credit Card,DELIVERED
ORD202400239,2024-05-07,2024-05-09,2024-05-12,P002,Americano,Coffee,S,58.54,1,0.0,58.54,42.53,16.01,C0372,Nicha Srikul,ST006,Phuket Marina,EMP204,Eve,Credit Card,DELIVERED
ORD202400240,2024-09-19,2024-09-20,2024-09-22,P201,Croissant,Bakery,-,48.49,1,0.0,48.49,31.7,16.79,C0106,Thanakorn Sriwong,ST004,Khon Kaen Mall,EMP201,Ben,Mobile Wallet,DELIVERED
ORD202400241,2024-10-13,2024-10-14,2024-10-16,P202,Cheesecake,Bakery,-,84.88,1,15.49,69.39,60.46,8.93,C0454,Kanya Boonmee,ST002,Silom Complex,EMP200,Ann,Cash,DELIVERED
ORD202400242,2025-06-13,2025-06-13,,P004,Cappuccino,Coffee,M,92.02,1,0.0,92.02,54.5,37.52,C0444,Somchai Boonmee,ST005,Hatyai Center,EMP202,Cara,Cash,SHIPPED
ORD202400243,2025-05-29,2025-05-30,2025-05-31,P202,Cheesecake,Bakery,-,81.57,2,0.0,163.14,90.35,72.79,C0353,Wipa Yodkaew,ST005,Hatyai Center,EMP203,Dan,Credit Card,DELIVERED
ORD202400244,2024-05-11,2024-05-11,2024-05-14,P201,Croissant,Bakery,-,48.5,2,0.0,97.0,70.97,26.03,C0470,Anan Yodkaew,ST001,Central Plaza,EMP204,Eve,QR PromptPay,DELIVERED
ORD202400245,2024-03-23,,,P202,Cheesecake,Bakery,-,87.85,1,14.81,0.0,0.0,-51.39,C0433,Thida Prasert,ST002,Silom Complex,EMP204,Eve,QR PromptPay,CANCELLED
ORD202400246,2025-02-15,2025-02-15,2025-02-19,P102,Black Tea,Tea,M,61.28,2,10.27,112.29,87.19,25.1,C0218,Kanya Boonmee,ST005,Hatyai Center,EMP205,Finn,Cash,DELIVERED
ORD202400247,2025-06-04,2025-06-06,2025-06-08,P203,Brownie,Bakery,-,50.85,2,0.0,101.7,53.8,47.9,C0001,Wipa Sriwong,ST004,Khon Kaen Mall,EMP200,Ann,Mobile Wallet,DELIVERED
ORD202400248,2024-03-24,2024-03-25,2024-03-25,P201,Croissant,Bakery,-,43.71,1,0.0,43.71,22.37,21.34,C0113,Preecha Thongchai,ST002,Silom Complex,EMP200,Ann,QR PromptPay,DELIVERED
ORD202400249,2024-08-14,,,P101,Green Tea,Tea,S,50.81,2,0.0,0.0,0.0,-57.91,C0382,Korn Bussaba,ST003,Chiang Mai One,EMP205,Finn,Mobile Wallet,CANCELLED
ORD202400250,2024-07-23,,,P201,Croissant,Bakery,-,46.9,1,0.0,0.0,0.0,-24.72,C0485,Suda Sukjai,ST003,Chiang Mai One,EMP204,Eve,Credit Card,CANCELLED
ORD202400251,2024-09-06,2024-09-08,2024-09-10,P202,Cheesecake,Bakery,-,78.98,1,0.0,78.98,55.49,23.49,C0140,Somchai Sukjai,ST005,Hatyai Center,EMP204,Eve,Credit Card,DELIVERED
ORD202400252,2024-01-12,2024-01-14,2024-01-14,P102,Black Tea,Tea,S,51.95,1,0.0,51.95,30.45,21.5,C0057,Saran Suwan,ST005,Hatyai Center,EMP203,Dan,Mobile Wallet,DELIVERED
ORD202400253,2025-05-29,2025-05-31,2025-06-03,P101,Green Tea,Tea,M,64.05,2,19.26,108.84,88.51,20.33,C0171,Nicha Srikul,ST003,Chiang Mai One,EMP203,Dan,Credit Card,DELIVERED
ORD202400254,2025-05-22,2025-05-24,2025-05-26,P101,Green Tea,Tea,L,73.14,1,0.0,73.14,37.34,35.8,C0392,Wipa Boonmee,ST002,Silom Complex,EMP205,Finn,Credit Card,DELIVERED
ORD202400255,2024-07-02,2024-07-02,2024-07-06,P002,Americano,Coffee,S,53.46,2,0.0,106.92,53.89,53.03,C0120,Napat Prasert,ST001,Central Plaza,EMP200,Ann,Credit Card,DELIVERED
ORD202400256,2024-09-18,,,P103,Thai Tea,Tea,S,54.92,1,0.0,54.92,33.98,20.94,C0089,Preecha Boonmee,ST002,Silom Complex,EMP200,Ann,QR PromptPay,ORDERED
ORD202400257,2025-05-31,2025-05-31,2025-06-04,P004,Cappuccino,Coffee,S,67.04,2,16.9,117.18,70.08,47.1,C0418,Suda Sriwong,ST001,Central Plaza,EMP204,Eve,QR PromptPay,DELIVERED
ORD202400258,2025-06-14,2025-06-14,2025-06-15,P201,Croissant,Bakery,-,46.14,3,17.46,120.96,98.95,22.01,C0064,Wipa Sriwong,ST002,Silom Complex,EMP203,Dan,Credit Card,DELIVERED
ORD202400259,2024-07-31,2024-08-02,,P204,Bagel,Bakery,-,43.13,3,0.0,129.39,96.28,33.11,C0231,Preecha Boonmee,ST006,Phuket Marina,EMP200,Ann,Credit Card,SHIPPED
ORD202400260,2025-01-25,2025-01-27,,P202,Cheesecake,Bakery,-,76.37,1,0.0,76.37,42.01,34.36,C0238,Nicha Sriwong,ST003,Chiang Mai One,EMP203,Dan,QR PromptPay,SHIPPED
ORD202400261,2024-05-23,2024-05-24,2024-05-26,P101,Green Tea,Tea,M,63.07,1,0.0,63.07,37.04,26.03,C0180,Wipa Sriwong,ST004,Khon Kaen Mall,EMP204,Eve,Cash,DELIVERED
ORD202400262,2025-04-10,2025-04-11,2025-04-12,P003,Latte,Coffee,L,98.41,1,0.0,98.41,54.47,43.94,C0412,Wipa Prasert,ST006,Phuket Marina,EMP202,Cara,Cash,DELIVERED
ORD202400263,2024-09-27,,,P203,Brownie,Bakery,-,47.79,1,2.85,44.94,32.82,12.12,C0137,Wipa Bussaba,ST005,Hatyai Center,EMP201,Ben,QR PromptPay,ORDERED
ORD202400264,2025-05-26,2025-05-28,2025-06-01,P003,Latte,Coffee,S,74.97,3,0.0,224.91,152.4,72.51,C0073,Korn Chantarangsu,ST002,Silom Complex,EMP203,Dan,Mobile Wallet,DELIVERED
ORD202400265,2024-03-29,2024-03-30,,P003,Latte,Coffee,S,70.09,1,0.0,70.09,44.39,25.7,C0384,Saran Suwan,ST003,Chiang Mai One,EMP202,Cara,Mobile Wallet,SHIPPED
ORD202400266,2024-05-21,,,P101,Green Tea,Tea,S,47.61,2,0.0,95.22,53.91,41.31,C0287,Thanakorn Sukjai,ST001,Central Plaza,EMP200,Ann,Credit Card,ORDERED
ORD202400267,2024-05-29,2024-05-29,2024-05-31,P004,Cappuccino,Coffee,M,82.83,1,0.68,82.15,47.2,34.95,C0291,Wipa Chantarangsu,ST004,Khon Kaen Mall,EMP205,Finn,Mobile Wallet,DELIVERED
ORD202400268,2024-05-03,2024-05-03,2024-05-05,P002,Americano,Coffee,L,77.07,1,1.73,75.34,39.02,36.32,C0270,Saran Sukjai,ST006,Phuket Marina,EMP205,Finn,QR PromptPay,DELIVERED
ORD202400269,2025-05-24,2025-05-24,2025-05-24,P101,Green Tea,Tea,L,76.25,3,0.0,228.75,144.79,83.96,C0450,Somchai Prasert,ST001,Central Plaza,EMP202,Cara,QR PromptPay,DELIVERED
ORD202400270,2024-03-07,2024-03-09,2024-03-12,P103,Thai Tea,Tea,M,71.06,2,0.0,142.12,86.49,55.63,C0314,Napat Thongchai,ST001,Central Plaza,EMP205,Finn,Credit Card,DELIVERED
ORD202400271,2024-01-20,2024-01-20,2024-01-20,P102,Black Tea,Tea,M,65.36,1,16.25,49.11,45.26,3.85,C0342,Korn Bussaba,ST001,Central Plaza,EMP204,Eve,Cash,DELIVERED
ORD202400272,2024-10-10,,,P002,Americano,Coffee,S,58.6,1,0.0,58.6,38.13,20.47,C0196,Preecha Boonmee,ST004,Khon Kaen Mall,EMP205,Finn,Credit Card,ORDERED
ORD202400273,2024-12-25,2024-12-26,2024-12-30,P202,Cheesecake,Bakery,-,79.31,2,0.0,158.62,80.99,77.63,C0012,Chanida Bussaba,ST002,Silom Complex,EMP201,Ben,Mobile Wallet,DELIVERED
ORD202400274,2025-04-15,2025-04-17,2025-04-20,P201,Croissant,Bakery,-,45.62,1,0.0,45.62,25.89,19.73,C0402,Anan Bussaba,ST004,Khon Kaen Mall,EMP203,Dan,Mobile Wallet,DELIVERED
ORD202400275,2024-07-23,2024-07-24,,P004,Cappuccino,Coffee,M,86.13,1,0.0,86.13,48.61,37.52,C0366,Preecha Suwan,ST004,Khon Kaen Mall,EMP203,Dan,Credit Card,SHIPPED
ORD202400276,2024-11-04,2024-11-06,2024-11-10,P103,Thai Tea,Tea,S,55.15,2,0.0,110.3,77.87,32.43,C0166,Saran Thongchai,ST001,Central Plaza,EMP204,Eve,QR PromptPay,DELIVERED
ORD202400277,2025-06-12,2025-06-13,2025-06-13,P202,Cheesecake,Bakery,-,85.42,1,0.0,85.42,45.74,39.68,C0490,Napat Yodkaew,ST004,Khon Kaen Mall,EMP204,Eve,QR PromptPay,DELIVERED
ORD202400278,2024-11-14,2024-11-15,2024-11-18,P204,Bagel,Bakery,-,42.91,1,9.97,32.94,22.69,10.25,C0045,Preecha Chantarangsu,ST003,Chiang Mai One,EMP204,Eve,Mobile Wallet,DELIVERED
ORD202400279,2024-11-22,2024-11-22,2024-11-23,P004,Cappuccino,Coffee,M,80.54,1,0.0,80.54,41.63,38.91,C0148,Saran Yodkaew,ST004,Khon Kaen Mall,EMP204,Eve,QR PromptPay,DELIVERED
ORD202400280,2024-03-05,2024-03-05,,P001,Espresso,Coffee,S,62.97,1,0.0,62.97,45.57,17.4,C0076,Suda Srikul,ST002,Silom Complex,EMP204,Eve,Cash,SHIPPED
ORD202400281,2024-09-14,,,P003,Latte,Coffee,S,72.67,1,0.0,72.67,44.38,28.29,C0285,Nicha Yodkaew,ST002,Silom Complex,EMP200,Ann,Mobile Wallet,ORDERED
ORD202400282,2024-05-20,2024-05-21,2024-05-25,P103,Thai Tea,Tea,M,72.6,1,0.0,72.6,52.14,20.46,C0341,Preecha Boonmee,ST003,Chiang Mai One,EMP201,Ben,Credit Card,DELIVERED
ORD202400283,2024-07-07,2024-07-07,2024-07-10,P002,Americano,Coffee,L,74.47,1,0.0,74.47,54.87,19.6,C0038,Nicha Suwan,ST005,Hatyai Center,EMP204,Eve,Credit Card,DELIVERED
ORD202400284,2024-09-17,,,P005,Mocha,Coffee,M,91.12,1,20.46,0.0,0.0,-51.33,C0041,Korn Suwan,ST006,Phuket Marina,EMP204,Eve,Credit Card,CANCELLED
ORD202400285,2024-11-17,,,P003,Latte,Coffee,M,80.29,2,0.0,160.58,93.9,66.68,C0170,Chanida Bussaba,ST001,Central Plaza,EMP201,Ben,Mobile Wallet,ORDERED
ORD202400286,2024-09-23,2024-09-23,2024-09-27,P003,Latte,Coffee,S,76.47,2,0.0,152.94,109.97,42.97,C0289,Korn Yodkaew,ST005,Hatyai Center,EMP205,Finn,QR PromptPay,DELIVERED
ORD202400287,2024-10-23,2024-10-23,2024-10-23,P004,Cappuccino,Coffee,M,86.57,1,1.31,85.26,51.27,33.99,C0019,Suda Chantarangsu,ST004,Khon Kaen Mall,EMP202,Cara,Credit Card,DELIVERED
ORD202400288,2024-05-13,2024-05-14,2024-05-18,P101,Green Tea,Tea,M,59.36,1,0.0,59.36,35.44,23.92,C0108,Preecha Srikul,ST002,Silom Complex,EMP202,Cara,Credit Card,DELIVERED
ORD202400289,2024-06-12,2024-06-13,2024-06-17,P002,Americano,Coffee,S,55.38,2,0.0,110.76,82.13,28.63,C0250,Korn Suwan,ST006,Phuket Marina,EMP205,Finn,QR PromptPay,DELIVERED
ORD202400290,2024-10-21,2024-10-23,2024-10-23,P202,Cheesecake,Bakery,-,76.7,2,0.0,153.4,103.48,49.92,C0316,Preecha Thongchai,ST003,Chiang Mai One,EMP200,Ann,Mobile Wallet,DELIVERED
ORD202400291,2024-02-14,2024-02-16,2024-02-18,P102,Black Tea,Tea,M,62.06,1,11.66,50.4,38.91,11.49,C0488,Wipa Srikul,ST002,Silom Complex,EMP205,Finn,Credit Card,DELIVERED
ORD202400292,2024-10-13,,,P001,Espresso,Coffee,M,75.01,2,0.0,0.0,0.0,-106.61,C0205,Korn Sukjai,ST006,Phuket Marina,EMP202,Cara,QR PromptPay,CANCELLED
ORD202400293,2024-09-23,2024-09-24,,P103,Thai Tea,Tea,L,79.57,3,51.34,187.37,158.05,29.32,C0099,Napat Boonmee,ST005,Hatyai Center,EMP205,Finn,Cash,SHIPPED
ORD202400294,2025-01-19,2025-01-19,2025-01-19,P004,Cappuccino,Coffee,S,70.06,2,3.28,136.84,101.17,35.67,C0348,Wipa Srikul,ST003,Chiang Mai One,EMP201,Ben,Cash,DELIVERED
ORD202400295,2025-06-14,2025-06-15,2025-06-16,P003,Latte,Coffee,L,97.4,1,0.0,97.4,63.57,33.83,C0400,Napat Suwan,ST006,Phuket Marina,EMP202,Cara,Mobile Wallet,DELIVERED
ORD202400296,2025-02-01,2025-02-01,2025-02-04,P004,Cappuccino,Coffee,S,66.91,1,0.08,66.83,45.66,21.17,C0292,Wipa Sukjai,ST005,Hatyai Center,EMP201,Ben,Credit Card,DELIVERED
ORD202400297,2024-09-22,2024-09-23,2024-09-25,P101,Green Tea,Tea,L,71.45,1,0.0,71.45,41.52,29.93,C0203,Anan Yodkaew,ST002,Silom Complex,EMP201,Ben,Credit Card,DELIVERED
ORD202400298,2025-05-05,2025-05-05,2025-05-05,P101,Green Tea,Tea,L,72.78,2,0.0,145.56,75.65,69.91,C0367,Suda Sriwong,ST004,Khon Kaen Mall,EMP200,Ann,Credit Card,DELIVERED
ORD202400299,2024-06-05,2024-06-07,2024-06-07,P001,Espresso,Coffee,L,84.24,1,16.09,68.15,52.57,15.58,C0183,Wipa Yodkaew,ST003,Chiang Mai One,EMP201,Ben,QR PromptPay,DELIVERED
ORD202400300,2024-08-08,2024-08-08,,P202,Cheesecake,Bakery,-,76.8,1,5.04,71.76,57.33,14.43,C0320,Thida Bussaba,ST005,Hatyai Center,EMP204,Eve,Credit Card,SHIPPED
ORD202400301,2024-03-25,2024-03-26,2024-03-27,P103,Thai Tea,Tea,M,68.38,1,0.0,68.38,44.11,24.27,C0327,Chanida Chantarangsu,ST003,Chiang Mai One,EMP202,Cara,Cash,DELIVERED
ORD202400302,2025-03-30,2025-03-31,2025-04-03,P001,Espresso,Coffee,L,85.2,1,0.0,85.2,61.09,24.11,C0082,Kanya Suwan,ST005,Hatyai Center,EMP200,Ann,Mobile Wallet,DELIVERED
ORD202400303,2024-01-05,,,P003,Latte,Coffee,S,68.29,1,12.43,0.0,0.0,-39.06,C0132,Thanakorn Bussaba,ST002,Silom Complex,EMP200,Ann,Credit Card,CANCELLED
ORD202400304,2024-06-13,,,P102,Black Tea,Tea,M,64.76,2,0.0,0.0,0.0,-67.64,C0392,Wipa Boonmee,ST006,Phuket Marina,EMP203,Dan,Cash,CANCELLED
ORD202400305,2024-06-04,2024-06-06,2024-06-06,P102,Black Tea,Tea,L,75.46,1,10.34,65.12,45.77,19.35,C0049,Thanakorn Prasert,ST003,Chiang Mai One,EMP201,Ben,Mobile Wallet,DELIVERED
ORD202400306,2024-06-07,2024-06-08,2024-06-08,P103,Thai Tea,Tea,M,72.49,1,15.05,57.44,37.18,20.26,C0016,Kanya Srikul,ST002,Silom Complex,EMP200,Ann,Cash,DELIVERED
ORD202400307,2024-07-10,2024-07-11,2024-07-13,P001,Espresso,Coffee,M,75.8,2,15.86,135.74,89.69,46.05,C0236,Preecha Chantarangsu,ST001,Central Plaza,EMP204,Eve,Mobile Wallet,DELIVERED
ORD202400308,2025-03-16,2025-03-18,2025-03-20,P102,Black Tea,Tea,L,69.71,1,6.36,63.35,37.47,25.88,C0426,Korn Chantarangsu,ST003,Chiang Mai One,EMP205,Finn,QR PromptPay,DELIVERED
ORD202400309,2024-08-26,,,P003,Latte,Coffee,M,88.54,1,0.0,0.0,0.0,-49.53,C0463,Thanakorn Bussaba,ST004,Khon Kaen Mall,EMP201,Ben,Credit Card,CANCELLED
ORD202400310,2024-05-27,2024-05-27,2024-05-27,P202,Cheesecake,Bakery,-,76.57,1,0.0,76.57,57.18,19.39,C0476,Wipa Thongchai,ST001,Central Plaza,EMP200,Ann,QR PromptPay,DELIVERED
ORD202400311,2024-11-02,2024-11-02,2024-11-02,P003,Latte,Coffee,M,87.26,1,0.0,87.26,51.47,35.79,C0413,Nicha Sukjai,ST004,Khon Kaen Mall,EMP203,Dan,Credit Card,DELIVERED
ORD202400312,2024-11-30,2024-12-01,2024-12-04,P202,Cheesecake,Bakery,-,79.09,3,7.35,229.92,151.57,78.35,C0075,Thida Sukjai,ST001,Central Plaza,EMP203,Dan,QR PromptPay,DELIVERED
ORD202400313,2024-10-14,2024-10-15,2024-10-19,P203,Brownie,Bakery,-,54.19,2,0.0,108.38,60.89,47.49,C0076,Suda Srikul,ST003,Chiang Mai One,EMP204,Eve,Credit Card,DELIVERED
ORD202400314,2024-09-29,2024-09-30,2024-10-04,P202,Cheesecake,Bakery,-,87.18,1,0.0,87.18,64.83,22.35,C0083,Kanya Chantarangsu,ST006,Phuket Marina,EMP204,Eve,Credit Card,DELIVERED
ORD202400315,2025-04-09,,,P204,Bagel,Bakery,-,38.64,1,5.1,33.54,19.97,13.57,C0071,Korn Srikul,ST004,Khon Kaen Mall,EMP205,Finn,Mobile Wallet,ORDERED
ORD202400316,2024-03-24,2024-03-26,2024-03-26,P103,Thai Tea,Tea,M,64.66,3,0.0,193.98,101.69,92.29,C0459,Saran Sriwong,ST001,Central Plaza,EMP202,Cara,Cash,DELIVERED
ORD202400317,2024-02-02,2024-02-04,2024-02-08,P102,Black Tea,Tea,S,52.69,1,0.0,52.69,36.32,16.37,C0200,Thanakorn Thongchai,ST002,Silom Complex,EMP200,Ann,Credit Card,DELIVERED
ORD202400318,2024-02-02,2024-02-03,2024-02-05,P003,Latte,Coffee,M,83.86,2,0.0,167.72,123.99,43.73,C0218,Kanya Boonmee,ST006,Phuket Marina,EMP204,Eve,Cash,DELIVERED
ORD202400319,2024-01-04,2024-01-04,2024-01-05,P102,Black Tea,Tea,S,53.17,1,0.0,53.17,28.72,24.45,C0355,Anan Suwan,ST002,Silom Complex,EMP200,Ann,Mobile Wallet,DELIVERED
ORD202400320,2025-02-17,2025-02-18,2025-02-21,P103,Thai Tea,Tea,L,79.75,1,8.06,71.69,51.5,20.19,C0281,Anan Sukjai,ST004,Khon Kaen Mall,EMP201,Ben,Credit Card,DELIVERED
ORD202400321,2025-05-31,2025-06-01,2025-06-04,P202,Cheesecake,Bakery,-,83.7,2,0.0,167.4,109.85,57.55,C0416,Thanakorn Srikul,ST004,Khon Kaen Mall,EMP204,Eve,QR PromptPay,DELIVERED
ORD202400322,2024-10-29,,,P003,Latte,Coffee,S,69.37,1,0.0,69.37,49.82,19.55,C0340,Anan Bussaba,ST004,Khon Kaen Mall,EMP201,Ben,Mobile Wallet,ORDERED
ORD202400323,2024-07-26,2024-07-27,2024-07-28,P001,Espresso,Coffee,M,74.8,2,27.45,122.15,105.75,16.4,C0291,Wipa Chantarangsu,ST006,Phuket Marina,EMP203,Dan,Cash,DELIVERED
ORD202400324,2024-07-20,2024-07-21,2024-07-22,P204,Bagel,Bakery,-,40.68,1,0.0,40.68,27.7,12.98,C0400,Napat Suwan,ST005,Hatyai Center,EMP204,Eve,Cash,DELIVERED
ORD202400325,2024-07-27,2024-07-28,,P003,Latte,Coffee,S,68.0,1,6.35,61.65,50.05,11.6,C0461,Suda Yodkaew,ST003,Chiang Mai One,EMP205,Finn,Credit Card,SHIPPED
ORD202400326,2024-07-03,2024-07-05,2024-07-09,P203,Brownie,Bakery,-,48.29,1,0.0,48.29,28.77,19.52,C0301,Nicha Sriwong,ST005,Hatyai Center,EMP200,Ann,QR PromptPay,DELIVERED
ORD202400327,2024-11-28,,,P004,Cappuccino,Coffee,S,67.66,3,0.0,0.0,0.0,-121.9,C0196,Preecha Boonmee,ST005,Hatyai Center,EMP200,Ann,QR PromptPay,CANCELLED
ORD202400328,2025-04-27,2025-04-29,,P203,Brownie,Bakery,-,54.42,3,0.0,163.26,104.17,59.09,C0166,Saran Thongchai,ST002,Silom Complex,EMP200,Ann,Credit Card,SHIPPED
ORD202400329,2024-09-28,2024-09-30,2024-10-04,P005,Mocha,Coffee,S,76.86,2,26.25,127.47,113.39,14.08,C0261,Napat Boonmee,ST006,Phuket Marina,EMP204,Eve,QR PromptPay,DELIVERED
ORD202400330,2025-03-02,2025-03-03,2025-03-06,P201,Croissant,Bakery,-,49.1,1,0.0,49.1,31.09,18.01,C0312,Chanida Suwan,ST005,Hatyai Center,EMP203,Dan,Cash,DELIVERED
ORD202400331,2024-07-15,2024-07-15,,P201,Croissant,Bakery,-,43.56,1,2.53,41.03,30.89,10.14,C0462,Kanya Boonmee,ST005,Hatyai Center,EMP204,Eve,Cash,SHIPPED
ORD202400332,2024-04-27,2024-04-27,2024-05-01,P203,Brownie,Bakery,-,51.61,3,21.8,133.03,91.66,41.37,C0442,Kanya Boonmee,ST002,Silom Complex,EMP200,Ann,Cash,DELIVERED
ORD202400333,2025-05-13,2025-05-14,2025-05-17,P204,Bagel,Bakery,-,38.91,3,0.0,116.73,82.56,34.17,C0466,Anan Prasert,ST004,Khon Kaen Mall,EMP205,Finn,Cash,DELIVERED
ORD202400334,2025-01-12,2025-01-12,2025-01-13,P102,Black Tea,Tea,S,52.29,1,12.52,39.77,33.8,5.97,C0233,Somchai Bussaba,ST004,Khon Kaen Mall,EMP202,Cara,Credit Card,DELIVERED
ORD202400335,2024-10-05,2024-10-07,2024-10-08,P101,Green Tea,Tea,S,47.59,2,0.0,95.18,57.99,37.19,C0461,Suda Yodkaew,ST006,Phuket Marina,EMP201,Ben,Cash,DELIVERED
ORD202400336,2024-07-23,2024-07-25,2024-07-26,P001,Espresso,Coffee,S,61.75,3,0.0,185.25,100.63,84.62,C0283,Suda Srikul,ST006,Phuket Marina,EMP204,Eve,Cash,DELIVERED
ORD202400337,2024-09-29,2024-09-30,2024-10-03,P202,Cheesecake,Bakery,-,82.52,1,0.0,82.52,60.86,21.66,C0284,Chanida Srikul,ST002,Silom Complex,EMP204,Eve,Mobile Wallet,DELIVERED
ORD202400338,2024-05-23,2024-05-24,2024-05-27,P203,Brownie,Bakery,-,47.69,1,0.0,47.69,24.21,23.48,C0160,Korn Sriwong,ST006,Phuket Marina,EMP200,Ann,Mobile Wallet,DELIVERED
ORD202400339,2024-10-09,,,P103,Thai Tea,Tea,S,58.41,1,0.0,0.0,0.0,-34.99,C0064,Wipa Sriwong,ST001,Central Plaza,EMP202,Cara,QR PromptPay,CANCELLED
ORD202400340,2024-12-23,2024-12-24,2024-12-27,P005,Mocha,Coffee,M,86.85,1,0.0,86.85,43.77,43.08,C0300,Nicha Prasert,ST005,Hatyai Center,EMP203,Dan,Cash,DELIVERED
ORD202400341,2024-10-24,2024-10-26,2024-10-26,P005,Mocha,Coffee,L,112.77,1,0.0,112.77,76.03,36.74,C0012,Chanida Bussaba,ST001,Central Plaza,EMP201,Ben,QR PromptPay,DELIVERED
ORD202400342,2024-01-15,2024-01-16,,P003,Latte,Coffee,S,76.22,1,0.0,76.22,39.57,36.65,C0380,Wipa Sriwong,ST003,Chiang Mai One,EMP205,Finn,Mobile Wallet,SHIPPED
ORD202400343,2024-02-17,2024-02-18,2024-02-21,P001,Espresso,Coffee,L,85.41,1,3.54,81.87,52.34,29.53,C0140,Somchai Sukjai,ST003,Chiang Mai One,EMP205,Finn,Credit Card,DELIVERED
ORD202400344,2024-09-27,2024-09-27,2024-10-01,P103,Thai Tea,Tea,S,57.63,3,12.77,160.12,125.92,34.2,C0102,Anan Prasert,ST002,Silom Complex,EMP200,Ann,Credit Card,DELIVERED
ORD202400345,2024-10-12,2024-10-13,2024-10-15,P001,Espresso,Coffee,L,91.78,3,0.0,275.34,183.61,91.73,C0487,Anan Suwan,ST002,Silom Complex,EMP204,Eve,Credit Card,DELIVERED
ORD202400346,2025-03-05,2025-03-06,2025-03-07,P005,Mocha,Coffee,M,87.45,1,0.0,87.45,48.81,38.64,C0312,Chanida Suwan,ST002,Silom Complex,EMP202,Cara,QR PromptPay,DELIVERED
ORD202400347,2024-02-17,2024-02-17,2024-02-18,P003,Latte,Coffee,L,105.14,3,0.0,315.42,218.66,96.76,C0150,Thanakorn Sukjai,ST002,Silom Complex,EMP202,Cara,Mobile Wallet,DELIVERED
ORD202400348,2024-07-10,2024-07-12,2024-07-13,P103,Thai Tea,Tea,S,59.35,1,0.0,59.35,43.06,16.29,C0042,Chanida Chantarangsu,ST001,Central Plaza,EMP200,Ann,QR PromptPay,DELIVERED
ORD202400349,2025-01-24,2025-01-25,2025-01-25,P002,Americano,Coffee,L,83.91,1,0.0,83.91,50.82,33.09,C0233,Somchai Bussaba,ST006,Phuket Marina,EMP203,Dan,Mobile Wallet,DELIVERED
ORD202400350,2024-10-23,2024-10-24,2024-10-24,P001,Espresso,Coffee,L,82.84,1,10.28,72.56,59.81,12.75,C0087,Thida Sriwong,ST006,Phuket Marina,EMP200,Ann,Credit Card,DELIVERED
ORD202400351,2025-01-24,2025-01-26,2025-01-30,P005,Mocha,Coffee,S,76.47,1,15.73,60.74,42.03,18.71,C0218,Kanya Boonmee,ST004,Khon Kaen Mall,EMP205,Finn,Mobile Wallet,DELIVERED
ORD202400352,2025-05-18,2025-05-20,2025-05-20,P202,Cheesecake,Bakery,-,86.36,2,38.07,134.65,117.86,16.79,C0347,Korn Bussaba,ST005,Hatyai Center,EMP203,Dan,Mobile Wallet,DELIVERED
ORD202400353,2024-08-02,2024-08-04,2024-08-08,P004,Cappuccino,Coffee,L,107.7,2,0.0,215.4,151.53,63.87,C0384,Saran Suwan,ST004,Khon Kaen Mall,EMP201,Ben,Mobile Wallet,DELIVERED
ORD202400354,2025-02-20,2025-02-20,2025-02-23,P203,Brownie,Bakery,-,50.46,3,0.0,151.38,79.7,71.68,C0153,Saran Boonmee,ST004,Khon Kaen Mall,EMP204,Eve,Credit Card,DELIVERED
ORD202400355,2024-08-01,,,P002,Americano,Coffee,M,66.6,1,8.19,0.0,0.0,-46.72,C0186,Napat Prasert,ST001,Central Plaza,EMP203,Dan,Cash,CANCELLED
ORD202400356,2024-11-05,2024-11-06,2024-11-08,P101,Green Tea,Tea,M,62.17,3,0.0,186.51,121.9,64.61,C0238,Nicha Sriwong,ST001,Central Plaza,EMP200,Ann,Cash,DELIVERED
ORD202400357,2025-03-04,2025-03-06,2025-03-06,P101,Green Tea,Tea,M,62.24,1,0.0,62.24,38.47,23.77,C0387,Somchai Sriwong,ST006,Phuket Marina,EMP203,Dan,Credit Card,DELIVERED
ORD202400358,2024-02-17,2024-02-18,2024-02-21,P001,Espresso,Coffee,M,77.05,1,0.0,77.05,41.48,35.57,C0229,Wipa Prasert,ST001,Central Plaza,EMP203,Dan,Mobile Wallet,DELIVERED
ORD202400359,2024-09-22,2024-09-23,2024-09-24,P102,Black Tea,Tea,M,59.15,2,0.0,118.3,66.7,51.6,C0493,Saran Prasert,ST005,Hatyai Center,EMP200,Ann,Credit Card,DELIVERED
ORD202400360,2024-04-07,2024-04-07,2024-04-09,P204,Bagel,Bakery,-,43.25,1,0.0,43.25,31.08,12.17,C0343,Chanida Chantarangsu,ST003,Chiang Mai One,EMP203,Dan,Cash,DELIVERED
ORD202400361,2025-01-02,2025-01-03,2025-01-06,P103,Thai Tea,Tea,S,55.49,1,0.0,55.49,37.3,18.19,C0396,Wipa Suwan,ST003,Chiang Mai One,EMP205,Finn,Credit Card,DELIVERED
ORD202400362,2024-06-18,2024-06-18,,P204,Bagel,Bakery,-,42.26,2,0.0,84.52,61.12,23.4,C0071,Korn Srikul,ST005,Hatyai Center,EMP204,Eve,Credit Card,SHIPPED
ORD202400363,2025-06-14,2025-06-16,2025-06-17,P005,Mocha,Coffee,M,94.18,2,11.76,176.6,100.75,75.85,C0312,Chanida Suwan,ST003,Chiang Mai One,EMP205,Finn,Cash,DELIVERED
ORD202400364,2025-06-25,2025-06-25,2025-06-26,P001,Espresso,Coffee,M,73.83,1,10.27,63.56,46.37,17.19,C0207,Thanakorn Boonmee,ST004,Khon Kaen Mall,EMP201,Ben,QR PromptPay,DELIVERED
ORD202400365,2024-04-01,,,P202,Cheesecake,Bakery,-,80.92,1,0.0,80.92,56.33,24.59,C0467,Thanakorn Prasert,ST002,Silom Complex,EMP203,Dan,Mobile Wallet,ORDERED
ORD202400366,2025-05-02,2025-05-03,2025-05-04,P102,Black Tea,Tea,S,50.45,1,3.77,46.68,32.23,14.45,C0139,Anan Sriwong,ST001,Central Plaza,EMP200,Ann,QR PromptPay,DELIVERED
ORD202400367,2024-04-09,2024-04-11,2024-04-11,P201,Croissant,Bakery,-,45.86,2,0.0,91.72,62.06,29.66,C0038,Nicha Suwan,ST002,Silom Complex,EMP205,Finn,Mobile Wallet,DELIVERED
ORD202400368,2024-04-05,2024-04-05,2024-04-06,P101,Green Tea,Tea,S,53.83,1,0.0,53.83,31.77,22.06,C0383,Napat Sriwong,ST005,Hatyai Center,EMP202,Cara,Cash,DELIVERED
ORD202400369,2024-09-28,2024-09-28,2024-09-28,P204,Bagel,Bakery,-,39.12,2,4.41,73.83,53.28,20.55,C0309,Thanakorn Srikul,ST002,Silom Complex,EMP202,Cara,Mobile Wallet,DELIVERED
ORD202400370,2025-03-11,2025-03-12,2025-03-14,P003,Latte,Coffee,S,75.76,1,0.0,75.76,51.11,24.65,C0254,Anan Srikul,ST001,Central Plaza,EMP203,Dan,Credit Card,DELIVERED
ORD202400371,2025-05-16,2025-05-17,2025-05-19,P101,Green Tea,Tea,L,73.35,2,11.58,135.12,76.01,59.11,C0208,Somchai Prasert,ST005,Hatyai Center,EMP205,Finn,QR PromptPay,DELIVERED
ORD202400372,2025-04-04,2025-04-04,2025-04-08,P003,Latte,Coffee,L,103.03,1,0.0,103.03,55.68,47.35,C0384,Saran Suwan,ST003,Chiang Mai One,EMP203,Dan,Mobile Wallet,DELIVERED
ORD202400373,2025-02-15,2025-02-15,2025-02-16,P201,Croissant,Bakery,-,43.08,1,0.0,43.08,28.53,14.55,C0282,Anan Boonmee,ST005,Hatyai Center,EMP200,Ann,Mobile Wallet,DELIVERED
ORD202400374,2024-03-04,2024-03-06,,P002,Americano,Coffee,M,64.04,1,10.21,53.83,37.65,16.18,C0380,Wipa Sriwong,ST002,Silom Complex,EMP204,Eve,QR PromptPay,SHIPPED
ORD202400375,2024-09-04,2024-09-05,2024-09-08,P101,Green Tea,Tea,L,73.71,2,0.0,147.42,108.17,39.25,C0261,Napat Boonmee,ST005,Hatyai Center,EMP200,Ann,QR PromptPay,DELIVERED
ORD202400376,2024-02-14,2024-02-15,2024-02-19,P102,Black Tea,Tea,L,74.27,1,0.0,74.27,52.85,21.42,C0074,Somchai Srikul,ST003,Chiang Mai One,EMP203,Dan,Cash,DELIVERED
ORD202400377,2024-01-06,,,P204,Bagel,Bakery,-,42.08,1,0.0,0.0,0.0,-31.54,C0450,Somchai Prasert,ST005,Hatyai Center,EMP204,Eve,QR PromptPay,CANCELLED
ORD202400378,2024-11-08,2024-11-10,,P202,Cheesecake,Bakery,-,83.15,1,5.09,78.06,48.41,29.65,C0011,Anan Thongchai,ST005,Hatyai Center,EMP202,Cara,Mobile Wallet,SHIPPED
ORD202400379,2024-01-25,,,P002,Americano,Coffee,M,64.34,1,0.0,0.0,0.0,-43.33,C0076,Suda Srikul,ST003,Chiang Mai One,EMP200,Ann,Cash,CANCELLED
ORD202400380,2024-11-01,2024-11-03,2024-11-04,P005,Mocha,Coffee,S,71.57,1,10.68,60.89,43.56,17.33,C0275,Anan Prasert,ST005,Hatyai Center,EMP204,Eve,Mobile Wallet,DELIVERED
ORD202400381,2024-01-30,2024-01-30,2024-02-01,P202,Cheesecake,Bakery,-,84.15,2,0.0,168.3,125.42,42.88,C0389,Kanya Boonmee,ST003,Chiang Mai One,EMP201,Ben,Credit Card,DELIVERED
ORD202400382,2025-03-19,2025-03-20,2025-03-22,P103,Thai Tea,Tea,L,75.69,2,0.0,151.38,84.09,67.29,C0062,Nicha Suwan,ST002,Silom Complex,EMP205,Finn,Mobile Wallet,DELIVERED
ORD202400383,2025-01-08,2025-01-09,2025-01-10,P002,Americano,Coffee,L,82.7,2,0.0,165.4,109.57,55.83,C0392,Wipa Boonmee,ST005,Hatyai Center,EMP201,Ben,Cash,DELIVERED
ORD202400384,2025-03-05,2025-03-07,,P103,Thai Tea,Tea,S,52.63,1,0.0,52.63,32.08,20.55,C0198,Preecha Chantarangsu,ST006,Phuket Marina,EMP201,Ben,QR PromptPay,SHIPPED
ORD202400385,2025-01-27,2025-01-28,2025-01-29,P202,Cheesecake,Bakery,-,83.05,1,1.33,81.72,57.46,24.26,C0398,Kanya Srikul,ST002,Silom Complex,EMP204,Eve,QR PromptPay,DELIVERED
ORD202400386,2024-09-10,2024-09-11,2024-09-11,P203,Brownie,Bakery,-,53.61,1,10.16,43.45,39.4,4.05,C0298,Napat Chantarangsu,ST003,Chiang Mai One,EMP200,Ann,QR PromptPay,DELIVERED
ORD202400387,2024-04-27,,,P202,Cheesecake,Bakery,-,81.49,2,0.0,162.98,102.89,60.09,C0091,Korn Boonmee,ST001,Central Plaza,EMP200,Ann,Credit Card,ORDERED
ORD202400388,2024-06-12,,,P003,Latte,Coffee,M,85.03,1,8.72,0.0,0.0,-54.35,C0006,Anan Bussaba,ST003,Chiang Mai One,EMP203,Dan,Credit Card,CANCELLED
ORD202400389,2024-08-24,,,P002,Americano,Coffee,S,57.38,3,0.0,172.14,86.94,85.2,C0387,Somchai Sriwong,ST004,Khon Kaen Mall,EMP201,Ben,Mobile Wallet,ORDERED
ORD202400390,2024-10-20,2024-10-20,,P001,Espresso,Coffee,L,82.53,1,8.28,74.25,52.18,22.07,C0401,Somchai Thongchai,ST002,Silom Complex,EMP205,Finn,Cash,SHIPPED
ORD202400391,2024-10-27,,,P202,Cheesecake,Bakery,-,77.12,1,10.57,0.0,0.0,-42.84,C0250,Korn Suwan,ST002,Silom Complex,EMP204,Eve,Credit Card,CANCELLED
ORD202400392,2024-02-29,2024-03-01,2024-03-04,P204,Bagel,Bakery,-,43.65,1,1.6,42.05,32.53,9.52,C0417,Kanya Boonmee,ST002,Silom Complex,EMP200,Ann,Credit Card,DELIVERED
ORD202400393,2024-02-18,2024-02-19,2024-02-21,P202,Cheesecake,Bakery,-,87.84,2,0.0,175.68,96.8,78.88,C0072,Thanakorn Suwan,ST005,Hatyai Center,EMP204,Eve,Mobile Wallet,DELIVERED
ORD202400394,2025-05-23,2025-05-23,2025-05-27,P203,Brownie,Bakery,-,50.38,1,12.56,37.82,29.97,7.85,C0032,Napat Bussaba,ST004,Khon Kaen Mall,EMP204,Eve,QR PromptPay,DELIVERED
ORD202400395,2025-05-18,,,P003,Latte,Coffee,M,80.53,1,0.0,80.53,54.45,26.08,C0168,Kanya Chantarangsu,ST001,Central Plaza,EMP202,Cara,QR PromptPay,ORDERED
ORD202400396,2025-01-02,2025-01-02,,P003,Latte,Coffee,L,100.94,1,0.0,100.94,54.38,46.56,C0455,Napat Sukjai,ST005,Hatyai Center,EMP205,Finn,Credit Card,SHIPPED
ORD202400397,2024-10-29,2024-10-29,,P103,Thai Tea,Tea,L,73.55,2,0.0,147.1,110.3,36.8,C0076,Suda Srikul,ST005,Hatyai Center,EMP202,Cara,Cash,SHIPPED
ORD202400398,2024-02-02,2024-02-03,2024-02-04,P103,Thai Tea,Tea,L,80.94,2,0.0,161.88,108.62,53.26,C0090,Suda Yodkaew,ST001,Central Plaza,EMP204,Eve,Mobile Wallet,DELIVERED
ORD202400399,2024-11-20,2024-11-22,2024-11-24,P101,Green Tea,Tea,M,63.28,1,8.91,54.37,45.59,8.78,C0262,Chanida Chantarangsu,ST004,Khon Kaen Mall,EMP204,Eve,QR PromptPay,DELIVERED
ORD202400400,2024-02-16,2024-02-16,,P002,Americano,Coffee,L,76.86,2,0.43,153.29,114.78,38.51,C0053,Thida Sriwong,ST004,Khon Kaen Mall,EMP201,Ben,Mobile Wallet,SHIPPED
ORD202400401,2024-10-21,2024-10-23,2024-10-26,P005,Mocha,Coffee,L,102.41,2,21.42,183.4,119.02,64.38,C0405,Kanya Bussaba,ST004,Khon Kaen Mall,EMP202,Cara,Mobile Wallet,DELIVERED
ORD202400402,2024-09-12,2024-09-14,2024-09-14,P004,Cappuccino,Coffee,M,81.74,3,0.0,245.22,131.68,113.54,C0103,Kanya Srikul,ST002,Silom Complex,EMP204,Eve,Cash,DELIVERED
ORD202400403,2024-03-20,2024-03-22,2024-03-26,P002,Americano,Coffee,M,64.25,1,3.98,60.27,46.81,13.46,C0273,Thida Sukjai,ST005,Hatyai Center,EMP201,Ben,Cash,DELIVERED
ORD202400404,2025-04-02,2025-04-02,2025-04-06,P004,Cappuccino,Coffee,S,72.72,1,9.87,62.85,42.19,20.66,C0055,Anan Sriwong,ST005,Hatyai Center,EMP200,Ann,Cash,DELIVERED
ORD202400405,2024-05-22,2024-05-24,2024-05-26,P102,Black Tea,Tea,L,71.43,1,0.0,71.43,38.0,33.43,C0308,Nicha Prasert,ST002,Silom Complex,EMP201,Ben,Credit Card,DELIVERED
ORD202400406,2024-11-30,2024-12-02,2024-12-06,P201,Croissant,Bakery,-,47.16,2,0.0,94.32,64.05,30.27,C0160,Korn Sriwong,ST002,Silom Complex,EMP201,Ben,Credit Card,DELIVERED
ORD202400407,2025-02-11,,,P001,Espresso,Coffee,S,57.9,1,0.0,0.0,0.0,-29.91,C0269,Kanya Boonmee,ST006,Phuket Marina,EMP203,Dan,Mobile Wallet,CANCELLED
ORD202400408,2025-05-21,2025-05-23,2025-05-27,P004,Cappuccino,Coffee,S,72.26,1,11.03,61.23,50.42,10.81,C0252,Korn Chantarangsu,ST004,Khon Kaen Mall,EMP205,Finn,Cash,DELIVERED
ORD202400409,2024-03-13,2024-03-13,2024-03-16,P201,Croissant,Bakery,-,46.55,1,0.0,46.55,30.9,15.65,C0458,Saran Suwan,ST003,Chiang Mai One,EMP203,Dan,QR PromptPay,DELIVERED
ORD202400410,2024-06-02,,,P203,Brownie,Bakery,-,53.72,1,0.0,53.72,30.15,23.57,C0136,Thanakorn Sukjai,ST004,Khon Kaen Mall,EMP202,Cara,Credit Card,ORDERED
ORD202400411,2024-06-30,2024-06-30,2024-07-01,P005,Mocha,Coffee,M,95.95,2,0.0,191.9,101.26,90.64,C0124,Preecha Suwan,ST005,Hatyai Center,EMP201,Ben,Credit Card,DELIVERED
ORD202400412,2024-10-15,2024-10-15,2024-10-18,P102,Black Tea,Tea,S,54.17,1,0.0,54.17,36.54,17.63,C0238,Nicha Sriwong,ST005,Hatyai Center,EMP205,Finn,Mobile Wallet,DELIVERED
ORD202400413,2024-07-10,2024-07-12,2024-07-12,P103,Thai Tea,Tea,S,53.01,3,9.33,149.7,95.15,54.55,C0189,Preecha Sriwong,ST003,Chiang Mai One,EMP204,Eve,Mobile Wallet,DELIVERED
ORD202400414,2024-01-03,2024-01-04,2024-01-06,P203,Brownie,Bakery,-,49.86,1,3.33,46.53,35.65,10.88,C0338,Nicha Sriwong,ST003,Chiang Mai One,EMP202,Cara,Mobile Wallet,DELIVERED
ORD202400415,2024-03-11,2024-03-13,2024-03-17,P204,Bagel,Bakery,-,38.39,2,4.42,72.36,57.3,15.06,C0005,Chanida Sukjai,ST006,Phuket Marina,EMP201,Ben,QR PromptPay,DELIVERED
ORD202400416,2024-05-08,2024-05-10,2024-05-12,P002,Americano,Coffee,L,75.28,1,0.0,75.28,44.79,30.49,C0282,Anan Boonmee,ST004,Khon Kaen Mall,EMP204,Eve,QR PromptPay,DELIVERED
ORD202400417,2024-06-20,2024-06-21,2024-06-24,P204,Bagel,Bakery,-,42.5,1,0.0,42.5,26.15,16.35,C0204,Kanya Boonmee,ST004,Khon Kaen Mall,EMP203,Dan,Mobile Wallet,DELIVERED
ORD202400418,2024-11-27,2024-11-28,2024-11-30,P102,Black Tea,Tea,S,54.15,1,8.78,45.37,37.67,7.7,C0131,Thida Boonmee,ST006,Phuket Marina,EMP200,Ann,Mobile Wallet,DELIVERED
ORD202400419,2025-03-14,2025-03-15,,P201,Croissant,Bakery,-,43.77,2,5.91,81.63,56.85,24.78,C0417,Kanya Boonmee,ST002,Silom Complex,EMP202,Cara,Credit Card,SHIPPED
ORD202400420,2024-07-23,2024-07-23,,P003,Latte,Coffee,L,106.08,1,0.0,106.08,63.91,42.17,C0429,Thanakorn Sukjai,ST002,Silom Complex,EMP201,Ben,QR PromptPay,SHIPPED
ORD202400421,2024-10-21,2024-10-23,2024-10-23,P202,Cheesecake,Bakery,-,81.38,2,39.23,123.53,114.57,8.96,C0117,Somchai Sriwong,ST002,Silom Complex,EMP205,Finn,Cash,DELIVERED
ORD202400422,2025-02-26,2025-02-26,,P201,Croissant,Bakery,-,45.03,3,0.0,135.09,88.11,46.98,C0371,Thida Sriwong,ST004,Khon Kaen Mall,EMP205,Finn,Cash,SHIPPED
ORD202400423,2024-12-25,2024-12-27,2024-12-28,P001,Espresso,Coffee,S,58.03,1,0.0,58.03,40.05,17.98,C0138,Kanya Suwan,ST006,Phuket Marina,EMP202,Cara,Credit Card,DELIVERED
ORD202400424,2024-10-25,2024-10-25,2024-10-29,P201,Croissant,Bakery,-,45.81,2,0.0,91.62,65.85,25.77,C0230,Thida Boonmee,ST002,Silom Complex,EMP204,Eve,Cash,DELIVERED
ORD202400425,2024-09-11,2024-09-11,2024-09-11,P204,Bagel,Bakery,-,43.79,1,0.91,42.88,26.17,16.71,C0190,Napat Srikul,ST002,Silom Complex,EMP204,Eve,Mobile Wallet,DELIVERED
ORD202400426,2024-04-16,2024-04-16,2024-04-19,P101,Green Tea,Tea,S,54.65,1,0.0,54.65,37.72,16.93,C0354,Somchai Yodkaew,ST001,Central Plaza,EMP202,Cara,Mobile Wallet,DELIVERED
ORD202400427,2024-12-18,2024-12-19,2024-12-22,P101,Green Tea,Tea,S,49.99,2,23.44,76.54,57.53,19.01,C0409,Somchai Boonmee,ST004,Khon Kaen Mall,EMP202,Cara,QR PromptPay,DELIVERED
ORD202400428,2024-09-03,2024-09-05,2024-09-06,P204,Bagel,Bakery,-,41.94,1,0.0,41.94,22.64,19.3,C0095,Thanakorn Thongchai,ST006,Phuket Marina,EMP200,Ann,Credit Card,DELIVERED
ORD202400429,2024-03-29,2024-03-31,,P004,Cappuccino,Coffee,M,83.24,2,13.79,152.69,102.14,50.55,C0499,Anan Thongchai,ST006,Phuket Marina,EMP200,Ann,Cash,SHIPPED
ORD202400430,2024-03-08,2024-03-09,2024-03-11,P002,Americano,Coffee,S,56.72,1,9.77,46.95,41.75,5.2,C0451,Somchai Sukjai,ST003,Chiang Mai One,EMP200,Ann,QR PromptPay,DELIVERED
ORD202400431,2024-11-07,,,P001,Espresso,Coffee,S,57.39,1,0.0,0.0,0.0,-39.61,C0175,Chanida Boonmee,ST004,Khon Kaen Mall,EMP203,Dan,Mobile Wallet,CANCELLED
ORD202400432,2024-11-20,2024-11-20,2024-11-20,P102,Black Tea,Tea,M,63.99,2,0.0,127.98,73.7,54.28,C0397,Preecha Chantarangsu,ST005,Hatyai Center,EMP201,Ben,Credit Card,DELIVERED
ORD202400433,2024-02-06,2024-02-08,2024-02-09,P102,Black Tea,Tea,S,53.7,1,0.0,53.7,36.72,16.98,C0194,Somchai Chantarangsu,ST002,Silom Complex,EMP203,Dan,QR PromptPay,DELIVERED
ORD202400434,2025-03-16,2025-03-16,,P005,Mocha,Coffee,M,85.51,1,0.0,85.51,50.32,35.19,C0086,Wipa Sukjai,ST001,Central Plaza,EMP202,Cara,Cash,SHIPPED
ORD202400435,2024-02-08,2024-02-08,2024-02-12,P004,Cappuccino,Coffee,S,69.98,1,16.03,53.95,40.45,13.5,C0204,Kanya Boonmee,ST002,Silom Complex,EMP200,Ann,Credit Card,DELIVERED
ORD202400436,2025-01-25,,,P005,Mocha,Coffee,S,72.85,1,0.0,72.85,49.0,23.85,C0147,Korn Thongchai,ST006,Phuket Marina,EMP204,Eve,Credit Card,ORDERED
ORD202400437,2024-02-11,2024-02-11,2024-02-14,P101,Green Tea,Tea,M,58.7,1,0.0,58.7,43.83,14.87,C0355,Anan Suwan,ST006,Phuket Marina,EMP200,Ann,Credit Card,DELIVERED
ORD202400438,2025-01-05,,,P201,Croissant,Bakery,-,49.4,1,10.71,0.0,0.0,-29.2,C0478,Thida Prasert,ST002,Silom Complex,EMP204,Eve,Cash,CANCELLED
ORD202400439,2025-05-26,,,P204,Bagel,Bakery,-,41.04,2,10.09,0.0,0.0,-44.61,C0463,Thanakorn Bussaba,ST002,Silom Complex,EMP200,Ann,Mobile Wallet,CANCELLED
ORD202400440,2025-01-31,2025-01-31,2025-01-31,P103,Thai Tea,Tea,S,52.91,3,0.0,158.73,85.05,73.68,C0251,Wipa Prasert,ST004,Khon Kaen Mall,EMP204,Eve,QR PromptPay,DELIVERED
ORD202400441,2024-10-29,2024-10-29,2024-10-31,P203,Brownie,Bakery,-,47.7,1,0.0,47.7,31.58,16.12,C0108,Preecha Srikul,ST002,Silom Complex,EMP205,Finn,Credit Card,DELIVERED
ORD202400442,2024-03-25,2024-03-27,2024-03-31,P204,Bagel,Bakery,-,38.56,1,0.0,38.56,26.62,11.94,C0080,Anan Sriwong,ST003,Chiang Mai One,EMP201,Ben,QR PromptPay,DELIVERED
ORD202400443,2025-05-21,,,P004,Cappuccino,Coffee,M,87.98,1,0.0,0.0,0.0,-44.07,C0180,Wipa Sriwong,ST001,Central Plaza,EMP205,Finn,Credit Card,CANCELLED
ORD202400444,2024-02-22,2024-02-24,2024-02-26,P101,Green Tea,Tea,M,57.99,3,0.0,173.97,117.49,56.48,C0290,Suda Boonmee,ST001,Central Plaza,EMP201,Ben,QR PromptPay,DELIVERED
ORD202400445,2025-02-12,2025-02-12,2025-02-13,P204,Bagel,Bakery,-,38.88,2,0.0,77.76,39.13,38.63,C0125,Thida Sukjai,ST003,Chiang Mai One,EMP203,Dan,Cash,DELIVERED
ORD202400446,2025-03-19,,,P102,Black Tea,Tea,S,49.56,1,0.0,49.56,33.4,16.16,C0433,Thida Prasert,ST003,Chiang Mai One,EMP200,Ann,Cash,ORDERED
ORD202400447,2025-01-04,2025-01-04,2025-01-04,P101,Green Tea,Tea,L,74.98,3,36.45,188.49,139.66,48.83,C0296,Thida Bussaba,ST003,Chiang Mai One,EMP201,Ben,Credit Card,DELIVERED
ORD202400448,2024-02-24,2024-02-24,2024-02-25,P002,Americano,Coffee,L,79.14,1,2.62,76.52,58.45,18.07,C0047,Thida Thongchai,ST006,Phuket Marina,EMP204,Eve,Cash,DELIVERED
ORD202400449,2025-05-05,2025-05-05,2025-05-05,P004,Cappuccino,Coffee,M,83.86,2,0.0,167.72,122.4,45.32,C0305,Korn Chantarangsu,ST003,Chiang Mai One,EMP200,Ann,Cash,DELIVERED
ORD202400450,2024-07-07,2024-07-07,2024-07-11,P003,Latte,Coffee,S,72.34,1,0.0,72.34,52.07,20.27,C0376,Korn Boonmee,ST001,Central Plaza,EMP204,Eve,Credit Card,DELIVERED
ORD202400451,2024-05-27,2024-05-27,2024-05-27,P203,Brownie,Bakery,-,51.65,1,0.0,51.65,26.31,25.34,C0243,Anan Srikul,ST006,Phuket Marina,EMP200,Ann,Cash,DELIVERED
ORD202400452,2024-11-04,,,P003,Latte,Coffee,M,83.69,1,1.66,0.0,0.0,-56.41,C0095,Thanakorn Thongchai,ST006,Phuket Marina,EMP202,Cara,Cash,CANCELLED
ORD202400453,2024-07-03,2024-07-03,2024-07-03,P204,Bagel,Bakery,-,40.86,2,3.86,77.86,56.46,21.4,C0011,Anan Thongchai,ST006,Phuket Marina,EMP200,Ann,Cash,DELIVERED
ORD202400454,2024-11-20,2024-11-21,2024-11-25,P103,Thai Tea,Tea,M,72.2,1,0.0,72.2,48.91,23.29,C0226,Korn Bussaba,ST003,Chiang Mai One,EMP202,Cara,Credit Card,DELIVERED
ORD202400455,2024-10-18,,,P102,Black Tea,Tea,L,71.58,1,1.88,0.0,0.0,-47.68,C0292,Wipa Sukjai,ST003,Chiang Mai One,EMP202,Cara,QR PromptPay,CANCELLED
ORD202400456,2024-02-21,2024-02-21,2024-02-21,P002,Americano,Coffee,S,54.52,1,8.71,45.81,35.83,9.98,C0264,Korn Boonmee,ST002,Silom Complex,EMP202,Cara,Cash,DELIVERED
ORD202400457,2024-07-11,2024-07-11,2024-07-13,P005,Mocha,Coffee,S,76.13,1,0.0,76.13,49.09,27.04,C0057,Saran Suwan,ST005,Hatyai Center,EMP204,Eve,Credit Card,DELIVERED
ORD202400458,2025-02-16,,,P204,Bagel,Bakery,-,43.8,1,0.0,0.0,0.0,-27.15,C0383,Napat Sriwong,ST003,Chiang Mai One,EMP205,Finn,Credit Card,CANCELLED
ORD202400459,2024-06-23,,,P203,Brownie,Bakery,-,54.57,1,13.63,0.0,0.0,-37.09,C0471,Nicha Suwan,ST004,Khon Kaen Mall,EMP203,Dan,Mobile Wallet,CANCELLED
ORD202400460,2024-01-14,2024-01-16,2024-01-20,P003,Latte,Coffee,S,67.15,1,0.0,67.15,34.78,32.37,C0499,Anan Thongchai,ST004,Khon Kaen Mall,EMP200,Ann,Credit Card,DELIVERED
ORD202400461,2024-12-02,,,P202,Cheesecake,Bakery,-,82.55,2,2.64,162.46,112.99,49.47,C0220,Wipa Thongchai,ST005,Hatyai Center,EMP204,Eve,Credit Card,ORDERED
ORD202400462,2024-06-18,2024-06-19,2024-06-22,P004,Cappuccino,Coffee,M,80.88,2,17.55,144.21,109.5,34.71,C0250,Korn Suwan,ST002,Silom Complex,EMP202,Cara,Cash,DELIVERED
ORD202400463,2024-08-09,2024-08-09,,P004,Cappuccino,Coffee,M,90.47,3,0.0,271.41,170.07,101.34,C0300,Nicha Prasert,ST002,Silom Complex,EMP203,Dan,Mobile Wallet,SHIPPED
ORD202400464,2024-04-12,2024-04-13,2024-04-15,P201,Croissant,Bakery,-,44.61,3,8.12,125.71,79.18,46.53,C0493,Saran Prasert,ST004,Khon Kaen Mall,EMP202,Cara,QR PromptPay,DELIVERED
ORD202400465,2025-02-09,2025-02-11,,P005,Mocha,Coffee,M,89.45,3,0.0,268.35,156.99,111.36,C0431,Korn Bussaba,ST001,Central Plaza,EMP204,Eve,Mobile Wallet,SHIPPED
ORD202400466,2024-10-01,2024-10-03,2024-10-06,P003,Latte,Coffee,L,94.62,2,0.0,189.24,132.26,56.98,C0301,Nicha Sriwong,ST006,Phuket Marina,EMP201,Ben,Mobile Wallet,DELIVERED
ORD202400467,2024-01-18,2024-01-18,2024-01-19,P201,Croissant,Bakery,-,45.4,3,1.32,134.88,79.3,55.58,C0313,Saran Srikul,ST004,Khon Kaen Mall,EMP200,Ann,QR PromptPay,DELIVERED
ORD202400468,2024-09-19,2024-09-19,2024-09-20,P202,Cheesecake,Bakery,-,82.73,3,0.0,248.19,165.48,82.71,C0334,Anan Chantarangsu,ST003,Chiang Mai One,EMP201,Ben,QR PromptPay,DELIVERED
ORD202400469,2024-11-21,2024-11-22,2024-11-22,P203,Brownie,Bakery,-,51.89,3,12.86,142.81,104.85,37.96,C0017,Wipa Yodkaew,ST001,Central Plaza,EMP200,Ann,Credit Card,DELIVERED
ORD202400470,2025-05-02,2025-05-04,2025-05-06,P204,Bagel,Bakery,-,40.65,1,8.69,31.96,21.98,9.98,C0335,Suda Boonmee,ST001,Central Plaza,EMP201,Ben,Cash,DELIVERED
ORD202400471,2025-05-14,2025-05-14,2025-05-18,P002,Americano,Coffee,M,62.8,2,0.0,125.6,92.76,32.84,C0229,Wipa Prasert,ST005,Hatyai Center,EMP200,Ann,QR PromptPay,DELIVERED
ORD202400472,2024-10-31,2024-11-01,2024-11-03,P203,Brownie,Bakery,-,54.42,2,18.65,90.19,69.36,20.83,C0166,Saran Thongchai,ST006,Phuket Marina,EMP202,Cara,QR PromptPay,DELIVERED
ORD202400473,2024-03-16,,,P101,Green Tea,Tea,S,49.51,3,0.0,0.0,0.0,-110.44,C0055,Anan Sriwong,ST003,Chiang Mai One,EMP201,Ben,Cash,CANCELLED
ORD202400474,2025-05-21,2025-05-23,2025-05-23,P103,Thai Tea,Tea,S,58.36,3,4.82,170.26,117.83,52.43,C0492,Saran Prasert,ST006,Phuket Marina,EMP203,Dan,Credit Card,DELIVERED
ORD202400475,2024-10-12,2024-10-13,2024-10-15,P201,Croissant,Bakery,-,48.38,1,0.0,48.38,34.81,13.57,C0438,Preecha Yodkaew,ST006,Phuket Marina,EMP205,Finn,QR PromptPay,DELIVERED
ORD202400476,2024-10-03,2024-10-04,2024-10-04,P002,Americano,Coffee,M,65.19,3,32.21,163.36,104.34,59.02,C0300,Nicha Prasert,ST006,Phuket Marina,EMP201,Ben,QR PromptPay,DELIVERED
ORD202400477,2024-05-06,,,P001,Espresso,Coffee,L,83.57,2,0.0,0.0,0.0,-116.45,C0412,Wipa Prasert,ST004,Khon Kaen Mall,EMP203,Dan,QR PromptPay,CANCELLED
ORD202400478,2025-04-14,2025-04-15,,P101,Green Tea,Tea,S,53.88,1,8.88,45.0,32.36,12.64,C0060,Thanakorn Boonmee,ST006,Phuket Marina,EMP204,Eve,Mobile Wallet,SHIPPED
ORD202400479,2024-08-21,2024-08-23,2024-08-23,P201,Croissant,Bakery,-,43.33,1,0.0,43.33,31.68,11.65,C0046,Kanya Chantarangsu,ST002,Silom Complex,EMP201,Ben,QR PromptPay,DELIVERED
ORD202400480,2025-06-24,2025-06-24,2025-06-26,P204,Bagel,Bakery,-,43.91,1,0.83,43.08,28.12,14.96,C0466,Anan Prasert,ST003,Chiang Mai One,EMP205,Finn,Credit Card,DELIVERED
ORD202400481,2025-04-26,2025-04-27,2025-04-27,P005,Mocha,Coffee,L,109.14,1,5.13,104.01,55.67,48.34,C0473,Wipa Boonmee,ST006,Phuket Marina,EMP205,Finn,Cash,DELIVERED
ORD202400482,2025-05-27,2025-05-29,2025-06-02,P203,Brownie,Bakery,-,52.59,1,0.0,52.59,30.61,21.98,C0111,Wipa Suwan,ST003,Chiang Mai One,EMP205,Finn,Credit Card,DELIVERED
ORD202400483,2024-06-10,2024-06-12,2024-06-12,P102,Black Tea,Tea,L,66.51,1,16.48,50.03,46.26,3.77,C0026,Preecha Boonmee,ST006,Phuket Marina,EMP201,Ben,Cash,DELIVERED
ORD202400484,2024-07-09,2024-07-09,2024-07-12,P102,Black Tea,Tea,M,64.13,1,0.0,64.13,44.72,19.41,C0251,Wipa Prasert,ST002,Silom Complex,EMP203,Dan,QR PromptPay,DELIVERED
ORD202400485,2024-09-20,2024-09-20,2024-09-24,P103,Thai Tea,Tea,L,82.31,2,0.0,164.62,94.71,69.91,C0137,Wipa Bussaba,ST003,Chiang Mai One,EMP203,Dan,QR PromptPay,DELIVERED
ORD202400486,2024-07-23,2024-07-24,2024-07-28,P102,Black Tea,Tea,S,50.85,1,0.0,50.85,30.63,20.22,C0145,Saran Suwan,ST001,Central Plaza,EMP202,Cara,Mobile Wallet,DELIVERED
ORD202400487,2024-06-03,2024-06-04,2024-06-04,P002,Americano,Coffee,L,83.65,2,0.0,167.3,107.25,60.05,C0268,Saran Boonmee,ST003,Chiang Mai One,EMP202,Cara,Mobile Wallet,DELIVERED
ORD202400488,2024-04-29,2024-05-01,2024-05-04,P005,Mocha,Coffee,M,93.1,2,0.0,186.2,128.0,58.2,C0116,Anan Chantarangsu,ST006,Phuket Marina,EMP205,Finn,QR PromptPay,DELIVERED
ORD202400489,2025-06-06,2025-06-08,2025-06-09,P005,Mocha,Coffee,S,76.86,1,0.0,76.86,38.48,38.38,C0424,Chanida Sukjai,ST003,Chiang Mai One,EMP205,Finn,Cash,DELIVERED
ORD202400490,2024-07-04,2024-07-05,2024-07-09,P203,Brownie,Bakery,-,53.62,1,0.0,53.62,36.98,16.64,C0125,Thida Sukjai,ST006,Phuket Marina,EMP203,Dan,Mobile Wallet,DELIVERED
ORD202400491,2024-01-17,2024-01-18,2024-01-20,P204,Bagel,Bakery,-,41.42,1,6.68,34.74,28.15,6.59,C0397,Preecha Chantarangsu,ST004,Khon Kaen Mall,EMP204,Eve,Credit Card,DELIVERED
ORD202400492,2024-03-08,2024-03-10,2024-03-12,P005,Mocha,Coffee,M,94.7,2,45.41,143.99,128.19,15.8,C0193,Somchai Boonmee,ST005,Hatyai Center,EMP202,Cara,Mobile Wallet,DELIVERED
ORD202400493,2024-02-08,2024-02-09,2024-02-11,P102,Black Tea,Tea,M,63.8,3,0.0,191.4,103.94,87.46,C0323,Thida Thongchai,ST004,Khon Kaen Mall,EMP203,Dan,Mobile Wallet,DELIVERED
ORD202400494,2025-06-25,,,P002,Americano,Coffee,L,83.18,1,7.92,75.26,52.11,23.15,C0027,Napat Suwan,ST003,Chiang Mai One,EMP204,Eve,Cash,ORDERED
ORD202400495,2024-09-21,,,P103,Thai Tea,Tea,S,53.52,1,0.0,0.0,0.0,-33.24,C0452,Chanida Chantarangsu,ST004,Khon Kaen Mall,EMP204,Eve,Mobile Wallet,CANCELLED
ORD202400496,2024-11-27,2024-11-27,2024-12-01,P003,Latte,Coffee,S,71.47,1,12.6,58.87,49.95,8.92,C0193,Somchai Boonmee,ST003,Chiang Mai One,EMP205,Finn,QR PromptPay,DELIVERED
ORD202400497,2024-10-22,2024-10-24,,P002,Americano,Coffee,M,65.71,1,0.0,65.71,41.79,23.92,C0248,Thanakorn Suwan,ST001,Central Plaza,EMP205,Finn,Credit Card,SHIPPED
ORD202400498,2024-09-14,,,P004,Cappuccino,Coffee,M,83.96,2,0.0,167.92,125.84,42.08,C0361,Wipa Bussaba,ST006,Phuket Marina,EMP201,Ben,QR PromptPay,ORDERED
ORD202400499,2025-04-16,2025-04-16,2025-04-17,P204,Bagel,Bakery,-,43.11,1,0.0,43.11,25.26,17.85,C0340,Anan Bussaba,ST001,Central Plaza,EMP200,Ann,QR PromptPay,DELIVERED
ORD202400500,2024-09-29,2024-09-30,2024-10-03,P103,Thai Tea,Tea,M,70.61,3,0.0,211.83,138.89,72.94,C0231,Preecha Boonmee,ST004,Khon Kaen Mall,EMP201,Ben,QR PromptPay,DELIVERED
ORD202400501,2025-05-08,2025-05-08,2025-05-10,P204,Bagel,Bakery,-,41.02,1,9.98,31.04,28.84,2.2,C0245,Preecha Prasert,ST004,Khon Kaen Mall,EMP202,Cara,Credit Card,DELIVERED
ORD202400502,2024-06-16,2024-06-18,2024-06-20,P201,Croissant,Bakery,-,48.4,1,0.0,48.4,25.9,22.5,C0025,Nicha Sriwong,ST004,Khon Kaen Mall,EMP205,Finn,Mobile Wallet,DELIVERED
ORD202400503,2024-07-30,2024-07-30,2024-07-30,P002,Americano,Coffee,S,54.91,2,0.0,109.82,61.96,47.86,C0427,Korn Srikul,ST003,Chiang Mai One,EMP200,Ann,Cash,DELIVERED
ORD202400504,2025-03-08,2025-03-10,2025-03-14,P002,Americano,Coffee,M,70.28,2,0.0,140.56,95.67,44.89,C0425,Thida Prasert,ST003,Chiang Mai One,EMP204,Eve,Mobile Wallet,DELIVERED
ORD202400505,2024-09-21,2024-09-21,2024-09-22,P003,Latte,Coffee,M,84.72,1,0.0,84.72,48.56,36.16,C0243,Anan Srikul,ST006,Phuket Marina,EMP205,Finn,QR PromptPay,DELIVERED
ORD202400506,2024-02-17,2024-02-17,2024-02-21,P001,Espresso,Coffee,S,64.25,1,16.03,48.22,46.09,2.13,C0396,Wipa Suwan,ST001,Central Plaza,EMP202,Cara,Cash,DELIVERED
ORD202400507,2024-06-05,2024-06-07,2024-06-07,P101,Green Tea,Tea,L,71.1,2,17.82,124.38,78.92,45.46,C0119,Nicha Suwan,ST005,Hatyai Center,EMP201,Ben,Cash,DELIVERED
ORD202400508,2024-05-14,2024-05-15,2024-05-18,P202,Cheesecake,Bakery,-,77.72,1,4.39,73.33,51.61,21.72,C0497,Chanida Suwan,ST005,Hatyai Center,EMP202,Cara,Credit Card,DELIVERED
ORD202400509,2024-11-24,2024-11-26,,P004,Cappuccino,Coffee,M,91.02,3,0.0,273.06,161.48,111.58,C0189,Preecha Sriwong,ST006,Phuket Marina,EMP203,Dan,Cash,SHIPPED
ORD202400510,2025-02-01,2025-02-02,2025-02-04,P202,Cheesecake,Bakery,-,87.57,1,0.0,87.57,49.86,37.71,C0466,Anan Prasert,ST005,Hatyai Center,EMP204,Eve,Mobile Wallet,DELIVERED
ORD202400511,2025-05-14,2025-05-15,,P202,Cheesecake,Bakery,-,82.73,2,0.0,165.46,110.55,54.91,C0415,Suda Sukjai,ST001,Central Plaza,EMP204,Eve,Credit Card,SHIPPED
ORD202400512,2025-06-10,2025-06-10,2025-06-10,P005,Mocha,Coffee,M,86.94,2,0.0,173.88,105.01,68.87,C0217,Thida Boonmee,ST002,Silom Complex,EMP201,Ben,QR PromptPay,DELIVERED
ORD202400513,2024-04-28,2024-04-30,2024-04-30,P004,Cappuccino,Coffee,L,105.19,1,0.0,105.19,66.65,38.54,C0433,Thida Prasert,ST002,Silom Complex,EMP201,Ben,QR PromptPay,DELIVERED
ORD202400514,2024-04-06,2024-04-06,2024-04-07,P204,Bagel,Bakery,-,42.9,2,16.21,69.59,50.41,19.18,C0265,Suda Bussaba,ST001,Central Plaza,EMP204,Eve,Cash,DELIVERED
ORD202400515,2024-06-11,2024-06-13,2024-06-13,P203,Brownie,Bakery,-,53.94,2,8.34,99.54,59.42,40.12,C0452,Chanida Chantarangsu,ST003,Chiang Mai One,EMP203,Dan,Cash,DELIVERED
ORD202400516,2024-08-15,2024-08-17,,P202,Cheesecake,Bakery,-,77.9,3,0.0,233.7,120.2,113.5,C0442,Kanya Boonmee,ST004,Khon Kaen Mall,EMP205,Finn,Cash,SHIPPED
ORD202400517,2024-05-16,2024-05-17,,P103,Thai Tea,Tea,S,59.59,3,0.0,178.77,100.13,78.64,C0217,Thida Boonmee,ST006,Phuket Marina,EMP205,Finn,Cash,SHIPPED
ORD202400518,2024-07-26,2024-07-28,2024-07-29,P004,Cappuccino,Coffee,L,94.99,3,0.0,284.97,168.13,116.84,C0336,Korn Prasert,ST001,Central Plaza,EMP202,Cara,Cash,DELIVERED
ORD202400519,2025-03-07,2025-03-07,2025-03-08,P102,Black Tea,Tea,M,60.11,3,0.0,180.33,104.68,75.65,C0083,Kanya Chantarangsu,ST001,Central Plaza,EMP203,Dan,QR PromptPay,DELIVERED
ORD202400520,2025-02-06,2025-02-08,,P004,Cappuccino,Coffee,S,67.06,1,7.14,59.92,41.7,18.22,C0037,Anan Boonmee,ST003,Chiang Mai One,EMP201,Ben,Mobile Wallet,SHIPPED
ORD202400521,2024-07-10,,,P004,Cappuccino,Coffee,L,98.22,1,0.0,0.0,0.0,-64.21,C0065,Saran Prasert,ST001,Central Plaza,EMP201,Ben,Credit Card,CANCELLED
ORD202400522,2025-06-25,2025-06-26,2025-06-28,P102,Black Tea,Tea,L,72.8,1,9.87,62.93,50.09,12.84,C0169,Korn Thongchai,ST004,Khon Kaen Mall,EMP204,Eve,Cash,DELIVERED
ORD202400523,2024-02-17,2024-02-17,2024-02-21,P101,Green Tea,Tea,L,66.76,1,0.0,66.76,48.12,18.64,C0141,Thanakorn Suwan,ST006,Phuket Marina,EMP202,Cara,Credit Card,DELIVERED
ORD202400524,2025-03-21,2025-03-22,2025-03-25,P103,Thai Tea,Tea,L,73.85,2,12.23,135.47,98.59,36.88,C0262,Chanida Chantarangsu,ST004,Khon Kaen Mall,EMP204,Eve,Cash,DELIVERED
ORD202400525,2025-04-30,2025-05-02,2025-05-03,P201,Croissant,Bakery,-,47.87,3,0.0,143.61,98.89,44.72,C0094,Chanida Thongchai,ST001,Central Plaza,EMP203,Dan,Cash,DELIVERED
ORD202400526,2024-03-31,2024-04-01,2024-04-04,P204,Bagel,Bakery,-,42.81,2,0.0,85.62,52.98,32.64,C0029,Saran Boonmee,ST006,Phuket Marina,EMP204,Eve,QR PromptPay,DELIVERED
ORD202400527,2025-04-11,2025-04-13,,P201,Croissant,Bakery,-,45.66,2,0.0,91.32,63.91,27.41,C0202,Napat Bussaba,ST006,Phuket Marina,EMP205,Finn,Cash,SHIPPED
ORD202400528,2025-02-17,2025-02-18,2025-02-20,P005,Mocha,Coffee,L,110.93,1,0.0,110.93,80.62,30.31,C0500,Korn Yodkaew,ST001,Central Plaza,EMP201,Ben,QR PromptPay,DELIVERED
ORD202400529,2025-06-16,2025-06-17,2025-06-18,P102,Black Tea,Tea,S,48.75,2,17.67,79.83,68.15,11.68,C0109,Wipa Sukjai,ST001,Central Plaza,EMP203,Dan,QR PromptPay,DELIVERED
ORD202400530,2025-04-12,2025-04-12,2025-04-13,P002,Americano,Coffee,S,53.81,1,0.0,53.81,28.12,25.69,C0424,Chanida Sukjai,ST006,Phuket Marina,EMP203,Dan,Mobile Wallet,DELIVERED
ORD202400531,2024-06-18,2024-06-18,2024-06-21,P102,Black Tea,Tea,L,75.7,2,3.21,148.19,95.06,53.13,C0193,Somchai Boonmee,ST006,Phuket Marina,EMP204,Eve,Mobile Wallet,DELIVERED
ORD202400532,2024-07-06,2024-07-06,,P204,Bagel,Bakery,-,40.79,1,2.84,37.95,29.86,8.09,C0113,Preecha Thongchai,ST001,Central Plaza,EMP200,Ann,Cash,SHIPPED
ORD202400533,2024-08-20,2024-08-22,2024-08-23,P003,Latte,Coffee,L,97.91,3,18.26,275.47,151.15,124.32,C0368,Chanida Prasert,ST002,Silom Complex,EMP202,Cara,Mobile Wallet,DELIVERED
ORD202400534,2024-07-21,2024-07-23,2024-07-26,P005,Mocha,Coffee,L,110.18,1,0.0,110.18,80.98,29.2,C0062,Nicha Suwan,ST001,Central Plaza,EMP201,Ben,Credit Card,DELIVERED
ORD202400535,2024-12-03,2024-12-03,2024-12-03,P103,Thai Tea,Tea,S,58.79,2,0.0,117.58,79.5,38.08,C0179,Wipa Chantarangsu,ST005,Hatyai Center,EMP205,Finn,QR PromptPay,DELIVERED
ORD202400536,2024-08-16,2024-08-16,2024-08-19,P101,Green Tea,Tea,M,57.76,3,0.0,173.28,127.06,46.22,C0153,Saran Boonmee,ST005,Hatyai Center,EMP200,Ann,QR PromptPay,DELIVERED
ORD202400537,2024-01-08,2024-01-08,2024-01-08,P001,Espresso,Coffee,S,65.64,3,17.18,179.74,132.83,46.91,C0064,Wipa Sriwong,ST001,Central Plaza,EMP203,Dan,Cash,DELIVERED
ORD202400538,2024-10-24,2024-10-25,2024-10-28,P102,Black Tea,Tea,L,68.11,1,0.0,68.11,45.18,22.93,C0490,Napat Yodkaew,ST003,Chiang Mai One,EMP205,Finn,Mobile Wallet,DELIVERED
ORD202400539,2024-10-03,,,P203,Brownie,Bakery,-,49.55,1,2.56,0.0,0.0,-28.64,C0113,Preecha Thongchai,ST005,Hatyai Center,EMP203,Dan,Credit Card,CANCELLED
ORD202400540,2024-12-02,2024-12-04,2024-12-08,P002,Americano,Coffee,S,53.55,1,0.0,53.55,35.2,18.35,C0094,Chanida Thongchai,ST003,Chiang Mai One,EMP201,Ben,Cash,DELIVERED
ORD202400541,2025-01-28,2025-01-29,2025-02-02,P101,Green Tea,Tea,S,48.53,1,0.0,48.53,25.01,23.52,C0158,Thanakorn Prasert,ST005,Hatyai Center,EMP203,Dan,QR PromptPay,DELIVERED
ORD202400542,2024-12-11,2024-12-13,2024-12-13,P103,Thai Tea,Tea,S,54.56,1,0.0,54.56,38.75,15.81,C0276,Thida Thongchai,ST004,Khon Kaen Mall,EMP204,Eve,Mobile Wallet,DELIVERED
ORD202400543,2024-06-05,2024-06-05,2024-06-09,P103,Thai Tea,Tea,S,52.51,1,0.0,52.51,33.41,19.1,C0263,Napat Thongchai,ST002,Silom Complex,EMP202,Cara,Credit Card,DELIVERED
ORD202400544,2025-03-04,2025-03-05,2025-03-06,P203,Brownie,Bakery,-,52.18,3,0.0,156.54,102.57,53.97,C0250,Korn Suwan,ST005,Hatyai Center,EMP205,Finn,Credit Card,DELIVERED
ORD202400545,2025-02-19,2025-02-21,2025-02-22,P004,Cappuccino,Coffee,M,85.34,1,0.0,85.34,43.52,41.82,C0498,Anan Prasert,ST003,Chiang Mai One,EMP203,Dan,Mobile Wallet,DELIVERED
ORD202400546,2024-01-24,2024-01-26,2024-01-27,P101,Green Tea,Tea,L,73.25,2,0.0,146.5,95.52,50.98,C0446,Wipa Sriwong,ST006,Phuket Marina,EMP204,Eve,Credit Card,DELIVERED
ORD202400547,2024-10-03,2024-10-03,2024-10-07,P004,Cappuccino,Coffee,S,73.91,2,10.47,137.35,89.58,47.77,C0098,Korn Sukjai,ST002,Silom Complex,EMP204,Eve,Cash,DELIVERED
ORD202400548,2025-01-01,,,P202,Cheesecake,Bakery,-,83.25,1,16.74,66.51,50.73,15.78,C0242,Thanakorn Sriwong,ST005,Hatyai Center,EMP201,Ben,Cash,ORDERED
ORD202400549,2024-04-30,2024-05-02,2024-05-03,P102,Black Tea,Tea,M,61.23,2,20.69,101.77,71.75,30.02,C0116,Anan Chantarangsu,ST006,Phuket Marina,EMP201,Ben,Mobile Wallet,DELIVERED
ORD202400550,2024-03-17,2024-03-18,,P201,Croissant,Bakery,-,44.49,1,0.0,44.49,27.44,17.05,C0079,Wipa Yodkaew,ST006,Phuket Marina,EMP203,Dan,QR PromptPay,SHIPPED
ORD202400551,2024-03-06,,,P004,Cappuccino,Coffee,S,67.67,2,0.0,0.0,0.0,-81.62,C0046,Kanya Chantarangsu,ST003,Chiang Mai One,EMP205,Finn,Credit Card,CANCELLED
ORD202400552,2024-01-11,2024-01-12,2024-01-15,P201,Croissant,Bakery,-,49.18,1,0.0,49.18,33.41,15.77,C0405,Kanya Bussaba,ST005,Hatyai Center,EMP200,Ann,Cash,DELIVERED
ORD202400553,2025-06-16,2025-06-17,2025-06-18,P005,Mocha,Coffee,S,76.47,1,18.87,57.6,54.47,3.13,C0177,Thanakorn Suwan,ST006,Phuket Marina,EMP200,Ann,Mobile Wallet,DELIVERED
ORD202400554,2024-12-28,2024-12-30,2025-01-02,P005,Mocha,Coffee,L,101.99,2,0.0,203.98,128.67,75.31,C0319,Thanakorn Srikul,ST004,Khon Kaen Mall,EMP203,Dan,Mobile Wallet,DELIVERED
ORD202400555,2024-08-06,2024-08-08,2024-08-11,P103,Thai Tea,Tea,M,65.78,1,3.16,62.62,35.25,27.37,C0173,Suda Srikul,ST006,Phuket Marina,EMP202,Cara,QR PromptPay,DELIVERED
ORD202400556,2024-07-23,2024-07-24,2024-07-26,P102,Black Tea,Tea,L,72.07,1,0.0,72.07,50.68,21.39,C0489,Wipa Yodkaew,ST001,Central Plaza,EMP201,Ben,QR PromptPay,DELIVERED
ORD202400557,2024-10-06,2024-10-07,2024-10-08,P004,Cappuccino,Coffee,S,75.11,1,0.0,75.11,53.81,21.3,C0175,Chanida Boonmee,ST004,Khon Kaen Mall,EMP203,Dan,Credit Card,DELIVERED
ORD202400558,2024-10-10,2024-10-11,2024-10-12,P204,Bagel,Bakery,-,39.83,1,0.0,39.83,26.49,13.34,C0469,Chanida Boonmee,ST004,Khon Kaen Mall,EMP201,Ben,Mobile Wallet,DELIVERED
ORD202400559,2024-07-07,2024-07-07,2024-07-09,P102,Black Tea,Tea,M,64.8,1,0.0,64.8,35.76,29.04,C0305,Korn Chantarangsu,ST006,Phuket Marina,EMP201,Ben,Cash,DELIVERED
ORD202400560,2024-03-16,2024-03-16,2024-03-18,P005,Mocha,Coffee,L,112.8,1,0.0,112.8,71.39,41.41,C0014,Kanya Chantarangsu,ST004,Khon Kaen Mall,EMP202,Cara,Credit Card,DELIVERED
ORD202400561,2024-09-28,2024-09-30,2024-09-30,P204,Bagel,Bakery,-,38.22,2,6.55,69.89,50.62,19.27,C0187,Kanya Thongchai,ST002,Silom Complex,EMP201,Ben,Cash,DELIVERED
ORD202400562,2024-04-11,2024-04-11,2024-04-12,P201,Croissant,Bakery,-,43.24,3,19.73,109.99,70.63,39.36,C0286,Korn Suwan,ST005,Hatyai Center,EMP202,Cara,Mobile Wallet,DELIVERED
ORD202400563,2025-04-23,2025-04-25,2025-04-28,P103,Thai Tea,Tea,M,63.6,3,20.29,170.51,141.15,29.36,C0292,Wipa Sukjai,ST002,Silom Complex,EMP201,Ben,Credit Card,DELIVERED
ORD202400564,2024-11-19,,,P003,Latte,Coffee,L,94.11,1,0.0,94.11,69.33,24.78,C0205,Korn Sukjai,ST002,Silom Complex,EMP204,Eve,Credit Card,ORDERED
ORD202400565,2024-06-21,2024-06-22,2024-06-22,P201,Croissant,Bakery,-,45.42,1,7.89,37.53,25.82,11.71,C0380,Wipa Sriwong,ST002,Silom Complex,EMP201,Ben,Mobile Wallet,DELIVERED
ORD202400566,2024-03-27,2024-03-28,2024-03-28,P001,Espresso,Coffee,M,73.78,2,0.0,147.56,79.07,68.49,C0367,Suda Sriwong,ST004,Khon Kaen Mall,EMP203,Dan,Mobile Wallet,DELIVERED
ORD202400567,2024-04-17,,,P002,Americano,Coffee,S,56.56,2,5.72,107.4,58.11,49.29,C0091,Korn Boonmee,ST006,Phuket Marina,EMP203,Dan,Cash,ORDERED
ORD202400568,2024-12-21,2024-12-21,,P103,Thai Tea,Tea,M,67.59,3,22.36,180.41,130.85,49.56,C0317,Kanya Thongchai,ST003,Chiang Mai One,EMP201,Ben,Mobile Wallet,SHIPPED
ORD202400569,2024-09-14,2024-09-16,2024-09-18,P003,Latte,Coffee,S,67.25,1,7.85,59.4,50.28,9.12,C0122,Wipa Prasert,ST003,Chiang Mai One,EMP200,Ann,Credit Card,DELIVERED
ORD202400570,2024-12-31,2024-12-31,2025-01-03,P002,Americano,Coffee,S,52.92,1,3.14,49.78,26.65,23.13,C0078,Kanya Prasert,ST003,Chiang Mai One,EMP200,Ann,Cash,DELIVERED
ORD202400571,2025-05-30,2025-06-01,,P002,Americano,Coffee,M,64.49,1,0.0,64.49,38.0,26.49,C0297,Thanakorn Bussaba,ST001,Central Plaza,EMP204,Eve,QR PromptPay,SHIPPED
ORD202400572,2024-04-10,2024-04-10,,P001,Espresso,Coffee,S,61.85,1,0.0,61.85,33.28,28.57,C0071,Korn Srikul,ST006,Phuket Marina,EMP203,Dan,Cash,SHIPPED
ORD202400573,2024-08-20,2024-08-21,2024-08-24,P102,Black Tea,Tea,L,69.27,2,32.2,106.34,70.76,35.58,C0298,Napat Chantarangsu,ST003,Chiang Mai One,EMP202,Cara,Credit Card,DELIVERED
ORD202400574,2025-06-19,2025-06-19,2025-06-21,P203,Brownie,Bakery,-,50.9,1,9.18,41.72,28.27,13.45,C0293,Kanya Bussaba,ST002,Silom Complex,EMP205,Finn,QR PromptPay,DELIVERED
ORD202400575,2025-01-15,2025-01-16,2025-01-19,P101,Green Tea,Tea,L,74.86,3,0.0,224.58,148.89,75.69,C0351,Anan Prasert,ST001,Central Plaza,EMP201,Ben,Mobile Wallet,DELIVERED
ORD202400576,2024-04-25,,,P004,Cappuccino,Coffee,S,71.86,3,0.0,215.58,142.3,73.28,C0179,Wipa Chantarangsu,ST005,Hatyai Center,EMP201,Ben,Mobile Wallet,ORDERED
ORD202400577,2024-01-23,2024-01-25,2024-01-27,P204,Bagel,Bakery,-,40.36,1,8.54,31.82,24.0,7.82,C0438,Preecha Yodkaew,ST006,Phuket Marina,EMP204,Eve,Credit Card,DELIVERED
ORD202400578,2024-10-12,2024-10-12,,P003,Latte,Coffee,M,81.5,2,0.0,163.0,101.08,61.92,C0367,Suda Sriwong,ST003,Chiang Mai One,EMP201,Ben,Cash,SHIPPED
ORD202400579,2024-07-19,2024-07-19,2024-07-21,P102,Black Tea,Tea,L,69.28,1,0.0,69.28,51.09,18.19,C0153,Saran Boonmee,ST001,Central Plaza,EMP205,Finn,Credit Card,DELIVERED
ORD202400580,2025-03-28,2025-03-28,2025-03-29,P004,Cappuccino,Coffee,L,99.69,2,0.0,199.38,114.3,85.08,C0090,Suda Yodkaew,ST002,Silom Complex,EMP202,Cara,Cash,DELIVERED
ORD202400581,2025-06-11,2025-06-11,2025-06-11,P202,Cheesecake,Bakery,-,85.6,1,0.0,85.6,46.26,39.34,C0320,Thida Bussaba,ST001,Central Plaza,EMP205,Finn,Mobile Wallet,DELIVERED
ORD202400582,2024-06-02,2024-06-04,,P102,Black Tea,Tea,M,64.1,2,0.0,128.2,93.27,34.93,C0335,Suda Boonmee,ST002,Silom Complex,EMP200,Ann,Cash,SHIPPED
ORD202400583,2024-02-22,2024-02-22,2024-02-24,P101,Green Tea,Tea,L,73.29,1,0.0,73.29,39.85,33.44,C0248,Thanakorn Suwan,ST005,Hatyai Center,EMP203,Dan,Mobile Wallet,DELIVERED
ORD202400584,2024-07-01,2024-07-01,2024-07-01,P002,Americano,Coffee,L,79.78,2,17.98,141.58,94.52,47.06,C0165,Wipa Yodkaew,ST005,Hatyai Center,EMP205,Finn,Credit Card,DELIVERED
ORD202400585,2024-01-13,,,P002,Americano,Coffee,M,68.05,1,0.0,0.0,0.0,-43.2,C0441,Wipa Chantarangsu,ST004,Khon Kaen Mall,EMP200,Ann,QR PromptPay,CANCELLED
ORD202400586,2024-08-26,2024-08-26,,P203,Brownie,Bakery,-,48.84,2,18.68,79.0,69.25,9.75,C0125,Thida Sukjai,ST005,Hatyai Center,EMP201,Ben,QR PromptPay,SHIPPED
ORD202400587,2024-11-18,2024-11-19,2024-11-20,P202,Cheesecake,Bakery,-,79.88,1,0.0,79.88,53.65,26.23,C0212,Preecha Yodkaew,ST005,Hatyai Center,EMP205,Finn,QR PromptPay,DELIVERED
ORD202400588,2024-11-01,2024-11-01,2024-11-04,P003,Latte,Coffee,L,102.78,1,23.32,79.46,53.84,25.62,C0374,Anan Thongchai,ST006,Phuket Marina,EMP201,Ben,Credit Card,DELIVERED
ORD202400589,2024-10-10,2024-10-11,2024-10-14,P201,Croissant,Bakery,-,48.93,1,10.13,38.8,33.89,4.91,C0142,Nicha Suwan,ST003,Chiang Mai One,EMP201,Ben,Mobile Wallet,DELIVERED
ORD202400590,2024-11-17,2024-11-19,2024-11-23,P101,Green Tea,Tea,S,49.51,3,0.0,148.53,86.07,62.46,C0092,Anan Prasert,ST003,Chiang Mai One,EMP202,Cara,QR PromptPay,DELIVERED
ORD202400591,2025-04-29,2025-04-29,,P103,Thai Tea,Tea,M,70.6,2,0.0,141.2,105.78,35.42,C0286,Korn Suwan,ST005,Hatyai Center,EMP202,Cara,Mobile Wallet,SHIPPED
ORD202400592,2024-12-14,2024-12-16,2024-12-16,P201,Croissant,Bakery,-,45.99,1,0.0,45.99,33.44,12.55,C0400,Napat Suwan,ST006,Phuket Marina,EMP204,Eve,Mobile Wallet,DELIVERED
ORD202400593,2024-03-09,2024-03-10,2024-03-13,P005,Mocha,Coffee,M,92.39,1,0.0,92.39,46.67,45.72,C0286,Korn Suwan,ST004,Khon Kaen Mall,EMP200,Ann,Credit Card,DELIVERED
ORD202400594,2025-03-10,2025-03-10,2025-03-12,P004,Cappuccino,Coffee,S,74.85,2,0.0,149.7,94.65,55.05,C0247,Preecha Prasert,ST004,Khon Kaen Mall,EMP200,Ann,QR PromptPay,DELIVERED
ORD202400595,2024-02-12,2024-02-13,,P001,Espresso,Coffee,M,71.16,1,12.28,58.88,43.32,15.56,C0045,Preecha Chantarangsu,ST001,Central Plaza,EMP203,Dan,Cash,SHIPPED
ORD202400596,2024-08-27,,,P102,Black Tea,Tea,S,51.53,1,0.0,0.0,0.0,-33.25,C0203,Anan Yodkaew,ST005,Hatyai Center,EMP202,Cara,Mobile Wallet,CANCELLED
ORD202400597,2024-02-08,2024-02-09,2024-02-10,P202,Cheesecake,Bakery,-,86.89,1,0.0,86.89,47.95,38.94,C0431,Korn Bussaba,ST003,Chiang Mai One,EMP204,Eve,Credit Card,DELIVERED
ORD202400598,2024-08-04,,,P102,Black Tea,Tea,L,75.53,1,0.0,0.0,0.0,-42.46,C0140,Somchai Sukjai,ST001,Central Plaza,EMP203,Dan,QR PromptPay,CANCELLED
ORD202400599,2024-10-19,2024-10-19,2024-10-23,P003,Latte,Coffee,S,70.74,1,0.0,70.74,52.38,18.36,C0316,Preecha Thongchai,ST006,Phuket Marina,EMP205,Finn,Credit Card,DELIVERED
ORD202400600,2025-03-06,2025-03-08,2025-03-11,P001,Espresso,Coffee,L,83.52,2,0.0,167.04,109.07,57.97,C0126,Chanida Suwan,ST002,Silom Complex,EMP204,Eve,Cash,DELIVERED
ORD202400601,2025-01-31,2025-02-02,2025-02-06,P103,Thai Tea,Tea,L,83.53,1,14.61,68.92,51.88,17.04,C0305,Korn Chantarangsu,ST001,Central Plaza,EMP201,Ben,Cash,DELIVERED
ORD202400602,2024-03-14,2024-03-16,2024-03-18,P101,Green Tea,Tea,L,67.59,3,25.0,177.77,105.48,72.29,C0492,Saran Prasert,ST001,Central Plaza,EMP202,Cara,QR PromptPay,DELIVERED
ORD202400603,2024-06-01,2024-06-03,2024-06-03,P002,Americano,Coffee,S,59.15,3,0.0,177.45,93.94,83.51,C0177,Thanakorn Suwan,ST004,Khon Kaen Mall,EMP205,Finn,QR PromptPay,DELIVERED
ORD202400604,2024-04-21,2024-04-21,2024-04-24,P005,Mocha,Coffee,M,86.88,2,0.0,173.76,91.48,82.28,C0375,Napat Boonmee,ST006,Phuket Marina,EMP201,Ben,Cash,DELIVERED
ORD202400605,2024-04-13,2024-04-13,2024-04-14,P204,Bagel,Bakery,-,42.51,1,4.77,37.74,23.41,14.33,C0216,Wipa Sriwong,ST006,Phuket Marina,EMP203,Dan,Mobile Wallet,DELIVERED
ORD202400606,2024-03-02,2024-03-03,2024-03-03,P005,Mocha,Coffee,S,76.31,1,0.0,76.31,41.69,34.62,C0434,Thida Chantarangsu,ST002,Silom Complex,EMP202,Cara,Cash,DELIVERED
ORD202400607,2025-01-08,2025-01-10,,P201,Croissant,Bakery,-,49.34,1,0.17,49.17,28.8,20.37,C0166,Saran Thongchai,ST001,Central Plaza,EMP203,Dan,Mobile Wallet,SHIPPED
ORD202400608,2025-06-10,2025-06-11,2025-06-14,P004,Cappuccino,Coffee,M,90.8,1,0.0,90.8,49.41,41.39,C0220,Wipa Thongchai,ST001,Central Plaza,EMP204,Eve,Cash,DELIVERED
ORD202400609,2025-01-21,2025-01-21,,P002,Americano,Coffee,S,52.52,3,0.0,157.56,109.23,48.33,C0221,Korn Thongchai,ST005,Hatyai Center,EMP202,Cara,Cash,SHIPPED
ORD202400610,2025-04-19,2025-04-21,2025-04-25,P005,Mocha,Coffee,S,75.57,2,0.0,151.14,100.33,50.81,C0428,Thanakorn Chantarangsu,ST002,Silom Complex,EMP203,Dan,QR PromptPay,DELIVERED
ORD202400611,2024-10-04,2024-10-04,2024-10-04,P203,Brownie,Bakery,-,51.07,1,0.0,51.07,28.9,22.17,C0471,Nicha Suwan,ST001,Central Plaza,EMP205,Finn,QR PromptPay,DELIVERED
ORD202400612,2025-03-12,2025-03-12,2025-03-16,P004,Cappuccino,Coffee,M,82.27,2,6.16,158.38,89.95,68.43,C0320,Thida Bussaba,ST002,Silom Complex,EMP203,Dan,Cash,DELIVERED
ORD202400613,2024-01-17,2024-01-18,2024-01-22,P103,Thai Tea,Tea,M,63.4,2,0.0,126.8,93.71,33.09,C0055,Anan Sriwong,ST004,Khon Kaen Mall,EMP201,Ben,Cash,DELIVERED
ORD202400614,2024-06-03,2024-06-03,2024-06-05,P101,Green Tea,Tea,S,54.16,1,0.0,54.16,36.37,17.79,C0214,Suda Chantarangsu,ST006,Phuket Marina,EMP200,Ann,Credit Card,DELIVERED
ORD202400615,2025-03-09,2025-03-09,2025-03-13,P203,Brownie,Bakery,-,53.62,1,0.0,53.62,40.19,13.43,C0091,Korn Boonmee,ST001,Central Plaza,EMP200,Ann,Cash,DELIVERED
ORD202400616,2024-04-25,2024-04-26,2024-04-29,P002,Americano,Coffee,L,83.11,1,8.41,74.7,59.36,15.34,C0451,Somchai Sukjai,ST002,Silom Complex,EMP203,Dan,Mobile Wallet,DELIVERED
ORD202400617,2024-07-13,2024-07-15,2024-07-15,P102,Black Tea,Tea,L,66.58,3,0.0,199.74,106.35,93.39,C0405,Kanya Bussaba,ST001,Central Plaza,EMP204,Eve,QR PromptPay,DELIVERED
ORD202400618,2024-04-28,,,P001,Espresso,Coffee,S,65.19,3,0.0,195.57,127.35,68.22,C0176,Anan Sukjai,ST002,Silom Complex,EMP200,Ann,Credit Card,ORDERED
ORD202400619,2024-02-10,2024-02-10,2024-02-12,P005,Mocha,Coffee,M,86.38,1,0.0,86.38,60.67,25.71,C0391,Suda Prasert,ST003,Chiang Mai One,EMP205,Finn,Cash,DELIVERED
ORD202400620,2024-10-18,2024-10-18,2024-10-22,P004,Cappuccino,Coffee,L,101.76,3,0.0,305.28,188.65,116.63,C0256,Korn Sriwong,ST004,Khon Kaen Mall,EMP205,Finn,Mobile Wallet,DELIVERED
ORD202400621,2024-01-07,2024-01-07,2024-01-10,P003,Latte,Coffee,S,70.18,2,19.42,120.94,82.26,38.68,C0023,Somchai Bussaba,ST002,Silom Complex,EMP203,Dan,Credit Card,DELIVERED
ORD202400622,2025-03-11,2025-03-12,2025-03-16,P004,Cappuccino,Coffee,M,86.36,3,53.09,205.99,129.74,76.25,C0062,Nicha Suwan,ST003,Chiang Mai One,EMP205,Finn,QR PromptPay,DELIVERED
ORD202400623,2025-04-11,2025-04-11,2025-04-14,P002,Americano,Coffee,S,58.75,1,0.0,58.75,41.48,17.27,C0274,Kanya Yodkaew,ST003,Chiang Mai One,EMP200,Ann,Credit Card,DELIVERED
ORD202400624,2024-04-20,2024-04-21,2024-04-25,P201,Croissant,Bakery,-,43.15,2,0.0,86.3,44.42,41.88,C0339,Saran Sukjai,ST004,Khon Kaen Mall,EMP204,Eve,Cash,DELIVERED
ORD202400625,2024-02-25,2024-02-25,2024-02-29,P103,Thai Tea,Tea,L,83.78,3,0.0,251.34,129.92,121.42,C0414,Nicha Chantarangsu,ST002,Silom Complex,EMP205,Finn,QR PromptPay,DELIVERED
ORD202400626,2024-01-10,,,P004,Cappuccino,Coffee,M,80.69,1,10.31,70.38,56.72,13.66,C0258,Korn Boonmee,ST004,Khon Kaen Mall,EMP204,Eve,Mobile Wallet,ORDERED
ORD202400627,2024-11-06,2024-11-07,2024-11-11,P003,Latte,Coffee,S,67.81,2,24.76,110.86,100.01,10.85,C0119,Nicha Suwan,ST002,Silom Complex,EMP203,Dan,QR PromptPay,DELIVERED
ORD202400628,2025-03-30,,,P001,Espresso,Coffee,L,86.35,1,1.48,0.0,0.0,-57.34,C0159,Preecha Sriwong,ST006,Phuket Marina,EMP203,Dan,Mobile Wallet,CANCELLED
ORD202400629,2025-01-12,2025-01-13,2025-01-16,P004,Cappuccino,Coffee,L,106.22,1,0.0,106.22,61.45,44.77,C0365,Anan Prasert,ST003,Chiang Mai One,EMP205,Finn,Credit Card,DELIVERED
ORD202400630,2024-10-22,2024-10-23,2024-10-23,P204,Bagel,Bakery,-,39.46,2,0.0,78.92,58.77,20.15,C0210,Thanakorn Yodkaew,ST005,Hatyai Center,EMP203,Dan,Credit Card,DELIVERED
ORD202400631,2024-11-17,,,P203,Brownie,Bakery,-,51.07,2,11.03,91.11,58.32,32.79,C0403,Preecha Sriwong,ST004,Khon Kaen Mall,EMP203,Dan,Mobile Wallet,ORDERED
ORD202400632,2024-03-31,2024-04-02,2024-04-02,P203,Brownie,Bakery,-,51.34,1,0.0,51.34,27.85,23.49,C0258,Korn Boonmee,ST006,Phuket Marina,EMP200,Ann,Credit Card,DELIVERED
ORD202400633,2024-01-15,2024-01-15,,P002,Americano,Coffee,S,59.64,1,0.0,59.64,34.59,25.05,C0082,Kanya Suwan,ST001,Central Plaza,EMP201,Ben,Cash,SHIPPED
ORD202400634,2024-10-08,2024-10-08,2024-10-08,P202,Cheesecake,Bakery,-,86.1,1,0.0,86.1,49.58,36.52,C0346,Korn Sriwong,ST005,Hatyai Center,EMP203,Dan,QR PromptPay,DELIVERED
ORD202400635,2024-05-15,2024-05-16,2024-05-18,P102,Black Tea,Tea,S,49.01,2,0.0,98.02,61.73,36.29,C0444,Somchai Boonmee,ST006,Phuket Marina,EMP200,Ann,Credit Card,DELIVERED
ORD202400636,2025-04-07,2025-04-09,2025-04-12,P203,Brownie,Bakery,-,48.85,1,0.0,48.85,26.34,22.51,C0446,Wipa Sriwong,ST006,Phuket Marina,EMP203,Dan,Mobile Wallet,DELIVERED
ORD202400637,2024-10-27,2024-10-29,2024-10-30,P102,Black Tea,Tea,L,66.7,2,15.62,117.78,86.56,31.22,C0198,Preecha Chantarangsu,ST006,Phuket Marina,EMP205,Finn,Credit Card,DELIVERED
ORD202400638,2025-01-24,2025-01-26,,P102,Black Tea,Tea,L,68.22,3,0.0,204.66,105.01,99.65,C0435,Kanya Sukjai,ST003,Chiang Mai One,EMP205,Finn,QR PromptPay,SHIPPED
ORD202400639,2025-02-27,,,P201,Croissant,Bakery,-,44.48,3,0.0,0.0,0.0,-67.19,C0008,Preecha Sriwong,ST002,Silom Complex,EMP204,Eve,Credit Card,CANCELLED
ORD202400640,2024-06-15,2024-06-15,2024-06-16,P103,Thai Tea,Tea,S,56.46,1,8.66,47.8,31.45,16.35,C0192,Korn Srikul,ST002,Silom Complex,EMP205,Finn,Mobile Wallet,DELIVERED
ORD202400641,2024-03-16,2024-03-18,2024-03-22,P001,Espresso,Coffee,M,70.42,1,0.53,69.89,40.63,29.26,C0316,Preecha Thongchai,ST004,Khon Kaen Mall,EMP203,Dan,Credit Card,DELIVERED
ORD202400642,2024-11-10,2024-11-10,,P201,Croissant,Bakery,-,45.26,2,0.0,90.52,64.01,26.51,C0265,Suda Bussaba,ST002,Silom Complex,EMP204,Eve,Mobile Wallet,SHIPPED
ORD202400643,2025-01-03,,,P202,Cheesecake,Bakery,-,79.62,1,6.26,73.36,57.28,16.08,C0339,Saran Sukjai,ST003,Chiang Mai One,EMP205,Finn,Mobile Wallet,ORDERED
ORD202400644,2024-06-04,,,P001,Espresso,Coffee,S,61.12,3,0.0,0.0,0.0,-114.11,C0212,Preecha Yodkaew,ST004,Khon Kaen Mall,EMP200,Ann,Credit Card,CANCELLED
ORD202400645,2025-05-05,2025-05-06,2025-05-07,P101,Green Tea,Tea,S,53.82,1,0.0,53.82,35.7,18.12,C0449,Anan Sukjai,ST004,Khon Kaen Mall,EMP203,Dan,Credit Card,DELIVERED
ORD202400646,2025-01-19,2025-01-21,2025-01-24,P002,Americano,Coffee,M,64.17,1,0.0,64.17,32.81,31.36,C0107,Thida Suwan,ST004,Khon Kaen Mall,EMP205,Finn,Mobile Wallet,DELIVERED
ORD202400647,2025-04-17,2025-04-17,,P202,Cheesecake,Bakery,-,79.93,1,0.0,79.93,43.46,36.47,C0423,Somchai Sukjai,ST006,Phuket Marina,EMP203,Dan,Cash,SHIPPED
ORD202400648,2025-06-25,2025-06-25,2025-06-25,P102,Black Tea,Tea,M,62.93,3,42.74,146.05,107.55,38.5,C0326,Anan Prasert,ST002,Silom Complex,EMP205,Finn,QR PromptPay,DELIVERED
ORD202400649,2024-12-23,2024-12-24,2024-12-28,P005,Mocha,Coffee,L,107.56,1,0.0,107.56,60.18,47.38,C0261,Napat Boonmee,ST002,Silom Complex,EMP201,Ben,QR PromptPay,DELIVERED
ORD202400650,2024-12-13,2024-12-14,2024-12-15,P002,Americano,Coffee,S,56.04,3,0.0,168.12,94.21,73.91,C0230,Thida Boonmee,ST003,Chiang Mai One,EMP204,Eve,Mobile Wallet,DELIVERED
ORD202400651,2024-03-02,2024-03-02,2024-03-06,P201,Croissant,Bakery,-,47.99,1,6.4,41.59,30.29,11.3,C0153,Saran Boonmee,ST001,Central Plaza,EMP200,Ann,QR PromptPay,DELIVERED
ORD202400652,2024-05-28,2024-05-28,2024-06-01,P004,Cappuccino,Coffee,M,81.15,1,0.0,81.15,50.29,30.86,C0256,Korn Sriwong,ST004,Khon Kaen Mall,EMP200,Ann,QR PromptPay,DELIVERED
ORD202400653,2024-01-11,2024-01-11,2024-01-11,P202,Cheesecake,Bakery,-,85.25,1,0.0,85.25,55.8,29.45,C0335,Suda Boonmee,ST004,Khon Kaen Mall,EMP204,Eve,Mobile Wallet,DELIVERED
ORD202400654,2024-08-12,2024-08-14,2024-08-16,P101,Green Tea,Tea,S,50.48,2,19.09,81.87,58.59,23.28,C0038,Nicha Suwan,ST005,Hatyai Center,EMP204,Eve,QR PromptPay,DELIVERED
ORD202400655,2024-03-07,2024-03-08,2024-03-11,P201,Croissant,Bakery,-,48.67,3,10.96,135.05,88.75,46.3,C0376,Korn Boonmee,ST005,Hatyai Center,EMP202,Cara,QR PromptPay,DELIVERED
ORD202400656,2024-02-16,2024-02-17,2024-02-20,P201,Croissant,Bakery,-,44.41,2,0.0,88.82,61.58,27.24,C0197,Napat Yodkaew,ST001,Central Plaza,EMP204,Eve,QR PromptPay,DELIVERED
ORD202400657,2025-01-30,2025-02-01,2025-02-04,P003,Latte,Coffee,M,86.83,1,0.0,86.83,48.5,38.33,C0226,Korn Bussaba,ST005,Hatyai Center,EMP204,Eve,QR PromptPay,DELIVERED
ORD202400658,2024-12-23,,,P001,Espresso,Coffee,M,71.82,2,0.0,143.64,89.89,53.75,C0457,Napat Bussaba,ST003,Chiang Mai One,EMP205,Finn,Cash,ORDERED
ORD202400659,2025-04-17,,,P103,Thai Tea,Tea,L,80.84,1,7.4,0.0,0.0,-41.4,C0200,Thanakorn Thongchai,ST006,Phuket Marina,EMP201,Ben,QR PromptPay,CANCELLED
ORD202400660,2024-09-26,2024-09-26,2024-09-27,P002,Americano,Coffee,M,72.5,2,0.0,145.0,82.46,62.54,C0257,Thida Chantarangsu,ST001,Central Plaza,EMP204,Eve,QR PromptPay,DELIVERED
ORD202400661,2024-06-03,2024-06-04,2024-06-05,P003,Latte,Coffee,S,74.12,1,12.66,61.46,37.09,24.37,C0299,Saran Sriwong,ST004,Khon Kaen Mall,EMP203,Dan,Mobile Wallet,DELIVERED
ORD202400662,2025-02-24,2025-02-25,2025-03-01,P001,Espresso,Coffee,S,63.71,3,0.0,191.13,96.73,94.4,C0073,Korn Chantarangsu,ST006,Phuket Marina,EMP202,Cara,QR PromptPay,DELIVERED
ORD202400663,2024-05-29,2024-05-31,2024-06-03,P103,Thai Tea,Tea,M,65.1,1,0.0,65.1,35.16,29.94,C0002,Nicha Suwan,ST004,Khon Kaen Mall,EMP204,Eve,Mobile Wallet,DELIVERED
ORD202400664,2024-10-29,2024-10-31,2024-10-31,P005,Mocha,Coffee,M,86.0,2,0.0,172.0,99.05,72.95,C0300,Nicha Prasert,ST005,Hatyai Center,EMP205,Finn,Credit Card,DELIVERED
ORD202400665,2025-04-08,2025-04-09,2025-04-09,P002,Americano,Coffee,S,55.25,1,11.35,43.9,28.72,15.18,C0308,Nicha Prasert,ST001,Central Plaza,EMP201,Ben,Credit Card,DELIVERED
ORD202400666,2025-03-07,2025-03-08,2025-03-11,P003,Latte,Coffee,S,73.62,2,0.0,147.24,109.74,37.5,C0319,Thanakorn Srikul,ST001,Central Plaza,EMP203,Dan,QR PromptPay,DELIVERED
ORD202400667,2025-05-13,2025-05-15,,P101,Green Tea,Tea,S,51.29,1,0.0,51.29,36.97,14.32,C0473,Wipa Boonmee,ST001,Central Plaza,EMP200,Ann,QR PromptPay,SHIPPED
ORD202400668,2025-04-19,2025-04-20,,P203,Brownie,Bakery,-,52.97,1,2.8,50.17,39.44,10.73,C0474,Korn Boonmee,ST004,Khon Kaen Mall,EMP203,Dan,Cash,SHIPPED
ORD202400669,2024-08-04,2024-08-05,2024-08-08,P204,Bagel,Bakery,-,39.99,1,0.0,39.99,29.22,10.77,C0314,Napat Thongchai,ST006,Phuket Marina,EMP204,Eve,Cash,DELIVERED
ORD202400670,2024-06-24,,,P204,Bagel,Bakery,-,42.2,2,0.0,84.4,46.8,37.6,C0125,Thida Sukjai,ST005,Hatyai Center,EMP205,Finn,QR PromptPay,ORDERED
ORD202400671,2025-04-16,2025-04-17,2025-04-18,P004,Cappuccino,Coffee,L,107.41,1,18.13,89.28,66.25,23.03,C0394,Somchai Prasert,ST002,Silom Complex,EMP203,Dan,Credit Card,DELIVERED
ORD202400672,2024-10-26,2024-10-27,,P202,Cheesecake,Bakery,-,77.63,1,0.0,77.63,48.76,28.87,C0212,Preecha Yodkaew,ST003,Chiang Mai One,EMP200,Ann,Cash,SHIPPED
ORD202400673,2024-12-12,2024-12-13,2024-12-17,P004,Cappuccino,Coffee,M,87.85,3,0.0,263.55,138.97,124.58,C0345,Kanya Sriwong,ST004,Khon Kaen Mall,EMP201,Ben,Mobile Wallet,DELIVERED
ORD202400674,2024-12-06,2024-12-06,2024-12-09,P003,Latte,Coffee,L,95.97,1,6.55,89.42,58.71,30.71,C0244,Napat Yodkaew,ST003,Chiang Mai One,EMP202,Cara,Credit Card,DELIVERED
ORD202400675,2025-06-18,2025-06-18,,P202,Cheesecake,Bakery,-,76.64,2,26.43,126.85,83.38,43.47,C0496,Napat Yodkaew,ST001,Central Plaza,EMP203,Dan,Mobile Wallet,SHIPPED
ORD202400676,2024-09-15,2024-09-15,2024-09-16,P003,Latte,Coffee,S,66.51,1,4.54,61.97,49.8,12.17,C0323,Thida Thongchai,ST001,Central Plaza,EMP204,Eve,Mobile Wallet,DELIVERED
ORD202400677,2024-09-10,,,P002,Americano,Coffee,S,54.81,2,0.0,109.62,76.81,32.81,C0489,Wipa Yodkaew,ST005,Hatyai Center,EMP201,Ben,Cash,ORDERED
ORD202400678,2024-08-15,,,P003,Latte,Coffee,S,67.81,2,0.0,135.62,97.72,37.9,C0248,Thanakorn Suwan,ST002,Silom Complex,EMP202,Cara,Mobile Wallet,ORDERED
ORD202400679,2024-03-25,2024-03-25,2024-03-25,P001,Espresso,Coffee,M,74.6,1,0.0,74.6,54.39,20.21,C0187,Kanya Thongchai,ST002,Silom Complex,EMP205,Finn,Credit Card,DELIVERED
ORD202400680,2024-08-11,2024-08-13,2024-08-14,P202,Cheesecake,Bakery,-,82.95,1,0.0,82.95,48.53,34.42,C0368,Chanida Prasert,ST002,Silom Complex,EMP205,Finn,Cash,DELIVERED
ORD202400681,2024-06-16,,,P102,Black Tea,Tea,L,68.15,1,4.79,63.36,45.32,18.04,C0466,Anan Prasert,ST004,Khon Kaen Mall,EMP204,Eve,Mobile Wallet,ORDERED
ORD202400682,2024-03-13,,,P101,Green Tea,Tea,S,48.34,1,10.57,0.0,0.0,-35.58,C0286,Korn Suwan,ST003,Chiang Mai One,EMP203,Dan,Mobile Wallet,CANCELLED
ORD202400683,2025-02-06,2025-02-06,2025-02-08,P103,Thai Tea,Tea,S,58.52,1,0.0,58.52,34.35,24.17,C0374,Anan Thongchai,ST001,Central Plaza,EMP200,Ann,Cash,DELIVERED
ORD202400684,2025-02-01,2025-02-03,2025-02-07,P204,Bagel,Bakery,-,43.14,2,0.0,86.28,48.42,37.86,C0438,Preecha Yodkaew,ST003,Chiang Mai One,EMP204,Eve,Credit Card,DELIVERED
ORD202400685,2024-12-31,2025-01-02,2025-01-05,P003,Latte,Coffee,S,70.7,1,0.0,70.7,43.81,26.89,C0160,Korn Sriwong,ST003,Chiang Mai One,EMP203,Dan,Mobile Wallet,DELIVERED
ORD202400686,2024-08-30,2024-09-01,2024-09-01,P202,Cheesecake,Bakery,-,87.73,3,24.58,238.61,140.4,98.21,C0443,Thida Sriwong,ST002,Silom Complex,EMP205,Finn,Credit Card,DELIVERED
ORD202400687,2024-04-01,2024-04-02,2024-04-06,P004,Cappuccino,Coffee,M,85.19,1,16.9,68.29,47.83,20.46,C0242,Thanakorn Sriwong,ST004,Khon Kaen Mall,EMP203,Dan,QR PromptPay,DELIVERED
ORD202400688,2024-04-15,,,P103,Thai Tea,Tea,S,56.93,1,8.4,48.53,35.68,12.85,C0055,Anan Sriwong,ST005,Hatyai Center,EMP205,Finn,Cash,ORDERED
ORD202400689,2024-10-23,2024-10-25,2024-10-29,P005,Mocha,Coffee,S,76.28,1,11.68,64.6,39.48,25.12,C0496,Napat Yodkaew,ST002,Silom Complex,EMP204,Eve,Cash,DELIVERED
ORD202400690,2024-11-26,2024-11-26,2024-11-27,P203,Brownie,Bakery,-,49.44,1,0.0,49.44,28.63,20.81,C0270,Saran Sukjai,ST002,Silom Complex,EMP202,Cara,QR PromptPay,DELIVERED
ORD202400691,2025-05-11,,,P102,Black Tea,Tea,M,59.13,3,0.0,0.0,0.0,-118.93,C0212,Preecha Yodkaew,ST005,Hatyai Center,EMP202,Cara,Credit Card,CANCELLED
ORD202400692,2024-12-14,2024-12-15,2024-12-15,P202,Cheesecake,Bakery,-,77.57,1,4.38,73.19,53.89,19.3,C0131,Thida Boonmee,ST003,Chiang Mai One,EMP201,Ben,Credit Card,DELIVERED
ORD202400693,2024-08-29,,,P004,Cappuccino,Coffee,M,80.26,1,0.0,80.26,57.56,22.7,C0279,Preecha Chantarangsu,ST006,Phuket Marina,EMP204,Eve,QR PromptPay,ORDERED
ORD202400694,2024-10-16,2024-10-16,2024-10-18,P003,Latte,Coffee,L,95.99,1,0.0,95.99,59.57,36.42,C0046,Kanya Chantarangsu,ST001,Central Plaza,EMP203,Dan,QR PromptPay,DELIVERED
ORD202400695,2025-06-24,2025-06-25,2025-06-29,P204,Bagel,Bakery,-,40.49,2,18.87,62.11,50.65,11.46,C0406,Somchai Chantarangsu,ST005,Hatyai Center,EMP201,Ben,QR PromptPay,DELIVERED
ORD202400696,2024-08-27,2024-08-28,,P005,Mocha,Coffee,S,76.96,1,12.68,64.28,49.44,14.84,C0320,Thida Bussaba,ST001,Central Plaza,EMP201,Ben,Mobile Wallet,SHIPPED
ORD202400697,2024-01-10,,,P002,Americano,Coffee,L,80.59,2,0.0,0.0,0.0,-80.77,C0136,Thanakorn Sukjai,ST001,Central Plaza,EMP204,Eve,Credit Card,CANCELLED
ORD202400698,2025-02-15,2025-02-15,2025-02-17,P202,Cheesecake,Bakery,-,76.9,1,0.0,76.9,40.02,36.88,C0120,Napat Prasert,ST003,Chiang Mai One,EMP202,Cara,Credit Card,DELIVERED
ORD202400699,2024-08-05,2024-08-07,2024-08-07,P003,Latte,Coffee,L,107.77,1,0.0,107.77,69.65,38.12,C0181,Thida Chantarangsu,ST002,Silom Complex,EMP205,Finn,Mobile Wallet,DELIVERED
ORD202400700,2025-03-21,2025-03-21,2025-03-25,P002,Americano,Coffee,S,58.43,1,10.0,48.43,36.39,12.04,C0387,Somchai Sriwong,ST004,Khon Kaen Mall,EMP200,Ann,Credit Card,DELIVERED
ORD202400701,2025-01-05,2025-01-07,2025-01-09,P203,Brownie,Bakery,-,49.87,3,7.01,142.6,92.73,49.87,C0290,Suda Boonmee,ST003,Chiang Mai One,EMP205,Finn,Cash,DELIVERED
ORD202400702,2025-06-12,2025-06-14,2025-06-17,P202,Cheesecake,Bakery,-,78.5,1,9.08,69.42,55.24,14.18,C0156,Nicha Prasert,ST001,Central Plaza,EMP202,Cara,Cash,DELIVERED
ORD202400703,2024-04-22,2024-04-24,2024-04-25,P204,Bagel,Bakery,-,40.62,2,0.0,81.24,51.13,30.11,C0184,Anan Thongchai,ST006,Phuket Marina,EMP201,Ben,Credit Card,DELIVERED
ORD202400704,2025-06-29,2025-06-30,2025-07-01,P002,Americano,Coffee,S,55.78,3,9.89,157.45,104.61,52.84,C0177,Thanakorn Suwan,ST003,Chiang Mai One,EMP200,Ann,Cash,DELIVERED
ORD202400705,2025-06-19,2025-06-20,2025-06-24,P001,Espresso,Coffee,S,59.47,2,0.0,118.94,80.4,38.54,C0173,Suda Srikul,ST004,Khon Kaen Mall,EMP204,Eve,Mobile Wallet,DELIVERED
ORD202400706,2024-04-10,2024-04-11,2024-04-11,P002,Americano,Coffee,L,77.93,1,0.0,77.93,56.67,21.26,C0287,Thanakorn Sukjai,ST005,Hatyai Center,EMP204,Eve,Mobile Wallet,DELIVERED
ORD202400707,2024-08-07,,,P004,Cappuccino,Coffee,S,74.27,2,30.69,117.85,77.01,40.84,C0498,Anan Prasert,ST004,Khon Kaen Mall,EMP200,Ann,Cash,ORDERED
ORD202400708,2024-12-19,2024-12-19,2024-12-20,P003,Latte,Coffee,M,81.77,1,0.0,81.77,49.57,32.2,C0013,Thida Prasert,ST004,Khon Kaen Mall,EMP200,Ann,Mobile Wallet,DELIVERED
ORD202400709,2025-02-12,2025-02-14,,P103,Thai Tea,Tea,S,54.74,1,8.98,45.76,29.24,16.52,C0257,Thida Chantarangsu,ST001,Central Plaza,EMP203,Dan,QR PromptPay,SHIPPED
ORD202400710,2025-03-15,2025-03-17,2025-03-20,P003,Latte,Coffee,S,74.18,1,1.61,72.57,54.7,17.87,C0187,Kanya Thongchai,ST004,Khon Kaen Mall,EMP200,Ann,Mobile Wallet,DELIVERED
ORD202400711,2024-06-01,2024-06-03,2024-06-06,P101,Green Tea,Tea,M,57.21,1,0.0,57.21,41.28,15.93,C0163,Korn Srikul,ST004,Khon Kaen Mall,EMP205,Finn,Mobile Wallet,DELIVERED
ORD202400712,2024-03-03,2024-03-04,2024-03-06,P003,Latte,Coffee,M,88.14,3,15.72,248.7,161.46,87.24,C0164,Thanakorn Sukjai,ST005,Hatyai Center,EMP201,Ben,Cash,DELIVERED
ORD202400713,2025-01-14,2025-01-16,2025-01-17,P203,Brownie,Bakery,-,49.33,1,0.0,49.33,31.07,18.26,C0427,Korn Srikul,ST005,Hatyai Center,EMP200,Ann,Mobile Wallet,DELIVERED
ORD202400714,2024-07-30,2024-08-01,2024-08-04,P003,Latte,Coffee,S,73.64,1,0.0,73.64,39.58,34.06,C0187,Kanya Thongchai,ST004,Khon Kaen Mall,EMP202,Cara,QR PromptPay,DELIVERED
ORD202400715,2025-04-14,2025-04-16,2025-04-17,P201,Croissant,Bakery,-,45.05,2,0.0,90.1,47.51,42.59,C0237,Kanya Suwan,ST002,Silom Complex,EMP200,Ann,Mobile Wallet,DELIVERED
ORD202400716,2024-05-02,2024-05-02,2024-05-04,P005,Mocha,Coffee,L,115.5,1,12.77,102.73,65.51,37.22,C0009,Anan Boonmee,ST004,Khon Kaen Mall,EMP204,Eve,Cash,DELIVERED
ORD202400717,2024-10-03,2024-10-04,2024-10-05,P204,Bagel,Bakery,-,39.33,3,0.0,117.99,82.37,35.62,C0193,Somchai Boonmee,ST001,Central Plaza,EMP200,Ann,QR PromptPay,DELIVERED
ORD202400718,2025-04-24,2025-04-25,2025-04-25,P103,Thai Tea,Tea,S,53.73,3,0.0,161.19,103.65,57.54,C0430,Nicha Chantarangsu,ST006,Phuket Marina,EMP200,Ann,Credit Card,DELIVERED
ORD202400719,2024-04-28,2024-04-30,2024-05-01,P002,Americano,Coffee,L,81.03,1,9.43,71.6,48.36,23.24,C0343,Chanida Chantarangsu,ST003,Chiang Mai One,EMP205,Finn,Cash,DELIVERED
ORD202400720,2025-02-12,2025-02-14,2025-02-15,P002,Americano,Coffee,L,82.56,1,0.0,82.56,60.28,22.28,C0476,Wipa Thongchai,ST004,Khon Kaen Mall,EMP205,Finn,QR PromptPay,DELIVERED
ORD202400721,2024-05-30,2024-06-01,2024-06-02,P004,Cappuccino,Coffee,M,81.83,2,0.0,163.66,101.24,62.42,C0486,Thanakorn Suwan,ST001,Central Plaza,EMP202,Cara,Cash,DELIVERED
ORD202400722,2025-01-26,2025-01-26,2025-01-27,P204,Bagel,Bakery,-,40.91,1,7.75,33.16,26.9,6.26,C0078,Kanya Prasert,ST001,Central Plaza,EMP202,Cara,Mobile Wallet,DELIVERED
ORD202400723,2024-03-24,2024-03-25,2024-03-25,P204,Bagel,Bakery,-,41.79,2,0.0,83.58,56.93,26.65,C0088,Preecha Suwan,ST004,Khon Kaen Mall,EMP201,Ben,Mobile Wallet,DELIVERED
ORD202400724,2024-01-30,2024-01-31,2024-02-04,P203,Brownie,Bakery,-,53.94,1,0.0,53.94,40.24,13.7,C0355,Anan Suwan,ST006,Phuket Marina,EMP201,Ben,Mobile Wallet,DELIVERED
ORD202400725,2025-03-03,2025-03-03,,P002,Americano,Coffee,L,80.02,1,0.0,80.02,53.84,26.18,C0111,Wipa Suwan,ST005,Hatyai Center,EMP205,Finn,Credit Card,SHIPPED
ORD202400726,2025-05-27,2025-05-27,2025-05-29,P004,Cappuccino,Coffee,L,96.6,2,0.0,193.2,107.6,85.6,C0207,Thanakorn Boonmee,ST002,Silom Complex,EMP201,Ben,Cash,DELIVERED
ORD202400727,2025-01-17,2025-01-17,2025-01-19,P101,Green Tea,Tea,M,60.25,1,0.0,60.25,32.52,27.73,C0067,Wipa Yodkaew,ST004,Khon Kaen Mall,EMP204,Eve,QR PromptPay,DELIVERED
ORD202400728,2024-11-13,2024-11-13,2024-11-15,P102,Black Tea,Tea,S,49.27,1,4.56,44.71,28.56,16.15,C0442,Kanya Boonmee,ST002,Silom Complex,EMP203,Dan,Credit Card,DELIVERED
ORD202400729,2024-08-11,2024-08-12,2024-08-14,P003,Latte,Coffee,M,80.69,2,35.21,126.17,104.18,21.99,C0371,Thida Sriwong,ST002,Silom Complex,EMP202,Cara,Credit Card,DELIVERED
ORD202400730,2025-02-23,2025-02-23,2025-02-26,P001,Espresso,Coffee,S,64.31,1,0.0,64.31,46.8,17.51,C0209,Korn Boonmee,ST006,Phuket Marina,EMP202,Cara,Cash,DELIVERED
ORD202400731,2024-04-20,,,P204,Bagel,Bakery,-,39.84,1,6.31,33.53,21.81,11.72,C0219,Saran Bussaba,ST002,Silom Complex,EMP202,Cara,QR PromptPay,ORDERED
ORD202400732,2024-09-24,2024-09-25,2024-09-26,P101,Green Tea,Tea,S,47.55,3,0.0,142.65,96.42,46.23,C0071,Korn Srikul,ST004,Khon Kaen Mall,EMP200,Ann,Cash,DELIVERED
ORD202400733,2024-11-04,2024-11-05,,P004,Cappuccino,Coffee,M,81.92,1,0.0,81.92,48.19,33.73,C0250,Korn Suwan,ST001,Central Plaza,EMP205,Finn,QR PromptPay,SHIPPED
ORD202400734,2025-02-22,2025-02-24,2025-02-27,P201,Croissant,Bakery,-,47.22,1,0.52,46.7,28.8,17.9,C0467,Thanakorn Prasert,ST001,Central Plaza,EMP203,Dan,Mobile Wallet,DELIVERED
ORD202400735,2024-08-07,2024-08-09,2024-08-09,P202,Cheesecake,Bakery,-,84.42,2,22.45,146.39,93.05,53.34,C0186,Napat Prasert,ST002,Silom Complex,EMP203,Dan,Mobile Wallet,DELIVERED
ORD202400736,2024-10-03,2024-10-04,2024-10-08,P001,Espresso,Coffee,M,71.55,2,0.0,143.1,93.05,50.05,C0491,Saran Sriwong,ST004,Khon Kaen Mall,EMP204,Eve,Mobile Wallet,DELIVERED
ORD202400737,2025-04-24,2025-04-26,2025-04-28,P001,Espresso,Coffee,M,77.47,1,0.0,77.47,51.03,26.44,C0147,Korn Thongchai,ST006,Phuket Marina,EMP204,Eve,Mobile Wallet,DELIVERED
ORD202400738,2024-11-19,,,P003,Latte,Coffee,L,97.83,2,0.36,0.0,0.0,-139.49,C0403,Preecha Sriwong,ST002,Silom Complex,EMP200,Ann,Credit Card,CANCELLED
ORD202400739,2024-12-01,2024-12-03,2024-12-06,P005,Mocha,Coffee,S,77.15,1,17.28,59.87,42.24,17.63,C0273,Thida Sukjai,ST004,Khon Kaen Mall,EMP202,Cara,Mobile Wallet,DELIVERED
ORD202400740,2024-03-23,2024-03-24,2024-03-25,P101,Green Tea,Tea,L,69.03,1,6.87,62.16,38.76,23.4,C0437,Wipa Boonmee,ST005,Hatyai Center,EMP203,Dan,Mobile Wallet,DELIVERED
ORD202400741,2024-03-27,2024-03-28,2024-03-30,P004,Cappuccino,Coffee,S,75.22,3,0.0,225.66,125.55,100.11,C0361,Wipa Bussaba,ST004,Khon Kaen Mall,EMP201,Ben,Cash,DELIVERED
ORD202400742,2025-03-21,2025-03-22,2025-03-22,P202,Cheesecake,Bakery,-,77.44,1,10.63,66.81,49.36,17.45,C0002,Nicha Suwan,ST002,Silom Complex,EMP204,Eve,Cash,DELIVERED
ORD202400743,2024-03-29,2024-03-31,2024-04-03,P202,Cheesecake,Bakery,-,78.02,2,5.65,150.39,113.98,36.41,C0215,Somchai Sriwong,ST006,Phuket Marina,EMP202,Cara,Mobile Wallet,DELIVERED
ORD202400744,2024-05-30,2024-05-30,2024-06-01,P005,Mocha,Coffee,L,105.38,1,0.0,105.38,60.44,44.94,C0291,Wipa Chantarangsu,ST003,Chiang Mai One,EMP204,Eve,Mobile Wallet,DELIVERED
ORD202400745,2025-06-21,2025-06-23,2025-06-26,P002,Americano,Coffee,L,78.99,2,19.27,138.71,84.89,53.82,C0452,Chanida Chantarangsu,ST005,Hatyai Center,EMP204,Eve,Mobile Wallet,DELIVERED
ORD202400746,2024-11-13,2024-11-13,2024-11-15,P101,Green Tea,Tea,S,48.81,1,0.0,48.81,25.03,23.78,C0142,Nicha Suwan,ST003,Chiang Mai One,EMP201,Ben,QR PromptPay,DELIVERED
ORD202400747,2024-08-15,2024-08-15,2024-08-18,P202,Cheesecake,Bakery,-,85.41,3,0.0,256.23,146.72,109.51,C0048,Suda Srikul,ST004,Khon Kaen Mall,EMP203,Dan,Mobile Wallet,DELIVERED
ORD202400748,2024-07-17,2024-07-19,2024-07-22,P002,Americano,Coffee,M,66.1,1,0.0,66.1,42.23,23.87,C0166,Saran Thongchai,ST003,Chiang Mai One,EMP204,Eve,Mobile Wallet,DELIVERED
ORD202400749,2025-04-15,,,P201,Croissant,Bakery,-,48.34,3,0.0,0.0,0.0,-83.19,C0049,Thanakorn Prasert,ST005,Hatyai Center,EMP200,Ann,Credit Card,CANCELLED
ORD202400750,2025-03-26,2025-03-27,2025-03-29,P004,Cappuccino,Coffee,M,87.54,2,0.0,175.08,94.75,80.33,C0350,Somchai Sukjai,ST005,Hatyai Center,EMP204,Eve,Credit Card,DELIVERED
ORD202400751,2024-04-03,2024-04-03,2024-04-03,P202,Cheesecake,Bakery,-,86.04,1,0.0,86.04,59.22,26.82,C0191,Somchai Bussaba,ST001,Central Plaza,EMP202,Cara,QR PromptPay,DELIVERED
ORD202400752,2024-11-24,2024-11-26,2024-11-29,P101,Green Tea,Tea,M,65.34,1,0.0,65.34,33.55,31.79,C0096,Nicha Prasert,ST005,Hatyai Center,EMP203,Dan,Cash,DELIVERED
ORD202400753,2024-08-23,,,P103,Thai Tea,Tea,L,76.69,1,0.0,0.0,0.0,-48.94,C0408,Thida Chantarangsu,ST003,Chiang Mai One,EMP205,Finn,Cash,CANCELLED
ORD202400754,2024-04-26,2024-04-28,2024-04-28,P004,Cappuccino,Coffee,S,71.11,1,0.0,71.11,52.92,18.19,C0052,Thida Sukjai,ST006,Phuket Marina,EMP200,Ann,QR PromptPay,DELIVERED
ORD202400755,2024-09-17,,,P101,Green Tea,Tea,S,49.15,1,0.0,0.0,0.0,-30.72,C0489,Wipa Yodkaew,ST004,Khon Kaen Mall,EMP204,Eve,Credit Card,CANCELLED
ORD202400756,2024-05-04,2024-05-05,2024-05-06,P001,Espresso,Coffee,S,57.36,2,0.0,114.72,75.18,39.54,C0376,Korn Boonmee,ST002,Silom Complex,EMP204,Eve,Credit Card,DELIVERED
ORD202400757,2024-06-29,2024-06-30,2024-07-04,P005,Mocha,Coffee,L,114.39,1,0.0,114.39,82.82,31.57,C0076,Suda Srikul,ST001,Central Plaza,EMP201,Ben,Cash,DELIVERED
ORD202400758,2024-12-25,,,P004,Cappuccino,Coffee,L,97.17,1,11.51,0.0,0.0,-53.86,C0331,Chanida Sriwong,ST006,Phuket Marina,EMP200,Ann,Credit Card,CANCELLED
ORD202400759,2024-06-26,2024-06-28,2024-07-02,P001,Espresso,Coffee,S,57.03,1,0.0,57.03,35.01,22.02,C0052,Thida Sukjai,ST006,Phuket Marina,EMP202,Cara,Mobile Wallet,DELIVERED
ORD202400760,2024-03-09,2024-03-10,2024-03-11,P004,Cappuccino,Coffee,M,91.64,1,0.0,91.64,60.69,30.95,C0123,Nicha Sukjai,ST003,Chiang Mai One,EMP200,Ann,QR PromptPay,DELIVERED
ORD202400761,2024-03-08,2024-03-10,2024-03-10,P203,Brownie,Bakery,-,53.1,1,9.51,43.59,34.86,8.73,C0289,Korn Yodkaew,ST006,Phuket Marina,EMP204,Eve,QR PromptPay,DELIVERED
ORD202400762,2024-01-27,2024-01-28,2024-01-31,P102,Black Tea,Tea,S,48.81,3,0.16,146.27,91.67,54.6,C0145,Saran Suwan,ST004,Khon Kaen Mall,EMP203,Dan,QR PromptPay,DELIVERED
ORD202400763,2024-01-02,2024-01-02,2024-01-02,P101,Green Tea,Tea,M,60.46,2,0.0,120.92,62.1,58.82,C0353,Wipa Yodkaew,ST002,Silom Complex,EMP203,Dan,Mobile Wallet,DELIVERED
ORD202400764,2025-05-03,2025-05-05,2025-05-05,P103,Thai Tea,Tea,L,79.28,1,0.0,79.28,51.7,27.58,C0158,Thanakorn Prasert,ST005,Hatyai Center,EMP201,Ben,Mobile Wallet,DELIVERED
ORD202400765,2025-04-25,2025-04-27,2025-04-30,P001,Espresso,Coffee,M,75.69,1,0.0,75.69,46.23,29.46,C0058,Anan Yodkaew,ST004,Khon Kaen Mall,EMP204,Eve,Mobile Wallet,DELIVERED
ORD202400766,2024-05-20,2024-05-21,,P002,Americano,Coffee,L,79.42,3,10.14,228.12,146.48,81.64,C0379,Preecha Thongchai,ST002,Silom Complex,EMP200,Ann,QR PromptPay,SHIPPED
ORD202400767,2025-02-10,2025-02-10,2025-02-14,P201,Croissant,Bakery,-,43.1,1,0.0,43.1,22.34,20.76,C0223,Anan Prasert,ST003,Chiang Mai One,EMP204,Eve,Cash,DELIVERED
ORD202400768,2024-11-11,2024-11-12,2024-11-15,P103,Thai Tea,Tea,L,84.27,1,0.0,84.27,50.66,33.61,C0421,Thanakorn Prasert,ST003,Chiang Mai One,EMP203,Dan,Cash,DELIVERED
ORD202400769,2025-04-22,,,P201,Croissant,Bakery,-,44.73,1,1.14,43.59,28.64,14.95,C0461,Suda Yodkaew,ST001,Central Plaza,EMP202,Cara,QR PromptPay,ORDERED
ORD202400770,2024-01-30,2024-01-30,,P203,Brownie,Bakery,-,51.1,1,0.0,51.1,27.31,23.79,C0149,Suda Suwan,ST004,Khon Kaen Mall,EMP200,Ann,Credit Card,SHIPPED
ORD202400771,2025-03-12,2025-03-14,2025-03-17,P003,Latte,Coffee,L,96.57,3,0.0,289.71,174.26,115.45,C0192,Korn Srikul,ST003,Chiang Mai One,EMP203,Dan,Cash,DELIVERED
ORD202400772,2024-04-10,,,P203,Brownie,Bakery,-,52.2,2,11.42,92.98,66.94,26.04,C0372,Nicha Srikul,ST006,Phuket Marina,EMP205,Finn,Cash,ORDERED
ORD202400773,2024-06-16,2024-06-17,2024-06-18,P003,Latte,Coffee,M,83.5,1,9.62,73.88,55.38,18.5,C0256,Korn Sriwong,ST005,Hatyai Center,EMP201,Ben,QR PromptPay,DELIVERED
ORD202400774,2025-03-24,2025-03-24,2025-03-28,P103,Thai Tea,Tea,M,63.72,2,0.0,127.44,65.7,61.74,C0200,Thanakorn Thongchai,ST005,Hatyai Center,EMP204,Eve,Cash,DELIVERED
ORD202400775,2025-04-23,2025-04-24,2025-04-24,P203,Brownie,Bakery,-,53.14,2,0.0,106.28,64.38,41.9,C0340,Anan Bussaba,ST005,Hatyai Center,EMP200,Ann,Credit Card,DELIVERED
ORD202400776,2024-11-15,,,P101,Green Tea,Tea,M,62.86,1,13.92,0.0,0.0,-37.22,C0132,Thanakorn Bussaba,ST006,Phuket Marina,EMP202,Cara,QR PromptPay,CANCELLED
ORD202400777,2025-04-19,2025-04-20,2025-04-24,P002,Americano,Coffee,M,65.95,3,0.0,197.85,123.18,74.67,C0175,Chanida Boonmee,ST004,Khon Kaen Mall,EMP205,Finn,Cash,DELIVERED
ORD202400778,2025-04-14,2025-04-16,2025-04-19,P101,Green Tea,Tea,S,53.69,2,0.0,107.38,74.0,33.38,C0401,Somchai Thongchai,ST004,Khon Kaen Mall,EMP203,Dan,Credit Card,DELIVERED
ORD202400779,2025-02-03,2025-02-03,2025-02-04,P204,Bagel,Bakery,-,39.07,1,0.0,39.07,22.49,16.58,C0010,Thida Suwan,ST005,Hatyai Center,EMP201,Ben,Cash,DELIVERED
ORD202400780,2024-03-02,2024-03-03,2024-03-06,P101,Green Tea,Tea,L,68.6,2,0.0,137.2,87.63,49.57,C0108,Preecha Srikul,ST002,Silom Complex,EMP201,Ben,Cash,DELIVERED
ORD202400781,2024-09-01,2024-09-03,2024-09-05,P204,Bagel,Bakery,-,39.99,2,0.0,79.98,53.35,26.63,C0258,Korn Boonmee,ST006,Phuket Marina,EMP203,Dan,QR PromptPay,DELIVERED
ORD202400782,2024-05-11,2024-05-13,2024-05-16,P201,Croissant,Bakery,-,49.44,2,2.29,96.59,63.14,33.45,C0472,Suda Suwan,ST003,Chiang Mai One,EMP201,Ben,Credit Card,DELIVERED
ORD202400783,2024-01-07,2024-01-09,2024-01-09,P102,Black Tea,Tea,L,70.02,1,0.0,70.02,52.49,17.53,C0423,Somchai Sukjai,ST003,Chiang Mai One,EMP202,Cara,Cash,DELIVERED
ORD202400784,2024-08-20,2024-08-20,2024-08-21,P203,Brownie,Bakery,-,49.61,1,4.3,45.31,32.72,12.59,C0263,Napat Thongchai,ST004,Khon Kaen Mall,EMP202,Cara,Mobile Wallet,DELIVERED
ORD202400785,2025-05-16,,,P101,Green Tea,Tea,S,47.8,1,0.0,47.8,27.82,19.98,C0149,Suda Suwan,ST006,Phuket Marina,EMP200,Ann,Mobile Wallet,ORDERED
ORD202400786,2025-04-16,2025-04-16,2025-04-20,P103,Thai Tea,Tea,L,80.47,2,5.85,155.09,86.36,68.73,C0424,Chanida Sukjai,ST004,Khon Kaen Mall,EMP202,Cara,Cash,DELIVERED
ORD202400787,2024-07-06,2024-07-07,,P102,Black Tea,Tea,M,60.94,1,0.0,60.94,41.78,19.16,C0419,Thida Boonmee,ST003,Chiang Mai One,EMP205,Finn,Mobile Wallet,SHIPPED
ORD202400788,2025-01-28,2025-01-29,2025-01-30,P201,Croissant,Bakery,-,45.17,1,0.0,45.17,30.43,14.74,C0284,Chanida Srikul,ST004,Khon Kaen Mall,EMP202,Cara,Mobile Wallet,DELIVERED
ORD202400789,2025-04-08,,,P002,Americano,Coffee,L,77.07,1,16.74,0.0,0.0,-49.76,C0115,Saran Boonmee,ST003,Chiang Mai One,EMP202,Cara,Credit Card,CANCELLED
ORD202400790,2025-02-20,2025-02-20,2025-02-22,P203,Brownie,Bakery,-,52.93,1,0.0,52.93,35.28,17.65,C0276,Thida Thongchai,ST006,Phuket Marina,EMP200,Ann,Credit Card,DELIVERED
ORD202400791,2024-06-10,2024-06-12,2024-06-13,P101,Green Tea,Tea,L,73.41,2,0.0,146.82,106.6,40.22,C0220,Wipa Thongchai,ST002,Silom Complex,EMP201,Ben,Credit Card,DELIVERED
ORD202400792,2024-01-18,,,P101,Green Tea,Tea,L,70.32,1,0.0,70.32,46.49,23.83,C0500,Korn Yodkaew,ST002,Silom Complex,EMP200,Ann,Credit Card,ORDERED
ORD202400793,2024-05-09,2024-05-10,2024-05-10,P103,Thai Tea,Tea,L,83.55,1,0.0,83.55,61.66,21.89,C0138,Kanya Suwan,ST005,Hatyai Center,EMP204,Eve,Mobile Wallet,DELIVERED
ORD202400794,2024-11-19,2024-11-20,2024-11-22,P103,Thai Tea,Tea,L,76.8,2,38.29,115.31,77.96,37.35,C0249,Wipa Thongchai,ST006,Phuket Marina,EMP203,Dan,QR PromptPay,DELIVERED
ORD202400795,2024-11-16,2024-11-18,,P001,Espresso,Coffee,M,71.16,2,0.0,142.32,78.86,63.46,C0194,Somchai Chantarangsu,ST004,Khon Kaen Mall,EMP201,Ben,QR PromptPay,SHIPPED
ORD202400796,2025-03-03,,,P204,Bagel,Bakery,-,42.18,3,7.53,119.01,87.92,31.09,C0211,Korn Prasert,ST002,Silom Complex,EMP203,Dan,Cash,ORDERED
ORD202400797,2024-09-05,2024-09-07,2024-09-11,P004,Cappuccino,Coffee,S,68.5,1,0.0,68.5,43.87,24.63,C0069,Saran Sukjai,ST004,Khon Kaen Mall,EMP203,Dan,Mobile Wallet,DELIVERED
ORD202400798,2024-08-24,2024-08-25,2024-08-28,P103,Thai Tea,Tea,M,67.29,1,0.0,67.29,38.9,28.39,C0079,Wipa Yodkaew,ST005,Hatyai Center,EMP205,Finn,QR PromptPay,DELIVERED
ORD202400799,2025-01-07,2025-01-08,2025-01-11,P101,Green Tea,Tea,L,66.93,1,6.43,60.5,35.92,24.58,C0122,Wipa Prasert,ST005,Hatyai Center,EMP201,Ben,Cash,DELIVERED
ORD202400800,2024-03-30,2024-04-01,2024-04-02,P103,Thai Tea,Tea,L,77.25,1,15.8,61.45,43.79,17.66,C0278,Korn Yodkaew,ST004,Khon Kaen Mall,EMP204,Eve,Credit Card,DELIVERED
ORD202400801,2025-02-01,2025-02-02,2025-02-02,P103,Thai Tea,Tea,S,53.81,2,0.0,107.62,54.65,52.97,C0318,Chanida Prasert,ST003,Chiang Mai One,EMP203,Dan,QR PromptPay,DELIVERED
ORD202400802,2024-07-29,,,P103,Thai Tea,Tea,S,55.17,3,0.0,0.0,0.0,-115.25,C0496,Napat Yodkaew,ST006,Phuket Marina,EMP200,Ann,QR PromptPay,CANCELLED
ORD202400803,2024-12-18,2024-12-18,2024-12-21,P005,Mocha,Coffee,M,98.09,1,0.0,98.09,69.09,29.0,C0183,Wipa Yodkaew,ST006,Phuket Marina,EMP205,Finn,Mobile Wallet,DELIVERED
ORD202400804,2024-08-29,2024-08-29,2024-08-29,P102,Black Tea,Tea,L,70.25,1,0.0,70.25,42.62,27.63,C0255,Thanakorn Srikul,ST005,Hatyai Center,EMP200,Ann,Credit Card,DELIVERED
ORD202400805,2024-04-21,,,P102,Black Tea,Tea,S,53.72,1,0.0,53.72,28.95,24.77,C0183,Wipa Yodkaew,ST002,Silom Complex,EMP203,Dan,Credit Card,ORDERED
ORD202400806,2025-03-23,2025-03-23,2025-03-27,P103,Thai Tea,Tea,S,58.95,1,0.0,58.95,43.63,15.32,C0332,Somchai Srikul,ST004,Khon Kaen Mall,EMP204,Eve,QR PromptPay,DELIVERED
ORD202400807,2024-10-20,2024-10-21,2024-10-24,P003,Latte,Coffee,S,70.2,2,0.0,140.4,70.41,69.99,C0180,Wipa Sriwong,ST005,Hatyai Center,EMP203,Dan,Cash,DELIVERED
ORD202400808,2025-05-23,2025-05-24,2025-05-24,P203,Brownie,Bakery,-,48.81,3,0.0,146.43,79.74,66.69,C0497,Chanida Suwan,ST003,Chiang Mai One,EMP203,Dan,Credit Card,DELIVERED
ORD202400809,2025-01-09,,,P203,Brownie,Bakery,-,47.98,2,2.55,0.0,0.0,-65.73,C0402,Anan Bussaba,ST003,Chiang Mai One,EMP202,Cara,Cash,CANCELLED
ORD202400810,2025-03-10,2025-03-11,2025-03-11,P202,Cheesecake,Bakery,-,85.72,1,11.11,74.61,44.93,29.68,C0467,Thanakorn Prasert,ST002,Silom Complex,EMP204,Eve,Mobile Wallet,DELIVERED
ORD202400811,2024-04-23,2024-04-23,,P005,Mocha,Coffee,M,98.25,2,0.0,196.5,104.55,91.95,C0146,Thida Srikul,ST003,Chiang Mai One,EMP203,Dan,Credit Card,SHIPPED
ORD202400812,2024-02-18,2024-02-18,2024-02-22,P202,Cheesecake,Bakery,-,82.88,1,0.0,82.88,41.98,40.9,C0298,Napat Chantarangsu,ST003,Chiang Mai One,EMP203,Dan,QR PromptPay,DELIVERED
ORD202400813,2025-03-23,2025-03-23,2025-03-26,P204,Bagel,Bakery,-,43.3,1,0.0,43.3,31.18,12.12,C0302,Preecha Boonmee,ST002,Silom Complex,EMP205,Finn,QR PromptPay,DELIVERED
ORD202400814,2025-04-02,2025-04-02,2025-04-03,P201,Croissant,Bakery,-,44.86,2,0.0,89.72,50.18,39.54,C0228,Saran Yodkaew,ST003,Chiang Mai One,EMP202,Cara,Cash,DELIVERED
ORD202400815,2025-04-08,2025-04-08,2025-04-11,P001,Espresso,Coffee,M,78.81,1,0.46,78.35,44.43,33.92,C0331,Chanida Sriwong,ST002,Silom Complex,EMP202,Cara,Mobile Wallet,DELIVERED
ORD202400816,2024-01-17,2024-01-17,2024-01-21,P203,Brownie,Bakery,-,52.2,1,0.0,52.2,30.83,21.37,C0250,Korn Suwan,ST003,Chiang Mai One,EMP203,Dan,Credit Card,DELIVERED
ORD202400817,2025-02-03,,,P002,Americano,Coffee,M,68.56,2,18.41,118.71,84.61,34.1,C0306,Thida Suwan,ST001,Central Plaza,EMP203,Dan,Mobile Wallet,ORDERED
ORD202400818,2024-12-03,2024-12-04,2024-12-05,P101,Green Tea,Tea,S,54.86,1,2.64,52.22,29.43,22.79,C0104,Preecha Bussaba,ST002,Silom Complex,EMP205,Finn,Credit Card,DELIVERED
ORD202400819,2025-04-10,2025-04-12,2025-04-12,P204,Bagel,Bakery,-,40.58,1,0.0,40.58,23.15,17.43,C0447,Anan Bussaba,ST006,Phuket Marina,EMP200,Ann,Mobile Wallet,DELIVERED
ORD202400820,2024-09-16,2024-09-18,2024-09-22,P102,Black Tea,Tea,S,54.66,1,0.0,54.66,32.02,22.64,C0022,Preecha Thongchai,ST001,Central Plaza,EMP205,Finn,Credit Card,DELIVERED
ORD202400821,2024-04-29,2024-04-30,2024-05-03,P003,Latte,Coffee,M,90.38,1,0.0,90.38,51.92,38.46,C0022,Preecha Thongchai,ST004,Khon Kaen Mall,EMP203,Dan,Cash,DELIVERED
ORD202400822,2024-08-25,2024-08-26,2024-08-28,P004,Cappuccino,Coffee,L,107.24,1,0.0,107.24,69.66,37.58,C0064,Wipa Sriwong,ST004,Khon Kaen Mall,EMP202,Cara,Credit Card,DELIVERED
ORD202400823,2024-03-14,2024-03-15,2024-03-19,P203,Brownie,Bakery,-,54.79,1,0.0,54.79,36.58,18.21,C0440,Saran Prasert,ST006,Phuket Marina,EMP205,Finn,Cash,DELIVERED
ORD202400824,2025-04-20,2025-04-20,2025-04-21,P001,Espresso,Coffee,M,72.18,1,11.95,60.23,51.95,8.28,C0263,Napat Thongchai,ST004,Khon Kaen Mall,EMP200,Ann,Cash,DELIVERED
ORD202400825,2024-12-09,2024-12-09,,P005,Mocha,Coffee,S,72.93,2,0.0,145.86,86.2,59.66,C0019,Suda Chantarangsu,ST005,Hatyai Center,EMP203,Dan,Cash,SHIPPED
ORD202400826,2024-05-14,2024-05-15,,P003,Latte,Coffee,M,91.55,2,0.0,183.1,98.7,84.4,C0072,Thanakorn Suwan,ST001,Central Plaza,EMP200,Ann,QR PromptPay,SHIPPED
ORD202400827,2025-04-08,,,P103,Thai Tea,Tea,L,74.86,3,28.14,196.44,160.73,35.71,C0212,Preecha Yodkaew,ST005,Hatyai Center,EMP204,Eve,QR PromptPay,ORDERED
ORD202400828,2025-01-29,2025-01-31,2025-02-02,P002,Americano,Coffee,S,60.35,1,0.0,60.35,43.01,17.34,C0468,Kanya Bussaba,ST001,Central Plaza,EMP202,Cara,Credit Card,DELIVERED
ORD202400829,2024-09-01,2024-09-03,2024-09-03,P004,Cappuccino,Coffee,L,97.87,1,0.0,97.87,66.47,31.4,C0500,Korn Yodkaew,ST002,Silom Complex,EMP203,Dan,QR PromptPay,DELIVERED
ORD202400830,2024-11-29,2024-12-01,2024-12-03,P102,Black Tea,Tea,S,51.17,1,0.0,51.17,31.04,20.13,C0475,Korn Srikul,ST002,Silom Complex,EMP201,Ben,QR PromptPay,DELIVERED
ORD202400831,2024-01-19,2024-01-20,2024-01-22,P201,Croissant,Bakery,-,46.6,1,0.0,46.6,33.96,12.64,C0460,Thanakorn Prasert,ST006,Phuket Marina,EMP200,Ann,Cash,DELIVERED
ORD202400832,2024-10-17,2024-10-18,2024-10-18,P003,Latte,Coffee,S,72.08,1,16.17,55.91,52.45,3.46,C0280,Thida Chantarangsu,ST005,Hatyai Center,EMP200,Ann,Cash,DELIVERED
ORD202400833,2024-11-26,2024-11-26,2024-11-29,P004,Cappuccino,Coffee,S,72.78,1,0.0,72.78,49.29,23.49,C0222,Wipa Suwan,ST001,Central Plaza,EMP202,Cara,Mobile Wallet,DELIVERED
ORD202400834,2024-03-23,2024-03-24,2024-03-28,P201,Croissant,Bakery,-,47.15,1,0.0,47.15,26.25,20.9,C0286,Korn Suwan,ST005,Hatyai Center,EMP200,Ann,Mobile Wallet,DELIVERED
ORD202400835,2024-10-24,2024-10-25,2024-10-29,P005,Mocha,Coffee,S,72.02,2,0.0,144.04,83.25,60.79,C0328,Saran Yodkaew,ST003,Chiang Mai One,EMP203,Dan,Credit Card,DELIVERED
ORD202400836,2024-02-14,2024-02-14,2024-02-15,P201,Croissant,Bakery,-,46.85,1,0.0,46.85,32.43,14.42,C0341,Preecha Boonmee,ST003,Chiang Mai One,EMP205,Finn,Cash,DELIVERED
ORD202400837,2025-04-13,2025-04-13,2025-04-15,P002,Americano,Coffee,M,64.48,1,0.0,64.48,33.39,31.09,C0453,Kanya Sriwong,ST004,Khon Kaen Mall,EMP202,Cara,Cash,DELIVERED
ORD202400838,2024-03-08,2024-03-10,2024-03-10,P101,Green Tea,Tea,M,63.4,1,8.92,54.48,37.9,16.58,C0322,Suda Suwan,ST002,Silom Complex,EMP202,Cara,QR PromptPay,DELIVERED
ORD202400839,2025-06-25,2025-06-26,,P103,Thai Tea,Tea,S,57.39,1,8.33,49.06,29.86,19.2,C0311,Kanya Suwan,ST004,Khon Kaen Mall,EMP203,Dan,QR PromptPay,SHIPPED
ORD202400840,2024-08-30,2024-09-01,2024-09-02,P003,Latte,Coffee,S,75.78,1,0.0,75.78,44.72,31.06,C0499,Anan Thongchai,ST005,Hatyai Center,EMP202,Cara,Credit Card,DELIVERED
ORD202400841,2025-03-12,,,P004,Cappuccino,Coffee,L,106.5,2,39.76,0.0,0.0,-128.79,C0077,Suda Srikul,ST002,Silom Complex,EMP203,Dan,Cash,CANCELLED
ORD202400842,2024-03-12,2024-03-13,2024-03-16,P203,Brownie,Bakery,-,51.46,1,8.95,42.51,29.04,13.47,C0003,Kanya Chantarangsu,ST005,Hatyai Center,EMP201,Ben,Mobile Wallet,DELIVERED
ORD202400843,2024-12-01,2024-12-01,2024-12-03,P003,Latte,Coffee,M,90.29,3,0.0,270.87,159.93,110.94,C0052,Thida Sukjai,ST004,Khon Kaen Mall,EMP201,Ben,Mobile Wallet,DELIVERED
ORD202400844,2024-03-31,2024-04-02,2024-04-06,P102,Black Tea,Tea,S,54.28,2,0.0,108.56,74.76,33.8,C0312,Chanida Suwan,ST005,Hatyai Center,EMP202,Cara,Cash,DELIVERED
ORD202400845,2024-04-04,,,P101,Green Tea,Tea,L,70.42,3,0.0,0.0,0.0,-127.84,C0353,Wipa Yodkaew,ST005,Hatyai Center,EMP202,Cara,Mobile Wallet,CANCELLED
ORD202400846,2024-04-16,2024-04-16,2024-04-16,P203,Brownie,Bakery,-,48.02,2,0.0,96.04,69.44,26.6,C0298,Napat Chantarangsu,ST001,Central Plaza,EMP203,Dan,Credit Card,DELIVERED
ORD202400847,2025-04-12,,,P001,Espresso,Coffee,S,61.81,1,0.0,61.81,35.4,26.41,C0105,Thanakorn Sriwong,ST004,Khon Kaen Mall,EMP205,Finn,Cash,ORDERED
ORD202400848,2025-04-11,,,P004,Cappuccino,Coffee,S,75.96,2,31.28,0.0,0.0,-79.65,C0158,Thanakorn Prasert,ST003,Chiang Mai One,EMP200,Ann,Cash,CANCELLED
ORD202400849,2024-10-19,2024-10-21,2024-10-21,P103,Thai Tea,Tea,L,81.91,2,0.0,163.82,118.93,44.89,C0300,Nicha Prasert,ST002,Silom Complex,EMP203,Dan,Mobile Wallet,DELIVERED
ORD202400850,2025-02-25,2025-02-26,2025-02-26,P201,Croissant,Bakery,-,46.91,1,0.0,46.91,34.98,11.93,C0379,Preecha Thongchai,ST001,Central Plaza,EMP202,Cara,QR PromptPay,DELIVERED
ORD202400851,2025-03-27,,,P103,Thai Tea,Tea,L,75.44,1,0.0,75.44,39.57,35.87,C0186,Napat Prasert,ST006,Phuket Marina,EMP205,Finn,Cash,ORDERED
ORD202400852,2024-02-05,2024-02-07,2024-02-10,P102,Black Tea,Tea,M,63.87,1,14.19,49.68,44.72,4.96,C0098,Korn Sukjai,ST002,Silom Complex,EMP204,Eve,QR PromptPay,DELIVERED
ORD202400853,2025-05-09,2025-05-11,2025-05-15,P004,Cappuccino,Coffee,M,83.86,1,5.78,78.08,60.51,17.57,C0479,Kanya Prasert,ST006,Phuket Marina,EMP200,Ann,Mobile Wallet,DELIVERED
ORD202400854,2025-06-03,2025-06-03,2025-06-04,P103,Thai Tea,Tea,S,53.54,1,0.0,53.54,35.71,17.83,C0153,Saran Boonmee,ST003,Chiang Mai One,EMP202,Cara,QR PromptPay,DELIVERED
ORD202400855,2024-12-15,2024-12-16,2024-12-16,P202,Cheesecake,Bakery,-,84.63,1,0.0,84.63,61.29,23.34,C0009,Anan Boonmee,ST006,Phuket Marina,EMP205,Finn,QR PromptPay,DELIVERED
ORD202400856,2025-06-04,,,P204,Bagel,Bakery,-,39.1,3,0.0,0.0,0.0,-87.02,C0079,Wipa Yodkaew,ST004,Khon Kaen Mall,EMP205,Finn,Cash,CANCELLED
ORD202400857,2025-02-18,2025-02-18,2025-02-18,P203,Brownie,Bakery,-,50.37,1,0.0,50.37,26.27,24.1,C0047,Thida Thongchai,ST002,Silom Complex,EMP202,Cara,QR PromptPay,DELIVERED
ORD202400858,2024-05-10,2024-05-11,2024-05-15,P005,Mocha,Coffee,S,76.8,1,1.54,75.26,55.89,19.37,C0129,Nicha Boonmee,ST001,Central Plaza,EMP205,Finn,Cash,DELIVERED
ORD202400859,2024-08-13,2024-08-15,2024-08-18,P202,Cheesecake,Bakery,-,81.64,2,0.0,163.28,106.8,56.48,C0128,Nicha Boonmee,ST001,Central Plaza,EMP205,Finn,Mobile Wallet,DELIVERED
ORD202400860,2025-04-23,,,P101,Green Tea,Tea,M,64.21,1,8.46,0.0,0.0,-35.69,C0069,Saran Sukjai,ST003,Chiang Mai One,EMP201,Ben,Mobile Wallet,CANCELLED
ORD202400861,2024-10-26,2024-10-28,2024-11-01,P004,Cappuccino,Coffee,M,88.72,2,0.0,177.44,92.61,84.83,C0348,Wipa Srikul,ST004,Khon Kaen Mall,EMP201,Ben,Cash,DELIVERED
ORD202400862,2025-04-17,2025-04-19,2025-04-23,P001,Espresso,Coffee,M,73.42,1,13.54,59.88,52.85,7.03,C0198,Preecha Chantarangsu,ST006,Phuket Marina,EMP202,Cara,Cash,DELIVERED
ORD202400863,2025-03-23,,,P003,Latte,Coffee,M,85.63,2,0.0,171.26,91.3,79.96,C0043,Nicha Sriwong,ST001,Central Plaza,EMP203,Dan,QR PromptPay,ORDERED
ORD202400864,2024-12-07,2024-12-08,2024-12-09,P003,Latte,Coffee,L,104.45,1,0.0,104.45,75.92,28.53,C0415,Suda Sukjai,ST004,Khon Kaen Mall,EMP201,Ben,Mobile Wallet,DELIVERED
ORD202400865,2024-11-26,2024-11-27,2024-11-30,P103,Thai Tea,Tea,L,77.93,2,0.0,155.86,99.92,55.94,C0329,Preecha Prasert,ST004,Khon Kaen Mall,EMP200,Ann,Credit Card,DELIVERED
ORD202400866,2025-03-29,,,P102,Black Tea,Tea,M,63.35,2,23.91,0.0,0.0,-79.62,C0298,Napat Chantarangsu,ST001,Central Plaza,EMP200,Ann,Credit Card,CANCELLED
ORD202400867,2025-01-26,2025-01-27,2025-01-28,P001,Espresso,Coffee,L,88.36,1,0.0,88.36,61.72,26.64,C0394,Somchai Prasert,ST001,Central Plaza,EMP201,Ben,Credit Card,DELIVERED
ORD202400868,2024-08-11,2024-08-11,2024-08-11,P001,Espresso,Coffee,L,84.22,1,0.0,84.22,59.91,24.31,C0355,Anan Suwan,ST004,Khon Kaen Mall,EMP205,Finn,Credit Card,DELIVERED
ORD202400869,2024-03-27,2024-03-28,2024-03-31,P002,Americano,Coffee,S,55.27,1,0.0,55.27,31.06,24.21,C0401,Somchai Thongchai,ST005,Hatyai Center,EMP203,Dan,Mobile Wallet,DELIVERED
ORD202400870,2024-06-11,,,P203,Brownie,Bakery,-,52.53,3,25.74,131.85,100.44,31.41,C0467,Thanakorn Prasert,ST001,Central Plaza,EMP202,Cara,Mobile Wallet,ORDERED
ORD202400871,2024-10-06,2024-10-08,2024-10-09,P204,Bagel,Bakery,-,43.24,3,0.0,129.72,71.3,58.42,C0498,Anan Prasert,ST001,Central Plaza,EMP203,Dan,Credit Card,DELIVERED
ORD202400872,2024-11-05,2024-11-07,2024-11-08,P202,Cheesecake,Bakery,-,79.25,2,0.0,158.5,114.48,44.02,C0143,Kanya Bussaba,ST006,Phuket Marina,EMP203,Dan,QR PromptPay,DELIVERED
ORD202400873,2025-03-04,,,P101,Green Tea,Tea,L,67.55,3,0.0,0.0,0.0,-145.08,C0454,Kanya Boonmee,ST004,Khon Kaen Mall,EMP204,Eve,Credit Card,CANCELLED
ORD202400874,2024-01-24,2024-01-25,2024-01-27,P002,Americano,Coffee,S,54.32,1,0.0,54.32,35.06,19.26,C0198,Preecha Chantarangsu,ST002,Silom Complex,EMP203,Dan,Mobile Wallet,DELIVERED
ORD202400875,2024-11-24,2024-11-25,2024-11-26,P202,Cheesecake,Bakery,-,79.03,1,12.76,66.27,54.03,12.24,C0129,Nicha Boonmee,ST005,Hatyai Center,EMP200,Ann,QR PromptPay,DELIVERED
ORD202400876,2025-01-25,2025-01-26,2025-01-26,P204,Bagel,Bakery,-,42.96,1,2.1,40.86,28.32,12.54,C0241,Thanakorn Chantarangsu,ST001,Central Plaza,EMP201,Ben,Credit Card,DELIVERED
ORD202400877,2024-03-31,2024-03-31,,P003,Latte,Coffee,M,81.75,1,0.0,81.75,53.29,28.46,C0273,Thida Sukjai,ST003,Chiang Mai One,EMP205,Finn,QR PromptPay,SHIPPED
ORD202400878,2025-01-23,2025-01-25,2025-01-26,P103,Thai Tea,Tea,L,76.4,2,8.54,144.26,106.39,37.87,C0160,Korn Sriwong,ST004,Khon Kaen Mall,EMP204,Eve,Mobile Wallet,DELIVERED
ORD202400879,2024-03-05,2024-03-07,2024-03-08,P102,Black Tea,Tea,S,49.45,1,10.42,39.03,25.77,13.26,C0454,Kanya Boonmee,ST004,Khon Kaen Mall,EMP200,Ann,Credit Card,DELIVERED
ORD202400880,2024-03-18,2024-03-20,2024-03-24,P201,Croissant,Bakery,-,48.47,1,9.42,39.05,25.65,13.4,C0377,Wipa Bussaba,ST006,Phuket Marina,EMP205,Finn,Credit Card,DELIVERED
ORD202400881,2025-03-26,2025-03-27,2025-03-29,P203,Brownie,Bakery,-,53.75,1,1.86,51.89,37.6,14.29,C0413,Nicha Sukjai,ST001,Central Plaza,EMP201,Ben,Cash,DELIVERED
ORD202400882,2024-11-05,2024-11-05,2024-11-07,P002,Americano,Coffee,M,68.87,2,4.6,133.14,101.97,31.17,C0135,Saran Yodkaew,ST001,Central Plaza,EMP200,Ann,QR PromptPay,DELIVERED
ORD202400883,2025-04-26,2025-04-28,2025-04-29,P204,Bagel,Bakery,-,39.58,1,0.0,39.58,27.69,11.89,C0106,Thanakorn Sriwong,ST002,Silom Complex,EMP203,Dan,Cash,DELIVERED
ORD202400884,2024-06-18,2024-06-19,,P202,Cheesecake,Bakery,-,81.59,1,15.23,66.36,46.96,19.4,C0046,Kanya Chantarangsu,ST004,Khon Kaen Mall,EMP202,Cara,QR PromptPay,SHIPPED
ORD202400885,2025-03-22,2025-03-23,2025-03-24,P103,Thai Tea,Tea,L,82.61,2,0.0,165.22,84.51,80.71,C0382,Korn Bussaba,ST006,Phuket Marina,EMP201,Ben,Credit Card,DELIVERED
ORD202400886,2024-05-16,2024-05-17,2024-05-20,P201,Croissant,Bakery,-,44.84,2,12.39,77.29,50.22,27.07,C0491,Saran Sriwong,ST005,Hatyai Center,EMP203,Dan,Credit Card,DELIVERED
ORD202400887,2025-01-13,2025-01-15,2025-01-15,P203,Brownie,Bakery,-,53.77,1,0.0,53.77,28.87,24.9,C0212,Preecha Yodkaew,ST001,Central Plaza,EMP203,Dan,Credit Card,DELIVERED
ORD202400888,2024-02-01,2024-02-03,2024-02-04,P001,Espresso,Coffee,S,59.38,1,0.0,59.38,35.16,24.22,C0047,Thida Thongchai,ST002,Silom Complex,EMP203,Dan,Cash,DELIVERED
ORD202400889,2024-09-07,2024-09-07,2024-09-07,P005,Mocha,Coffee,S,76.38,1,8.22,68.16,50.43,17.73,C0374,Anan Thongchai,ST001,Central Plaza,EMP201,Ben,Cash,DELIVERED
ORD202400890,2024-06-17,2024-06-19,2024-06-22,P203,Brownie,Bakery,-,52.51,1,2.04,50.47,32.79,17.68,C0213,Kanya Boonmee,ST006,Phuket Marina,EMP205,Finn,QR PromptPay,DELIVERED
ORD202400891,2025-02-25,2025-02-26,2025-02-26,P005,Mocha,Coffee,S,73.96,1,11.48,62.48,51.76,10.72,C0037,Anan Boonmee,ST004,Khon Kaen Mall,EMP200,Ann,Cash,DELIVERED
ORD202400892,2025-06-27,2025-06-28,2025-06-29,P103,Thai Tea,Tea,S,56.67,1,0.0,56.67,31.47,25.2,C0033,Kanya Thongchai,ST002,Silom Complex,EMP203,Dan,Credit Card,DELIVERED
ORD202400893,2024-12-29,2024-12-30,2024-12-31,P003,Latte,Coffee,L,95.46,1,0.0,95.46,60.6,34.86,C0256,Korn Sriwong,ST004,Khon Kaen Mall,EMP204,Eve,Cash,DELIVERED
ORD202400894,2024-07-18,2024-07-19,2024-07-19,P103,Thai Tea,Tea,M,69.3,2,13.1,125.5,102.22,23.28,C0093,Anan Suwan,ST003,Chiang Mai One,EMP203,Dan,Mobile Wallet,DELIVERED
ORD202400895,2025-06-10,2025-06-12,2025-06-14,P001,Espresso,Coffee,L,88.47,2,0.0,176.94,113.77,63.17,C0324,Kanya Yodkaew,ST005,Hatyai Center,EMP200,Ann,QR PromptPay,DELIVERED
ORD202400896,2025-04-15,,,P101,Green Tea,Tea,L,75.07,1,0.0,75.07,46.08,28.99,C0170,Chanida Bussaba,ST001,Central Plaza,EMP203,Dan,Credit Card,ORDERED
ORD202400897,2024-03-26,2024-03-27,2024-03-30,P003,Latte,Coffee,L,101.47,1,12.65,88.82,67.36,21.46,C0049,Thanakorn Prasert,ST004,Khon Kaen Mall,EMP200,Ann,Cash,DELIVERED
ORD202400898,2025-02-18,2025-02-19,2025-02-19,P203,Brownie,Bakery,-,53.93,1,0.0,53.93,27.1,26.83,C0130,Chanida Yodkaew,ST002,Silom Complex,EMP201,Ben,Cash,DELIVERED
ORD202400899,2024-03-26,2024-03-27,2024-03-31,P202,Cheesecake,Bakery,-,76.7,3,0.0,230.1,157.84,72.26,C0123,Nicha Sukjai,ST004,Khon Kaen Mall,EMP204,Eve,QR PromptPay,DELIVERED
ORD202400900,2024-03-13,2024-03-15,2024-03-15,P101,Green Tea,Tea,M,65.04,2,0.0,130.08,92.31,37.77,C0338,Nicha Sriwong,ST005,Hatyai Center,EMP200,Ann,QR PromptPay,DELIVERED
ORD202400901,2025-05-19,,,P201,Croissant,Bakery,-,43.54,1,4.01,39.53,26.73,12.8,C0110,Kanya Bussaba,ST001,Central Plaza,EMP203,Dan,QR PromptPay,ORDERED
ORD202400902,2025-06-26,2025-06-28,2025-06-29,P004,Cappuccino,Coffee,L,93.4,3,0.0,280.2,204.01,76.19,C0010,Thida Suwan,ST005,Hatyai Center,EMP200,Ann,QR PromptPay,DELIVERED
ORD202400903,2024-09-04,2024-09-05,2024-09-06,P203,Brownie,Bakery,-,50.69,1,9.88,40.81,37.98,2.83,C0271,Preecha Sukjai,ST003,Chiang Mai One,EMP205,Finn,Credit Card,DELIVERED
ORD202400904,2024-02-22,2024-02-22,2024-02-26,P203,Brownie,Bakery,-,50.45,2,12.67,88.23,61.34,26.89,C0449,Anan Sukjai,ST003,Chiang Mai One,EMP202,Cara,Credit Card,DELIVERED
ORD202400905,2024-01-16,2024-01-16,2024-01-20,P101,Green Tea,Tea,M,59.03,1,1.98,57.05,37.93,19.12,C0421,Thanakorn Prasert,ST006,Phuket Marina,EMP200,Ann,QR PromptPay,DELIVERED
ORD202400906,2024-08-08,2024-08-08,2024-08-10,P001,Espresso,Coffee,S,62.72,3,18.88,169.28,109.72,59.56,C0024,Kanya Chantarangsu,ST005,Hatyai Center,EMP202,Cara,Credit Card,DELIVERED
ORD202400907,2024-06-06,,,P202,Cheesecake,Bakery,-,78.71,1,18.08,0.0,0.0,-40.35,C0317,Kanya Thongchai,ST003,Chiang Mai One,EMP201,Ben,Credit Card,CANCELLED
ORD202400908,2025-03-18,2025-03-20,2025-03-20,P101,Green Tea,Tea,M,58.65,1,0.0,58.65,38.5,20.15,C0462,Kanya Boonmee,ST005,Hatyai Center,EMP205,Finn,Credit Card,DELIVERED
ORD202400909,2024-04-14,,,P005,Mocha,Coffee,M,97.06,1,13.9,83.16,50.55,32.61,C0140,Somchai Sukjai,ST004,Khon Kaen Mall,EMP201,Ben,Mobile Wallet,ORDERED
ORD202400910,2024-09-25,,,P002,Americano,Coffee,L,82.39,1,7.18,0.0,0.0,-56.22,C0142,Nicha Suwan,ST004,Khon Kaen Mall,EMP204,Eve,Cash,CANCELLED
ORD202400911,2024-12-02,2024-12-03,2024-12-03,P001,Espresso,Coffee,L,81.27,1,0.0,81.27,60.39,20.88,C0419,Thida Boonmee,ST002,Silom Complex,EMP200,Ann,Credit Card,DELIVERED
ORD202400912,2024-12-14,2024-12-14,2024-12-18,P203,Brownie,Bakery,-,51.53,1,7.12,44.41,28.31,16.1,C0416,Thanakorn Srikul,ST003,Chiang Mai One,EMP201,Ben,Credit Card,DELIVERED
ORD202400913,2025-06-11,2025-06-13,2025-06-16,P003,Latte,Coffee,M,85.21,3,0.0,255.63,136.08,119.55,C0299,Saran Sriwong,ST003,Chiang Mai One,EMP204,Eve,QR PromptPay,DELIVERED
ORD202400914,2024-07-27,2024-07-28,2024-07-29,P102,Black Tea,Tea,L,67.39,1,16.04,51.35,40.63,10.72,C0399,Korn Suwan,ST004,Khon Kaen Mall,EMP205,Finn,QR PromptPay,DELIVERED
ORD202400915,2025-04-16,2025-04-16,2025-04-17,P101,Green Tea,Tea,S,48.49,1,0.68,47.81,28.66,19.15,C0171,Nicha Srikul,ST002,Silom Complex,EMP200,Ann,Mobile Wallet,DELIVERED
ORD202400916,2024-06-22,,,P003,Latte,Coffee,L,94.07,1,0.13,93.94,59.61,34.33,C0436,Kanya Srikul,ST003,Chiang Mai One,EMP204,Eve,QR PromptPay,ORDERED
ORD202400917,2024-12-16,2024-12-18,2024-12-19,P204,Bagel,Bakery,-,39.72,1,0.0,39.72,22.48,17.24,C0368,Chanida Prasert,ST002,Silom Complex,EMP203,Dan,Mobile Wallet,DELIVERED
ORD202400918,2024-04-14,2024-04-16,,P204,Bagel,Bakery,-,43.74,2,9.73,77.75,47.88,29.87,C0318,Chanida Prasert,ST004,Khon Kaen Mall,EMP204,Eve,Credit Card,SHIPPED
ORD202400919,2024-08-04,2024-08-06,2024-08-09,P004,Cappuccino,Coffee,M,87.87,1,0.0,87.87,58.22,29.65,C0418,Suda Sriwong,ST003,Chiang Mai One,EMP202,Cara,Cash,DELIVERED
ORD202400920,2024-04-18,2024-04-19,2024-04-23,P001,Espresso,Coffee,L,89.04,3,0.0,267.12,181.71,85.41,C0172,Nicha Yodkaew,ST004,Khon Kaen Mall,EMP200,Ann,Cash,DELIVERED
ORD202400921,2024-05-26,2024-05-26,2024-05-26,P003,Latte,Coffee,S,67.52,1,0.0,67.52,34.49,33.03,C0426,Korn Chantarangsu,ST005,Hatyai Center,EMP205,Finn,QR PromptPay,DELIVERED
ORD202400922,2025-04-08,2025-04-09,2025-04-12,P201,Croissant,Bakery,-,46.54,2,13.28,79.8,67.29,12.51,C0483,Korn Yodkaew,ST005,Hatyai Center,EMP202,Cara,Credit Card,DELIVERED
ORD202400923,2024-08-03,2024-08-04,2024-08-07,P001,Espresso,Coffee,S,60.11,1,0.0,60.11,44.8,15.31,C0047,Thida Thongchai,ST006,Phuket Marina,EMP204,Eve,Cash,DELIVERED
ORD202400924,2024-11-18,2024-11-19,2024-11-23,P204,Bagel,Bakery,-,40.55,1,0.0,40.55,27.44,13.11,C0183,Wipa Yodkaew,ST006,Phuket Marina,EMP203,Dan,Mobile Wallet,DELIVERED
ORD202400925,2024-12-02,2024-12-03,,P102,Black Tea,Tea,M,57.33,1,0.0,57.33,40.29,17.04,C0197,Napat Yodkaew,ST003,Chiang Mai One,EMP202,Cara,QR PromptPay,SHIPPED
ORD202400926,2025-01-27,2025-01-27,2025-01-27,P102,Black Tea,Tea,L,74.14,1,11.54,62.6,48.39,14.21,C0489,Wipa Yodkaew,ST002,Silom Complex,EMP204,Eve,Cash,DELIVERED
ORD202400927,2024-09-22,,,P101,Green Tea,Tea,M,58.75,1,6.1,52.65,40.95,11.7,C0470,Anan Yodkaew,ST002,Silom Complex,EMP200,Ann,Mobile Wallet,ORDERED
ORD202400928,2025-06-24,2025-06-25,2025-06-25,P003,Latte,Coffee,L,99.86,3,0.0,299.58,187.11,112.47,C0334,Anan Chantarangsu,ST004,Khon Kaen Mall,EMP202,Cara,Mobile Wallet,DELIVERED
ORD202400929,2025-01-04,,,P004,Cappuccino,Coffee,S,68.05,2,0.0,0.0,0.0,-77.91,C0388,Suda Bussaba,ST006,Phuket Marina,EMP205,Finn,QR PromptPay,CANCELLED
ORD202400930,2024-01-18,2024-01-20,2024-01-21,P004,Cappuccino,Coffee,M,90.46,1,0.0,90.46,53.87,36.59,C0361,Wipa Bussaba,ST006,Phuket Marina,EMP200,Ann,Cash,DELIVERED
ORD202400931,2024-10-18,2024-10-19,2024-10-21,P004,Cappuccino,Coffee,M,81.76,2,0.0,163.52,89.75,73.77,C0086,Wipa Sukjai,ST002,Silom Complex,EMP205,Finn,Credit Card,DELIVERED
ORD202400932,2024-11-04,2024-11-04,2024-11-05,P004,Cappuccino,Coffee,M,82.52,1,10.52,72.0,43.6,28.4,C0488,Wipa Srikul,ST005,Hatyai Center,EMP204,Eve,QR PromptPay,DELIVERED
ORD202400933,2024-08-24,2024-08-26,2024-08-27,P003,Latte,Coffee,M,85.5,1,0.0,85.5,53.22,32.28,C0187,Kanya Thongchai,ST003,Chiang Mai One,EMP202,Cara,Cash,DELIVERED
ORD202400934,2024-02-10,2024-02-11,2024-02-13,P102,Black Tea,Tea,M,60.17,1,0.0,60.17,40.14,20.03,C0027,Napat Suwan,ST005,Hatyai Center,EMP200,Ann,Mobile Wallet,DELIVERED
ORD202400935,2024-04-06,,,P201,Croissant,Bakery,-,47.07,1,9.32,37.75,25.5,12.25,C0391,Suda Prasert,ST002,Silom Complex,EMP200,Ann,Cash,ORDERED
ORD202400936,2025-06-10,2025-06-10,2025-06-11,P002,Americano,Coffee,S,59.98,2,0.0,119.96,71.34,48.62,C0286,Korn Suwan,ST005,Hatyai Center,EMP204,Eve,QR PromptPay,DELIVERED
ORD202400937,2024-07-13,2024-07-15,2024-07-15,P101,Green Tea,Tea,M,60.86,1,0.0,60.86,44.42,16.44,C0367,Suda Sriwong,ST003,Chiang Mai One,EMP205,Finn,Cash,DELIVERED
ORD202400938,2024-05-13,,,P103,Thai Tea,Tea,M,67.47,2,0.0,0.0,0.0,-72.14,C0106,Thanakorn Sriwong,ST006,Phuket Marina,EMP203,Dan,Mobile Wallet,CANCELLED
ORD202400939,2024-09-04,2024-09-05,2024-09-05,P101,Green Tea,Tea,M,63.34,2,0.0,126.68,65.7,60.98,C0396,Wipa Suwan,ST001,Central Plaza,EMP202,Cara,Cash,DELIVERED
ORD202400940,2024-09-08,,,P102,Black Tea,Tea,L,66.79,2,19.83,0.0,0.0,-67.65,C0422,Suda Sukjai,ST006,Phuket Marina,EMP203,Dan,QR PromptPay,CANCELLED
ORD202400941,2024-04-24,,,P204,Bagel,Bakery,-,42.36,2,0.0,0.0,0.0,-58.24,C0355,Anan Suwan,ST003,Chiang Mai One,EMP200,Ann,Credit Card,CANCELLED
ORD202400942,2024-05-26,2024-05-26,2024-05-28,P103,Thai Tea,Tea,M,70.32,2,0.0,140.64,73.37,67.27,C0404,Saran Boonmee,ST006,Phuket Marina,EMP204,Eve,Mobile Wallet,DELIVERED
ORD202400943,2025-06-12,2025-06-14,2025-06-18,P004,Cappuccino,Coffee,L,100.52,1,22.39,78.13,68.35,9.78,C0056,Thanakorn Sriwong,ST006,Phuket Marina,EMP205,Finn,Mobile Wallet,DELIVERED
ORD202400944,2024-03-12,2024-03-14,2024-03-15,P004,Cappuccino,Coffee,L,107.67,2,0.0,215.34,150.98,64.36,C0141,Thanakorn Suwan,ST003,Chiang Mai One,EMP201,Ben,Credit Card,DELIVERED
ORD202400945,2024-04-21,2024-04-22,,P204,Bagel,Bakery,-,43.79,2,0.0,87.58,55.21,32.37,C0196,Preecha Boonmee,ST002,Silom Complex,EMP203,Dan,Credit Card,SHIPPED
ORD202400946,2024-02-07,2024-02-08,2024-02-12,P201,Croissant,Bakery,-,43.35,2,0.0,86.7,61.74,24.96,C0268,Saran Boonmee,ST005,Hatyai Center,EMP200,Ann,QR PromptPay,DELIVERED
ORD202400947,2024-03-16,2024-03-18,2024-03-18,P003,Latte,Coffee,S,75.38,1,0.0,75.38,40.57,34.81,C0297,Thanakorn Bussaba,ST005,Hatyai Center,EMP205,Finn,Mobile Wallet,DELIVERED
ORD202400948,2025-06-21,2025-06-21,2025-06-24,P102,Black Tea,Tea,S,52.8,1,0.0,52.8,34.32,18.48,C0231,Preecha Boonmee,ST002,Silom Complex,EMP202,Cara,Cash,DELIVERED
ORD202400949,2025-04-09,2025-04-11,2025-04-12,P203,Brownie,Bakery,-,48.32,3,0.0,144.96,79.16,65.8,C0438,Preecha Yodkaew,ST005,Hatyai Center,EMP203,Dan,Mobile Wallet,DELIVERED
ORD202400950,2024-05-26,2024-05-27,2024-05-31,P204,Bagel,Bakery,-,39.5,1,0.0,39.5,29.21,10.29,C0039,Napat Srikul,ST001,Central Plaza,EMP200,Ann,QR PromptPay,DELIVERED
ORD202400951,2024-09-08,2024-09-08,2024-09-10,P002,Americano,Coffee,L,77.53,2,0.0,155.06,90.59,64.47,C0008,Preecha Sriwong,ST003,Chiang Mai One,EMP202,Cara,Cash,DELIVERED
ORD202400952,2024-08-12,2024-08-12,2024-08-16,P005,Mocha,Coffee,M,97.73,3,0.0,293.19,179.71,113.48,C0430,Nicha Chantarangsu,ST001,Central Plaza,EMP201,Ben,Cash,DELIVERED
ORD202400953,2025-05-12,2025-05-14,2025-05-14,P004,Cappuccino,Coffee,L,103.79,3,0.0,311.37,209.3,102.07,C0097,Saran Thongchai,ST001,Central Plaza,EMP204,Eve,Credit Card,DELIVERED
ORD202400954,2024-08-17,2024-08-19,2024-08-23,P001,Espresso,Coffee,S,60.9,2,15.22,106.58,70.89,35.69,C0359,Anan Suwan,ST004,Khon Kaen Mall,EMP202,Cara,Mobile Wallet,DELIVERED
ORD202400955,2024-08-23,2024-08-23,2024-08-27,P103,Thai Tea,Tea,M,66.15,1,0.0,66.15,41.68,24.47,C0110,Kanya Bussaba,ST006,Phuket Marina,EMP203,Dan,Cash,DELIVERED
ORD202400956,2024-09-06,,,P001,Espresso,Coffee,M,73.07,1,10.11,0.0,0.0,-49.36,C0132,Thanakorn Bussaba,ST006,Phuket Marina,EMP204,Eve,Mobile Wallet,CANCELLED
ORD202400957,2024-12-16,2024-12-16,2024-12-19,P001,Espresso,Coffee,M,78.91,3,0.0,236.73,135.19,101.54,C0386,Nicha Bussaba,ST003,Chiang Mai One,EMP202,Cara,Cash,DELIVERED
ORD202400958,2024-03-16,2024-03-18,2024-03-20,P003,Latte,Coffee,M,83.47,3,0.0,250.41,169.39,81.02,C0101,Napat Bussaba,ST003,Chiang Mai One,EMP201,Ben,QR PromptPay,DELIVERED
ORD202400959,2024-03-19,2024-03-19,2024-03-20,P101,Green Tea,Tea,M,58.56,2,0.0,117.12,66.63,50.49,C0103,Kanya Srikul,ST004,Khon Kaen Mall,EMP204,Eve,Credit Card,DELIVERED
ORD202400960,2024-04-18,2024-04-18,2024-04-18,P002,Americano,Coffee,L,74.73,1,0.0,74.73,43.32,31.41,C0032,Napat Bussaba,ST003,Chiang Mai One,EMP201,Ben,Cash,DELIVERED
ORD202400961,2025-04-23,2025-04-23,,P101,Green Tea,Tea,M,64.14,2,17.86,110.42,90.23,20.19,C0129,Nicha Boonmee,ST006,Phuket Marina,EMP202,Cara,Mobile Wallet,SHIPPED
ORD202400962,2024-10-13,2024-10-14,,P102,Black Tea,Tea,S,47.52,1,8.6,38.92,35.19,3.73,C0080,Anan Sriwong,ST002,Silom Complex,EMP202,Cara,Cash,SHIPPED
ORD202400963,2024-09-23,2024-09-25,2024-09-29,P103,Thai Tea,Tea,S,54.0,2,20.48,87.52,65.72,21.8,C0407,Nicha Srikul,ST006,Phuket Marina,EMP202,Cara,Credit Card,DELIVERED
ORD202400964,2024-03-05,2024-03-06,2024-03-09,P103,Thai Tea,Tea,L,78.34,1,17.2,61.14,52.7,8.44,C0240,Nicha Boonmee,ST006,Phuket Marina,EMP205,Finn,QR PromptPay,DELIVERED
ORD202400965,2024-05-06,2024-05-07,2024-05-11,P001,Espresso,Coffee,S,64.05,2,0.72,127.38,67.72,59.66,C0130,Chanida Yodkaew,ST002,Silom Complex,EMP200,Ann,Credit Card,DELIVERED
ORD202400966,2024-11-19,2024-11-21,2024-11-24,P004,Cappuccino,Coffee,L,99.14,1,0.0,99.14,52.27,46.87,C0408,Thida Chantarangsu,ST003,Chiang Mai One,EMP205,Finn,Mobile Wallet,DELIVERED
ORD202400967,2025-02-12,2025-02-13,2025-02-16,P005,Mocha,Coffee,L,107.73,1,23.01,84.72,69.35,15.37,C0338,Nicha Sriwong,ST001,Central Plaza,EMP200,Ann,Credit Card,DELIVERED
ORD202400968,2024-10-05,2024-10-06,2024-10-07,P005,Mocha,Coffee,L,112.55,2,8.62,216.48,151.39,65.09,C0344,Kanya Yodkaew,ST001,Central Plaza,EMP202,Cara,Mobile Wallet,DELIVERED
ORD202400969,2024-05-24,2024-05-26,2024-05-29,P201,Croissant,Bakery,-,44.74,2,10.98,78.5,50.86,27.64,C0277,Thida Thongchai,ST004,Khon Kaen Mall,EMP202,Cara,Credit Card,DELIVERED
ORD202400970,2025-05-17,2025-05-17,2025-05-18,P003,Latte,Coffee,S,74.1,1,0.0,74.1,50.26,23.84,C0165,Wipa Yodkaew,ST006,Phuket Marina,EMP203,Dan,QR PromptPay,DELIVERED
ORD202400971,2024-07-14,2024-07-14,2024-07-17,P004,Cappuccino,Coffee,L,97.02,2,0.0,194.04,138.51,55.53,C0027,Napat Suwan,ST002,Silom Complex,EMP205,Finn,QR PromptPay,DELIVERED
ORD202400972,2025-02-21,2025-02-23,2025-02-25,P202,Cheesecake,Bakery,-,86.39,3,0.0,259.17,168.93,90.24,C0386,Nicha Bussaba,ST001,Central Plaza,EMP202,Cara,Cash,DELIVERED
ORD202400973,2024-09-21,2024-09-21,2024-09-24,P003,Latte,Coffee,L,93.77,1,0.0,93.77,56.82,36.95,C0119,Nicha Suwan,ST006,Phuket Marina,EMP204,Eve,QR PromptPay,DELIVERED
ORD202400974,2024-01-03,2024-01-05,2024-01-09,P203,Brownie,Bakery,-,50.99,2,0.0,101.98,69.73,32.25,C0213,Kanya Boonmee,ST004,Khon Kaen Mall,EMP205,Finn,Cash,DELIVERED
ORD202400975,2024-12-23,2024-12-24,2024-12-26,P004,Cappuccino,Coffee,L,102.79,1,25.47,77.32,58.1,19.22,C0295,Thida Chantarangsu,ST003,Chiang Mai One,EMP201,Ben,Mobile Wallet,DELIVERED
ORD202400976,2024-04-10,2024-04-11,2024-04-14,P201,Croissant,Bakery,-,48.47,1,5.36,43.11,29.95,13.16,C0478,Thida Prasert,ST005,Hatyai Center,EMP203,Dan,Mobile Wallet,DELIVERED
ORD202400977,2025-05-16,,,P003,Latte,Coffee,S,69.93,3,0.0,0.0,0.0,-150.92,C0323,Thida Thongchai,ST006,Phuket Marina,EMP200,Ann,Mobile Wallet,CANCELLED
ORD202400978,2025-02-19,,,P103,Thai Tea,Tea,M,72.03,2,21.2,122.86,92.75,30.11,C0477,Saran Suwan,ST006,Phuket Marina,EMP201,Ben,Credit Card,ORDERED
ORD202400979,2024-01-08,2024-01-09,2024-01-13,P005,Mocha,Coffee,L,102.58,2,0.0,205.16,110.25,94.91,C0352,Chanida Boonmee,ST003,Chiang Mai One,EMP203,Dan,Cash,DELIVERED
ORD202400980,2024-07-13,2024-07-13,,P004,Cappuccino,Coffee,S,68.71,2,33.29,104.13,84.12,20.01,C0044,Wipa Thongchai,ST006,Phuket Marina,EMP200,Ann,Credit Card,SHIPPED
ORD202400981,2025-06-29,,,P202,Cheesecake,Bakery,-,80.11,1,0.53,79.58,50.33,29.25,C0213,Kanya Boonmee,ST002,Silom Complex,EMP201,Ben,QR PromptPay,ORDERED
ORD202400982,2025-06-25,2025-06-26,2025-06-26,P202,Cheesecake,Bakery,-,79.29,1,0.0,79.29,40.65,38.64,C0241,Thanakorn Chantarangsu,ST006,Phuket Marina,EMP200,Ann,QR PromptPay,DELIVERED
ORD202400983,2024-11-16,2024-11-16,2024-11-17,P004,Cappuccino,Coffee,S,67.79,3,0.0,203.37,139.45,63.92,C0207,Thanakorn Boonmee,ST001,Central Plaza,EMP200,Ann,QR PromptPay,DELIVERED
ORD202400984,2024-10-09,2024-10-09,2024-10-12,P103,Thai Tea,Tea,S,59.86,2,25.31,94.41,60.92,33.49,C0179,Wipa Chantarangsu,ST001,Central Plaza,EMP201,Ben,QR PromptPay,DELIVERED
ORD202400985,2025-04-16,2025-04-16,,P201,Croissant,Bakery,-,44.64,1,9.37,35.27,23.2,12.07,C0327,Chanida Chantarangsu,ST001,Central Plaza,EMP202,Cara,Mobile Wallet,SHIPPED
ORD202400986,2024-03-11,2024-03-12,2024-03-12,P005,Mocha,Coffee,S,80.86,1,17.7,63.16,45.07,18.09,C0197,Napat Yodkaew,ST002,Silom Complex,EMP200,Ann,QR PromptPay,DELIVERED
ORD202400987,2025-01-26,2025-01-27,2025-01-30,P204,Bagel,Bakery,-,43.67,1,0.0,43.67,29.37,14.3,C0001,Wipa Sriwong,ST002,Silom Complex,EMP200,Ann,QR PromptPay,DELIVERED
ORD202400988,2025-05-05,2025-05-06,2025-05-07,P204,Bagel,Bakery,-,43.39,2,0.0,86.78,54.94,31.84,C0237,Kanya Suwan,ST006,Phuket Marina,EMP201,Ben,Mobile Wallet,DELIVERED
ORD202400989,2024-08-14,2024-08-16,2024-08-17,P103,Thai Tea,Tea,L,80.37,1,0.0,80.37,55.41,24.96,C0329,Preecha Prasert,ST003,Chiang Mai One,EMP200,Ann,Mobile Wallet,DELIVERED
ORD202400990,2024-07-06,2024-07-07,2024-07-09,P201,Croissant,Bakery,-,46.81,2,0.0,93.62,50.98,42.64,C0364,Preecha Sukjai,ST001,Central Plaza,EMP202,Cara,Credit Card,DELIVERED
ORD202400991,2025-01-03,2025-01-03,2025-01-05,P005,Mocha,Coffee,S,82.13,1,0.0,82.13,51.61,30.52,C0283,Suda Srikul,ST004,Khon Kaen Mall,EMP202,Cara,QR PromptPay,DELIVERED
ORD202400992,2025-03-02,2025-03-02,2025-03-04,P202,Cheesecake,Bakery,-,85.64,1,0.0,85.64,50.29,35.35,C0189,Preecha Sriwong,ST002,Silom Complex,EMP202,Cara,Mobile Wallet,DELIVERED
ORD202400993,2024-07-25,2024-07-25,2024-07-25,P101,Green Tea,Tea,S,50.46,1,1.44,49.02,28.66,20.36,C0008,Preecha Sriwong,ST003,Chiang Mai One,EMP200,Ann,Cash,DELIVERED
ORD202400994,2024-09-29,2024-10-01,2024-10-03,P101,Green Tea,Tea,M,64.79,1,1.76,63.03,32.56,30.47,C0214,Suda Chantarangsu,ST004,Khon Kaen Mall,EMP204,Eve,Mobile Wallet,DELIVERED
ORD202400995,2024-06-13,2024-06-14,2024-06-18,P002,Americano,Coffee,S,53.17,1,0.0,53.17,28.25,24.92,C0283,Suda Srikul,ST003,Chiang Mai One,EMP204,Eve,Mobile Wallet,DELIVERED
ORD202400996,2024-05-15,2024-05-15,2024-05-18,P102,Black Tea,Tea,L,69.3,1,0.0,69.3,39.39,29.91,C0283,Suda Srikul,ST006,Phuket Marina,EMP204,Eve,Credit Card,DELIVERED
ORD202400997,2024-07-21,2024-07-21,2024-07-24,P202,Cheesecake,Bakery,-,86.92,1,0.0,86.92,56.13,30.79,C0154,Thanakorn Yodkaew,ST006,Phuket Marina,EMP205,Finn,Mobile Wallet,DELIVERED
ORD202400998,2024-05-02,2024-05-04,2024-05-06,P204,Bagel,Bakery,-,38.36,2,0.0,76.72,49.47,27.25,C0014,Kanya Chantarangsu,ST004,Khon Kaen Mall,EMP204,Eve,QR PromptPay,DELIVERED
ORD202400999,2024-12-21,2024-12-21,2024-12-23,P204,Bagel,Bakery,-,42.21,1,0.0,42.21,25.18,17.03,C0428,Thanakorn Chantarangsu,ST004,Khon Kaen Mall,EMP204,Eve,Cash,DELIVERED
ORD202401000,2024-01-09,,,P002,Americano,Coffee,M,66.06,1,0.0,0.0,0.0,-34.68,C0407,Nicha Srikul,ST002,Silom Complex,EMP200,Ann,Cash,CANCELLED
ORD202401001,2024-12-09,2024-12-11,2024-12-12,P001,Espresso,Coffee,S,65.25,1,10.78,54.47,48.76,5.71,C0285,Nicha Yodkaew,ST002,Silom Complex,EMP202,Cara,QR PromptPay,DELIVERED
ORD202401002,2024-10-23,2024-10-25,2024-10-27,P002,Americano,Coffee,M,66.43,1,0.0,66.43,49.14,17.29,C0063,Suda Yodkaew,ST006,Phuket Marina,EMP202,Cara,Mobile Wallet,DELIVERED
ORD202401003,2025-01-27,2025-01-29,2025-02-02,P201,Croissant,Bakery,-,48.71,1,10.35,38.36,27.46,10.9,C0352,Chanida Boonmee,ST002,Silom Complex,EMP200,Ann,Cash,DELIVERED
ORD202401004,2024-05-13,2024-05-13,2024-05-15,P103,Thai Tea,Tea,S,53.84,1,0.0,53.84,31.87,21.97,C0202,Napat Bussaba,ST001,Central Plaza,EMP203,Dan,Credit Card,DELIVERED
ORD202401005,2024-12-20,2024-12-20,2024-12-22,P204,Bagel,Bakery,-,42.1,1,4.59,37.51,30.44,7.07,C0437,Wipa Boonmee,ST001,Central Plaza,EMP204,Eve,Credit Card,DELIVERED
ORD202401006,2024-10-23,2024-10-23,2024-10-23,P001,Espresso,Coffee,M,77.99,2,0.0,155.98,110.14,45.84,C0274,Kanya Yodkaew,ST006,Phuket Marina,EMP205,Finn,Mobile Wallet,DELIVERED
ORD202401007,2024-11-17,,,P002,Americano,Coffee,L,83.38,3,0.0,0.0,0.0,-154.8,C0338,Nicha Sriwong,ST002,Silom Complex,EMP203,Dan,QR PromptPay,CANCELLED
ORD202401008,2024-01-14,2024-01-14,2024-01-16,P101,Green Tea,Tea,M,65.03,1,0.0,65.03,39.93,25.1,C0060,Thanakorn Boonmee,ST003,Chiang Mai One,EMP203,Dan,Credit Card,DELIVERED
ORD202401009,2024-06-12,2024-06-13,2024-06-13,P204,Bagel,Bakery,-,42.33,1,0.0,42.33,23.64,18.69,C0116,Anan Chantarangsu,ST002,Silom Complex,EMP203,Dan,Credit Card,DELIVERED
ORD202401010,2024-08-25,2024-08-26,2024-08-28,P001,Espresso,Coffee,M,73.35,1,0.0,73.35,39.73,33.62,C0079,Wipa Yodkaew,ST005,Hatyai Center,EMP203,Dan,Mobile Wallet,DELIVERED
ORD202401011,2024-02-13,2024-02-14,2024-02-15,P001,Espresso,Coffee,S,58.39,1,0.0,58.39,33.74,24.65,C0073,Korn Chantarangsu,ST001,Central Plaza,EMP202,Cara,Mobile Wallet,DELIVERED
ORD202401012,2024-07-15,2024-07-16,2024-07-16,P002,Americano,Coffee,M,70.02,2,0.0,140.04,91.91,48.13,C0071,Korn Srikul,ST001,Central Plaza,EMP203,Dan,QR PromptPay,DELIVERED
ORD202401013,2024-06-23,2024-06-23,2024-06-23,P102,Black Tea,Tea,L,70.89,1,7.51,63.38,42.35,21.03,C0419,Thida Boonmee,ST004,Khon Kaen Mall,EMP200,Ann,QR PromptPay,DELIVERED
ORD202401014,2025-02-19,2025-02-21,2025-02-23,P201,Croissant,Bakery,-,46.65,2,0.0,93.3,59.31,33.99,C0353,Wipa Yodkaew,ST005,Hatyai Center,EMP205,Finn,Credit Card,DELIVERED
ORD202401015,2024-08-02,2024-08-02,2024-08-02,P003,Latte,Coffee,S,76.76,1,11.45,65.31,53.59,11.72,C0203,Anan Yodkaew,ST005,Hatyai Center,EMP200,Ann,Credit Card,DELIVERED
ORD202401016,2024-07-19,2024-07-20,2024-07-23,P201,Croissant,Bakery,-,43.16,1,1.02,42.14,22.64,19.5,C0298,Napat Chantarangsu,ST002,Silom Complex,EMP202,Cara,Mobile Wallet,DELIVERED
ORD202401017,2024-11-23,2024-11-25,2024-11-29,P103,Thai Tea,Tea,L,81.14,1,5.5,75.64,56.34,19.3,C0161,Napat Boonmee,ST005,Hatyai Center,EMP205,Finn,Mobile Wallet,DELIVERED
ORD202401018,2025-05-04,,,P001,Espresso,Coffee,S,64.19,1,0.0,0.0,0.0,-38.73,C0386,Nicha Bussaba,ST002,Silom Complex,EMP200,Ann,Credit Card,CANCELLED
ORD202401019,2024-12-26,2024-12-26,2024-12-26,P001,Espresso,Coffee,S,62.32,1,0.0,62.32,41.72,20.6,C0385,Wipa Thongchai,ST003,Chiang Mai One,EMP204,Eve,QR PromptPay,DELIVERED
ORD202401020,2024-01-22,2024-01-23,2024-01-27,P204,Bagel,Bakery,-,40.85,2,0.0,81.7,48.85,32.85,C0328,Saran Yodkaew,ST006,Phuket Marina,EMP201,Ben,Cash,DELIVERED
ORD202401021,2025-03-29,2025-03-30,2025-03-31,P001,Espresso,Coffee,M,78.95,1,0.0,78.95,47.08,31.87,C0372,Nicha Srikul,ST006,Phuket Marina,EMP201,Ben,Mobile Wallet,DELIVERED
ORD202401022,2024-11-12,,,P204,Bagel,Bakery,-,42.34,1,0.0,0.0,0.0,-25.24,C0397,Preecha Chantarangsu,ST003,Chiang Mai One,EMP205,Finn,Cash,CANCELLED
ORD202401023,2024-12-15,2024-12-17,2024-12-18,P005,Mocha,Coffee,M,94.35,2,0.0,188.7,115.72,72.98,C0263,Napat Thongchai,ST005,Hatyai Center,EMP205,Finn,QR PromptPay,DELIVERED
ORD202401024,2024-03-19,2024-03-20,2024-03-22,P204,Bagel,Bakery,-,40.25,2,14.38,66.12,51.96,14.16,C0123,Nicha Sukjai,ST003,Chiang Mai One,EMP203,Dan,Cash,DELIVERED
ORD202401025,2024-09-23,2024-09-24,2024-09-25,P203,Brownie,Bakery,-,48.93,2,0.0,97.86,52.8,45.06,C0018,Suda Sukjai,ST002,Silom Complex,EMP201,Ben,QR PromptPay,DELIVERED
ORD202401026,2025-02-20,2025-02-21,2025-02-24,P005,Mocha,Coffee,S,75.52,1,0.0,75.52,52.35,23.17,C0136,Thanakorn Sukjai,ST002,Silom Complex,EMP201,Ben,Mobile Wallet,DELIVERED
ORD202401027,2024-02-26,2024-02-26,2024-02-27,P004,Cappuccino,Coffee,M,89.73,1,6.41,83.32,52.45,30.87,C0141,Thanakorn Suwan,ST003,Chiang Mai One,EMP204,Eve,Credit Card,DELIVERED
ORD202401028,2024-07-19,2024-07-20,2024-07-21,P003,Latte,Coffee,M,87.79,1,2.71,85.08,65.16,19.92,C0194,Somchai Chantarangsu,ST001,Central Plaza,EMP205,Finn,Credit Card,DELIVERED
ORD202401029,2025-02-05,2025-02-05,2025-02-08,P201,Croissant,Bakery,-,42.98,1,0.0,42.98,27.49,15.49,C0035,Somchai Suwan,ST005,Hatyai Center,EMP203,Dan,Cash,DELIVERED
ORD202401030,2024-03-07,2024-03-07,2024-03-08,P203,Brownie,Bakery,-,53.09,2,0.0,106.18,69.51,36.67,C0182,Chanida Chantarangsu,ST006,Phuket Marina,EMP201,Ben,QR PromptPay,DELIVERED
ORD202401031,2025-05-01,2025-05-03,2025-05-05,P003,Latte,Coffee,S,68.2,1,10.85,57.35,50.87,6.48,C0291,Wipa Chantarangsu,ST002,Silom Complex,EMP205,Finn,Cash,DELIVERED
ORD202401032,2024-11-24,2024-11-24,2024-11-26,P002,Americano,Coffee,S,58.21,3,26.25,148.38,90.8,57.58,C0243,Anan Srikul,ST004,Khon Kaen Mall,EMP204,Eve,Credit Card,DELIVERED
ORD202401033,2024-11-10,2024-11-12,2024-11-13,P101,Green Tea,Tea,S,54.65,1,0.0,54.65,32.39,22.26,C0344,Kanya Yodkaew,ST006,Phuket Marina,EMP204,Eve,Mobile Wallet,DELIVERED
ORD202401034,2024-04-30,2024-04-30,,P101,Green Tea,Tea,S,50.03,1,4.1,45.93,27.7,18.23,C0425,Thida Prasert,ST002,Silom Complex,EMP205,Finn,Credit Card,SHIPPED
ORD202401035,2024-02-16,2024-02-18,2024-02-18,P004,Cappuccino,Coffee,S,76.01,1,10.04,65.97,44.74,21.23,C0073,Korn Chantarangsu,ST001,Central Plaza,EMP202,Cara,Cash,DELIVERED
ORD202401036,2024-11-03,2024-11-03,2024-11-04,P203,Brownie,Bakery,-,52.36,2,0.0,104.72,67.21,37.51,C0105,Thanakorn Sriwong,ST006,Phuket Marina,EMP200,Ann,Credit Card,DELIVERED
ORD202401037,2024-09-30,,,P204,Bagel,Bakery,-,39.36,1,3.23,36.13,26.35,9.78,C0038,Nicha Suwan,ST004,Khon Kaen Mall,EMP203,Dan,Cash,ORDERED
ORD202401038,2024-12-22,2024-12-24,2024-12-28,P204,Bagel,Bakery,-,38.38,3,0.0,115.14,80.65,34.49,C0281,Anan Sukjai,ST003,Chiang Mai One,EMP202,Cara,Cash,DELIVERED
ORD202401039,2024-05-24,2024-05-25,2024-05-26,P204,Bagel,Bakery,-,40.55,2,0.0,81.1,53.29,27.81,C0387,Somchai Sriwong,ST002,Silom Complex,EMP204,Eve,Cash,DELIVERED
ORD202401040,2024-04-24,,,P103,Thai Tea,Tea,S,52.78,2,3.27,0.0,0.0,-77.22,C0355,Anan Suwan,ST001,Central Plaza,EMP201,Ben,Mobile Wallet,CANCELLED
ORD202401041,2025-06-01,2025-06-03,2025-06-04,P101,Green Tea,Tea,L,72.82,1,0.0,72.82,46.01,26.81,C0415,Suda Sukjai,ST001,Central Plaza,EMP204,Eve,Mobile Wallet,DELIVERED
ORD202401042,2025-03-22,2025-03-23,2025-03-24,P202,Cheesecake,Bakery,-,81.73,2,0.0,163.46,114.77,48.69,C0082,Kanya Suwan,ST005,Hatyai Center,EMP202,Cara,Credit Card,DELIVERED
ORD202401043,2024-11-25,2024-11-27,2024-12-01,P003,Latte,Coffee,M,89.21,1,0.0,89.21,61.11,28.1,C0390,Thanakorn Chantarangsu,ST003,Chiang Mai One,EMP201,Ben,Credit Card,DELIVERED
ORD202401044,2024-12-22,2024-12-23,2024-12-25,P005,Mocha,Coffee,S,75.18,1,11.17,64.01,51.71,12.3,C0479,Kanya Prasert,ST006,Phuket Marina,EMP202,Cara,Cash,DELIVERED
ORD202401045,2024-07-01,2024-07-01,2024-07-05,P002,Americano,Coffee,L,79.03,1,5.15,73.88,57.54,16.34,C0041,Korn Suwan,ST003,Chiang Mai One,EMP203,Dan,Mobile Wallet,DELIVERED
ORD202401046,2025-01-29,2025-01-29,2025-02-01,P203,Brownie,Bakery,-,49.31,1,0.0,49.31,33.25,16.06,C0232,Preecha Suwan,ST005,Hatyai Center,EMP205,Finn,Cash,DELIVERED
ORD202401047,2024-11-03,2024-11-04,2024-11-06,P202,Cheesecake,Bakery,-,86.87,3,17.64,242.97,176.45,66.52,C0304,Napat Yodkaew,ST003,Chiang Mai One,EMP203,Dan,QR PromptPay,DELIVERED
ORD202401048,2024-07-27,2024-07-29,2024-08-01,P101,Green Tea,Tea,S,51.97,3,0.0,155.91,106.16,49.75,C0280,Thida Chantarangsu,ST001,Central Plaza,EMP200,Ann,Cash,DELIVERED
ORD202401049,2024-11-21,2024-11-22,2024-11-25,P202,Cheesecake,Bakery,-,86.68,3,0.0,260.04,137.77,122.27,C0197,Napat Yodkaew,ST001,Central Plaza,EMP204,Eve,Credit Card,DELIVERED
ORD202401050,2024-06-06,2024-06-06,2024-06-07,P103,Thai Tea,Tea,L,78.66,1,0.0,78.66,46.5,32.16,C0107,Thida Suwan,ST001,Central Plaza,EMP205,Finn,Mobile Wallet,DELIVERED
ORD202401051,2024-11-10,2024-11-10,2024-11-12,P004,Cappuccino,Coffee,S,68.34,2,0.0,136.68,71.62,65.06,C0388,Suda Bussaba,ST002,Silom Complex,EMP201,Ben,QR PromptPay,DELIVERED
ORD202401052,2024-11-22,2024-11-24,2024-11-25,P102,Black Tea,Tea,S,48.8,1,0.0,48.8,33.84,14.96,C0409,Somchai Boonmee,ST002,Silom Complex,EMP204,Eve,Cash,DELIVERED
ORD202401053,2024-11-02,2024-11-02,2024-11-05,P203,Brownie,Bakery,-,54.63,1,11.21,43.42,30.0,13.42,C0193,Somchai Boonmee,ST002,Silom Complex,EMP203,Dan,Credit Card,DELIVERED
ORD202401054,2025-06-11,2025-06-11,2025-06-13,P203,Brownie,Bakery,-,54.77,1,10.49,44.28,31.72,12.56,C0101,Napat Bussaba,ST006,Phuket Marina,EMP204,Eve,Cash,DELIVERED
ORD202401055,2024-01-03,2024-01-03,2024-01-05,P204,Bagel,Bakery,-,38.33,1,1.23,37.1,21.63,15.47,C0196,Preecha Boonmee,ST005,Hatyai Center,EMP201,Ben,Credit Card,DELIVERED
ORD202401056,2025-04-02,2025-04-03,2025-04-06,P101,Green Tea,Tea,S,53.48,1,0.0,53.48,31.97,21.51,C0153,Saran Boonmee,ST001,Central Plaza,EMP203,Dan,Cash,DELIVERED
ORD202401057,2025-05-07,2025-05-09,2025-05-11,P204,Bagel,Bakery,-,42.46,1,0.0,42.46,26.84,15.62,C0402,Anan Bussaba,ST001,Central Plaza,EMP201,Ben,Cash,DELIVERED
ORD202401058,2024-01-30,2024-01-31,2024-01-31,P001,Espresso,Coffee,M,77.16,1,10.19,66.97,40.0,26.97,C0154,Thanakorn Yodkaew,ST004,Khon Kaen Mall,EMP204,Eve,Cash,DELIVERED
ORD202401059,2024-05-12,,,P005,Mocha,Coffee,S,79.33,2,0.0,0.0,0.0,-94.46,C0291,Wipa Chantarangsu,ST002,Silom Complex,EMP201,Ben,Cash,CANCELLED
ORD202401060,2024-10-29,2024-10-31,2024-11-02,P002,Americano,Coffee,S,52.47,1,0.0,52.47,39.09,13.38,C0448,Preecha Prasert,ST006,Phuket Marina,EMP204,Eve,Credit Card,DELIVERED
ORD202401061,2024-10-12,2024-10-14,2024-10-18,P202,Cheesecake,Bakery,-,77.21,1,0.0,77.21,43.45,33.76,C0162,Saran Bussaba,ST004,Khon Kaen Mall,EMP203,Dan,Mobile Wallet,DELIVERED
ORD202401062,2024-05-04,2024-05-04,2024-05-04,P201,Croissant,Bakery,-,42.76,2,2.65,82.87,46.31,36.56,C0465,Kanya Yodkaew,ST002,Silom Complex,EMP202,Cara,Credit Card,DELIVERED
ORD202401063,2025-04-29,2025-04-30,,P101,Green Tea,Tea,S,53.04,1,0.0,53.04,35.27,17.77,C0171,Nicha Srikul,ST001,Central Plaza,EMP202,Cara,Credit Card,SHIPPED
ORD202401064,2024-03-25,2024-03-26,2024-03-28,P202,Cheesecake,Bakery,-,78.78,1,0.0,78.78,58.34,20.44,C0338,Nicha Sriwong,ST001,Central Plaza,EMP202,Cara,Mobile Wallet,DELIVERED
ORD202401065,2024-10-17,2024-10-18,2024-10-18,P103,Thai Tea,Tea,L,76.52,1,0.0,76.52,42.49,34.03,C0396,Wipa Suwan,ST005,Hatyai Center,EMP204,Eve,Credit Card,DELIVERED
ORD202401066,2025-05-30,2025-05-31,2025-06-02,P103,Thai Tea,Tea,L,77.57,1,0.0,77.57,41.51,36.06,C0418,Suda Sriwong,ST002,Silom Complex,EMP204,Eve,Mobile Wallet,DELIVERED
ORD202401067,2024-03-09,2024-03-11,2024-03-13,P202,Cheesecake,Bakery,-,76.15,1,1.18,74.97,45.25,29.72,C0211,Korn Prasert,ST004,Khon Kaen Mall,EMP203,Dan,Credit Card,DELIVERED
ORD202401068,2025-03-03,2025-03-03,2025-03-04,P103,Thai Tea,Tea,L,78.08,3,0.0,234.24,156.08,78.16,C0341,Preecha Boonmee,ST001,Central Plaza,EMP201,Ben,QR PromptPay,DELIVERED
ORD202401069,2024-09-03,,,P001,Espresso,Coffee,L,89.84,1,0.0,89.84,50.04,39.8,C0341,Preecha Boonmee,ST002,Silom Complex,EMP204,Eve,Credit Card,ORDERED
ORD202401070,2024-08-02,2024-08-04,,P103,Thai Tea,Tea,M,72.16,3,0.0,216.48,153.64,62.84,C0359,Anan Suwan,ST005,Hatyai Center,EMP203,Dan,Cash,SHIPPED
ORD202401071,2025-02-17,2025-02-19,,P002,Americano,Coffee,M,68.96,2,0.0,137.92,78.32,59.6,C0430,Nicha Chantarangsu,ST002,Silom Complex,EMP202,Cara,Credit Card,SHIPPED
ORD202401072,2024-09-27,2024-09-29,2024-09-29,P101,Green Tea,Tea,S,51.1,1,0.0,51.1,36.24,14.86,C0147,Korn Thongchai,ST004,Khon Kaen Mall,EMP205,Finn,Cash,DELIVERED
ORD202401073,2025-04-01,2025-04-02,2025-04-06,P102,Black Tea,Tea,L,71.53,1,4.2,67.33,35.95,31.38,C0299,Saran Sriwong,ST003,Chiang Mai One,EMP201,Ben,Cash,DELIVERED
ORD202401074,2025-06-19,2025-06-20,2025-06-22,P101,Green Tea,Tea,L,67.15,2,1.5,132.8,88.69,44.11,C0347,Korn Bussaba,ST001,Central Plaza,EMP202,Cara,QR PromptPay,DELIVERED
ORD202401075,2024-02-04,2024-02-05,2024-02-07,P003,Latte,Coffee,S,76.56,1,0.0,76.56,51.28,25.28,C0382,Korn Bussaba,ST004,Khon Kaen Mall,EMP204,Eve,Cash,DELIVERED
ORD202401076,2024-06-09,2024-06-10,2024-06-13,P001,Espresso,Coffee,M,72.53,3,0.0,217.59,121.3,96.29,C0182,Chanida Chantarangsu,ST005,Hatyai Center,EMP203,Dan,Mobile Wallet,DELIVERED
ORD202401077,2025-06-16,2025-06-18,2025-06-22,P001,Espresso,Coffee,L,91.84,1,0.0,91.84,52.6,39.24,C0085,Napat Sukjai,ST003,Chiang Mai One,EMP205,Finn,Credit Card,DELIVERED
ORD202401078,2025-05-26,2025-05-26,2025-05-26,P203,Brownie,Bakery,-,53.88,1,6.07,47.81,35.91,11.9,C0089,Preecha Boonmee,ST003,Chiang Mai One,EMP200,Ann,Cash,DELIVERED
ORD202401079,2025-03-14,2025-03-14,2025-03-15,P201,Croissant,Bakery,-,47.32,1,2.75,44.57,32.08,12.49,C0332,Somchai Srikul,ST006,Phuket Marina,EMP205,Finn,Mobile Wallet,DELIVERED
ORD202401080,2024-03-21,2024-03-22,2024-03-23,P001,Espresso,Coffee,L,89.44,2,38.1,140.78,121.82,18.96,C0192,Korn Srikul,ST004,Khon Kaen Mall,EMP205,Finn,QR PromptPay,DELIVERED
ORD202401081,2024-01-16,2024-01-18,2024-01-22,P102,Black Tea,Tea,M,62.41,2,0.0,124.82,85.34,39.48,C0384,Saran Suwan,ST005,Hatyai Center,EMP205,Finn,QR PromptPay,DELIVERED
ORD202401082,2024-09-03,2024-09-03,,P003,Latte,Coffee,S,74.31,2,0.0,148.62,109.78,38.84,C0121,Wipa Yodkaew,ST006,Phuket Marina,EMP200,Ann,Mobile Wallet,SHIPPED
ORD202401083,2024-09-02,2024-09-02,2024-09-04,P005,Mocha,Coffee,S,77.85,1,0.0,77.85,54.46,23.39,C0420,Somchai Bussaba,ST002,Silom Complex,EMP205,Finn,QR PromptPay,DELIVERED
ORD202401084,2024-04-17,2024-04-17,2024-04-19,P003,Latte,Coffee,L,103.65,2,0.0,207.3,104.78,102.52,C0463,Thanakorn Bussaba,ST006,Phuket Marina,EMP202,Cara,Mobile Wallet,DELIVERED
ORD202401085,2024-12-20,,,P002,Americano,Coffee,L,81.64,1,0.0,81.64,40.94,40.7,C0452,Chanida Chantarangsu,ST004,Khon Kaen Mall,EMP202,Cara,Mobile Wallet,ORDERED
ORD202401086,2025-05-18,2025-05-19,2025-05-20,P102,Black Tea,Tea,L,76.72,3,14.89,215.27,140.19,75.08,C0427,Korn Srikul,ST001,Central Plaza,EMP202,Cara,Credit Card,DELIVERED
ORD202401087,2024-08-07,2024-08-08,2024-08-10,P004,Cappuccino,Coffee,L,94.09,1,7.64,86.45,50.88,35.57,C0115,Saran Boonmee,ST002,Silom Complex,EMP200,Ann,QR PromptPay,DELIVERED
ORD202401088,2024-10-29,2024-10-30,2024-10-30,P003,Latte,Coffee,M,83.21,2,0.0,166.42,116.33,50.09,C0336,Korn Prasert,ST004,Khon Kaen Mall,EMP204,Eve,Credit Card,DELIVERED
ORD202401089,2025-01-19,2025-01-21,2025-01-21,P002,Americano,Coffee,L,83.36,1,0.0,83.36,49.48,33.88,C0200,Thanakorn Thongchai,ST002,Silom Complex,EMP202,Cara,QR PromptPay,DELIVERED
ORD202401090,2024-11-27,,,P201,Croissant,Bakery,-,49.38,3,0.0,0.0,0.0,-94.21,C0021,Chanida Sriwong,ST005,Hatyai Center,EMP205,Finn,Cash,CANCELLED
ORD202401091,2024-12-06,2024-12-08,2024-12-11,P204,Bagel,Bakery,-,39.04,1,0.0,39.04,27.2,11.84,C0352,Chanida Boonmee,ST003,Chiang Mai One,EMP204,Eve,Credit Card,DELIVERED
ORD202401092,2024-02-07,2024-02-07,2024-02-07,P004,Cappuccino,Coffee,S,75.06,3,0.0,225.18,152.87,72.31,C0009,Anan Boonmee,ST006,Phuket Marina,EMP203,Dan,QR PromptPay,DELIVERED
ORD202401093,2024-04-18,2024-04-20,2024-04-20,P202,Cheesecake,Bakery,-,78.57,1,0.0,78.57,41.95,36.62,C0109,Wipa Sukjai,ST006,Phuket Marina,EMP200,Ann,Credit Card,DELIVERED
ORD202401094,2024-06-23,2024-06-25,,P101,Green Tea,Tea,S,47.7,1,11.79,35.91,27.46,8.45,C0001,Wipa Sriwong,ST001,Central Plaza,EMP200,Ann,Cash,SHIPPED
ORD202401095,2025-06-05,2025-06-06,2025-06-10,P002,Americano,Coffee,M,66.4,1,0.0,66.4,46.18,20.22,C0320,Thida Bussaba,ST003,Chiang Mai One,EMP201,Ben,Mobile Wallet,DELIVERED
ORD202401096,2024-09-09,2024-09-11,2024-09-11,P204,Bagel,Bakery,-,43.08,1,0.0,43.08,24.66,18.42,C0497,Chanida Suwan,ST001,Central Plaza,EMP200,Ann,Mobile Wallet,DELIVERED
ORD202401097,2025-04-07,2025-04-09,2025-04-12,P101,Green Tea,Tea,S,54.9,1,0.0,54.9,30.15,24.75,C0274,Kanya Yodkaew,ST002,Silom Complex,EMP200,Ann,QR PromptPay,DELIVERED
ORD202401098,2024-12-31,,,P103,Thai Tea,Tea,L,79.09,1,0.0,0.0,0.0,-51.62,C0319,Thanakorn Srikul,ST001,Central Plaza,EMP202,Cara,QR PromptPay,CANCELLED
ORD202401099,2024-07-11,2024-07-11,2024-07-13,P003,Latte,Coffee,S,71.21,1,0.0,71.21,48.28,22.93,C0016,Kanya Srikul,ST006,Phuket Marina,EMP204,Eve,Mobile Wallet,DELIVERED
ORD202401100,2025-06-13,2025-06-13,2025-06-14,P005,Mocha,Coffee,L,108.36,2,30.47,186.25,111.32,74.93,C0332,Somchai Srikul,ST004,Khon Kaen Mall,EMP200,Ann,Cash,DELIVERED
ORD202401101,2024-07-07,2024-07-07,,P201,Croissant,Bakery,-,45.17,3,0.0,135.51,98.87,36.64,C0137,Wipa Bussaba,ST004,Khon Kaen Mall,EMP203,Dan,Cash,SHIPPED
ORD202401102,2025-02-17,2025-02-18,2025-02-21,P101,Green Tea,Tea,L,73.95,1,0.0,73.95,49.12,24.83,C0214,Suda Chantarangsu,ST001,Central Plaza,EMP204,Eve,Cash,DELIVERED
ORD202401103,2024-02-16,2024-02-17,2024-02-20,P102,Black Tea,Tea,S,52.89,1,1.75,51.14,38.77,12.37,C0053,Thida Sriwong,ST004,Khon Kaen Mall,EMP203,Dan,Cash,DELIVERED
ORD202401104,2024-11-09,2024-11-11,2024-11-11,P005,Mocha,Coffee,M,87.08,1,8.02,79.06,49.35,29.71,C0462,Kanya Boonmee,ST001,Central Plaza,EMP202,Cara,Credit Card,DELIVERED
ORD202401105,2025-06-21,2025-06-22,2025-06-25,P004,Cappuccino,Coffee,L,102.6,2,0.0,205.2,106.66,98.54,C0100,Napat Bussaba,ST004,Khon Kaen Mall,EMP200,Ann,Cash,DELIVERED
ORD202401106,2024-12-26,2024-12-28,2024-12-30,P204,Bagel,Bakery,-,40.74,2,0.0,81.48,50.46,31.02,C0120,Napat Prasert,ST003,Chiang Mai One,EMP201,Ben,QR PromptPay,DELIVERED
ORD202401107,2025-03-05,2025-03-05,2025-03-07,P103,Thai Tea,Tea,L,73.99,2,14.6,133.38,88.3,45.08,C0394,Somchai Prasert,ST005,Hatyai Center,EMP200,Ann,QR PromptPay,DELIVERED
ORD202401108,2024-06-19,2024-06-21,2024-06-22,P102,Black Tea,Tea,L,72.99,1,15.86,57.13,54.21,2.92,C0115,Saran Boonmee,ST006,Phuket Marina,EMP202,Cara,Credit Card,DELIVERED
ORD202401109,2024-01-21,2024-01-22,2024-01-23,P002,Americano,Coffee,L,73.7,2,0.0,147.4,107.98,39.42,C0122,Wipa Prasert,ST004,Khon Kaen Mall,EMP202,Cara,Cash,DELIVERED
ORD202401110,2024-08-22,2024-08-23,2024-08-24,P203,Brownie,Bakery,-,54.76,1,5.84,48.92,30.28,18.64,C0198,Preecha Chantarangsu,ST004,Khon Kaen Mall,EMP204,Eve,QR PromptPay,DELIVERED
ORD202401111,2024-07-31,2024-07-31,2024-07-31,P003,Latte,Coffee,M,88.09,1,0.0,88.09,58.19,29.9,C0137,Wipa Bussaba,ST006,Phuket Marina,EMP200,Ann,Mobile Wallet,DELIVERED
ORD202401112,2024-10-25,2024-10-27,2024-10-29,P203,Brownie,Bakery,-,54.26,1,11.91,42.35,27.87,14.48,C0400,Napat Suwan,ST002,Silom Complex,EMP204,Eve,QR PromptPay,DELIVERED
ORD202401113,2024-09-17,2024-09-18,,P101,Green Tea,Tea,M,60.06,2,3.91,116.21,61.17,55.04,C0217,Thida Boonmee,ST001,Central Plaza,EMP202,Cara,Mobile Wallet,SHIPPED
ORD202401114,2025-03-27,,,P201,Croissant,Bakery,-,46.63,3,0.0,139.89,83.39,56.5,C0410,Nicha Bussaba,ST003,Chiang Mai One,EMP204,Eve,Mobile Wallet,ORDERED
ORD202401115,2025-01-29,2025-01-31,2025-02-01,P001,Espresso,Coffee,S,59.49,2,0.0,118.98,73.74,45.24,C0283,Suda Srikul,ST006,Phuket Marina,EMP201,Ben,Mobile Wallet,DELIVERED
ORD202401116,2024-08-27,2024-08-29,2024-08-31,P204,Bagel,Bakery,-,39.11,2,3.31,74.91,54.43,20.48,C0052,Thida Sukjai,ST004,Khon Kaen Mall,EMP200,Ann,Credit Card,DELIVERED
ORD202401117,2024-06-11,,,P202,Cheesecake,Bakery,-,86.08,1,0.0,86.08,60.75,25.33,C0300,Nicha Prasert,ST004,Khon Kaen Mall,EMP200,Ann,Cash,ORDERED
ORD202401118,2024-08-10,2024-08-11,2024-08-14,P001,Espresso,Coffee,M,69.26,1,0.0,69.26,42.0,27.26,C0224,Napat Bussaba,ST001,Central Plaza,EMP202,Cara,Cash,DELIVERED
ORD202401119,2024-08-16,,,P005,Mocha,Coffee,S,81.88,1,2.44,79.44,57.1,22.34,C0251,Wipa Prasert,ST003,Chiang Mai One,EMP200,Ann,Credit Card,ORDERED
ORD202401120,2024-03-13,2024-03-13,2024-03-17,P203,Brownie,Bakery,-,47.76,1,3.11,44.65,24.05,20.6,C0084,Napat Boonmee,ST003,Chiang Mai One,EMP205,Finn,Credit Card,DELIVERED
ORD202401121,2024-11-25,2024-11-27,2024-12-01,P001,Espresso,Coffee,S,65.08,2,0.0,130.16,75.47,54.69,C0249,Wipa Thongchai,ST002,Silom Complex,EMP201,Ben,Credit Card,DELIVERED
ORD202401122,2025-03-17,2025-03-17,2025-03-20,P201,Croissant,Bakery,-,44.47,1,5.73,38.74,28.26,10.48,C0431,Korn Bussaba,ST003,Chiang Mai One,EMP200,Ann,Credit Card,DELIVERED
ORD202401123,2025-01-31,2025-01-31,2025-02-03,P101,Green Tea,Tea,M,62.3,2,23.83,100.77,85.27,15.5,C0326,Anan Prasert,ST001,Central Plaza,EMP204,Eve,QR PromptPay,DELIVERED
ORD202401124,2024-04-24,,,P204,Bagel,Bakery,-,43.01,2,18.87,67.15,52.93,14.22,C0020,Thanakorn Prasert,ST006,Phuket Marina,EMP201,Ben,Mobile Wallet,ORDERED
ORD202401125,2024-09-24,2024-09-24,2024-09-26,P101,Green Tea,Tea,L,68.58,1,8.51,60.07,47.13,12.94,C0034,Suda Thongchai,ST005,Hatyai Center,EMP200,Ann,QR PromptPay,DELIVERED
ORD202401126,2024-11-09,2024-11-10,2024-11-13,P004,Cappuccino,Coffee,S,72.79,1,0.0,72.79,51.54,21.25,C0263,Napat Thongchai,ST006,Phuket Marina,EMP203,Dan,QR PromptPay,DELIVERED
ORD202401127,2024-09-16,2024-09-17,,P002,Americano,Coffee,M,62.8,1,0.0,62.8,32.81,29.99,C0168,Kanya Chantarangsu,ST004,Khon Kaen Mall,EMP200,Ann,QR PromptPay,SHIPPED
ORD202401128,2025-04-25,2025-04-27,,P001,Espresso,Coffee,M,78.3,1,0.0,78.3,53.13,25.17,C0437,Wipa Boonmee,ST002,Silom Complex,EMP202,Cara,Cash,SHIPPED
ORD202401129,2024-11-21,2024-11-22,2024-11-24,P203,Brownie,Bakery,-,52.4,1,0.0,52.4,31.04,21.36,C0272,Chanida Boonmee,ST004,Khon Kaen Mall,EMP202,Cara,Mobile Wallet,DELIVERED
ORD202401130,2025-02-04,2025-02-06,2025-02-08,P201,Croissant,Bakery,-,44.87,1,0.0,44.87,29.2,15.67,C0471,Nicha Suwan,ST005,Hatyai Center,EMP205,Finn,Cash,DELIVERED
ORD202401131,2024-04-04,,,P103,Thai Tea,Tea,M,70.69,2,23.08,0.0,0.0,-87.73,C0387,Somchai Sriwong,ST002,Silom Complex,EMP203,Dan,QR PromptPay,CANCELLED
ORD202401132,2025-01-07,2025-01-07,,P202,Cheesecake,Bakery,-,86.87,2,0.0,173.74,87.02,86.72,C0251,Wipa Prasert,ST003,Chiang Mai One,EMP200,Ann,Cash,SHIPPED
ORD202401133,2024-11-22,2024-11-23,2024-11-24,P001,Espresso,Coffee,M,76.84,1,15.64,61.2,45.21,15.99,C0357,Preecha Sriwong,ST003,Chiang Mai One,EMP203,Dan,Credit Card,DELIVERED
ORD202401134,2024-09-19,2024-09-19,2024-09-23,P201,Croissant,Bakery,-,46.27,1,4.91,41.36,33.64,7.72,C0165,Wipa Yodkaew,ST004,Khon Kaen Mall,EMP205,Finn,QR PromptPay,DELIVERED
ORD202401135,2025-02-23,,,P001,Espresso,Coffee,S,61.95,1,12.24,0.0,0.0,-35.07,C0046,Kanya Chantarangsu,ST004,Khon Kaen Mall,EMP203,Dan,Mobile Wallet,CANCELLED
ORD202401136,2024-01-12,2024-01-12,2024-01-12,P002,Americano,Coffee,L,75.01,1,0.0,75.01,56.26,18.75,C0158,Thanakorn Prasert,ST003,Chiang Mai One,EMP200,Ann,QR PromptPay,DELIVERED
ORD202401137,2025-02-10,,,P202,Cheesecake,Bakery,-,86.79,2,21.8,0.0,0.0,-115.51,C0243,Anan Srikul,ST006,Phuket Marina,EMP200,Ann,Cash,CANCELLED
ORD202401138,2025-02-03,2025-02-04,2025-02-08,P101,Green Tea,Tea,M,61.51,1,6.82,54.69,38.94,15.75,C0298,Napat Chantarangsu,ST005,Hatyai Center,EMP201,Ben,QR PromptPay,DELIVERED
ORD202401139,2024-12-05,2024-12-05,2024-12-05,P101,Green Tea,Tea,S,53.86,2,0.0,107.72,70.1,37.62,C0154,Thanakorn Yodkaew,ST002,Silom Complex,EMP201,Ben,Credit Card,DELIVERED
ORD202401140,2025-01-26,2025-01-28,2025-01-29,P005,Mocha,Coffee,S,79.11,1,0.0,79.11,56.77,22.34,C0383,Napat Sriwong,ST002,Silom Complex,EMP205,Finn,QR PromptPay,DELIVERED
ORD202401141,2024-02-02,2024-02-02,,P203,Brownie,Bakery,-,47.65,3,0.0,142.95,87.99,54.96,C0253,Thanakorn Suwan,ST003,Chiang Mai One,EMP201,Ben,Mobile Wallet,SHIPPED
ORD202401142,2025-01-25,2025-01-26,,P201,Croissant,Bakery,-,44.3,1,0.0,44.3,30.69,13.61,C0305,Korn Chantarangsu,ST006,Phuket Marina,EMP202,Cara,Cash,SHIPPED
ORD202401143,2024-02-17,2024-02-19,2024-02-23,P204,Bagel,Bakery,-,38.67,2,0.0,77.34,39.55,37.79,C0275,Anan Prasert,ST004,Khon Kaen Mall,EMP200,Ann,Cash,DELIVERED
ORD202401144,2025-03-25,2025-03-25,2025-03-28,P101,Green Tea,Tea,S,51.31,1,3.44,47.87,37.8,10.07,C0242,Thanakorn Sriwong,ST003,Chiang Mai One,EMP205,Finn,Credit Card,DELIVERED
ORD202401145,2024-10-27,,,P101,Green Tea,Tea,L,76.75,1,10.21,66.54,39.42,27.12,C0438,Preecha Yodkaew,ST001,Central Plaza,EMP204,Eve,Credit Card,ORDERED
ORD202401146,2025-04-27,2025-04-28,,P004,Cappuccino,Coffee,S,66.58,1,0.0,66.58,38.26,28.32,C0279,Preecha Chantarangsu,ST002,Silom Complex,EMP205,Finn,Cash,SHIPPED
ORD202401147,2024-05-20,2024-05-22,2024-05-22,P203,Brownie,Bakery,-,54.4,2,8.75,100.05,77.64,22.41,C0115,Saran Boonmee,ST001,Central Plaza,EMP200,Ann,Credit Card,DELIVERED
ORD202401148,2025-06-19,,,P203,Brownie,Bakery,-,48.4,1,0.0,0.0,0.0,-27.78,C0294,Nicha Sukjai,ST001,Central Plaza,EMP204,Eve,Credit Card,CANCELLED
ORD202401149,2024-03-03,2024-03-04,2024-03-07,P002,Americano,Coffee,S,57.48,3,0.0,172.44,128.32,44.12,C0312,Chanida Suwan,ST003,Chiang Mai One,EMP201,Ben,Cash,DELIVERED
ORD202401150,2024-12-23,,,P203,Brownie,Bakery,-,50.19,1,12.31,0.0,0.0,-36.42,C0345,Kanya Sriwong,ST001,Central Plaza,EMP204,Eve,QR PromptPay,CANCELLED
ORD202401151,2025-05-06,2025-05-08,2025-05-12,P203,Brownie,Bakery,-,50.25,1,10.64,39.61,27.14,12.47,C0438,Preecha Yodkaew,ST003,Chiang Mai One,EMP203,Dan,QR PromptPay,DELIVERED
ORD202401152,2024-06-25,2024-06-26,2024-06-29,P101,Green Tea,Tea,S,48.59,1,0.0,48.59,31.8,16.79,C0057,Saran Suwan,ST001,Central Plaza,EMP205,Finn,QR PromptPay,DELIVERED
ORD202401153,2025-05-31,2025-06-02,2025-06-04,P004,Cappuccino,Coffee,S,75.12,3,0.0,225.36,147.4,77.96,C0427,Korn Srikul,ST003,Chiang Mai One,EMP202,Cara,Credit Card,DELIVERED
ORD202401154,2024-02-25,2024-02-27,2024-02-29,P202,Cheesecake,Bakery,-,80.85,2,0.0,161.7,121.2,40.5,C0342,Korn Bussaba,ST005,Hatyai Center,EMP204,Eve,Mobile Wallet,DELIVERED
ORD202401155,2024-03-17,2024-03-17,2024-03-20,P004,Cappuccino,Coffee,L,106.29,2,0.0,212.58,147.67,64.91,C0252,Korn Chantarangsu,ST004,Khon Kaen Mall,EMP203,Dan,Credit Card,DELIVERED
ORD202401156,2024-07-27,2024-07-28,2024-08-01,P001,Espresso,Coffee,L,89.48,3,0.0,268.44,179.04,89.4,C0203,Anan Yodkaew,ST004,Khon Kaen Mall,EMP205,Finn,QR PromptPay,DELIVERED
ORD202401157,2025-06-01,2025-06-03,2025-06-04,P002,Americano,Coffee,L,76.54,2,0.0,153.08,104.33,48.75,C0486,Thanakorn Suwan,ST002,Silom Complex,EMP200,Ann,Mobile Wallet,DELIVERED
ORD202401158,2024-04-01,2024-04-03,2024-04-07,P204,Bagel,Bakery,-,38.64,2,8.06,69.22,39.71,29.51,C0305,Korn Chantarangsu,ST005,Hatyai Center,EMP204,Eve,QR PromptPay,DELIVERED
ORD202401159,2025-05-27,2025-05-29,2025-05-30,P202,Cheesecake,Bakery,-,86.06,1,0.0,86.06,58.13,27.93,C0068,Thida Thongchai,ST004,Khon Kaen Mall,EMP200,Ann,Mobile Wallet,DELIVERED
ORD202401160,2024-10-28,2024-10-29,2024-10-29,P001,Espresso,Coffee,M,68.43,1,0.0,68.43,50.45,17.98,C0442,Kanya Boonmee,ST006,Phuket Marina,EMP203,Dan,Credit Card,DELIVERED
ORD202401161,2024-02-15,,,P003,Latte,Coffee,M,91.33,1,16.09,0.0,0.0,-61.52,C0130,Chanida Yodkaew,ST002,Silom Complex,EMP203,Dan,Credit Card,CANCELLED
ORD202401162,2025-04-04,2025-04-04,2025-04-08,P004,Cappuccino,Coffee,S,70.54,1,12.35,58.19,49.73,8.46,C0371,Thida Sriwong,ST001,Central Plaza,EMP201,Ben,QR PromptPay,DELIVERED
ORD202401163,2025-06-26,,,P003,Latte,Coffee,S,68.75,1,0.0,68.75,48.01,20.74,C0054,Thida Prasert,ST006,Phuket Marina,EMP202,Cara,QR PromptPay,ORDERED
ORD202401164,2025-05-08,2025-05-09,2025-05-11,P005,Mocha,Coffee,M,92.94,2,0.0,185.88,139.01,46.87,C0157,Wipa Srikul,ST005,Hatyai Center,EMP204,Eve,Cash,DELIVERED
ORD202401165,2024-08-18,2024-08-19,2024-08-21,P103,Thai Tea,Tea,L,78.36,1,0.0,78.36,46.39,31.97,C0111,Wipa Suwan,ST001,Central Plaza,EMP201,Ben,Cash,DELIVERED
ORD202401166,2024-07-09,2024-07-10,2024-07-11,P001,Espresso,Coffee,S,58.56,3,0.0,175.68,105.48,70.2,C0087,Thida Sriwong,ST005,Hatyai Center,EMP204,Eve,Credit Card,DELIVERED
ORD202401167,2024-07-27,2024-07-29,2024-07-31,P002,Americano,Coffee,S,60.2,1,0.0,60.2,44.74,15.46,C0275,Anan Prasert,ST006,Phuket Marina,EMP204,Eve,Cash,DELIVERED
ORD202401168,2024-07-02,2024-07-04,2024-07-06,P101,Green Tea,Tea,L,75.43,1,15.73,59.7,47.09,12.61,C0425,Thida Prasert,ST004,Khon Kaen Mall,EMP203,Dan,QR PromptPay,DELIVERED
ORD202401169,2025-06-05,2025-06-05,,P003,Latte,Coffee,S,66.83,1,0.0,66.83,40.24,26.59,C0109,Wipa Sukjai,ST006,Phuket Marina,EMP204,Eve,QR PromptPay,SHIPPED
ORD202401170,2024-06-22,2024-06-24,2024-06-24,P001,Espresso,Coffee,M,74.71,1,0.0,74.71,39.44,35.27,C0157,Wipa Srikul,ST001,Central Plaza,EMP201,Ben,Mobile Wallet,DELIVERED
ORD202401171,2024-10-28,2024-10-28,2024-10-28,P203,Brownie,Bakery,-,51.46,3,0.0,154.38,93.69,60.69,C0129,Nicha Boonmee,ST003,Chiang Mai One,EMP205,Finn,Mobile Wallet,DELIVERED
ORD202401172,2024-07-22,2024-07-24,2024-07-26,P003,Latte,Coffee,M,85.63,2,0.0,171.26,104.25,67.01,C0147,Korn Thongchai,ST002,Silom Complex,EMP204,Eve,QR PromptPay,DELIVERED
ORD202401173,2024-05-29,2024-05-30,2024-06-01,P203,Brownie,Bakery,-,49.27,1,6.65,42.62,34.87,7.75,C0235,Chanida Bussaba,ST001,Central Plaza,EMP204,Eve,Credit Card,DELIVERED
ORD202401174,2025-04-16,2025-04-18,2025-04-18,P001,Espresso,Coffee,L,82.27,1,8.21,74.06,58.75,15.31,C0197,Napat Yodkaew,ST001,Central Plaza,EMP200,Ann,Credit Card,DELIVERED
ORD202401175,2024-11-23,2024-11-24,2024-11-25,P204,Bagel,Bakery,-,39.6,3,19.45,99.35,72.41,26.94,C0145,Saran Suwan,ST006,Phuket Marina,EMP200,Ann,Credit Card,DELIVERED
ORD202401176,2024-08-04,,,P203,Brownie,Bakery,-,53.67,1,0.0,53.67,32.74,20.93,C0246,Korn Chantarangsu,ST003,Chiang Mai One,EMP204,Eve,Mobile Wallet,ORDERED
ORD202401177,2024-10-04,2024-10-04,2024-10-07,P102,Black Tea,Tea,L,71.13,1,0.0,71.13,50.08,21.05,C0286,Korn Suwan,ST002,Silom Complex,EMP205,Finn,Cash,DELIVERED
ORD202401178,2024-10-22,2024-10-23,2024-10-27,P102,Black Tea,Tea,M,62.25,1,0.0,62.25,35.6,26.65,C0377,Wipa Bussaba,ST002,Silom Complex,EMP200,Ann,QR PromptPay,DELIVERED
ORD202401179,2025-05-07,2025-05-08,2025-05-08,P004,Cappuccino,Coffee,L,97.03,1,0.0,97.03,58.81,38.22,C0443,Thida Sriwong,ST003,Chiang Mai One,EMP202,Cara,Credit Card,DELIVERED
ORD202401180,2024-07-08,2024-07-10,2024-07-11,P101,Green Tea,Tea,S,47.71,1,0.0,47.71,28.05,19.66,C0206,Chanida Srikul,ST001,Central Plaza,EMP202,Cara,Cash,DELIVERED
ORD202401181,2024-12-12,2024-12-14,2024-12-17,P001,Espresso,Coffee,S,59.53,1,10.83,48.7,35.38,13.32,C0445,Somchai Srikul,ST005,Hatyai Center,EMP200,Ann,Cash,DELIVERED
ORD202401182,2024-02-20,2024-02-21,2024-02-22,P003,Latte,Coffee,M,80.46,1,19.16,61.3,53.99,7.31,C0317,Kanya Thongchai,ST006,Phuket Marina,EMP203,Dan,Mobile Wallet,DELIVERED
ORD202401183,2024-04-20,2024-04-21,2024-04-23,P005,Mocha,Coffee,S,81.08,2,0.0,162.16,112.03,50.13,C0218,Kanya Boonmee,ST005,Hatyai Center,EMP205,Finn,Credit Card,DELIVERED
ORD202401184,2024-07-25,2024-07-27,2024-07-29,P004,Cappuccino,Coffee,L,96.38,1,0.0,96.38,64.89,31.49,C0313,Saran Srikul,ST003,Chiang Mai One,EMP201,Ben,Credit Card,DELIVERED
ORD202401185,2025-01-24,2025-01-26,2025-01-29,P003,Latte,Coffee,M,82.81,1,0.0,82.81,45.07,37.74,C0492,Saran Prasert,ST003,Chiang Mai One,EMP202,Cara,QR PromptPay,DELIVERED
ORD202401186,2024-05-12,2024-05-14,2024-05-14,P101,Green Tea,Tea,M,63.62,1,0.0,63.62,37.85,25.77,C0007,Preecha Sriwong,ST004,Khon Kaen Mall,EMP204,Eve,QR PromptPay,DELIVERED
ORD202401187,2024-07-12,2024-07-13,2024-07-16,P002,Americano,Coffee,L,82.44,3,0.0,247.32,137.44,109.88,C0089,Preecha Boonmee,ST005,Hatyai Center,EMP201,Ben,Cash,DELIVERED
ORD202401188,2025-05-31,2025-06-01,2025-06-02,P103,Thai Tea,Tea,M,66.06,1,2.2,63.86,42.75,21.11,C0154,Thanakorn Yodkaew,ST002,Silom Complex,EMP205,Finn,Mobile Wallet,DELIVERED
ORD202401189,2024-06-22,2024-06-24,2024-06-26,P004,Cappuccino,Coffee,S,72.32,1,0.0,72.32,48.08,24.24,C0177,Thanakorn Suwan,ST005,Hatyai Center,EMP200,Ann,Cash,DELIVERED
ORD202401190,2024-11-11,2024-11-13,,P102,Black Tea,Tea,S,52.36,2,6.63,98.09,78.22,19.87,C0165,Wipa Yodkaew,ST002,Silom Complex,EMP200,Ann,QR PromptPay,SHIPPED
ORD202401191,2024-03-27,2024-03-29,2024-03-30,P003,Latte,Coffee,S,68.04,2,0.0,136.08,74.36,61.72,C0355,Anan Suwan,ST002,Silom Complex,EMP204,Eve,Mobile Wallet,DELIVERED
ORD202401192,2024-05-19,2024-05-19,2024-05-20,P003,Latte,Coffee,L,103.29,1,0.0,103.29,60.36,42.93,C0248,Thanakorn Suwan,ST004,Khon Kaen Mall,EMP202,Cara,QR PromptPay,DELIVERED
ORD202401193,2025-01-25,2025-01-25,2025-01-28,P004,Cappuccino,Coffee,S,69.94,2,0.0,139.88,79.34,60.54,C0147,Korn Thongchai,ST006,Phuket Marina,EMP200,Ann,Mobile Wallet,DELIVERED
ORD202401194,2024-09-04,2024-09-04,2024-09-05,P005,Mocha,Coffee,L,104.11,1,0.0,104.11,59.51,44.6,C0089,Preecha Boonmee,ST004,Khon Kaen Mall,EMP200,Ann,Credit Card,DELIVERED
ORD202401195,2024-01-23,2024-01-23,2024-01-24,P202,Cheesecake,Bakery,-,86.08,1,0.0,86.08,53.44,32.64,C0493,Saran Prasert,ST005,Hatyai Center,EMP201,Ben,Cash,DELIVERED
ORD202401196,2025-02-14,,,P002,Americano,Coffee,S,54.25,1,0.0,0.0,0.0,-37.18,C0444,Somchai Boonmee,ST006,Phuket Marina,EMP202,Cara,QR PromptPay,CANCELLED
ORD202401197,2025-02-13,,,P101,Green Tea,Tea,S,48.45,2,0.0,0.0,0.0,-66.53,C0230,Thida Boonmee,ST005,Hatyai Center,EMP205,Finn,Mobile Wallet,CANCELLED
ORD202401198,2025-04-13,,,P101,Green Tea,Tea,L,68.43,1,0.0,0.0,0.0,-46.09,C0416,Thanakorn Srikul,ST002,Silom Complex,EMP204,Eve,QR PromptPay,CANCELLED
ORD202401199,2024-01-20,2024-01-21,2024-01-21,P004,Cappuccino,Coffee,M,83.09,1,11.26,71.83,44.11,27.72,C0213,Kanya Boonmee,ST004,Khon Kaen Mall,EMP201,Ben,Credit Card,DELIVERED
ORD202401200,2025-02-06,,,P004,Cappuccino,Coffee,M,91.75,3,2.02,0.0,0.0,-160.29,C0090,Suda Yodkaew,ST001,Central Plaza,EMP204,Eve,QR PromptPay,CANCELLED
ORD202401201,2024-09-14,2024-09-15,2024-09-17,P003,Latte,Coffee,L,98.39,2,10.79,185.99,133.13,52.86,C0146,Thida Srikul,ST003,Chiang Mai One,EMP203,Dan,Cash,DELIVERED
ORD202401202,2024-09-10,,,P102,Black Tea,Tea,L,67.58,3,19.44,0.0,0.0,-134.61,C0375,Napat Boonmee,ST006,Phuket Marina,EMP204,Eve,Credit Card,CANCELLED
ORD202401203,2025-03-10,2025-03-12,2025-03-14,P101,Green Tea,Tea,S,54.69,2,9.82,99.56,71.74,27.82,C0410,Nicha Bussaba,ST002,Silom Complex,EMP203,Dan,Credit Card,DELIVERED
ORD202401204,2024-01-11,2024-01-12,2024-01-16,P003,Latte,Coffee,S,68.47,3,0.0,205.41,145.27,60.14,C0404,Saran Boonmee,ST003,Chiang Mai One,EMP204,Eve,QR PromptPay,DELIVERED
ORD202401205,2025-05-17,2025-05-19,2025-05-22,P003,Latte,Coffee,S,67.98,3,0.0,203.94,146.5,57.44,C0012,Chanida Bussaba,ST004,Khon Kaen Mall,EMP203,Dan,Credit Card,DELIVERED
ORD202401206,2024-11-08,2024-11-09,2024-11-13,P203,Brownie,Bakery,-,47.88,3,0.0,143.64,87.2,56.44,C0049,Thanakorn Prasert,ST005,Hatyai Center,EMP201,Ben,Cash,DELIVERED
ORD202401207,2024-06-04,2024-06-04,2024-06-05,P005,Mocha,Coffee,L,108.82,2,0.0,217.64,119.36,98.28,C0092,Anan Prasert,ST001,Central Plaza,EMP205,Finn,QR PromptPay,DELIVERED
ORD202401208,2025-03-10,2025-03-10,2025-03-10,P201,Croissant,Bakery,-,47.43,1,6.61,40.82,24.55,16.27,C0435,Kanya Sukjai,ST006,Phuket Marina,EMP205,Finn,Cash,DELIVERED
ORD202401209,2025-06-15,2025-06-15,2025-06-15,P005,Mocha,Coffee,L,103.13,1,5.54,97.59,67.62,29.97,C0429,Thanakorn Sukjai,ST003,Chiang Mai One,EMP202,Cara,QR PromptPay,DELIVERED
ORD202401210,2025-02-06,2025-02-08,2025-02-12,P101,Green Tea,Tea,M,61.62,2,0.0,123.24,69.35,53.89,C0478,Thida Prasert,ST002,Silom Complex,EMP200,Ann,Credit Card,DELIVERED
ORD202401211,2024-06-03,,,P003,Latte,Coffee,M,91.19,1,0.0,0.0,0.0,-59.59,C0133,Korn Yodkaew,ST004,Khon Kaen Mall,EMP200,Ann,Cash,CANCELLED
ORD202401212,2024-08-20,,,P202,Cheesecake,Bakery,-,86.05,3,0.0,258.15,152.31,105.84,C0308,Nicha Prasert,ST005,Hatyai Center,EMP203,Dan,Mobile Wallet,ORDERED
ORD202401213,2025-05-03,2025-05-05,,P102,Black Tea,Tea,L,76.38,1,4.95,71.43,51.39,20.04,C0409,Somchai Boonmee,ST005,Hatyai Center,EMP203,Dan,Credit Card,SHIPPED
ORD202401214,2024-10-05,,,P002,Americano,Coffee,S,58.97,2,0.0,0.0,0.0,-61.54,C0305,Korn Chantarangsu,ST005,Hatyai Center,EMP205,Finn,QR PromptPay,CANCELLED
ORD202401215,2024-03-22,2024-03-24,2024-03-28,P103,Thai Tea,Tea,L,80.51,1,0.0,80.51,40.54,39.97,C0165,Wipa Yodkaew,ST005,Hatyai Center,EMP203,Dan,Credit Card,DELIVERED
ORD202401216,2025-06-07,2025-06-07,2025-06-11,P203,Brownie,Bakery,-,53.79,1,0.0,53.79,32.87,20.92,C0072,Thanakorn Suwan,ST006,Phuket Marina,EMP202,Cara,Credit Card,DELIVERED
ORD202401217,2025-06-15,2025-06-16,2025-06-20,P005,Mocha,Coffee,S,81.68,1,0.0,81.68,44.96,36.72,C0243,Anan Srikul,ST003,Chiang Mai One,EMP202,Cara,Mobile Wallet,DELIVERED
ORD202401218,2025-04-13,,,P003,Latte,Coffee,M,88.19,1,0.0,88.19,64.91,23.28,C0080,Anan Sriwong,ST002,Silom Complex,EMP200,Ann,Mobile Wallet,ORDERED
ORD202401219,2024-01-31,2024-02-01,,P203,Brownie,Bakery,-,53.98,1,1.83,52.15,33.46,18.69,C0164,Thanakorn Sukjai,ST006,Phuket Marina,EMP200,Ann,QR PromptPay,SHIPPED
ORD202401220,2024-08-06,2024-08-06,2024-08-06,P101,Green Tea,Tea,M,62.03,3,0.0,186.09,105.98,80.11,C0102,Anan Prasert,ST003,Chiang Mai One,EMP205,Finn,Mobile Wallet,DELIVERED
ORD202401221,2024-03-21,2024-03-22,2024-03-24,P003,Latte,Coffee,L,101.12,2,0.0,202.24,143.59,58.65,C0216,Wipa Sriwong,ST006,Phuket Marina,EMP204,Eve,QR PromptPay,DELIVERED
ORD202401222,2024-11-16,2024-11-16,2024-11-16,P101,Green Tea,Tea,L,73.61,2,0.0,147.22,73.69,73.53,C0104,Preecha Bussaba,ST004,Khon Kaen Mall,EMP203,Dan,Mobile Wallet,DELIVERED
ORD202401223,2024-11-12,2024-11-12,2024-11-12,P004,Cappuccino,Coffee,M,83.97,2,0.0,167.94,92.17,75.77,C0067,Wipa Yodkaew,ST005,Hatyai Center,EMP200,Ann,Credit Card,DELIVERED
ORD202401224,2025-05-04,2025-05-06,2025-05-10,P004,Cappuccino,Coffee,L,96.7,1,0.0,96.7,57.71,38.99,C0089,Preecha Boonmee,ST004,Khon Kaen Mall,EMP205,Finn,Mobile Wallet,DELIVERED
ORD202401225,2025-03-13,,,P001,Espresso,Coffee,M,74.78,2,0.0,0.0,0.0,-95.89,C0463,Thanakorn Bussaba,ST004,Khon Kaen Mall,EMP205,Finn,Credit Card,CANCELLED
ORD202401226,2025-05-28,2025-05-28,2025-05-30,P204,Bagel,Bakery,-,43.2,1,0.0,43.2,26.91,16.29,C0494,Nicha Thongchai,ST003,Chiang Mai One,EMP204,Eve,Credit Card,DELIVERED
ORD202401227,2024-08-18,2024-08-20,,P103,Thai Tea,Tea,M,66.77,1,0.0,66.77,41.03,25.74,C0480,Korn Suwan,ST001,Central Plaza,EMP203,Dan,Credit Card,SHIPPED
ORD202401228,2025-06-17,2025-06-18,2025-06-21,P001,Espresso,Coffee,L,88.81,1,0.0,88.81,59.77,29.04,C0226,Korn Bussaba,ST005,Hatyai Center,EMP201,Ben,Cash,DELIVERED
ORD202401229,2025-01-18,2025-01-19,2025-01-20,P102,Black Tea,Tea,S,54.32,2,0.0,108.64,70.31,38.33,C0485,Suda Sukjai,ST003,Chiang Mai One,EMP204,Eve,QR PromptPay,DELIVERED
ORD202401230,2025-04-26,2025-04-27,2025-04-30,P103,Thai Tea,Tea,M,69.73,1,0.0,69.73,38.93,30.8,C0018,Suda Sukjai,ST004,Khon Kaen Mall,EMP201,Ben,QR PromptPay,DELIVERED
ORD202401231,2024-03-26,2024-03-26,2024-03-28,P103,Thai Tea,Tea,L,84.0,1,8.67,75.33,44.64,30.69,C0470,Anan Yodkaew,ST004,Khon Kaen Mall,EMP201,Ben,Credit Card,DELIVERED
ORD202401232,2024-05-03,2024-05-05,2024-05-05,P001,Espresso,Coffee,S,61.8,3,0.0,185.4,138.34,47.06,C0442,Kanya Boonmee,ST006,Phuket Marina,EMP203,Dan,Credit Card,DELIVERED
ORD202401233,2025-06-18,2025-06-18,2025-06-18,P202,Cheesecake,Bakery,-,78.91,1,0.0,78.91,43.61,35.3,C0073,Korn Chantarangsu,ST001,Central Plaza,EMP202,Cara,Credit Card,DELIVERED
ORD202401234,2024-03-09,2024-03-10,,P103,Thai Tea,Tea,L,79.82,2,0.0,159.64,117.32,42.32,C0457,Napat Bussaba,ST006,Phuket Marina,EMP204,Eve,Cash,SHIPPED
ORD202401235,2025-04-22,,,P003,Latte,Coffee,S,67.57,1,1.1,0.0,0.0,-38.25,C0347,Korn Bussaba,ST005,Hatyai Center,EMP202,Cara,QR PromptPay,CANCELLED
ORD202401236,2024-05-02,2024-05-04,,P203,Brownie,Bakery,-,53.94,3,21.4,140.42,99.2,41.22,C0167,Napat Chantarangsu,ST004,Khon Kaen Mall,EMP205,Finn,Credit Card,SHIPPED
ORD202401237,2025-02-12,,,P202,Cheesecake,Bakery,-,78.16,1,0.0,0.0,0.0,-52.74,C0092,Anan Prasert,ST004,Khon Kaen Mall,EMP201,Ben,Mobile Wallet,CANCELLED
ORD202401238,2025-04-03,2025-04-04,2025-04-05,P001,Espresso,Coffee,S,59.34,3,0.0,178.02,115.81,62.21,C0041,Korn Suwan,ST005,Hatyai Center,EMP205,Finn,Mobile Wallet,DELIVERED
ORD202401239,2025-02-01,2025-02-01,2025-02-02,P003,Latte,Coffee,M,91.73,1,21.5,70.23,59.22,11.01,C0485,Suda Sukjai,ST006,Phuket Marina,EMP202,Cara,Mobile Wallet,DELIVERED
ORD202401240,2024-07-24,2024-07-26,,P003,Latte,Coffee,M,88.94,1,0.0,88.94,60.27,28.67,C0044,Wipa Thongchai,ST004,Khon Kaen Mall,EMP200,Ann,QR PromptPay,SHIPPED
ORD202401241,2024-04-26,2024-04-27,2024-05-01,P201,Croissant,Bakery,-,45.15,3,0.0,135.45,91.38,44.07,C0212,Preecha Yodkaew,ST001,Central Plaza,EMP201,Ben,Cash,DELIVERED
ORD202401242,2025-03-17,2025-03-17,2025-03-18,P101,Green Tea,Tea,S,54.27,2,0.0,108.54,76.64,31.9,C0327,Chanida Chantarangsu,ST001,Central Plaza,EMP202,Cara,Mobile Wallet,DELIVERED
ORD202401243,2024-03-30,2024-03-30,2024-03-31,P004,Cappuccino,Coffee,L,93.75,1,0.0,93.75,54.46,39.29,C0415,Suda Sukjai,ST006,Phuket Marina,EMP205,Finn,Credit Card,DELIVERED
ORD202401244,2025-05-18,2025-05-18,,P004,Cappuccino,Coffee,S,70.05,1,0.0,70.05,45.24,24.81,C0324,Kanya Yodkaew,ST001,Central Plaza,EMP200,Ann,Cash,SHIPPED
ORD202401245,2024-02-20,2024-02-21,2024-02-25,P101,Green Tea,Tea,M,64.44,3,0.0,193.32,121.82,71.5,C0094,Chanida Thongchai,ST006,Phuket Marina,EMP202,Cara,Credit Card,DELIVERED
ORD202401246,2025-06-15,2025-06-15,,P103,Thai Tea,Tea,S,57.4,1,0.0,57.4,31.78,25.62,C0217,Thida Boonmee,ST004,Khon Kaen Mall,EMP203,Dan,Mobile Wallet,SHIPPED
ORD202401247,2024-06-16,2024-06-16,2024-06-18,P002,Americano,Coffee,M,66.58,1,0.0,66.58,37.16,29.42,C0031,Suda Sriwong,ST003,Chiang Mai One,EMP203,Dan,Mobile Wallet,DELIVERED
ORD202401248,2024-03-28,2024-03-29,2024-04-01,P004,Cappuccino,Coffee,M,88.47,2,0.0,176.94,97.42,79.52,C0422,Suda Sukjai,ST005,Hatyai Center,EMP202,Cara,QR PromptPay,DELIVERED
ORD202401249,2025-06-12,2025-06-14,2025-06-15,P201,Croissant,Bakery,-,46.75,2,0.0,93.5,48.52,44.98,C0192,Korn Srikul,ST002,Silom Complex,EMP205,Finn,QR PromptPay,DELIVERED
ORD202401250,2025-06-08,2025-06-10,2025-06-11,P004,Cappuccino,Coffee,S,72.16,2,0.0,144.32,81.35,62.97,C0455,Napat Sukjai,ST004,Khon Kaen Mall,EMP203,Dan,QR PromptPay,DELIVERED
ORD202401251,2024-12-30,2024-12-31,2025-01-02,P201,Croissant,Bakery,-,45.44,1,0.0,45.44,26.97,18.47,C0461,Suda Yodkaew,ST003,Chiang Mai One,EMP205,Finn,Cash,DELIVERED
ORD202401252,2024-12-09,2024-12-11,2024-12-11,P102,Black Tea,Tea,S,52.51,2,0.0,105.02,55.5,49.52,C0466,Anan Prasert,ST004,Khon Kaen Mall,EMP201,Ben,QR PromptPay,DELIVERED
ORD202401253,2024-06-27,2024-06-27,2024-07-01,P003,Latte,Coffee,S,73.06,1,8.18,64.88,40.23,24.65,C0241,Thanakorn Chantarangsu,ST006,Phuket Marina,EMP201,Ben,QR PromptPay,DELIVERED
ORD202401254,2025-01-01,2025-01-02,2025-01-03,P203,Brownie,Bakery,-,51.95,1,4.81,47.14,31.14,16.0,C0158,Thanakorn Prasert,ST001,Central Plaza,EMP202,Cara,Cash,DELIVERED
ORD202401255,2025-03-30,2025-03-31,,P201,Croissant,Bakery,-,45.64,3,0.0,136.92,91.32,45.6,C0131,Thida Boonmee,ST003,Chiang Mai One,EMP204,Eve,Credit Card,SHIPPED
ORD202401256,2025-04-10,2025-04-12,2025-04-13,P001,Espresso,Coffee,M,69.08,2,0.0,138.16,83.39,54.77,C0067,Wipa Yodkaew,ST006,Phuket Marina,EMP202,Cara,QR PromptPay,DELIVERED
ORD202401257,2024-06-28,,,P001,Espresso,Coffee,L,89.67,1,0.0,89.67,50.84,38.83,C0470,Anan Yodkaew,ST002,Silom Complex,EMP202,Cara,Mobile Wallet,ORDERED
ORD202401258,2024-03-29,2024-03-30,,P204,Bagel,Bakery,-,42.19,1,0.0,42.19,28.01,14.18,C0432,Wipa Sriwong,ST006,Phuket Marina,EMP205,Finn,QR PromptPay,SHIPPED
ORD202401259,2024-01-05,2024-01-05,2024-01-06,P102,Black Tea,Tea,S,54.43,1,0.0,54.43,39.38,15.05,C0187,Kanya Thongchai,ST006,Phuket Marina,EMP201,Ben,Credit Card,DELIVERED
ORD202401260,2024-01-18,2024-01-20,2024-01-21,P005,Mocha,Coffee,M,94.52,1,0.0,94.52,48.66,45.86,C0248,Thanakorn Suwan,ST004,Khon Kaen Mall,EMP202,Cara,QR PromptPay,DELIVERED
ORD202401261,2024-09-29,,,P204,Bagel,Bakery,-,43.66,1,1.69,0.0,0.0,-22.63,C0091,Korn Boonmee,ST003,Chiang Mai One,EMP205,Finn,QR PromptPay,CANCELLED
ORD202401262,2024-02-07,2024-02-09,,P202,Cheesecake,Bakery,-,80.74,1,14.75,65.99,57.19,8.8,C0236,Preecha Chantarangsu,ST001,Central Plaza,EMP203,Dan,Cash,SHIPPED
ORD202401263,2024-05-16,2024-05-16,2024-05-16,P204,Bagel,Bakery,-,42.6,2,0.0,85.2,54.69,30.51,C0239,Suda Sukjai,ST005,Hatyai Center,EMP201,Ben,Mobile Wallet,DELIVERED
ORD202401264,2025-05-28,2025-05-30,2025-05-30,P102,Black Tea,Tea,S,53.71,1,0.0,53.71,39.81,13.9,C0368,Chanida Prasert,ST002,Silom Complex,EMP202,Cara,Credit Card,DELIVERED
ORD202401265,2024-07-09,2024-07-11,2024-07-14,P204,Bagel,Bakery,-,42.39,2,0.0,84.78,45.72,39.06,C0486,Thanakorn Suwan,ST003,Chiang Mai One,EMP205,Finn,Credit Card,DELIVERED
ORD202401266,2024-07-21,2024-07-23,2024-07-24,P203,Brownie,Bakery,-,49.5,2,0.0,99.0,68.0,31.0,C0324,Kanya Yodkaew,ST004,Khon Kaen Mall,EMP201,Ben,Mobile Wallet,DELIVERED
ORD202401267,2024-11-19,,,P201,Croissant,Bakery,-,45.94,1,0.0,45.94,28.76,17.18,C0018,Suda Sukjai,ST005,Hatyai Center,EMP204,Eve,QR PromptPay,ORDERED
ORD202401268,2024-08-07,2024-08-09,,P004,Cappuccino,Coffee,L,95.56,1,0.0,95.56,56.13,39.43,C0328,Saran Yodkaew,ST006,Phuket Marina,EMP203,Dan,Cash,SHIPPED
ORD202401269,2024-09-03,2024-09-05,2024-09-09,P103,Thai Tea,Tea,M,72.1,2,0.0,144.2,72.41,71.79,C0437,Wipa Boonmee,ST001,Central Plaza,EMP205,Finn,Mobile Wallet,DELIVERED
ORD202401270,2024-03-21,2024-03-22,,P202,Cheesecake,Bakery,-,79.33,2,13.66,145.0,107.29,37.71,C0154,Thanakorn Yodkaew,ST004,Khon Kaen Mall,EMP200,Ann,Cash,SHIPPED
ORD202401271,2025-02-14,2025-02-14,2025-02-18,P203,Brownie,Bakery,-,50.98,2,17.63,84.33,67.99,16.34,C0014,Kanya Chantarangsu,ST002,Silom Complex,EMP201,Ben,Mobile Wallet,DELIVERED
ORD202401272,2024-06-21,2024-06-22,2024-06-26,P204,Bagel,Bakery,-,43.37,1,3.34,40.03,23.9,16.13,C0120,Napat Prasert,ST006,Phuket Marina,EMP203,Dan,Cash,DELIVERED
ORD202401273,2024-06-15,2024-06-17,2024-06-17,P003,Latte,Coffee,M,90.77,2,0.0,181.54,92.43,89.11,C0314,Napat Thongchai,ST003,Chiang Mai One,EMP201,Ben,Mobile Wallet,DELIVERED
ORD202401274,2025-04-18,2025-04-20,2025-04-22,P005,Mocha,Coffee,L,114.53,1,20.02,94.51,73.53,20.98,C0335,Suda Boonmee,ST005,Hatyai Center,EMP205,Finn,Credit Card,DELIVERED
ORD202401275,2024-12-15,2024-12-15,2024-12-19,P005,Mocha,Coffee,M,88.09,1,12.87,75.22,48.73,26.49,C0183,Wipa Yodkaew,ST006,Phuket Marina,EMP205,Finn,Mobile Wallet,DELIVERED
ORD202401276,2024-08-06,2024-08-07,2024-08-10,P103,Thai Tea,Tea,L,74.42,1,0.0,74.42,40.26,34.16,C0292,Wipa Sukjai,ST004,Khon Kaen Mall,EMP200,Ann,Cash,DELIVERED
ORD202401277,2025-03-30,,,P204,Bagel,Bakery,-,40.13,1,0.0,40.13,26.36,13.77,C0425,Thida Prasert,ST005,Hatyai Center,EMP201,Ben,Credit Card,ORDERED
ORD202401278,2024-01-28,2024-01-30,2024-01-30,P002,Americano,Coffee,S,52.44,1,0.0,52.44,37.79,14.65,C0063,Suda Yodkaew,ST005,Hatyai Center,EMP200,Ann,QR PromptPay,DELIVERED
ORD202401279,2025-03-10,2025-03-10,2025-03-10,P103,Thai Tea,Tea,S,56.59,2,0.0,113.18,59.86,53.32,C0067,Wipa Yodkaew,ST006,Phuket Marina,EMP204,Eve,Cash,DELIVERED
ORD202401280,2025-05-06,2025-05-08,2025-05-12,P003,Latte,Coffee,M,81.96,2,0.0,163.92,97.24,66.68,C0209,Korn Boonmee,ST005,Hatyai Center,EMP205,Finn,Credit Card,DELIVERED
ORD202401281,2025-02-17,2025-02-17,2025-02-18,P101,Green Tea,Tea,S,48.4,1,1.42,46.98,29.31,17.67,C0262,Chanida Chantarangsu,ST004,Khon Kaen Mall,EMP200,Ann,Mobile Wallet,DELIVERED
ORD202401282,2024-12-13,2024-12-14,2024-12-16,P005,Mocha,Coffee,M,90.97,1,0.0,90.97,61.93,29.04,C0483,Korn Yodkaew,ST004,Khon Kaen Mall,EMP203,Dan,Mobile Wallet,DELIVERED
ORD202401283,2024-09-28,2024-09-29,2024-09-29,P202,Cheesecake,Bakery,-,81.08,2,0.0,162.16,85.47,76.69,C0343,Chanida Chantarangsu,ST005,Hatyai Center,EMP202,Cara,Cash,DELIVERED
ORD202401284,2025-06-15,2025-06-15,2025-06-18,P005,Mocha,Coffee,S,75.59,1,0.0,75.59,45.91,29.68,C0396,Wipa Suwan,ST006,Phuket Marina,EMP201,Ben,Credit Card,DELIVERED
ORD202401285,2024-09-01,2024-09-02,2024-09-04,P202,Cheesecake,Bakery,-,81.22,1,0.0,81.22,41.85,39.37,C0220,Wipa Thongchai,ST003,Chiang Mai One,EMP200,Ann,Mobile Wallet,DELIVERED
ORD202401286,2025-06-20,2025-06-22,,P201,Croissant,Bakery,-,47.86,3,0.0,143.58,89.87,53.71,C0438,Preecha Yodkaew,ST001,Central Plaza,EMP205,Finn,QR PromptPay,SHIPPED
ORD202401287,2024-06-11,2024-06-11,2024-06-15,P204,Bagel,Bakery,-,43.01,2,0.0,86.02,60.76,25.26,C0399,Korn Suwan,ST003,Chiang Mai One,EMP200,Ann,Mobile Wallet,DELIVERED
ORD202401288,2024-07-14,2024-07-15,2024-07-16,P202,Cheesecake,Bakery,-,84.17,3,0.0,252.51,157.83,94.68,C0435,Kanya Sukjai,ST006,Phuket Marina,EMP202,Cara,Mobile Wallet,DELIVERED
ORD202401289,2024-04-08,,,P203,Brownie,Bakery,-,53.71,1,0.0,53.71,38.36,15.35,C0400,Napat Suwan,ST003,Chiang Mai One,EMP201,Ben,QR PromptPay,ORDERED
ORD202401290,2024-12-22,2024-12-24,2024-12-25,P001,Espresso,Coffee,S,59.52,1,0.0,59.52,39.52,20.0,C0085,Napat Sukjai,ST005,Hatyai Center,EMP203,Dan,Mobile Wallet,DELIVERED
ORD202401291,2024-04-06,,,P103,Thai Tea,Tea,M,70.52,1,17.0,0.0,0.0,-45.7,C0438,Preecha Yodkaew,ST003,Chiang Mai One,EMP203,Dan,Mobile Wallet,CANCELLED
ORD202401292,2024-12-21,2024-12-23,2024-12-24,P102,Black Tea,Tea,S,54.12,1,0.0,54.12,37.38,16.74,C0465,Kanya Yodkaew,ST005,Hatyai Center,EMP205,Finn,Credit Card,DELIVERED
ORD202401293,2024-01-05,2024-01-05,2024-01-09,P103,Thai Tea,Tea,L,83.98,2,32.09,135.87,96.9,38.97,C0081,Korn Prasert,ST001,Central Plaza,EMP200,Ann,Credit Card,DELIVERED
ORD202401294,2024-06-10,2024-06-10,2024-06-14,P204,Bagel,Bakery,-,38.13,3,0.0,114.39,76.64,37.75,C0177,Thanakorn Suwan,ST002,Silom Complex,EMP201,Ben,Mobile Wallet,DELIVERED
ORD202401295,2024-10-01,2024-10-01,2024-10-02,P103,Thai Tea,Tea,S,53.0,3,38.72,120.28,87.36,32.92,C0431,Korn Bussaba,ST006,Phuket Marina,EMP203,Dan,Credit Card,DELIVERED
ORD202401296,2024-09-16,2024-09-17,2024-09-18,P204,Bagel,Bakery,-,41.93,3,0.0,125.79,91.8,33.99,C0022,Preecha Thongchai,ST004,Khon Kaen Mall,EMP205,Finn,Mobile Wallet,DELIVERED
ORD202401297,2024-01-26,2024-01-27,2024-01-30,P204,Bagel,Bakery,-,41.92,2,0.0,83.84,50.09,33.75,C0068,Thida Thongchai,ST003,Chiang Mai One,EMP205,Finn,Cash,DELIVERED
ORD202401298,2025-03-08,2025-03-08,2025-03-09,P001,Espresso,Coffee,S,61.03,1,0.0,61.03,36.87,24.16,C0440,Saran Prasert,ST002,Silom Complex,EMP203,Dan,QR PromptPay,DELIVERED
ORD202401299,2025-03-16,,,P103,Thai Tea,Tea,M,70.56,1,0.0,0.0,0.0,-40.22,C0289,Korn Yodkaew,ST004,Khon Kaen Mall,EMP202,Cara,QR PromptPay,CANCELLED
ORD202401300,2024-07-24,2024-07-26,2024-07-28,P002,Americano,Coffee,M,64.43,2,0.0,128.86,82.17,46.69,C0298,Napat Chantarangsu,ST004,Khon Kaen Mall,EMP205,Finn,QR PromptPay,DELIVERED
ORD202401301,2024-07-04,2024-07-04,2024-07-08,P003,Latte,Coffee,L,94.03,3,0.0,282.09,191.03,91.06,C0134,Kanya Thongchai,ST001,Central Plaza,EMP205,Finn,Mobile Wallet,DELIVERED
ORD202401302,2024-01-07,2024-01-07,2024-01-07,P202,Cheesecake,Bakery,-,86.65,1,0.0,86.65,54.74,31.91,C0379,Preecha Thongchai,ST005,Hatyai Center,EMP202,Cara,Mobile Wallet,DELIVERED
ORD202401303,2025-04-26,2025-04-27,2025-04-28,P002,Americano,Coffee,L,73.22,1,14.23,58.99,39.57,19.42,C0099,Napat Boonmee,ST006,Phuket Marina,EMP200,Ann,QR PromptPay,DELIVERED
ORD202401304,2024-06-29,2024-06-29,2024-07-02,P102,Black Tea,Tea,M,62.12,1,14.7,47.42,44.42,3.0,C0292,Wipa Sukjai,ST003,Chiang Mai One,EMP202,Cara,Cash,DELIVERED
ORD202401305,2024-12-05,2024-12-07,,P005,Mocha,Coffee,M,98.46,1,0.0,98.46,63.07,35.39,C0306,Thida Suwan,ST005,Hatyai Center,EMP200,Ann,Credit Card,SHIPPED
ORD202401306,2024-02-27,2024-02-28,2024-03-01,P202,Cheesecake,Bakery,-,82.61,1,0.0,82.61,48.86,33.75,C0134,Kanya Thongchai,ST001,Central Plaza,EMP202,Cara,Credit Card,DELIVERED
ORD202401307,2025-03-31,2025-04-02,2025-04-03,P201,Croissant,Bakery,-,43.67,1,0.0,43.67,29.42,14.25,C0292,Wipa Sukjai,ST004,Khon Kaen Mall,EMP202,Cara,QR PromptPay,DELIVERED
ORD202401308,2024-01-21,2024-01-23,,P003,Latte,Coffee,M,87.89,1,20.48,67.41,60.19,7.22,C0334,Anan Chantarangsu,ST004,Khon Kaen Mall,EMP203,Dan,Cash,SHIPPED
ORD202401309,2024-11-08,2024-11-08,2024-11-12,P001,Espresso,Coffee,L,91.76,1,5.9,85.86,50.07,35.79,C0288,Somchai Thongchai,ST006,Phuket Marina,EMP204,Eve,Mobile Wallet,DELIVERED
ORD202401310,2025-05-09,2025-05-10,2025-05-13,P004,Cappuccino,Coffee,L,98.13,3,0.0,294.39,202.09,92.3,C0102,Anan Prasert,ST006,Phuket Marina,EMP201,Ben,QR PromptPay,DELIVERED
ORD202401311,2024-11-07,2024-11-09,2024-11-13,P001,Espresso,Coffee,M,74.97,2,0.0,149.94,104.93,45.01,C0195,Suda Boonmee,ST006,Phuket Marina,EMP202,Cara,QR PromptPay,DELIVERED
ORD202401312,2025-05-11,2025-05-13,2025-05-15,P003,Latte,Coffee,S,73.62,1,0.0,73.62,42.33,31.29,C0323,Thida Thongchai,ST005,Hatyai Center,EMP200,Ann,Cash,DELIVERED
ORD202401313,2025-01-02,2025-01-04,2025-01-08,P103,Thai Tea,Tea,S,59.4,1,6.17,53.23,35.16,18.07,C0098,Korn Sukjai,ST006,Phuket Marina,EMP204,Eve,Credit Card,DELIVERED
ORD202401314,2025-06-01,2025-06-03,2025-06-05,P203,Brownie,Bakery,-,53.46,2,0.0,106.92,78.68,28.24,C0200,Thanakorn Thongchai,ST005,Hatyai Center,EMP201,Ben,Cash,DELIVERED
ORD202401315,2024-01-05,2024-01-05,2024-01-05,P204,Bagel,Bakery,-,41.15,3,8.02,115.43,80.91,34.52,C0374,Anan Thongchai,ST001,Central Plaza,EMP201,Ben,Mobile Wallet,DELIVERED
ORD202401316,2024-09-20,2024-09-20,2024-09-22,P001,Espresso,Coffee,M,74.17,1,15.73,58.44,43.8,14.64,C0445,Somchai Srikul,ST006,Phuket Marina,EMP200,Ann,Mobile Wallet,DELIVERED
ORD202401317,2024-07-29,2024-07-31,2024-08-01,P004,Cappuccino,Coffee,S,73.19,1,0.0,73.19,37.39,35.8,C0203,Anan Yodkaew,ST003,Chiang Mai One,EMP201,Ben,Cash,DELIVERED
ORD202401318,2024-12-25,2024-12-26,2024-12-30,P103,Thai Tea,Tea,M,70.35,1,0.0,70.35,46.6,23.75,C0411,Somchai Prasert,ST005,Hatyai Center,EMP202,Cara,Credit Card,DELIVERED
ORD202401319,2024-12-17,2024-12-18,,P202,Cheesecake,Bakery,-,76.61,1,18.92,57.69,50.99,6.7,C0418,Suda Sriwong,ST004,Khon Kaen Mall,EMP205,Finn,Cash,SHIPPED
ORD202401320,2024-05-22,2024-05-24,2024-05-24,P002,Americano,Coffee,S,58.4,2,4.51,112.29,79.69,32.6,C0202,Napat Bussaba,ST004,Khon Kaen Mall,EMP204,Eve,Cash,DELIVERED
ORD202401321,2024-12-12,2024-12-14,,P102,Black Tea,Tea,S,48.36,3,0.0,145.08,97.42,47.66,C0451,Somchai Sukjai,ST003,Chiang Mai One,EMP204,Eve,Mobile Wallet,SHIPPED
ORD202401322,2024-12-17,2024-12-19,2024-12-23,P103,Thai Tea,Tea,S,59.97,2,0.0,119.94,65.85,54.09,C0360,Thanakorn Yodkaew,ST003,Chiang Mai One,EMP204,Eve,QR PromptPay,DELIVERED
ORD202401323,2025-03-28,2025-03-30,2025-03-31,P001,Espresso,Coffee,M,71.67,1,0.0,71.67,43.2,28.47,C0479,Kanya Prasert,ST005,Hatyai Center,EMP203,Dan,Mobile Wallet,DELIVERED
ORD202401324,2024-02-08,2024-02-09,2024-02-12,P101,Green Tea,Tea,M,57.05,1,0.0,57.05,30.06,26.99,C0265,Suda Bussaba,ST005,Hatyai Center,EMP202,Cara,Credit Card,DELIVERED
ORD202401325,2024-04-29,2024-04-29,2024-04-30,P101,Green Tea,Tea,S,51.53,1,3.67,47.86,38.51,9.35,C0442,Kanya Boonmee,ST005,Hatyai Center,EMP202,Cara,Cash,DELIVERED
ORD202401326,2024-08-14,2024-08-15,2024-08-16,P004,Cappuccino,Coffee,L,98.68,1,0.0,98.68,55.45,43.23,C0361,Wipa Bussaba,ST005,Hatyai Center,EMP205,Finn,QR PromptPay,DELIVERED
ORD202401327,2024-04-27,2024-04-28,,P004,Cappuccino,Coffee,S,76.46,1,0.0,76.46,40.52,35.94,C0315,Anan Thongchai,ST001,Central Plaza,EMP205,Finn,QR PromptPay,SHIPPED
ORD202401328,2024-09-25,2024-09-26,2024-09-27,P203,Brownie,Bakery,-,48.9,2,0.0,97.8,59.31,38.49,C0247,Preecha Prasert,ST001,Central Plaza,EMP205,Finn,Cash,DELIVERED
ORD202401329,2025-05-19,2025-05-19,2025-05-21,P204,Bagel,Bakery,-,43.95,1,7.21,36.74,26.99,9.75,C0159,Preecha Sriwong,ST002,Silom Complex,EMP204,Eve,Credit Card,DELIVERED
ORD202401330,2024-02-06,,,P005,Mocha,Coffee,S,81.25,1,20.02,61.23,44.33,16.9,C0080,Anan Sriwong,ST006,Phuket Marina,EMP200,Ann,QR PromptPay,ORDERED
ORD202401331,2025-02-28,2025-02-28,2025-02-28,P004,Cappuccino,Coffee,M,88.99,1,0.0,88.99,61.76,27.23,C0273,Thida Sukjai,ST003,Chiang Mai One,EMP202,Cara,QR PromptPay,DELIVERED
ORD202401332,2025-02-28,,,P203,Brownie,Bakery,-,52.06,2,0.0,104.12,58.47,45.65,C0348,Wipa Srikul,ST003,Chiang Mai One,EMP201,Ben,QR PromptPay,ORDERED
ORD202401333,2024-05-20,2024-05-20,2024-05-20,P201,Croissant,Bakery,-,48.02,2,19.81,76.23,60.17,16.06,C0189,Preecha Sriwong,ST004,Khon Kaen Mall,EMP201,Ben,QR PromptPay,DELIVERED
ORD202401334,2025-03-08,2025-03-09,2025-03-09,P202,Cheesecake,Bakery,-,76.42,1,0.0,76.42,41.07,35.35,C0117,Somchai Sriwong,ST003,Chiang Mai One,EMP203,Dan,Cash,DELIVERED
ORD202401335,2024-05-30,2024-05-31,2024-06-02,P203,Brownie,Bakery,-,48.35,1,0.0,48.35,26.71,21.64,C0436,Kanya Srikul,ST006,Phuket Marina,EMP205,Finn,QR PromptPay,DELIVERED
ORD202401336,2024-03-11,2024-03-12,2024-03-12,P001,Espresso,Coffee,L,85.09,2,1.51,168.67,99.99,68.68,C0232,Preecha Suwan,ST005,Hatyai Center,EMP203,Dan,QR PromptPay,DELIVERED
ORD202401337,2025-01-25,,,P202,Cheesecake,Bakery,-,85.44,1,0.57,0.0,0.0,-46.89,C0334,Anan Chantarangsu,ST005,Hatyai Center,EMP202,Cara,Mobile Wallet,CANCELLED
ORD202401338,2024-01-22,2024-01-22,2024-01-25,P202,Cheesecake,Bakery,-,82.38,3,0.0,247.14,154.03,93.11,C0213,Kanya Boonmee,ST002,Silom Complex,EMP202,Cara,QR PromptPay,DELIVERED
ORD202401339,2025-05-20,,,P001,Espresso,Coffee,M,73.87,1,0.0,73.87,43.57,30.3,C0198,Preecha Chantarangsu,ST001,Central Plaza,EMP201,Ben,Credit Card,ORDERED
ORD202401340,2024-05-01,2024-05-03,2024-05-06,P204,Bagel,Bakery,-,40.18,1,0.0,40.18,23.89,16.29,C0205,Korn Sukjai,ST001,Central Plaza,EMP200,Ann,Cash,DELIVERED
ORD202401341,2024-10-20,,,P204,Bagel,Bakery,-,39.64,2,15.56,0.0,0.0,-52.32,C0494,Nicha Thongchai,ST006,Phuket Marina,EMP203,Dan,Mobile Wallet,CANCELLED
ORD202401342,2024-04-02,2024-04-04,2024-04-07,P003,Latte,Coffee,M,88.12,2,0.0,176.24,113.12,63.12,C0066,Saran Yodkaew,ST001,Central Plaza,EMP201,Ben,Credit Card,DELIVERED
ORD202401343,2025-03-01,2025-03-03,2025-03-06,P003,Latte,Coffee,S,75.49,1,0.0,75.49,51.38,24.11,C0045,Preecha Chantarangsu,ST006,Phuket Marina,EMP200,Ann,QR PromptPay,DELIVERED
ORD202401344,2024-03-15,2024-03-15,2024-03-15,P102,Black Tea,Tea,M,64.46,1,4.35,60.11,34.91,25.2,C0188,Suda Sukjai,ST006,Phuket Marina,EMP201,Ben,Credit Card,DELIVERED
ORD202401345,2024-02-25,2024-02-25,2024-02-28,P103,Thai Tea,Tea,M,68.6,1,11.41,57.19,41.14,16.05,C0411,Somchai Prasert,ST006,Phuket Marina,EMP202,Cara,QR PromptPay,DELIVERED
ORD202401346,2024-11-04,2024-11-05,2024-11-08,P005,Mocha,Coffee,M,98.79,1,2.54,96.25,73.31,22.94,C0206,Chanida Srikul,ST003,Chiang Mai One,EMP200,Ann,QR PromptPay,DELIVERED
ORD202401347,2024-04-08,2024-04-08,2024-04-09,P204,Bagel,Bakery,-,42.05,1,0.0,42.05,29.41,12.64,C0178,Korn Bussaba,ST006,Phuket Marina,EMP202,Cara,Mobile Wallet,DELIVERED
ORD202401348,2024-03-26,2024-03-26,2024-03-27,P002,Americano,Coffee,M,68.6,1,0.0,68.6,38.63,29.97,C0098,Korn Sukjai,ST004,Khon Kaen Mall,EMP204,Eve,Mobile Wallet,DELIVERED
ORD202401349,2024-12-25,2024-12-25,2024-12-26,P204,Bagel,Bakery,-,41.7,1,8.54,33.16,30.08,3.08,C0032,Napat Bussaba,ST006,Phuket Marina,EMP201,Ben,Cash,DELIVERED
ORD202401350,2024-11-01,2024-11-01,2024-11-01,P003,Latte,Coffee,M,89.18,2,0.0,178.36,110.47,67.89,C0027,Napat Suwan,ST005,Hatyai Center,EMP202,Cara,QR PromptPay,DELIVERED
ORD202401351,2024-04-07,2024-04-07,2024-04-09,P004,Cappuccino,Coffee,L,99.11,1,3.17,95.94,54.82,41.12,C0207,Thanakorn Boonmee,ST004,Khon Kaen Mall,EMP201,Ben,Cash,DELIVERED
ORD202401352,2025-03-06,2025-03-07,2025-03-11,P204,Bagel,Bakery,-,38.14,1,0.0,38.14,27.46,10.68,C0118,Anan Sriwong,ST003,Chiang Mai One,EMP201,Ben,Cash,DELIVERED
ORD202401353,2025-06-09,2025-06-10,2025-06-13,P005,Mocha,Coffee,L,108.99,1,0.0,108.99,63.03,45.96,C0058,Anan Yodkaew,ST004,Khon Kaen Mall,EMP204,Eve,Cash,DELIVERED
ORD202401354,2025-05-04,2025-05-06,2025-05-09,P005,Mocha,Coffee,S,79.98,2,0.0,159.96,95.98,63.98,C0468,Kanya Bussaba,ST002,Silom Complex,EMP204,Eve,QR PromptPay,DELIVERED
ORD202401355,2025-04-23,2025-04-25,,P003,Latte,Coffee,S,75.74,2,0.0,151.48,111.98,39.5,C0287,Thanakorn Sukjai,ST003,Chiang Mai One,EMP202,Cara,Mobile Wallet,SHIPPED
ORD202401356,2024-11-08,2024-11-09,2024-11-10,P203,Brownie,Bakery,-,47.98,3,0.0,143.94,75.22,68.72,C0068,Thida Thongchai,ST004,Khon Kaen Mall,EMP201,Ben,Credit Card,DELIVERED
ORD202401357,2024-11-08,2024-11-10,,P202,Cheesecake,Bakery,-,83.78,1,0.0,83.78,45.54,38.24,C0048,Suda Srikul,ST001,Central Plaza,EMP202,Cara,QR PromptPay,SHIPPED
ORD202401358,2024-03-21,2024-03-23,2024-03-27,P102,Black Tea,Tea,S,48.53,1,0.0,48.53,33.71,14.82,C0453,Kanya Sriwong,ST001,Central Plaza,EMP201,Ben,Cash,DELIVERED
ORD202401359,2025-03-11,,,P005,Mocha,Coffee,S,77.9,2,0.0,155.8,93.13,62.67,C0416,Thanakorn Srikul,ST001,Central Plaza,EMP204,Eve,Cash,ORDERED
ORD202401360,2024-11-22,2024-11-22,2024-11-26,P203,Brownie,Bakery,-,48.52,2,0.0,97.04,52.99,44.05,C0113,Preecha Thongchai,ST002,Silom Complex,EMP202,Cara,Credit Card,DELIVERED
ORD202401361,2024-04-22,2024-04-22,2024-04-22,P201,Croissant,Bakery,-,44.46,1,4.31,40.15,31.71,8.44,C0213,Kanya Boonmee,ST002,Silom Complex,EMP200,Ann,QR PromptPay,DELIVERED
ORD202401362,2024-02-19,2024-02-21,2024-02-23,P101,Green Tea,Tea,L,71.47,1,0.0,71.47,42.94,28.53,C0443,Thida Sriwong,ST006,Phuket Marina,EMP204,Eve,Mobile Wallet,DELIVERED
ORD202401363,2024-01-09,2024-01-11,2024-01-15,P202,Cheesecake,Bakery,-,86.5,1,0.0,86.5,43.74,42.76,C0016,Kanya Srikul,ST001,Central Plaza,EMP204,Eve,Cash,DELIVERED
ORD202401364,2024-04-03,2024-04-05,2024-04-08,P202,Cheesecake,Bakery,-,84.28,2,0.0,168.56,114.7,53.86,C0007,Preecha Sriwong,ST002,Silom Complex,EMP205,Finn,QR PromptPay,DELIVERED
ORD202401365,2024-09-29,2024-09-30,2024-09-30,P204,Bagel,Bakery,-,38.15,1,0.46,37.69,24.78,12.91,C0368,Chanida Prasert,ST004,Khon Kaen Mall,EMP204,Eve,Mobile Wallet,DELIVERED
ORD202401366,2025-01-20,2025-01-21,2025-01-21,P001,Espresso,Coffee,M,76.86,1,0.0,76.86,43.13,33.73,C0375,Napat Boonmee,ST006,Phuket Marina,EMP201,Ben,Mobile Wallet,DELIVERED
ORD202401367,2024-06-14,2024-06-14,2024-06-17,P203,Brownie,Bakery,-,49.29,1,2.16,47.13,26.97,20.16,C0147,Korn Thongchai,ST005,Hatyai Center,EMP201,Ben,Credit Card,DELIVERED
ORD202401368,2025-06-01,2025-06-03,2025-06-04,P003,Latte,Coffee,L,98.16,1,9.98,88.18,69.04,19.14,C0210,Thanakorn Yodkaew,ST003,Chiang Mai One,EMP204,Eve,Cash,DELIVERED
ORD202401369,2024-09-30,2024-10-02,2024-10-03,P002,Americano,Coffee,M,66.35,1,0.0,66.35,39.9,26.45,C0484,Saran Thongchai,ST001,Central Plaza,EMP205,Finn,Credit Card,DELIVERED
ORD202401370,2024-04-29,2024-04-30,2024-05-03,P204,Bagel,Bakery,-,41.21,3,0.0,123.63,84.91,38.72,C0172,Nicha Yodkaew,ST005,Hatyai Center,EMP203,Dan,Mobile Wallet,DELIVERED
ORD202401371,2024-07-07,2024-07-09,2024-07-13,P203,Brownie,Bakery,-,47.55,1,0.0,47.55,29.36,18.19,C0139,Anan Sriwong,ST002,Silom Complex,EMP205,Finn,Cash,DELIVERED
ORD202401372,2024-07-10,,,P203,Brownie,Bakery,-,50.35,2,0.0,100.7,57.43,43.27,C0261,Napat Boonmee,ST004,Khon Kaen Mall,EMP204,Eve,Mobile Wallet,ORDERED
ORD202401373,2025-03-18,,,P004,Cappuccino,Coffee,L,107.23,2,0.0,0.0,0.0,-118.91,C0059,Somchai Boonmee,ST003,Chiang Mai One,EMP200,Ann,QR PromptPay,CANCELLED
ORD202401374,2025-05-24,2025-05-26,2025-05-29,P003,Latte,Coffee,S,71.09,1,2.08,69.01,36.77,32.24,C0114,Thida Yodkaew,ST005,Hatyai Center,EMP203,Dan,Cash,DELIVERED
ORD202401375,2024-01-30,2024-01-30,,P101,Green Tea,Tea,M,63.26,3,0.0,189.78,116.18,73.6,C0455,Napat Sukjai,ST003,Chiang Mai One,EMP200,Ann,Mobile Wallet,SHIPPED
ORD202401376,2025-01-29,2025-01-30,2025-02-02,P201,Croissant,Bakery,-,46.13,1,11.18,34.95,28.54,6.41,C0013,Thida Prasert,ST004,Khon Kaen Mall,EMP202,Cara,Credit Card,DELIVERED
ORD202401377,2025-06-18,2025-06-19,2025-06-21,P001,Espresso,Coffee,S,57.02,2,0.0,114.04,63.97,50.07,C0021,Chanida Sriwong,ST001,Central Plaza,EMP205,Finn,Cash,DELIVERED
ORD202401378,2025-01-29,2025-01-31,2025-02-02,P202,Cheesecake,Bakery,-,80.42,1,10.16,70.26,46.63,23.63,C0298,Napat Chantarangsu,ST004,Khon Kaen Mall,EMP204,Eve,Credit Card,DELIVERED
ORD202401379,2024-03-11,,,P002,Americano,Coffee,M,66.56,3,0.0,0.0,0.0,-102.66,C0203,Anan Yodkaew,ST001,Central Plaza,EMP200,Ann,QR PromptPay,CANCELLED
ORD202401380,2024-06-08,2024-06-09,2024-06-13,P204,Bagel,Bakery,-,38.19,1,0.0,38.19,25.94,12.25,C0040,Saran Prasert,ST006,Phuket Marina,EMP201,Ben,Cash,DELIVERED
ORD202401381,2025-06-16,2025-06-18,2025-06-22,P103,Thai Tea,Tea,S,57.52,1,0.0,57.52,37.34,20.18,C0413,Nicha Sukjai,ST005,Hatyai Center,EMP200,Ann,Mobile Wallet,DELIVERED
ORD202401382,2025-05-14,,,P101,Green Tea,Tea,S,47.74,3,0.0,143.22,103.19,40.03,C0432,Wipa Sriwong,ST006,Phuket Marina,EMP202,Cara,QR PromptPay,ORDERED
ORD202401383,2024-03-07,2024-03-09,2024-03-09,P101,Green Tea,Tea,M,60.29,1,0.0,60.29,44.21,16.08,C0112,Preecha Srikul,ST005,Hatyai Center,EMP201,Ben,Mobile Wallet,DELIVERED
ORD202401384,2024-01-21,,,P001,Espresso,Coffee,M,75.34,3,0.0,0.0,0.0,-126.91,C0447,Anan Bussaba,ST001,Central Plaza,EMP202,Cara,Mobile Wallet,CANCELLED
ORD202401385,2025-04-20,2025-04-21,2025-04-24,P002,Americano,Coffee,S,52.32,1,0.0,52.32,27.71,24.61,C0261,Napat Boonmee,ST006,Phuket Marina,EMP205,Finn,Credit Card,DELIVERED
ORD202401386,2024-02-04,2024-02-04,2024-02-04,P102,Black Tea,Tea,L,71.21,1,0.0,71.21,51.44,19.77,C0336,Korn Prasert,ST004,Khon Kaen Mall,EMP205,Finn,Mobile Wallet,DELIVERED
ORD202401387,2025-04-21,2025-04-23,2025-04-24,P003,Latte,Coffee,M,88.0,2,0.0,176.0,119.29,56.71,C0282,Anan Boonmee,ST001,Central Plaza,EMP200,Ann,Mobile Wallet,DELIVERED
ORD202401388,2024-04-19,2024-04-20,2024-04-20,P202,Cheesecake,Bakery,-,86.9,3,0.0,260.7,177.46,83.24,C0474,Korn Boonmee,ST006,Phuket Marina,EMP202,Cara,Cash,DELIVERED
ORD202401389,2024-09-09,2024-09-10,2024-09-11,P103,Thai Tea,Tea,S,52.44,2,8.82,96.06,76.5,19.56,C0289,Korn Yodkaew,ST001,Central Plaza,EMP204,Eve,Credit Card,DELIVERED
ORD202401390,2025-04-23,,,P002,Americano,Coffee,S,54.63,1,0.0,0.0,0.0,-34.97,C0042,Chanida Chantarangsu,ST005,Hatyai Center,EMP201,Ben,Mobile Wallet,CANCELLED
ORD202401391,2024-01-09,,,P003,Latte,Coffee,M,81.2,1,7.41,0.0,0.0,-52.93,C0252,Korn Chantarangsu,ST004,Khon Kaen Mall,EMP203,Dan,QR PromptPay,CANCELLED
ORD202401392,2024-12-27,,,P003,Latte,Coffee,M,83.14,1,0.0,83.14,62.19,20.95,C0464,Saran Thongchai,ST005,Hatyai Center,EMP203,Dan,Credit Card,ORDERED
ORD202401393,2024-05-30,2024-06-01,2024-06-03,P102,Black Tea,Tea,L,72.6,1,0.0,72.6,50.58,22.02,C0402,Anan Bussaba,ST006,Phuket Marina,EMP202,Cara,QR PromptPay,DELIVERED
ORD202401394,2024-10-28,2024-10-30,2024-10-30,P004,Cappuccino,Coffee,L,107.73,2,44.97,170.49,153.89,16.6,C0078,Kanya Prasert,ST006,Phuket Marina,EMP201,Ben,Mobile Wallet,DELIVERED
ORD202401395,2024-06-29,2024-06-30,2024-06-30,P102,Black Tea,Tea,S,48.96,2,0.0,97.92,57.74,40.18,C0180,Wipa Sriwong,ST003,Chiang Mai One,EMP200,Ann,Credit Card,DELIVERED
ORD202401396,2024-04-16,,,P101,Green Tea,Tea,M,58.95,1,9.79,49.16,39.45,9.71,C0033,Kanya Thongchai,ST003,Chiang Mai One,EMP204,Eve,QR PromptPay,ORDERED
ORD202401397,2025-05-23,2025-05-24,2025-05-26,P005,Mocha,Coffee,S,80.46,2,0.0,160.92,81.69,79.23,C0075,Thida Sukjai,ST005,Hatyai Center,EMP202,Cara,QR PromptPay,DELIVERED
ORD202401398,2024-10-26,2024-10-26,2024-10-26,P001,Espresso,Coffee,S,58.06,1,0.36,57.7,30.38,27.32,C0174,Korn Bussaba,ST005,Hatyai Center,EMP204,Eve,Cash,DELIVERED
ORD202401399,2024-07-28,2024-07-28,,P003,Latte,Coffee,M,85.15,1,0.0,85.15,54.1,31.05,C0409,Somchai Boonmee,ST003,Chiang Mai One,EMP205,Finn,QR PromptPay,SHIPPED
ORD202401400,2024-11-23,2024-11-23,2024-11-27,P001,Espresso,Coffee,L,82.6,2,0.0,165.2,98.61,66.59,C0260,Anan Yodkaew,ST006,Phuket Marina,EMP202,Cara,Credit Card,DELIVERED
ORD202401401,2024-10-11,2024-10-13,2024-10-16,P003,Latte,Coffee,S,69.8,3,0.0,209.4,142.22,67.18,C0013,Thida Prasert,ST002,Silom Complex,EMP200,Ann,Mobile Wallet,DELIVERED
ORD202401402,2024-09-02,2024-09-02,2024-09-03,P204,Bagel,Bakery,-,39.21,1,0.0,39.21,23.34,15.87,C0383,Napat Sriwong,ST006,Phuket Marina,EMP205,Finn,Cash,DELIVERED
ORD202401403,2024-09-16,2024-09-16,,P102,Black Tea,Tea,S,51.23,2,0.0,102.46,72.89,29.57,C0272,Chanida Boonmee,ST004,Khon Kaen Mall,EMP203,Dan,Mobile Wallet,SHIPPED
ORD202401404,2024-05-12,2024-05-14,2024-05-18,P002,Americano,Coffee,S,57.35,1,0.0,57.35,37.41,19.94,C0205,Korn Sukjai,ST004,Khon Kaen Mall,EMP205,Finn,Credit Card,DELIVERED
ORD202401405,2024-07-12,2024-07-13,2024-07-14,P003,Latte,Coffee,S,75.53,1,0.0,75.53,42.62,32.91,C0141,Thanakorn Suwan,ST004,Khon Kaen Mall,EMP205,Finn,Mobile Wallet,DELIVERED
ORD202401406,2024-03-07,,,P101,Green Tea,Tea,S,48.2,2,0.0,0.0,0.0,-58.32,C0147,Korn Thongchai,ST003,Chiang Mai One,EMP200,Ann,Mobile Wallet,CANCELLED
ORD202401407,2025-02-13,,,P004,Cappuccino,Coffee,L,103.32,2,0.0,206.64,135.62,71.02,C0425,Thida Prasert,ST006,Phuket Marina,EMP200,Ann,Mobile Wallet,ORDERED
ORD202401408,2024-01-29,,,P202,Cheesecake,Bakery,-,81.23,1,0.0,0.0,0.0,-45.24,C0353,Wipa Yodkaew,ST002,Silom Complex,EMP201,Ben,Cash,CANCELLED
ORD202401409,2024-04-28,2024-04-28,2024-04-29,P203,Brownie,Bakery,-,52.89,2,11.94,93.84,62.62,31.22,C0457,Napat Bussaba,ST006,Phuket Marina,EMP203,Dan,Credit Card,DELIVERED
ORD202401410,2024-01-27,2024-01-29,2024-01-29,P001,Espresso,Coffee,M,74.04,1,0.0,74.04,45.72,28.32,C0217,Thida Boonmee,ST003,Chiang Mai One,EMP202,Cara,QR PromptPay,DELIVERED
ORD202401411,2025-04-20,2025-04-22,2025-04-26,P101,Green Tea,Tea,S,49.23,1,0.0,49.23,28.62,20.61,C0374,Anan Thongchai,ST002,Silom Complex,EMP202,Cara,QR PromptPay,DELIVERED
ORD202401412,2024-08-23,2024-08-23,,P005,Mocha,Coffee,L,107.49,2,0.0,214.98,140.39,74.59,C0002,Nicha Suwan,ST006,Phuket Marina,EMP200,Ann,Credit Card,SHIPPED
ORD202401413,2024-04-03,2024-04-04,,P103,Thai Tea,Tea,L,76.65,1,0.0,76.65,38.8,37.85,C0500,Korn Yodkaew,ST006,Phuket Marina,EMP202,Cara,Credit Card,SHIPPED
ORD202401414,2024-11-10,,,P005,Mocha,Coffee,S,82.47,3,0.0,0.0,0.0,-154.34,C0312,Chanida Suwan,ST006,Phuket Marina,EMP205,Finn,Credit Card,CANCELLED
ORD202401415,2024-05-04,2024-05-06,2024-05-08,P004,Cappuccino,Coffee,L,99.38,2,19.92,178.84,148.27,30.57,C0367,Suda Sriwong,ST001,Central Plaza,EMP201,Ben,Mobile Wallet,DELIVERED
ORD202401416,2024-11-30,2024-12-01,2024-12-05,P002,Americano,Coffee,S,57.27,2,0.0,114.54,76.14,38.4,C0438,Preecha Yodkaew,ST004,Khon Kaen Mall,EMP201,Ben,Cash,DELIVERED
ORD202401417,2024-08-03,2024-08-04,,P005,Mocha,Coffee,L,103.82,1,0.0,103.82,55.7,48.12,C0050,Nicha Boonmee,ST003,Chiang Mai One,EMP200,Ann,Mobile Wallet,SHIPPED
ORD202401418,2024-09-29,2024-09-29,2024-09-29,P004,Cappuccino,Coffee,L,97.42,2,46.88,147.96,119.19,28.77,C0088,Preecha Suwan,ST001,Central Plaza,EMP204,Eve,Mobile Wallet,DELIVERED
ORD202401419,2024-12-07,2024-12-07,2024-12-11,P003,Latte,Coffee,L,105.5,3,0.0,316.5,177.68,138.82,C0170,Chanida Bussaba,ST004,Khon Kaen Mall,EMP201,Ben,Cash,DELIVERED
ORD202401420,2024-03-14,2024-03-16,2024-03-20,P002,Americano,Coffee,M,66.47,2,0.21,132.73,91.2,41.53,C0268,Saran Boonmee,ST001,Central Plaza,EMP203,Dan,Mobile Wallet,DELIVERED
ORD202401421,2024-03-29,2024-03-29,2024-04-01,P102,Black Tea,Tea,S,53.38,2,0.0,106.76,62.13,44.63,C0417,Kanya Boonmee,ST001,Central Plaza,EMP200,Ann,Mobile Wallet,DELIVERED
ORD202401422,2025-03-26,2025-03-26,2025-03-27,P203,Brownie,Bakery,-,47.87,3,0.0,143.61,99.63,43.98,C0098,Korn Sukjai,ST006,Phuket Marina,EMP201,Ben,Cash,DELIVERED
ORD202401423,2025-03-08,,,P002,Americano,Coffee,L,73.91,2,0.0,147.82,107.51,40.31,C0263,Napat Thongchai,ST004,Khon Kaen Mall,EMP205,Finn,Cash,ORDERED
ORD202401424,2024-07-15,2024-07-15,2024-07-16,P204,Bagel,Bakery,-,39.83,1,0.0,39.83,27.76,12.07,C0295,Thida Chantarangsu,ST002,Silom Complex,EMP201,Ben,Mobile Wallet,DELIVERED
ORD202401425,2024-01-16,2024-01-18,2024-01-19,P204,Bagel,Bakery,-,40.96,1,3.83,37.13,26.56,10.57,C0142,Nicha Suwan,ST002,Silom Complex,EMP203,Dan,Credit Card,DELIVERED
ORD202401426,2025-03-28,2025-03-28,2025-04-01,P001,Espresso,Coffee,S,62.62,1,5.37,57.25,42.35,14.9,C0070,Napat Suwan,ST003,Chiang Mai One,EMP200,Ann,Cash,DELIVERED
ORD202401427,2024-10-21,2024-10-22,2024-10-26,P103,Thai Tea,Tea,L,75.57,1,0.0,75.57,45.19,30.38,C0016,Kanya Srikul,ST001,Central Plaza,EMP203,Dan,Cash,DELIVERED
ORD202401428,2025-01-20,2025-01-20,2025-01-22,P204,Bagel,Bakery,-,38.68,2,0.0,77.36,41.6,35.76,C0429,Thanakorn Sukjai,ST006,Phuket Marina,EMP204,Eve,Cash,DELIVERED
ORD202401429,2025-05-10,2025-05-12,2025-05-16,P204,Bagel,Bakery,-,43.12,1,0.0,43.12,22.25,20.87,C0476,Wipa Thongchai,ST006,Phuket Marina,EMP202,Cara,QR PromptPay,DELIVERED
ORD202401430,2024-11-24,2024-11-26,2024-11-30,P103,Thai Tea,Tea,S,57.38,2,24.56,90.2,58.71,31.49,C0218,Kanya Boonmee,ST004,Khon Kaen Mall,EMP205,Finn,Credit Card,DELIVERED
ORD202401431,2025-06-25,2025-06-25,2025-06-25,P102,Black Tea,Tea,S,54.62,1,0.0,54.62,29.73,24.89,C0078,Kanya Prasert,ST006,Phuket Marina,EMP202,Cara,Mobile Wallet,DELIVERED
ORD202401432,2024-11-02,2024-11-02,2024-11-06,P004,Cappuccino,Coffee,L,105.93,1,0.0,105.93,55.07,50.86,C0184,Anan Thongchai,ST001,Central Plaza,EMP204,Eve,Mobile Wallet,DELIVERED
ORD202401433,2024-02-15,2024-02-15,2024-02-18,P003,Latte,Coffee,L,103.44,1,10.15,93.29,54.34,38.95,C0241,Thanakorn Chantarangsu,ST002,Silom Complex,EMP204,Eve,Mobile Wallet,DELIVERED
ORD202401434,2025-03-06,2025-03-07,2025-03-07,P001,Espresso,Coffee,S,57.85,1,0.0,57.85,32.47,25.38,C0136,Thanakorn Sukjai,ST005,Hatyai Center,EMP202,Cara,Mobile Wallet,DELIVERED
ORD202401435,2025-04-05,2025-04-07,2025-04-08,P101,Green Tea,Tea,S,50.99,1,0.0,50.99,29.86,21.13,C0030,Preecha Prasert,ST005,Hatyai Center,EMP204,Eve,Cash,DELIVERED
ORD202401436,2024-05-18,2024-05-19,2024-05-23,P201,Croissant,Bakery,-,46.53,1,0.0,46.53,25.26,21.27,C0266,Saran Boonmee,ST006,Phuket Marina,EMP201,Ben,Cash,DELIVERED
ORD202401437,2025-02-28,,,P001,Espresso,Coffee,S,60.03,3,33.33,146.76,102.76,44.0,C0026,Preecha Boonmee,ST001,Central Plaza,EMP203,Dan,Cash,ORDERED
ORD202401438,2024-09-13,,,P204,Bagel,Bakery,-,42.07,3,0.0,0.0,0.0,-79.53,C0465,Kanya Yodkaew,ST004,Khon Kaen Mall,EMP204,Eve,Mobile Wallet,CANCELLED
ORD202401439,2024-11-24,2024-11-24,2024-11-27,P201,Croissant,Bakery,-,43.1,3,0.0,129.3,66.17,63.13,C0048,Suda Srikul,ST004,Khon Kaen Mall,EMP202,Cara,Mobile Wallet,DELIVERED
ORD202401440,2025-03-28,2025-03-29,2025-03-30,P001,Espresso,Coffee,S,62.91,1,0.0,62.91,40.08,22.83,C0371,Thida Sriwong,ST004,Khon Kaen Mall,EMP200,Ann,Mobile Wallet,DELIVERED
ORD202401441,2024-01-03,2024-01-03,2024-01-05,P201,Croissant,Bakery,-,43.11,2,0.0,86.22,47.43,38.79,C0217,Thida Boonmee,ST005,Hatyai Center,EMP203,Dan,QR PromptPay,DELIVERED
ORD202401442,2025-03-31,2025-04-01,2025-04-03,P001,Espresso,Coffee,L,84.84,1,0.0,84.84,42.9,41.94,C0399,Korn Suwan,ST006,Phuket Marina,EMP204,Eve,Mobile Wallet,DELIVERED
ORD202401443,2025-01-31,2025-01-31,2025-02-03,P203,Brownie,Bakery,-,50.1,2,0.0,100.2,57.88,42.32,C0211,Korn Prasert,ST001,Central Plaza,EMP203,Dan,Cash,DELIVERED
ORD202401444,2024-02-08,2024-02-08,2024-02-11,P102,Black Tea,Tea,L,72.86,2,16.28,129.44,95.83,33.61,C0136,Thanakorn Sukjai,ST006,Phuket Marina,EMP205,Finn,Mobile Wallet,DELIVERED
ORD202401445,2025-01-18,2025-01-18,2025-01-22,P201,Croissant,Bakery,-,44.52,1,0.0,44.52,30.78,13.74,C0407,Nicha Srikul,ST006,Phuket Marina,EMP200,Ann,Mobile Wallet,DELIVERED
ORD202401446,2025-01-15,2025-01-16,,P003,Latte,Coffee,M,80.86,1,0.0,80.86,52.03,28.83,C0274,Kanya Yodkaew,ST006,Phuket Marina,EMP201,Ben,Credit Card,SHIPPED
ORD202401447,2024-07-14,2024-07-15,2024-07-17,P201,Croissant,Bakery,-,43.93,3,5.67,126.12,81.2,44.92,C0158,Thanakorn Prasert,ST004,Khon Kaen Mall,EMP201,Ben,Cash,DELIVERED
ORD202401448,2024-07-02,2024-07-04,,P005,Mocha,Coffee,M,91.96,3,0.0,275.88,199.09,76.79,C0091,Korn Boonmee,ST006,Phuket Marina,EMP202,Cara,Cash,SHIPPED
ORD202401449,2024-12-09,2024-12-09,,P004,Cappuccino,Coffee,M,79.96,1,0.0,79.96,51.03,28.93,C0498,Anan Prasert,ST006,Phuket Marina,EMP202,Cara,QR PromptPay,SHIPPED
ORD202401450,2024-01-07,2024-01-09,2024-01-09,P001,Espresso,Coffee,L,88.24,2,0.0,176.48,126.33,50.15,C0064,Wipa Sriwong,ST006,Phuket Marina,EMP203,Dan,Credit Card,DELIVERED
ORD202401451,2025-02-26,2025-02-28,2025-03-03,P202,Cheesecake,Bakery,-,83.95,2,0.0,167.9,103.42,64.48,C0049,Thanakorn Prasert,ST006,Phuket Marina,EMP204,Eve,Credit Card,DELIVERED
ORD202401452,2024-12-28,2024-12-29,2024-12-29,P201,Croissant,Bakery,-,43.6,1,0.0,43.6,28.84,14.76,C0165,Wipa Yodkaew,ST004,Khon Kaen Mall,EMP203,Dan,Credit Card,DELIVERED
ORD202401453,2025-03-15,2025-03-16,2025-03-19,P102,Black Tea,Tea,L,76.6,1,0.0,76.6,49.04,27.56,C0102,Anan Prasert,ST002,Silom Complex,EMP201,Ben,Cash,DELIVERED
ORD202401454,2024-08-09,2024-08-09,2024-08-13,P204,Bagel,Bakery,-,43.86,1,0.38,43.48,28.16,15.32,C0383,Napat Sriwong,ST001,Central Plaza,EMP203,Dan,Mobile Wallet,DELIVERED
ORD202401455,2024-07-18,2024-07-20,2024-07-23,P202,Cheesecake,Bakery,-,77.66,2,0.0,155.32,104.4,50.92,C0206,Chanida Srikul,ST001,Central Plaza,EMP204,Eve,Cash,DELIVERED
ORD202401456,2024-04-14,2024-04-15,2024-04-17,P204,Bagel,Bakery,-,41.51,1,0.0,41.51,28.77,12.74,C0011,Anan Thongchai,ST005,Hatyai Center,EMP204,Eve,Cash,DELIVERED
ORD202401457,2024-10-12,2024-10-14,2024-10-16,P001,Espresso,Coffee,M,73.99,2,20.83,127.15,109.07,18.08,C0074,Somchai Srikul,ST001,Central Plaza,EMP202,Cara,Cash,DELIVERED
ORD202401458,2024-05-19,2024-05-19,2024-05-20,P004,Cappuccino,Coffee,M,83.36,2,0.0,166.72,105.31,61.41,C0463,Thanakorn Bussaba,ST005,Hatyai Center,EMP202,Cara,Mobile Wallet,DELIVERED
ORD202401459,2024-02-21,,,P102,Black Tea,Tea,L,69.13,3,0.0,207.39,138.3,69.09,C0476,Wipa Thongchai,ST005,Hatyai Center,EMP204,Eve,QR PromptPay,ORDERED
ORD202401460,2024-07-29,,,P103,Thai Tea,Tea,L,75.51,1,11.08,0.0,0.0,-56.13,C0329,Preecha Prasert,ST004,Khon Kaen Mall,EMP205,Finn,QR PromptPay,CANCELLED
ORD202401461,2025-06-27,2025-06-27,2025-07-01,P003,Latte,Coffee,M,83.25,3,60.92,188.83,139.59,49.24,C0151,Napat Chantarangsu,ST004,Khon Kaen Mall,EMP201,Ben,Credit Card,DELIVERED
ORD202401462,2024-03-26,,,P101,Green Tea,Tea,L,68.87,1,0.0,68.87,36.11,32.76,C0143,Kanya Bussaba,ST002,Silom Complex,EMP204,Eve,Mobile Wallet,ORDERED
ORD202401463,2025-04-30,2025-05-02,2025-05-06,P101,Green Tea,Tea,M,60.28,1,0.0,60.28,38.39,21.89,C0398,Kanya Srikul,ST004,Khon Kaen Mall,EMP204,Eve,Mobile Wallet,DELIVERED
ORD202401464,2024-03-07,2024-03-08,2024-03-12,P004,Cappuccino,Coffee,M,91.97,2,0.0,183.94,137.91,46.03,C0421,Thanakorn Prasert,ST003,Chiang Mai One,EMP203,Dan,Cash,DELIVERED
ORD202401465,2025-02-20,2025-02-22,2025-02-24,P003,Latte,Coffee,S,73.25,1,0.0,73.25,54.14,19.11,C0037,Anan Boonmee,ST001,Central Plaza,EMP203,Dan,Cash,DELIVERED
ORD202401466,2024-03-22,,,P102,Black Tea,Tea,S,54.14,3,0.0,0.0,0.0,-84.54,C0260,Anan Yodkaew,ST005,Hatyai Center,EMP201,Ben,QR PromptPay,CANCELLED
ORD202401467,2024-08-30,2024-09-01,2024-09-03,P005,Mocha,Coffee,S,72.46,1,0.0,72.46,40.07,32.39,C0030,Preecha Prasert,ST003,Chiang Mai One,EMP201,Ben,QR PromptPay,DELIVERED
ORD202401468,2024-09-05,2024-09-06,,P203,Brownie,Bakery,-,49.05,2,0.0,98.1,64.39,33.71,C0293,Kanya Bussaba,ST003,Chiang Mai One,EMP200,Ann,Credit Card,SHIPPED
ORD202401469,2024-02-09,2024-02-09,2024-02-13,P101,Green Tea,Tea,S,52.92,1,0.0,52.92,32.23,20.69,C0210,Thanakorn Yodkaew,ST004,Khon Kaen Mall,EMP202,Cara,Mobile Wallet,DELIVERED
ORD202401470,2025-05-24,2025-05-26,2025-05-26,P002,Americano,Coffee,L,75.18,1,0.0,75.18,44.37,30.81,C0206,Chanida Srikul,ST003,Chiang Mai One,EMP201,Ben,Mobile Wallet,DELIVERED
ORD202401471,2024-12-08,2024-12-08,2024-12-10,P002,Americano,Coffee,L,83.73,2,21.39,146.07,87.32,58.75,C0486,Thanakorn Suwan,ST002,Silom Complex,EMP203,Dan,QR PromptPay,DELIVERED
ORD202401472,2025-03-21,2025-03-21,2025-03-23,P202,Cheesecake,Bakery,-,76.99,1,10.42,66.57,50.79,15.78,C0160,Korn Sriwong,ST003,Chiang Mai One,EMP201,Ben,QR PromptPay,DELIVERED
ORD202401473,2024-07-12,2024-07-12,2024-07-12,P203,Brownie,Bakery,-,54.38,2,0.0,108.76,60.79,47.97,C0361,Wipa Bussaba,ST001,Central Plaza,EMP202,Cara,Credit Card,DELIVERED
ORD202401474,2025-06-04,2025-06-04,2025-06-05,P001,Espresso,Coffee,M,79.05,3,0.0,237.15,149.64,87.51,C0328,Saran Yodkaew,ST005,Hatyai Center,EMP205,Finn,QR PromptPay,DELIVERED
ORD202401475,2025-01-16,2025-01-16,2025-01-16,P005,Mocha,Coffee,M,94.61,3,0.0,283.83,152.4,131.43,C0170,Chanida Bussaba,ST006,Phuket Marina,EMP202,Cara,Mobile Wallet,DELIVERED
ORD202401476,2024-02-26,2024-02-26,2024-02-28,P103,Thai Tea,Tea,M,68.93,1,0.35,68.58,40.73,27.85,C0432,Wipa Sriwong,ST003,Chiang Mai One,EMP202,Cara,Cash,DELIVERED
ORD202401477,2025-01-03,2025-01-05,2025-01-07,P005,Mocha,Coffee,S,78.84,2,2.26,155.42,103.49,51.93,C0430,Nicha Chantarangsu,ST005,Hatyai Center,EMP201,Ben,QR PromptPay,DELIVERED
ORD202401478,2025-03-18,2025-03-19,2025-03-21,P204,Bagel,Bakery,-,39.47,2,12.48,66.46,41.85,24.61,C0226,Korn Bussaba,ST002,Silom Complex,EMP205,Finn,Cash,DELIVERED
ORD202401479,2024-01-29,2024-01-30,2024-01-30,P002,Americano,Coffee,M,69.81,2,0.0,139.62,74.87,64.75,C0242,Thanakorn Sriwong,ST001,Central Plaza,EMP201,Ben,Cash,DELIVERED
ORD202401480,2025-01-24,2025-01-25,2025-01-29,P102,Black Tea,Tea,S,48.05,1,2.7,45.35,33.93,11.42,C0458,Saran Suwan,ST002,Silom Complex,EMP204,Eve,Mobile Wallet,DELIVERED
ORD202401481,2024-10-15,2024-10-16,2024-10-16,P003,Latte,Coffee,S,69.92,1,0.0,69.92,37.35,32.57,C0496,Napat Yodkaew,ST001,Central Plaza,EMP203,Dan,Credit Card,DELIVERED
ORD202401482,2024-12-13,2024-12-15,,P204,Bagel,Bakery,-,43.48,1,0.0,43.48,27.01,16.47,C0193,Somchai Boonmee,ST006,Phuket Marina,EMP205,Finn,Cash,SHIPPED
ORD202401483,2025-02-14,2025-02-14,2025-02-18,P001,Espresso,Coffee,S,63.54,1,0.0,63.54,40.18,23.36,C0339,Saran Sukjai,ST002,Silom Complex,EMP203,Dan,QR PromptPay,DELIVERED
ORD202401484,2024-03-25,2024-03-26,2024-03-27,P203,Brownie,Bakery,-,48.87,1,0.0,48.87,30.63,18.24,C0070,Napat Suwan,ST005,Hatyai Center,EMP200,Ann,Cash,DELIVERED
ORD202401485,2024-08-21,,,P204,Bagel,Bakery,-,43.66,1,0.0,0.0,0.0,-28.74,C0076,Suda Srikul,ST004,Khon Kaen Mall,EMP201,Ben,Mobile Wallet,CANCELLED
ORD202401486,2025-05-18,2025-05-20,,P202,Cheesecake,Bakery,-,81.25,1,1.44,79.81,52.72,27.09,C0056,Thanakorn Sriwong,ST004,Khon Kaen Mall,EMP202,Cara,Cash,SHIPPED
ORD202401487,2025-06-02,2025-06-04,2025-06-05,P001,Espresso,Coffee,S,63.59,1,0.0,63.59,44.27,19.32,C0081,Korn Prasert,ST004,Khon Kaen Mall,EMP202,Cara,Cash,DELIVERED
ORD202401488,2025-06-02,2025-06-04,2025-06-05,P102,Black Tea,Tea,L,70.29,1,0.0,70.29,49.01,21.28,C0346,Korn Sriwong,ST001,Central Plaza,EMP205,Finn,Mobile Wallet,DELIVERED
ORD202401489,2024-12-18,2024-12-20,2024-12-21,P102,Black Tea,Tea,M,59.9,1,8.55,51.35,42.06,9.29,C0146,Thida Srikul,ST006,Phuket Marina,EMP201,Ben,Cash,DELIVERED
ORD202401490,2024-03-20,2024-03-22,2024-03-24,P005,Mocha,Coffee,M,95.28,1,0.0,95.28,50.04,45.24,C0308,Nicha Prasert,ST005,Hatyai Center,EMP202,Cara,Mobile Wallet,DELIVERED
ORD202401491,2024-09-30,2024-09-30,2024-09-30,P002,Americano,Coffee,S,55.79,1,6.38,49.41,39.75,9.66,C0302,Preecha Boonmee,ST003,Chiang Mai One,EMP200,Ann,Mobile Wallet,DELIVERED
ORD202401492,2025-04-12,,,P005,Mocha,Coffee,S,78.83,1,0.0,0.0,0.0,-47.8,C0013,Thida Prasert,ST005,Hatyai Center,EMP203,Dan,Mobile Wallet,CANCELLED
ORD202401493,2024-08-04,2024-08-05,2024-08-09,P003,Latte,Coffee,M,91.53,1,0.0,91.53,63.14,28.39,C0038,Nicha Suwan,ST005,Hatyai Center,EMP201,Ben,Credit Card,DELIVERED
ORD202401494,2025-02-08,2025-02-10,2025-02-14,P202,Cheesecake,Bakery,-,76.91,2,0.0,153.82,115.2,38.62,C0448,Preecha Prasert,ST006,Phuket Marina,EMP203,Dan,Credit Card,DELIVERED
ORD202401495,2025-06-11,2025-06-12,2025-06-12,P102,Black Tea,Tea,M,59.51,1,0.0,59.51,37.71,21.8,C0342,Korn Bussaba,ST003,Chiang Mai One,EMP200,Ann,Mobile Wallet,DELIVERED
ORD202401496,2025-01-17,2025-01-17,2025-01-17,P001,Espresso,Coffee,L,87.24,1,0.0,87.24,52.48,34.76,C0082,Kanya Suwan,ST003,Chiang Mai One,EMP200,Ann,Mobile Wallet,DELIVERED
ORD202401497,2024-06-07,2024-06-08,2024-06-08,P202,Cheesecake,Bakery,-,87.49,3,0.36,262.11,187.46,74.65,C0445,Somchai Srikul,ST005,Hatyai Center,EMP203,Dan,Cash,DELIVERED
ORD202401498,2024-09-01,2024-09-02,2024-09-03,P001,Espresso,Coffee,S,58.37,1,10.74,47.63,30.03,17.6,C0477,Saran Suwan,ST003,Chiang Mai One,EMP203,Dan,QR PromptPay,DELIVERED
ORD202401499,2024-08-19,,,P001,Espresso,Coffee,L,85.66,1,4.72,80.94,44.22,36.72,C0384,Saran Suwan,ST002,Silom Complex,EMP205,Finn,QR PromptPay,ORDERED
ORD202401500,2024-06-01,2024-06-03,2024-06-06,P101,Green Tea,Tea,L,76.77,1,2.44,74.33,52.88,21.45,C0335,Suda Boonmee,ST002,Silom Complex,EMP202,Cara,Credit Card,DELIVERED
ORD202401501,2025-03-20,2025-03-22,2025-03-22,P004,Cappuccino,Coffee,S,72.93,2,0.0,145.86,104.27,41.59,C0163,Korn Srikul,ST005,Hatyai Center,EMP203,Dan,Mobile Wallet,DELIVERED
ORD202401502,2024-05-24,2024-05-26,2024-05-30,P201,Croissant,Bakery,-,46.04,1,9.74,36.3,23.11,13.19,C0070,Napat Suwan,ST003,Chiang Mai One,EMP202,Cara,QR PromptPay,DELIVERED
ORD202401503,2024-07-21,2024-07-21,,P201,Croissant,Bakery,-,46.0,1,0.0,46.0,32.25,13.75,C0215,Somchai Sriwong,ST001,Central Plaza,EMP204,Eve,Credit Card,SHIPPED
ORD202401504,2024-04-10,2024-04-11,2024-04-12,P003,Latte,Coffee,M,87.45,1,0.0,87.45,50.25,37.2,C0429,Thanakorn Sukjai,ST001,Central Plaza,EMP201,Ben,Credit Card,DELIVERED
ORD202401505,2024-08-26,2024-08-26,2024-08-27,P202,Cheesecake,Bakery,-,76.92,1,0.0,76.92,38.93,37.99,C0243,Anan Srikul,ST002,Silom Complex,EMP200,Ann,Mobile Wallet,DELIVERED
ORD202401506,2025-06-24,2025-06-25,2025-06-25,P002,Americano,Coffee,S,56.46,2,0.0,112.92,72.73,40.19,C0179,Wipa Chantarangsu,ST005,Hatyai Center,EMP205,Finn,Mobile Wallet,DELIVERED
ORD202401507,2024-12-03,2024-12-03,2024-12-07,P201,Croissant,Bakery,-,47.24,2,0.0,94.48,67.03,27.45,C0217,Thida Boonmee,ST005,Hatyai Center,EMP202,Cara,Credit Card,DELIVERED
ORD202401508,2025-06-18,2025-06-20,2025-06-24,P001,Espresso,Coffee,L,83.84,3,37.98,213.54,153.33,60.21,C0165,Wipa Yodkaew,ST001,Central Plaza,EMP204,Eve,Credit Card,DELIVERED
ORD202401509,2024-01-12,2024-01-14,2024-01-18,P203,Brownie,Bakery,-,49.34,1,0.0,49.34,25.13,24.21,C0363,Thida Boonmee,ST001,Central Plaza,EMP204,Eve,Mobile Wallet,DELIVERED
ORD202401510,2024-08-06,2024-08-06,2024-08-08,P204,Bagel,Bakery,-,41.19,1,6.71,34.48,27.74,6.74,C0215,Somchai Sriwong,ST003,Chiang Mai One,EMP202,Cara,Credit Card,DELIVERED
ORD202401511,2024-04-12,,,P002,Americano,Coffee,M,69.84,2,0.0,139.68,97.0,42.68,C0468,Kanya Bussaba,ST001,Central Plaza,EMP201,Ben,Cash,ORDERED
ORD202401512,2024-08-09,2024-08-09,2024-08-10,P204,Bagel,Bakery,-,41.94,1,0.0,41.94,29.51,12.43,C0005,Chanida Sukjai,ST002,Silom Complex,EMP203,Dan,Mobile Wallet,DELIVERED
ORD202401513,2024-08-28,2024-08-28,2024-08-29,P204,Bagel,Bakery,-,39.34,2,0.0,78.68,51.9,26.78,C0434,Thida Chantarangsu,ST004,Khon Kaen Mall,EMP200,Ann,Mobile Wallet,DELIVERED
ORD202401514,2025-04-08,2025-04-08,,P101,Green Tea,Tea,M,65.13,1,1.97,63.16,33.14,30.02,C0494,Nicha Thongchai,ST005,Hatyai Center,EMP200,Ann,Cash,SHIPPED
ORD202401515,2024-01-10,,,P103,Thai Tea,Tea,S,57.27,2,1.67,0.0,0.0,-68.83,C0230,Thida Boonmee,ST006,Phuket Marina,EMP204,Eve,Cash,CANCELLED
ORD202401516,2025-01-10,2025-01-11,2025-01-14,P103,Thai Tea,Tea,M,68.71,1,0.0,68.71,38.21,30.5,C0371,Thida Sriwong,ST006,Phuket Marina,EMP202,Cara,Mobile Wallet,DELIVERED
ORD202401517,2024-08-28,2024-08-30,2024-09-02,P101,Green Tea,Tea,S,47.92,1,0.0,47.92,27.68,20.24,C0006,Anan Bussaba,ST002,Silom Complex,EMP201,Ben,QR PromptPay,DELIVERED
ORD202401518,2025-06-11,2025-06-11,2025-06-15,P002,Americano,Coffee,S,52.71,1,0.35,52.36,26.43,25.93,C0251,Wipa Prasert,ST005,Hatyai Center,EMP204,Eve,Credit Card,DELIVERED
ORD202401519,2025-05-12,2025-05-13,2025-05-13,P201,Croissant,Bakery,-,48.28,3,0.0,144.84,88.67,56.17,C0205,Korn Sukjai,ST002,Silom Complex,EMP205,Finn,Mobile Wallet,DELIVERED
ORD202401520,2024-09-27,2024-09-27,2024-09-28,P005,Mocha,Coffee,S,81.48,1,0.0,81.48,51.23,30.25,C0078,Kanya Prasert,ST005,Hatyai Center,EMP202,Cara,Cash,DELIVERED
ORD202401521,2025-01-23,2025-01-24,,P003,Latte,Coffee,M,88.74,3,0.0,266.22,133.69,132.53,C0399,Korn Suwan,ST002,Silom Complex,EMP201,Ben,Cash,SHIPPED
ORD202401522,2025-03-19,2025-03-19,,P003,Latte,Coffee,L,105.6,1,0.0,105.6,68.5,37.1,C0313,Saran Srikul,ST004,Khon Kaen Mall,EMP203,Dan,Credit Card,SHIPPED
ORD202401523,2024-04-24,2024-04-25,2024-04-26,P201,Croissant,Bakery,-,47.07,1,0.0,47.07,33.36,13.71,C0252,Korn Chantarangsu,ST006,Phuket Marina,EMP205,Finn,Cash,DELIVERED
ORD202401524,2024-05-18,2024-05-19,,P101,Green Tea,Tea,S,47.77,2,0.0,95.54,56.38,39.16,C0385,Wipa Thongchai,ST005,Hatyai Center,EMP204,Eve,Mobile Wallet,SHIPPED
ORD202401525,2024-07-10,2024-07-11,2024-07-11,P001,Espresso,Coffee,M,69.43,1,0.0,69.43,45.35,24.08,C0243,Anan Srikul,ST004,Khon Kaen Mall,EMP203,Dan,Mobile Wallet,DELIVERED
ORD202401526,2025-05-27,,,P204,Bagel,Bakery,-,41.0,1,9.49,0.0,0.0,-21.09,C0275,Anan Prasert,ST005,Hatyai Center,EMP204,Eve,Mobile Wallet,CANCELLED
ORD202401527,2025-05-20,2025-05-22,2025-05-23,P005,Mocha,Coffee,M,96.11,1,22.22,73.89,49.11,24.78,C0032,Napat Bussaba,ST004,Khon Kaen Mall,EMP201,Ben,QR PromptPay,DELIVERED
ORD202401528,2025-01-02,2025-01-04,,P001,Espresso,Coffee,M,70.59,1,0.0,70.59,49.91,20.68,C0283,Suda Srikul,ST004,Khon Kaen Mall,EMP201,Ben,Mobile Wallet,SHIPPED
ORD202401529,2024-05-09,2024-05-10,,P203,Brownie,Bakery,-,50.15,3,24.31,126.14,88.23,37.91,C0172,Nicha Yodkaew,ST003,Chiang Mai One,EMP203,Dan,QR PromptPay,SHIPPED
ORD202401530,2024-01-12,2024-01-14,2024-01-17,P204,Bagel,Bakery,-,42.49,3,0.0,127.47,64.98,62.49,C0296,Thida Bussaba,ST002,Silom Complex,EMP204,Eve,QR PromptPay,DELIVERED
ORD202401531,2025-05-24,2025-05-26,2025-05-30,P002,Americano,Coffee,M,62.8,1,0.0,62.8,39.94,22.86,C0438,Preecha Yodkaew,ST005,Hatyai Center,EMP203,Dan,Mobile Wallet,DELIVERED
ORD202401532,2024-07-07,2024-07-07,2024-07-11,P101,Green Tea,Tea,S,52.7,2,0.0,105.4,58.64,46.76,C0040,Saran Prasert,ST002,Silom Complex,EMP205,Finn,QR PromptPay,DELIVERED
ORD202401533,2025-06-29,2025-07-01,2025-07-05,P003,Latte,Coffee,S,72.79,1,0.0,72.79,46.36,26.43,C0177,Thanakorn Suwan,ST001,Central Plaza,EMP201,Ben,Credit Card,DELIVERED
ORD202401534,2024-05-05,2024-05-05,2024-05-07,P003,Latte,Coffee,L,94.68,3,0.0,284.04,205.23,78.81,C0070,Napat Suwan,ST005,Hatyai Center,EMP203,Dan,QR PromptPay,DELIVERED
ORD202401535,2025-03-05,2025-03-07,,P002,Americano,Coffee,M,68.29,1,0.0,68.29,35.99,32.3,C0462,Kanya Boonmee,ST003,Chiang Mai One,EMP203,Dan,Credit Card,SHIPPED
ORD202401536,2024-11-20,2024-11-22,2024-11-22,P201,Croissant,Bakery,-,46.36,1,1.11,45.25,34.44,10.81,C0414,Nicha Chantarangsu,ST003,Chiang Mai One,EMP203,Dan,QR PromptPay,DELIVERED
ORD202401537,2024-10-04,2024-10-04,,P005,Mocha,Coffee,S,80.18,1,13.65,66.53,50.1,16.43,C0151,Napat Chantarangsu,ST005,Hatyai Center,EMP203,Dan,QR PromptPay,SHIPPED
ORD202401538,2024-07-26,2024-07-28,2024-08-01,P103,Thai Tea,Tea,S,54.65,3,11.18,152.77,113.43,39.34,C0226,Korn Bussaba,ST003,Chiang Mai One,EMP202,Cara,Mobile Wallet,DELIVERED
ORD202401539,2024-04-18,2024-04-18,2024-04-21,P005,Mocha,Coffee,L,112.14,1,0.0,112.14,64.72,47.42,C0078,Kanya Prasert,ST002,Silom Complex,EMP201,Ben,QR PromptPay,DELIVERED
ORD202401540,2024-11-11,2024-11-13,2024-11-17,P204,Bagel,Bakery,-,41.79,1,0.0,41.79,20.94,20.85,C0227,Anan Sukjai,ST003,Chiang Mai One,EMP200,Ann,Credit Card,DELIVERED
ORD202401541,2024-04-25,2024-04-25,2024-04-25,P202,Cheesecake,Bakery,-,84.16,1,0.0,84.16,57.75,26.41,C0142,Nicha Suwan,ST006,Phuket Marina,EMP200,Ann,Cash,DELIVERED
ORD202401542,2024-03-02,,,P003,Latte,Coffee,M,85.59,1,0.0,0.0,0.0,-45.86,C0382,Korn Bussaba,ST006,Phuket Marina,EMP205,Finn,Cash,CANCELLED
ORD202401543,2025-03-07,2025-03-07,2025-03-11,P005,Mocha,Coffee,L,99.91,3,0.0,299.73,196.35,103.38,C0357,Preecha Sriwong,ST006,Phuket Marina,EMP205,Finn,Credit Card,DELIVERED
ORD202401544,2024-12-27,,,P201,Croissant,Bakery,-,43.38,2,0.0,86.76,50.68,36.08,C0456,Thida Boonmee,ST001,Central Plaza,EMP201,Ben,Credit Card,ORDERED
ORD202401545,2025-03-07,2025-03-07,2025-03-10,P201,Croissant,Bakery,-,47.54,2,0.0,95.08,50.04,45.04,C0111,Wipa Suwan,ST003,Chiang Mai One,EMP202,Cara,Credit Card,DELIVERED
ORD202401546,2025-02-16,2025-02-18,2025-02-20,P201,Croissant,Bakery,-,49.41,1,0.0,49.41,32.21,17.2,C0130,Chanida Yodkaew,ST003,Chiang Mai One,EMP202,Cara,QR PromptPay,DELIVERED
ORD202401547,2024-12-07,,,P103,Thai Tea,Tea,M,66.06,2,9.64,122.48,77.51,44.97,C0455,Napat Sukjai,ST003,Chiang Mai One,EMP201,Ben,QR PromptPay,ORDERED
ORD202401548,2025-02-02,2025-02-02,2025-02-03,P204,Bagel,Bakery,-,40.14,1,0.0,40.14,23.17,16.97,C0396,Wipa Suwan,ST004,Khon Kaen Mall,EMP203,Dan,Mobile Wallet,DELIVERED
ORD202401549,2024-09-13,2024-09-13,2024-09-14,P001,Espresso,Coffee,S,63.49,1,0.0,63.49,34.96,28.53,C0314,Napat Thongchai,ST003,Chiang Mai One,EMP205,Finn,Mobile Wallet,DELIVERED
ORD202401550,2024-10-26,2024-10-26,2024-10-26,P103,Thai Tea,Tea,L,77.72,1,0.0,77.72,42.38,35.34,C0181,Thida Chantarangsu,ST005,Hatyai Center,EMP203,Dan,Mobile Wallet,DELIVERED
ORD202401551,2025-06-25,2025-06-26,2025-06-28,P103,Thai Tea,Tea,M,63.13,1,14.76,48.37,33.19,15.18,C0392,Wipa Boonmee,ST002,Silom Complex,EMP204,Eve,Cash,DELIVERED
ORD202401552,2024-02-04,2024-02-06,,P005,Mocha,Coffee,L,111.17,1,7.91,103.26,64.25,39.01,C0247,Preecha Prasert,ST003,Chiang Mai One,EMP201,Ben,QR PromptPay,SHIPPED
ORD202401553,2025-05-20,2025-05-20,2025-05-23,P202,Cheesecake,Bakery,-,77.55,1,17.05,60.5,51.39,9.11,C0197,Napat Yodkaew,ST001,Central Plaza,EMP204,Eve,Cash,DELIVERED
ORD202401554,2024-03-01,2024-03-03,2024-03-06,P004,Cappuccino,Coffee,S,74.12,3,0.0,222.36,163.54,58.82,C0136,Thanakorn Sukjai,ST003,Chiang Mai One,EMP204,Eve,QR PromptPay,DELIVERED
ORD202401555,2024-10-19,2024-10-19,2024-10-20,P102,Black Tea,Tea,L,71.99,1,8.99,63.0,47.22,15.78,C0333,Saran Prasert,ST006,Phuket Marina,EMP203,Dan,Mobile Wallet,DELIVERED
ORD202401556,2024-12-13,2024-12-14,2024-12-14,P101,Green Tea,Tea,M,61.24,2,0.0,122.48,90.7,31.78,C0130,Chanida Yodkaew,ST006,Phuket Marina,EMP203,Dan,QR PromptPay,DELIVERED
ORD202401557,2025-01-11,2025-01-12,,P201,Croissant,Bakery,-,42.91,1,0.0,42.91,30.46,12.45,C0486,Thanakorn Suwan,ST003,Chiang Mai One,EMP203,Dan,Credit Card,SHIPPED
ORD202401558,2025-03-10,2025-03-12,2025-03-16,P001,Espresso,Coffee,L,84.69,1,0.0,84.69,62.92,21.77,C0155,Napat Boonmee,ST003,Chiang Mai One,EMP202,Cara,Cash,DELIVERED
ORD202401559,2024-02-20,2024-02-21,2024-02-21,P204,Bagel,Bakery,-,38.42,2,0.0,76.84,56.18,20.66,C0264,Korn Boonmee,ST004,Khon Kaen Mall,EMP202,Cara,Mobile Wallet,DELIVERED
ORD202401560,2024-08-24,2024-08-24,2024-08-26,P102,Black Tea,Tea,S,48.29,1,0.0,48.29,35.1,13.19,C0461,Suda Yodkaew,ST002,Silom Complex,EMP200,Ann,Cash,DELIVERED
ORD202401561,2024-01-05,2024-01-07,2024-01-08,P202,Cheesecake,Bakery,-,84.95,1,0.0,84.95,46.19,38.76,C0267,Chanida Srikul,ST005,Hatyai Center,EMP203,Dan,QR PromptPay,DELIVERED
ORD202401562,2024-10-07,2024-10-09,2024-10-13,P203,Brownie,Bakery,-,49.19,1,11.77,37.42,32.66,4.76,C0480,Korn Suwan,ST002,Silom Complex,EMP204,Eve,Mobile Wallet,DELIVERED
ORD202401563,2025-03-05,,,P002,Americano,Coffee,L,75.03,2,0.0,150.06,100.06,50.0,C0013,Thida Prasert,ST006,Phuket Marina,EMP202,Cara,Cash,ORDERED
ORD202401564,2025-02-14,2025-02-14,2025-02-18,P204,Bagel,Bakery,-,41.8,1,0.0,41.8,27.8,14.0,C0292,Wipa Sukjai,ST001,Central Plaza,EMP203,Dan,Cash,DELIVERED
ORD202401565,2024-08-18,2024-08-20,2024-08-24,P203,Brownie,Bakery,-,49.24,1,0.0,49.24,34.11,15.13,C0226,Korn Bussaba,ST003,Chiang Mai One,EMP202,Cara,Mobile Wallet,DELIVERED
ORD202401566,2024-06-04,2024-06-05,2024-06-07,P204,Bagel,Bakery,-,39.71,2,18.81,60.61,56.8,3.81,C0378,Saran Suwan,ST002,Silom Complex,EMP203,Dan,Credit Card,DELIVERED
ORD202401567,2024-01-01,2024-01-02,2024-01-02,P103,Thai Tea,Tea,S,54.94,1,0.0,54.94,27.61,27.33,C0165,Wipa Yodkaew,ST001,Central Plaza,EMP202,Cara,Credit Card,DELIVERED
ORD202401568,2024-06-27,,,P101,Green Tea,Tea,M,61.05,1,1.13,59.92,33.95,25.97,C0291,Wipa Chantarangsu,ST003,Chiang Mai One,EMP204,Eve,QR PromptPay,ORDERED
ORD202401569,2024-12-30,2024-12-30,2025-01-03,P003,Latte,Coffee,S,68.22,1,0.19,68.03,50.31,17.72,C0051,Thida Boonmee,ST004,Khon Kaen Mall,EMP205,Finn,Credit Card,DELIVERED
ORD202401570,2024-06-24,2024-06-25,,P102,Black Tea,Tea,S,48.3,3,0.0,144.9,103.05,41.85,C0078,Kanya Prasert,ST003,Chiang Mai One,EMP205,Finn,Mobile Wallet,SHIPPED
ORD202401571,2025-01-07,,,P202,Cheesecake,Bakery,-,84.83,1,0.0,0.0,0.0,-43.4,C0064,Wipa Sriwong,ST005,Hatyai Center,EMP200,Ann,Credit Card,CANCELLED
ORD202401572,2024-06-24,,,P201,Croissant,Bakery,-,48.32,2,12.53,0.0,0.0,-70.57,C0323,Thida Thongchai,ST001,Central Plaza,EMP202,Cara,Credit Card,CANCELLED
ORD202401573,2024-08-15,2024-08-15,2024-08-15,P001,Espresso,Coffee,S,57.51,1,0.0,57.51,35.6,21.91,C0269,Kanya Boonmee,ST002,Silom Complex,EMP201,Ben,Cash,DELIVERED
ORD202401574,2024-07-10,2024-07-12,2024-07-15,P103,Thai Tea,Tea,L,77.08,1,9.4,67.68,53.77,13.91,C0317,Kanya Thongchai,ST002,Silom Complex,EMP202,Cara,QR PromptPay,DELIVERED
ORD202401575,2024-11-02,,,P101,Green Tea,Tea,S,48.6,1,0.0,48.6,30.85,17.75,C0324,Kanya Yodkaew,ST006,Phuket Marina,EMP203,Dan,Credit Card,ORDERED
ORD202401576,2025-05-09,,,P201,Croissant,Bakery,-,49.19,2,0.0,98.38,71.15,27.23,C0310,Somchai Boonmee,ST004,Khon Kaen Mall,EMP201,Ben,QR PromptPay,ORDERED
ORD202401577,2024-06-22,2024-06-24,,P102,Black Tea,Tea,M,61.53,3,0.0,184.59,101.04,83.55,C0075,Thida Sukjai,ST004,Khon Kaen Mall,EMP201,Ben,Credit Card,SHIPPED
ORD202401578,2024-11-19,2024-11-20,2024-11-21,P005,Mocha,Coffee,S,72.25,2,0.0,144.5,81.94,62.56,C0058,Anan Yodkaew,ST005,Hatyai Center,EMP203,Dan,Mobile Wallet,DELIVERED
ORD202401579,2025-01-13,2025-01-14,2025-01-15,P203,Brownie,Bakery,-,49.1,2,1.1,97.1,51.28,45.82,C0358,Suda Sriwong,ST004,Khon Kaen Mall,EMP204,Eve,QR PromptPay,DELIVERED
ORD202401580,2024-12-03,2024-12-03,2024-12-06,P203,Brownie,Bakery,-,49.14,1,0.0,49.14,26.03,23.11,C0481,Wipa Suwan,ST006,Phuket Marina,EMP201,Ben,QR PromptPay,DELIVERED
ORD202401581,2024-01-28,2024-01-30,2024-02-03,P004,Cappuccino,Coffee,S,76.17,1,13.0,63.17,50.06,13.11,C0135,Saran Yodkaew,ST003,Chiang Mai One,EMP201,Ben,Cash,DELIVERED
ORD202401582,2024-02-26,2024-02-27,2024-02-29,P001,Espresso,Coffee,M,72.95,2,0.0,145.9,98.54,47.36,C0464,Saran Thongchai,ST002,Silom Complex,EMP205,Finn,Mobile Wallet,DELIVERED
ORD202401583,2024-09-26,,,P204,Bagel,Bakery,-,39.55,1,0.0,0.0,0.0,-19.87,C0300,Nicha Prasert,ST003,Chiang Mai One,EMP204,Eve,Mobile Wallet,CANCELLED
ORD202401584,2024-01-21,,,P103,Thai Tea,Tea,S,56.91,1,0.0,0.0,0.0,-36.45,C0290,Suda Boonmee,ST002,Silom Complex,EMP201,Ben,Credit Card,CANCELLED
ORD202401585,2024-05-20,2024-05-22,2024-05-26,P003,Latte,Coffee,M,80.55,2,0.0,161.1,112.89,48.21,C0348,Wipa Srikul,ST005,Hatyai Center,EMP205,Finn,Credit Card,DELIVERED
ORD202401586,2024-11-27,,,P202,Cheesecake,Bakery,-,84.88,2,0.0,0.0,0.0,-116.2,C0256,Korn Sriwong,ST003,Chiang Mai One,EMP202,Cara,Mobile Wallet,CANCELLED
ORD202401587,2024-08-18,2024-08-19,2024-08-23,P004,Cappuccino,Coffee,M,84.35,1,0.0,84.35,58.26,26.09,C0125,Thida Sukjai,ST003,Chiang Mai One,EMP202,Cara,Mobile Wallet,DELIVERED
ORD202401588,2024-10-08,2024-10-09,2024-10-13,P102,Black Tea,Tea,M,59.24,2,0.0,118.48,64.49,53.99,C0429,Thanakorn Sukjai,ST004,Khon Kaen Mall,EMP201,Ben,QR PromptPay,DELIVERED
ORD202401589,2024-11-03,,,P103,Thai Tea,Tea,S,52.28,1,4.41,0.0,0.0,-30.24,C0025,Nicha Sriwong,ST005,Hatyai Center,EMP205,Finn,Cash,CANCELLED
ORD202401590,2024-03-03,2024-03-05,2024-03-09,P102,Black Tea,Tea,M,60.5,2,28.15,92.85,84.4,8.45,C0302,Preecha Boonmee,ST006,Phuket Marina,EMP204,Eve,Credit Card,DELIVERED
ORD202401591,2024-09-04,2024-09-05,2024-09-07,P003,Latte,Coffee,L,103.27,1,22.93,80.34,62.24,18.1,C0067,Wipa Yodkaew,ST001,Central Plaza,EMP202,Cara,QR PromptPay,DELIVERED
ORD202401592,2025-03-07,2025-03-08,2025-03-09,P004,Cappuccino,Coffee,M,91.98,2,11.19,172.77,105.82,66.95,C0128,Nicha Boonmee,ST002,Silom Complex,EMP204,Eve,QR PromptPay,DELIVERED
ORD202401593,2025-04-05,2025-04-06,2025-04-08,P005,Mocha,Coffee,M,96.17,1,16.75,79.42,68.56,10.86,C0226,Korn Bussaba,ST005,Hatyai Center,EMP204,Eve,Cash,DELIVERED
ORD202401594,2024-08-22,2024-08-22,2024-08-25,P005,Mocha,Coffee,L,101.87,1,0.0,101.87,62.88,38.99,C0165,Wipa Yodkaew,ST006,Phuket Marina,EMP205,Finn,QR PromptPay,DELIVERED
ORD202401595,2024-11-25,2024-11-25,,P101,Green Tea,Tea,L,75.36,2,0.0,150.72,111.36,39.36,C0493,Saran Prasert,ST005,Hatyai Center,EMP201,Ben,Mobile Wallet,SHIPPED
ORD202401596,2025-05-01,2025-05-01,2025-05-04,P202,Cheesecake,Bakery,-,86.68,1,0.0,86.68,46.07,40.61,C0489,Wipa Yodkaew,ST005,Hatyai Center,EMP200,Ann,Mobile Wallet,DELIVERED
ORD202401597,2024-07-08,2024-07-08,2024-07-10,P101,Green Tea,Tea,S,53.84,3,26.88,134.64,110.62,24.02,C0255,Thanakorn Srikul,ST002,Silom Complex,EMP202,Cara,QR PromptPay,DELIVERED
ORD202401598,2024-05-13,2024-05-14,2024-05-18,P004,Cappuccino,Coffee,L,107.61,2,0.0,215.22,140.48,74.74,C0124,Preecha Suwan,ST003,Chiang Mai One,EMP204,Eve,QR PromptPay,DELIVERED
ORD202401599,2024-10-04,,,P204,Bagel,Bakery,-,41.63,1,7.32,0.0,0.0,-22.19,C0330,Somchai Srikul,ST005,Hatyai Center,EMP205,Finn,Credit Card,CANCELLED
ORD202401600,2024-11-08,2024-11-09,2024-11-10,P201,Croissant,Bakery,-,46.05,2,0.0,92.1,62.45,29.65,C0132,Thanakorn Bussaba,ST001,Central Plaza,EMP201,Ben,QR PromptPay,DELIVERED
ORD202401601,2025-06-15,2025-06-17,2025-06-18,P004,Cappuccino,Coffee,L,100.58,1,0.0,100.58,70.59,29.99,C0492,Saran Prasert,ST005,Hatyai Center,EMP202,Cara,QR PromptPay,DELIVERED
ORD202401602,2024-04-29,2024-04-29,2024-05-03,P102,Black Tea,Tea,L,72.59,1,4.28,68.31,39.8,28.51,C0447,Anan Bussaba,ST006,Phuket Marina,EMP205,Finn,QR PromptPay,DELIVERED
ORD202401603,2025-04-06,2025-04-07,,P203,Brownie,Bakery,-,50.41,1,0.0,50.41,25.3,25.11,C0304,Napat Yodkaew,ST003,Chiang Mai One,EMP201,Ben,Credit Card,SHIPPED
ORD202401604,2024-05-26,2024-05-28,2024-05-30,P102,Black Tea,Tea,S,52.03,3,0.0,156.09,90.15,65.94,C0320,Thida Bussaba,ST004,Khon Kaen Mall,EMP203,Dan,Mobile Wallet,DELIVERED
ORD202401605,2025-06-13,2025-06-15,2025-06-15,P005,Mocha,Coffee,L,100.04,3,0.0,300.12,179.44,120.68,C0199,Somchai Boonmee,ST004,Khon Kaen Mall,EMP204,Eve,Mobile Wallet,DELIVERED
ORD202401606,2024-07-23,2024-07-24,2024-07-28,P101,Green Tea,Tea,S,50.2,1,0.0,50.2,28.41,21.79,C0167,Napat Chantarangsu,ST004,Khon Kaen Mall,EMP205,Finn,Mobile Wallet,DELIVERED
ORD202401607,2024-06-21,2024-06-22,2024-06-26,P004,Cappuccino,Coffee,S,71.45,2,0.0,142.9,88.79,54.11,C0286,Korn Suwan,ST005,Hatyai Center,EMP205,Finn,QR PromptPay,DELIVERED
ORD202401608,2025-03-01,,,P005,Mocha,Coffee,M,96.61,2,0.0,0.0,0.0,-105.95,C0044,Wipa Thongchai,ST004,Khon Kaen Mall,EMP201,Ben,Credit Card,CANCELLED
ORD202401609,2024-01-14,2024-01-15,2024-01-18,P101,Green Tea,Tea,S,49.14,2,0.0,98.28,59.83,38.45,C0371,Thida Sriwong,ST004,Khon Kaen Mall,EMP205,Finn,QR PromptPay,DELIVERED
ORD202401610,2025-05-01,2025-05-03,2025-05-04,P001,Espresso,Coffee,S,57.18,1,3.5,53.68,38.97,14.71,C0290,Suda Boonmee,ST001,Central Plaza,EMP205,Finn,Mobile Wallet,DELIVERED
ORD202401611,2025-03-18,2025-03-18,2025-03-20,P002,Americano,Coffee,M,67.87,1,11.57,56.3,44.36,11.94,C0270,Saran Sukjai,ST003,Chiang Mai One,EMP204,Eve,Cash,DELIVERED
ORD202401612,2025-01-23,2025-01-23,,P001,Espresso,Coffee,S,59.77,2,0.0,119.54,77.75,41.79,C0179,Wipa Chantarangsu,ST006,Phuket Marina,EMP202,Cara,Cash,SHIPPED
ORD202401613,2025-05-24,2025-05-25,2025-05-27,P005,Mocha,Coffee,L,110.51,2,0.0,221.02,141.88,79.14,C0384,Saran Suwan,ST002,Silom Complex,EMP201,Ben,Mobile Wallet,DELIVERED
ORD202401614,2024-08-04,2024-08-06,2024-08-06,P005,Mocha,Coffee,S,71.86,1,0.0,71.86,50.39,21.47,C0256,Korn Sriwong,ST003,Chiang Mai One,EMP203,Dan,Cash,DELIVERED
ORD202401615,2024-11-15,2024-11-17,2024-11-20,P102,Black Tea,Tea,L,71.81,3,10.82,204.61,149.83,54.78,C0148,Saran Yodkaew,ST006,Phuket Marina,EMP203,Dan,QR PromptPay,DELIVERED
ORD202401616,2024-10-03,2024-10-04,2024-10-08,P204,Bagel,Bakery,-,39.6,2,2.57,76.63,49.86,26.77,C0157,Wipa Srikul,ST002,Silom Complex,EMP202,Cara,Cash,DELIVERED
ORD202401617,2024-02-15,2024-02-15,,P005,Mocha,Coffee,S,76.55,2,27.76,125.34,83.11,42.23,C0122,Wipa Prasert,ST001,Central Plaza,EMP201,Ben,Mobile Wallet,SHIPPED
ORD202401618,2024-09-10,2024-09-10,2024-09-12,P004,Cappuccino,Coffee,L,96.98,1,0.0,96.98,60.27,36.71,C0472,Suda Suwan,ST006,Phuket Marina,EMP205,Finn,Credit Card,DELIVERED
ORD202401619,2024-04-11,2024-04-12,2024-04-14,P004,Cappuccino,Coffee,M,87.5,1,13.7,73.8,49.94,23.86,C0131,Thida Boonmee,ST003,Chiang Mai One,EMP202,Cara,Cash,DELIVERED
ORD202401620,2025-06-01,2025-06-02,2025-06-04,P103,Thai Tea,Tea,L,75.82,3,0.0,227.46,165.93,61.53,C0053,Thida Sriwong,ST006,Phuket Marina,EMP200,Ann,Cash,DELIVERED
ORD202401621,2025-01-14,2025-01-14,2025-01-18,P004,Cappuccino,Coffee,M,92.27,1,0.0,92.27,58.7,33.57,C0377,Wipa Bussaba,ST006,Phuket Marina,EMP204,Eve,Mobile Wallet,DELIVERED
ORD202401622,2024-06-25,2024-06-27,,P202,Cheesecake,Bakery,-,76.56,1,9.11,67.45,55.42,12.03,C0200,Thanakorn Thongchai,ST004,Khon Kaen Mall,EMP203,Dan,QR PromptPay,SHIPPED
ORD202401623,2025-03-02,2025-03-04,2025-03-07,P203,Brownie,Bakery,-,50.29,1,0.0,50.29,27.34,22.95,C0299,Saran Sriwong,ST001,Central Plaza,EMP201,Ben,Credit Card,DELIVERED
ORD202401624,2024-12-27,2024-12-27,2024-12-28,P005,Mocha,Coffee,S,82.2,2,28.98,135.42,92.51,42.91,C0256,Korn Sriwong,ST003,Chiang Mai One,EMP204,Eve,Mobile Wallet,DELIVERED
ORD202401625,2024-09-12,2024-09-14,2024-09-18,P102,Black Tea,Tea,M,58.8,1,3.47,55.33,37.83,17.5,C0149,Suda Suwan,ST002,Silom Complex,EMP202,Cara,QR PromptPay,DELIVERED
ORD202401626,2024-02-06,2024-02-08,,P001,Espresso,Coffee,M,72.69,3,0.0,218.07,132.68,85.39,C0413,Nicha Sukjai,ST004,Khon Kaen Mall,EMP203,Dan,Cash,SHIPPED
ORD202401627,2025-03-18,2025-03-18,2025-03-18,P001,Espresso,Coffee,S,65.77,3,39.25,158.06,130.51,27.55,C0329,Preecha Prasert,ST002,Silom Complex,EMP204,Eve,QR PromptPay,DELIVERED
ORD202401628,2025-06-17,2025-06-17,2025-06-18,P102,Black Tea,Tea,S,48.02,1,0.0,48.02,31.65,16.37,C0262,Chanida Chantarangsu,ST004,Khon Kaen Mall,EMP200,Ann,Credit Card,DELIVERED
ORD202401629,2024-06-24,2024-06-25,2024-06-29,P202,Cheesecake,Bakery,-,81.26,3,0.0,243.78,174.84,68.94,C0100,Napat Bussaba,ST006,Phuket Marina,EMP201,Ben,Credit Card,DELIVERED
ORD202401630,2025-05-12,2025-05-12,2025-05-16,P102,Black Tea,Tea,M,63.94,2,0.0,127.88,65.61,62.27,C0451,Somchai Sukjai,ST006,Phuket Marina,EMP204,Eve,Credit Card,DELIVERED
ORD202401631,2024-07-13,2024-07-13,2024-07-13,P201,Croissant,Bakery,-,47.85,2,0.0,95.7,49.88,45.82,C0059,Somchai Boonmee,ST006,Phuket Marina,EMP202,Cara,Mobile Wallet,DELIVERED
ORD202401632,2024-09-11,,,P004,Cappuccino,Coffee,M,89.66,1,9.13,0.0,0.0,-65.43,C0156,Nicha Prasert,ST001,Central Plaza,EMP204,Eve,Mobile Wallet,CANCELLED
ORD202401633,2024-06-05,2024-06-07,2024-06-07,P003,Latte,Coffee,M,88.03,1,0.0,88.03,64.97,23.06,C0027,Napat Suwan,ST006,Phuket Marina,EMP205,Finn,QR PromptPay,DELIVERED
ORD202401634,2025-01-30,2025-02-01,2025-02-01,P004,Cappuccino,Coffee,M,85.85,1,0.0,85.85,52.23,33.62,C0499,Anan Thongchai,ST003,Chiang Mai One,EMP204,Eve,QR PromptPay,DELIVERED
ORD202401635,2025-03-26,2025-03-27,2025-03-28,P101,Green Tea,Tea,L,71.85,1,0.0,71.85,37.1,34.75,C0185,Somchai Sriwong,ST001,Central Plaza,EMP200,Ann,Cash,DELIVERED
ORD202401636,2024-02-08,2024-02-09,2024-02-11,P005,Mocha,Coffee,S,75.17,1,0.0,75.17,52.16,23.01,C0371,Thida Sriwong,ST006,Phuket Marina,EMP204,Eve,Cash,DELIVERED
ORD202401637,2025-03-22,2025-03-24,2025-03-24,P001,Espresso,Coffee,M,73.51,3,42.61,177.92,123.67,54.25,C0110,Kanya Bussaba,ST001,Central Plaza,EMP200,Ann,Mobile Wallet,DELIVERED
ORD202401638,2024-04-17,2024-04-17,2024-04-17,P004,Cappuccino,Coffee,S,72.34,1,0.0,72.34,52.89,19.45,C0045,Preecha Chantarangsu,ST006,Phuket Marina,EMP202,Cara,Mobile Wallet,DELIVERED
ORD202401639,2024-10-30,2024-10-30,2024-10-30,P004,Cappuccino,Coffee,M,89.49,1,0.0,89.49,53.56,35.93,C0248,Thanakorn Suwan,ST002,Silom Complex,EMP201,Ben,Mobile Wallet,DELIVERED
ORD202401640,2025-01-25,2025-01-25,2025-01-26,P201,Croissant,Bakery,-,45.02,2,0.0,90.04,63.24,26.8,C0111,Wipa Suwan,ST002,Silom Complex,EMP205,Finn,Cash,DELIVERED
ORD202401641,2024-05-25,2024-05-27,2024-05-29,P201,Croissant,Bakery,-,43.93,1,0.0,43.93,25.53,18.4,C0031,Suda Sriwong,ST005,Hatyai Center,EMP202,Cara,QR PromptPay,DELIVERED
ORD202401642,2024-10-30,2024-11-01,2024-11-02,P103,Thai Tea,Tea,S,55.74,1,0.0,55.74,39.27,16.47,C0185,Somchai Sriwong,ST005,Hatyai Center,EMP205,Finn,Cash,DELIVERED
ORD202401643,2024-08-10,2024-08-11,2024-08-11,P003,Latte,Coffee,S,69.25,1,13.45,55.8,41.81,13.99,C0081,Korn Prasert,ST002,Silom Complex,EMP200,Ann,Cash,DELIVERED
ORD202401644,2024-12-15,2024-12-15,2024-12-18,P003,Latte,Coffee,L,103.15,1,0.0,103.15,76.64,26.51,C0236,Preecha Chantarangsu,ST001,Central Plaza,EMP204,Eve,Mobile Wallet,DELIVERED
ORD202401645,2024-07-26,2024-07-28,2024-08-01,P001,Espresso,Coffee,M,77.13,1,0.0,77.13,46.83,30.3,C0282,Anan Boonmee,ST006,Phuket Marina,EMP200,Ann,QR PromptPay,DELIVERED
ORD202401646,2024-08-20,2024-08-22,2024-08-23,P203,Brownie,Bakery,-,51.04,1,11.46,39.58,34.85,4.73,C0215,Somchai Sriwong,ST003,Chiang Mai One,EMP205,Finn,QR PromptPay,DELIVERED
ORD202401647,2025-03-03,2025-03-05,2025-03-07,P002,Americano,Coffee,L,78.14,2,14.59,141.69,114.63,27.06,C0429,Thanakorn Sukjai,ST006,Phuket Marina,EMP205,Finn,Cash,DELIVERED
ORD202401648,2024-10-05,2024-10-06,2024-10-07,P103,Thai Tea,Tea,S,53.85,1,0.0,53.85,28.84,25.01,C0177,Thanakorn Suwan,ST004,Khon Kaen Mall,EMP203,Dan,Cash,DELIVERED
ORD202401649,2025-05-11,2025-05-12,2025-05-14,P103,Thai Tea,Tea,M,69.41,1,0.0,69.41,48.2,21.21,C0030,Preecha Prasert,ST001,Central Plaza,EMP204,Eve,Cash,DELIVERED
ORD202401650,2025-01-13,,,P005,Mocha,Coffee,M,93.3,3,0.0,0.0,0.0,-187.73,C0263,Napat Thongchai,ST001,Central Plaza,EMP200,Ann,QR PromptPay,CANCELLED
ORD202401651,2025-06-08,2025-06-08,2025-06-09,P204,Bagel,Bakery,-,43.13,1,0.0,43.13,23.34,19.79,C0481,Wipa Suwan,ST005,Hatyai Center,EMP200,Ann,Mobile Wallet,DELIVERED
ORD202401652,2025-04-05,2025-04-06,2025-04-09,P102,Black Tea,Tea,M,62.73,2,30.39,95.07,90.73,4.34,C0423,Somchai Sukjai,ST004,Khon Kaen Mall,EMP201,Ben,Credit Card,DELIVERED
ORD202401653,2024-10-30,2024-10-31,2024-11-04,P103,Thai Tea,Tea,M,70.95,2,0.0,141.9,105.61,36.29,C0120,Napat Prasert,ST005,Hatyai Center,EMP203,Dan,Mobile Wallet,DELIVERED
ORD202401654,2024-06-28,2024-06-29,2024-07-01,P103,Thai Tea,Tea,L,82.58,1,4.78,77.8,56.25,21.55,C0269,Kanya Boonmee,ST004,Khon Kaen Mall,EMP202,Cara,Credit Card,DELIVERED
ORD202401655,2025-01-28,2025-01-29,2025-02-01,P002,Americano,Coffee,M,66.02,1,11.52,54.5,45.54,8.96,C0040,Saran Prasert,ST005,Hatyai Center,EMP201,Ben,Credit Card,DELIVERED
ORD202401656,2024-08-20,2024-08-20,2024-08-22,P005,Mocha,Coffee,L,110.8,1,0.0,110.8,76.95,33.85,C0224,Napat Bussaba,ST003,Chiang Mai One,EMP202,Cara,Mobile Wallet,DELIVERED
ORD202401657,2025-01-04,2025-01-06,2025-01-06,P202,Cheesecake,Bakery,-,76.36,1,1.96,74.4,41.92,32.48,C0090,Suda Yodkaew,ST005,Hatyai Center,EMP203,Dan,Cash,DELIVERED
ORD202401658,2024-01-01,,,P001,Espresso,Coffee,L,91.76,2,0.0,183.52,114.03,69.49,C0366,Preecha Suwan,ST004,Khon Kaen Mall,EMP203,Dan,Mobile Wallet,ORDERED
ORD202401659,2024-10-10,2024-10-12,2024-10-16,P002,Americano,Coffee,S,55.78,2,0.0,111.56,78.96,32.6,C0443,Thida Sriwong,ST002,Silom Complex,EMP202,Cara,Mobile Wallet,DELIVERED
ORD202401660,2025-01-18,2025-01-19,2025-01-22,P005,Mocha,Coffee,L,108.11,2,0.0,216.22,155.32,60.9,C0067,Wipa Yodkaew,ST006,Phuket Marina,EMP202,Cara,Credit Card,DELIVERED
ORD202401661,2024-12-04,2024-12-04,2024-12-04,P202,Cheesecake,Bakery,-,82.13,3,13.83,232.56,171.02,61.54,C0309,Thanakorn Srikul,ST005,Hatyai Center,EMP200,Ann,Cash,DELIVERED
ORD202401662,2025-03-03,,,P103,Thai Tea,Tea,L,83.29,2,0.0,166.58,115.12,51.46,C0255,Thanakorn Srikul,ST003,Chiang Mai One,EMP205,Finn,Mobile Wallet,ORDERED
ORD202401663,2025-02-19,2025-02-20,2025-02-22,P005,Mocha,Coffee,M,94.54,1,13.27,81.27,70.45,10.82,C0492,Saran Prasert,ST005,Hatyai Center,EMP201,Ben,Credit Card,DELIVERED
ORD202401664,2025-03-22,2025-03-22,2025-03-25,P204,Bagel,Bakery,-,42.98,2,0.0,85.96,53.67,32.29,C0492,Saran Prasert,ST002,Silom Complex,EMP204,Eve,Mobile Wallet,DELIVERED
ORD202401665,2024-07-30,2024-07-31,,P004,Cappuccino,Coffee,S,71.83,1,0.0,71.83,36.23,35.6,C0484,Saran Thongchai,ST005,Hatyai Center,EMP203,Dan,Cash,SHIPPED
ORD202401666,2024-01-19,2024-01-19,2024-01-22,P001,Espresso,Coffee,M,71.42,2,35.23,107.61,107.08,0.53,C0254,Anan Srikul,ST001,Central Plaza,EMP205,Finn,Credit Card,DELIVERED
ORD202401667,2025-05-04,2025-05-06,2025-05-10,P101,Green Tea,Tea,S,53.33,1,0.0,53.33,27.14,26.19,C0282,Anan Boonmee,ST003,Chiang Mai One,EMP203,Dan,Credit Card,DELIVERED
ORD202401668,2024-09-10,2024-09-11,2024-09-12,P102,Black Tea,Tea,S,49.44,1,0.0,49.44,29.55,19.89,C0260,Anan Yodkaew,ST002,Silom Complex,EMP202,Cara,QR PromptPay,DELIVERED
ORD202401669,2025-03-07,2025-03-07,2025-03-09,P103,Thai Tea,Tea,S,60.01,3,36.84,143.19,124.8,18.39,C0165,Wipa Yodkaew,ST005,Hatyai Center,EMP203,Dan,Mobile Wallet,DELIVERED
ORD202401670,2024-08-19,2024-08-20,2024-08-20,P101,Green Tea,Tea,M,64.52,2,10.09,118.95,73.08,45.87,C0317,Kanya Thongchai,ST004,Khon Kaen Mall,EMP201,Ben,Cash,DELIVERED
ORD202401671,2024-09-11,2024-09-11,2024-09-15,P001,Espresso,Coffee,M,75.36,1,0.0,75.36,46.82,28.54,C0033,Kanya Thongchai,ST004,Khon Kaen Mall,EMP203,Dan,Credit Card,DELIVERED
ORD202401672,2025-01-09,2025-01-10,2025-01-11,P001,Espresso,Coffee,L,82.13,3,50.71,195.68,162.35,33.33,C0154,Thanakorn Yodkaew,ST004,Khon Kaen Mall,EMP202,Cara,Cash,DELIVERED
ORD202401673,2025-03-13,2025-03-13,2025-03-15,P003,Latte,Coffee,L,99.41,2,0.0,198.82,101.07,97.75,C0241,Thanakorn Chantarangsu,ST005,Hatyai Center,EMP204,Eve,Mobile Wallet,DELIVERED
ORD202401674,2024-03-22,2024-03-22,2024-03-24,P001,Espresso,Coffee,L,87.18,2,38.6,135.76,107.95,27.81,C0269,Kanya Boonmee,ST003,Chiang Mai One,EMP202,Cara,QR PromptPay,DELIVERED
ORD202401675,2024-12-05,2024-12-07,2024-12-10,P204,Bagel,Bakery,-,40.79,2,5.09,76.49,60.97,15.52,C0432,Wipa Sriwong,ST001,Central Plaza,EMP205,Finn,Credit Card,DELIVERED
ORD202401676,2024-01-17,2024-01-19,2024-01-23,P005,Mocha,Coffee,L,101.91,1,23.89,78.02,71.75,6.27,C0331,Chanida Sriwong,ST001,Central Plaza,EMP203,Dan,QR PromptPay,DELIVERED
ORD202401677,2024-11-01,2024-11-01,2024-11-01,P003,Latte,Coffee,L,95.25,1,7.3,87.95,70.01,17.94,C0489,Wipa Yodkaew,ST001,Central Plaza,EMP202,Cara,Cash,DELIVERED
ORD202401678,2024-11-20,2024-11-21,2024-11-22,P001,Espresso,Coffee,M,71.1,1,9.78,61.32,45.94,15.38,C0062,Nicha Suwan,ST001,Central Plaza,EMP201,Ben,QR PromptPay,DELIVERED
ORD202401679,2025-05-25,2025-05-25,2025-05-28,P103,Thai Tea,Tea,M,64.97,2,0.0,129.94,83.98,45.96,C0445,Somchai Srikul,ST001,Central Plaza,EMP200,Ann,Cash,DELIVERED
ORD202401680,2024-02-09,2024-02-11,2024-02-12,P201,Croissant,Bakery,-,43.43,2,0.0,86.86,59.21,27.65,C0274,Kanya Yodkaew,ST005,Hatyai Center,EMP204,Eve,Credit Card,DELIVERED
ORD202401681,2024-02-26,2024-02-27,2024-03-01,P004,Cappuccino,Coffee,M,91.86,3,29.63,245.95,157.23,88.72,C0493,Saran Prasert,ST005,Hatyai Center,EMP200,Ann,Cash,DELIVERED
ORD202401682,2024-11-29,,,P204,Bagel,Bakery,-,41.16,3,0.0,0.0,0.0,-85.21,C0320,Thida Bussaba,ST002,Silom Complex,EMP205,Finn,Mobile Wallet,CANCELLED
ORD202401683,2025-01-08,2025-01-10,2025-01-10,P005,Mocha,Coffee,S,74.77,1,1.47,73.3,43.83,29.47,C0339,Saran Sukjai,ST005,Hatyai Center,EMP201,Ben,Cash,DELIVERED
ORD202401684,2025-02-27,2025-02-27,2025-02-28,P001,Espresso,Coffee,L,88.93,1,0.0,88.93,49.89,39.04,C0247,Preecha Prasert,ST005,Hatyai Center,EMP201,Ben,Credit Card,DELIVERED
ORD202401685,2025-01-20,2025-01-20,2025-01-22,P202,Cheesecake,Bakery,-,86.87,2,34.72,139.02,108.87,30.15,C0017,Wipa Yodkaew,ST003,Chiang Mai One,EMP205,Finn,QR PromptPay,DELIVERED
ORD202401686,2025-01-30,2025-01-30,2025-02-02,P102,Black Tea,Tea,L,72.87,1,0.0,72.87,41.41,31.46,C0038,Nicha Suwan,ST006,Phuket Marina,EMP205,Finn,QR PromptPay,DELIVERED
ORD202401687,2024-09-26,2024-09-26,2024-09-27,P102,Black Tea,Tea,L,73.59,1,0.0,73.59,50.82,22.77,C0086,Wipa Sukjai,ST002,Silom Complex,EMP203,Dan,Credit Card,DELIVERED
ORD202401688,2024-05-26,2024-05-27,2024-05-29,P103,Thai Tea,Tea,L,79.45,2,2.05,156.85,107.06,49.79,C0240,Nicha Boonmee,ST006,Phuket Marina,EMP205,Finn,Credit Card,DELIVERED
ORD202401689,2025-03-22,2025-03-24,,P201,Croissant,Bakery,-,43.74,2,21.77,65.71,56.06,9.65,C0098,Korn Sukjai,ST004,Khon Kaen Mall,EMP203,Dan,Mobile Wallet,SHIPPED
ORD202401690,2024-05-09,2024-05-11,2024-05-14,P002,Americano,Coffee,M,66.02,1,0.0,66.02,34.76,31.26,C0348,Wipa Srikul,ST006,Phuket Marina,EMP200,Ann,QR PromptPay,DELIVERED
ORD202401691,2024-03-18,,,P003,Latte,Coffee,L,106.26,3,41.52,0.0,0.0,-227.12,C0132,Thanakorn Bussaba,ST004,Khon Kaen Mall,EMP202,Cara,Cash,CANCELLED
ORD202401692,2024-04-19,2024-04-21,2024-04-22,P001,Espresso,Coffee,L,83.47,1,18.16,65.31,51.41,13.9,C0277,Thida Thongchai,ST003,Chiang Mai One,EMP205,Finn,Mobile Wallet,DELIVERED
ORD202401693,2024-10-20,2024-10-20,2024-10-21,P202,Cheesecake,Bakery,-,85.13,1,2.22,82.91,46.01,36.9,C0307,Thida Thongchai,ST006,Phuket Marina,EMP200,Ann,Credit Card,DELIVERED
ORD202401694,2025-03-07,2025-03-09,2025-03-10,P102,Black Tea,Tea,S,49.34,1,8.36,40.98,24.96,16.02,C0177,Thanakorn Suwan,ST005,Hatyai Center,EMP203,Dan,Credit Card,DELIVERED
ORD202401695,2025-05-17,2025-05-19,2025-05-23,P102,Black Tea,Tea,L,72.76,2,0.0,145.52,96.49,49.03,C0011,Anan Thongchai,ST006,Phuket Marina,EMP202,Cara,Credit Card,DELIVERED
ORD202401696,2024-05-14,2024-05-15,2024-05-15,P002,Americano,Coffee,M,68.81,1,0.0,68.81,34.42,34.39,C0058,Anan Yodkaew,ST004,Khon Kaen Mall,EMP205,Finn,Cash,DELIVERED
ORD202401697,2024-12-06,2024-12-08,2024-12-12,P201,Croissant,Bakery,-,45.24,2,4.12,86.36,57.86,28.5,C0102,Anan Prasert,ST006,Phuket Marina,EMP204,Eve,Mobile Wallet,DELIVERED
ORD202401698,2024-02-25,2024-02-26,2024-03-01,P102,Black Tea,Tea,M,59.32,1,0.0,59.32,40.41,18.91,C0141,Thanakorn Suwan,ST006,Phuket Marina,EMP202,Cara,Credit Card,DELIVERED
ORD202401699,2024-03-31,2024-04-02,2024-04-03,P002,Americano,Coffee,M,70.47,1,0.0,70.47,41.87,28.6,C0464,Saran Thongchai,ST004,Khon Kaen Mall,EMP201,Ben,Credit Card,DELIVERED
ORD202401700,2024-06-05,2024-06-07,2024-06-10,P203,Brownie,Bakery,-,51.06,3,0.0,153.18,112.48,40.7,C0020,Thanakorn Prasert,ST004,Khon Kaen Mall,EMP201,Ben,Mobile Wallet,DELIVERED
ORD202401701,2025-01-11,2025-01-12,2025-01-12,P203,Brownie,Bakery,-,50.97,2,9.77,92.17,74.88,17.29,C0427,Korn Srikul,ST001,Central Plaza,EMP202,Cara,QR PromptPay,DELIVERED
ORD202401702,2024-04-08,2024-04-09,2024-04-10,P103,Thai Tea,Tea,L,84.36,3,0.0,253.08,161.66,91.42,C0028,Anan Sukjai,ST002,Silom Complex,EMP201,Ben,QR PromptPay,DELIVERED
ORD202401703,2025-03-11,,,P102,Black Tea,Tea,S,48.91,1,0.0,48.91,32.88,16.03,C0017,Wipa Yodkaew,ST005,Hatyai Center,EMP204,Eve,QR PromptPay,ORDERED
ORD202401704,2024-08-08,2024-08-09,2024-08-10,P004,Cappuccino,Coffee,S,71.89,1,0.0,71.89,46.78,25.11,C0401,Somchai Thongchai,ST004,Khon Kaen Mall,EMP204,Eve,Credit Card,DELIVERED
ORD202401705,2024-08-23,2024-08-23,2024-08-27,P204,Bagel,Bakery,-,43.48,3,0.0,130.44,85.05,45.39,C0345,Kanya Sriwong,ST005,Hatyai Center,EMP201,Ben,Mobile Wallet,DELIVERED
ORD202401706,2025-04-28,2025-04-28,,P103,Thai Tea,Tea,L,79.29,1,0.0,79.29,46.34,32.95,C0488,Wipa Srikul,ST002,Silom Complex,EMP201,Ben,QR PromptPay,SHIPPED
ORD202401707,2025-01-23,2025-01-24,2025-01-28,P101,Green Tea,Tea,M,58.26,1,1.72,56.54,43.68,12.86,C0036,Thida Boonmee,ST005,Hatyai Center,EMP201,Ben,QR PromptPay,DELIVERED
ORD202401708,2025-01-25,2025-01-25,2025-01-29,P201,Croissant,Bakery,-,46.86,2,0.0,93.72,51.1,42.62,C0325,Korn Chantarangsu,ST005,Hatyai Center,EMP205,Finn,QR PromptPay,DELIVERED
ORD202401709,2025-02-21,2025-02-22,2025-02-22,P001,Espresso,Coffee,S,60.15,1,0.0,60.15,43.74,16.41,C0345,Kanya Sriwong,ST001,Central Plaza,EMP200,Ann,Cash,DELIVERED
ORD202401710,2025-06-12,2025-06-13,2025-06-16,P003,Latte,Coffee,M,90.88,1,0.0,90.88,48.16,42.72,C0453,Kanya Sriwong,ST005,Hatyai Center,EMP204,Eve,Mobile Wallet,DELIVERED
ORD202401711,2025-04-27,2025-04-29,2025-04-30,P103,Thai Tea,Tea,L,77.06,1,0.0,77.06,54.96,22.1,C0396,Wipa Suwan,ST006,Phuket Marina,EMP201,Ben,Mobile Wallet,DELIVERED
ORD202401712,2024-11-07,,,P002,Americano,Coffee,L,84.41,1,0.0,84.41,50.72,33.69,C0286,Korn Suwan,ST003,Chiang Mai One,EMP205,Finn,Mobile Wallet,ORDERED
ORD202401713,2024-08-23,2024-08-24,2024-08-25,P102,Black Tea,Tea,S,52.65,2,0.0,105.3,78.06,27.24,C0370,Preecha Chantarangsu,ST003,Chiang Mai One,EMP203,Dan,Mobile Wallet,DELIVERED
ORD202401714,2024-01-12,2024-01-12,2024-01-13,P101,Green Tea,Tea,M,63.44,1,0.0,63.44,39.55,23.89,C0372,Nicha Srikul,ST005,Hatyai Center,EMP201,Ben,Mobile Wallet,DELIVERED
ORD202401715,2025-06-27,2025-06-28,2025-06-30,P101,Green Tea,Tea,L,69.26,2,0.0,138.52,99.15,39.37,C0204,Kanya Boonmee,ST004,Khon Kaen Mall,EMP201,Ben,Mobile Wallet,DELIVERED
ORD202401716,2024-10-28,2024-10-28,2024-10-31,P103,Thai Tea,Tea,S,56.01,1,0.0,56.01,41.51,14.5,C0087,Thida Sriwong,ST004,Khon Kaen Mall,EMP201,Ben,QR PromptPay,DELIVERED
ORD202401717,2024-11-29,2024-11-29,2024-11-30,P001,Espresso,Coffee,S,59.57,3,0.0,178.71,128.96,49.75,C0069,Saran Sukjai,ST004,Khon Kaen Mall,EMP201,Ben,QR PromptPay,DELIVERED
ORD202401718,2024-03-13,2024-03-14,2024-03-15,P202,Cheesecake,Bakery,-,79.04,2,0.0,158.08,113.5,44.58,C0310,Somchai Boonmee,ST005,Hatyai Center,EMP200,Ann,Cash,DELIVERED
ORD202401719,2024-04-27,2024-04-27,2024-04-29,P202,Cheesecake,Bakery,-,84.87,1,19.86,65.01,44.17,20.84,C0111,Wipa Suwan,ST005,Hatyai Center,EMP200,Ann,QR PromptPay,DELIVERED
ORD202401720,2024-06-02,2024-06-02,2024-06-04,P001,Espresso,Coffee,L,82.7,1,7.14,75.56,59.93,15.63,C0368,Chanida Prasert,ST004,Khon Kaen Mall,EMP205,Finn,Cash,DELIVERED
ORD202401721,2025-06-10,2025-06-11,2025-06-12,P102,Black Tea,Tea,M,60.48,2,26.37,94.59,70.37,24.22,C0323,Thida Thongchai,ST002,Silom Complex,EMP201,Ben,Credit Card,DELIVERED
ORD202401722,2024-10-10,2024-10-12,2024-10-12,P204,Bagel,Bakery,-,38.5,2,14.5,62.5,51.15,11.35,C0076,Suda Srikul,ST005,Hatyai Center,EMP202,Cara,Mobile Wallet,DELIVERED
ORD202401723,2024-06-18,2024-06-19,2024-06-23,P003,Latte,Coffee,L,103.52,1,0.0,103.52,70.7,32.82,C0334,Anan Chantarangsu,ST006,Phuket Marina,EMP203,Dan,Cash,DELIVERED
ORD202401724,2024-10-28,,,P003,Latte,Coffee,L,101.76,2,34.5,0.0,0.0,-120.82,C0161,Napat Boonmee,ST005,Hatyai Center,EMP205,Finn,Mobile Wallet,CANCELLED
ORD202401725,2024-01-29,2024-01-31,2024-02-04,P201,Croissant,Bakery,-,48.26,1,0.0,48.26,26.02,22.24,C0001,Wipa Sriwong,ST004,Khon Kaen Mall,EMP200,Ann,Mobile Wallet,DELIVERED
ORD202401726,2024-12-30,2024-12-30,,P203,Brownie,Bakery,-,48.21,3,0.0,144.63,103.68,40.95,C0223,Anan Prasert,ST002,Silom Complex,EMP200,Ann,QR PromptPay,SHIPPED
ORD202401727,2024-02-21,2024-02-22,2024-02-25,P103,Thai Tea,Tea,S,55.96,2,0.0,111.92,66.08,45.84,C0309,Thanakorn Srikul,ST002,Silom Complex,EMP202,Cara,QR PromptPay,DELIVERED
ORD202401728,2024-08-18,2024-08-18,2024-08-18,P103,Thai Tea,Tea,S,55.76,1,0.0,55.76,34.82,20.94,C0068,Thida Thongchai,ST001,Central Plaza,EMP201,Ben,Credit Card,DELIVERED
ORD202401729,2024-06-24,,,P202,Cheesecake,Bakery,-,84.03,1,0.0,0.0,0.0,-53.58,C0375,Napat Boonmee,ST002,Silom Complex,EMP201,Ben,Credit Card,CANCELLED
ORD202401730,2024-04-09,2024-04-09,2024-04-13,P202,Cheesecake,Bakery,-,87.45,2,15.49,159.41,97.19,62.22,C0133,Korn Yodkaew,ST005,Hatyai Center,EMP200,Ann,QR PromptPay,DELIVERED
ORD202401731,2024-05-05,2024-05-07,2024-05-09,P005,Mocha,Coffee,L,104.2,1,25.4,78.8,72.45,6.35,C0048,Suda Srikul,ST001,Central Plaza,EMP202,Cara,Cash,DELIVERED
ORD202401732,2024-07-11,,,P201,Croissant,Bakery,-,45.98,3,11.27,0.0,0.0,-79.06,C0129,Nicha Boonmee,ST005,Hatyai Center,EMP200,Ann,QR PromptPay,CANCELLED
ORD202401733,2025-01-29,,,P102,Black Tea,Tea,L,67.99,2,0.0,135.98,72.19,63.79,C0484,Saran Thongchai,ST002,Silom Complex,EMP205,Finn,Mobile Wallet,ORDERED
ORD202401734,2025-02-08,2025-02-10,,P004,Cappuccino,Coffee,L,103.25,1,3.78,99.47,57.57,41.9,C0224,Napat Bussaba,ST002,Silom Complex,EMP204,Eve,QR PromptPay,SHIPPED
ORD202401735,2025-05-09,2025-05-11,2025-05-11,P002,Americano,Coffee,L,73.56,2,0.0,147.12,80.36,66.76,C0349,Preecha Yodkaew,ST003,Chiang Mai One,EMP203,Dan,QR PromptPay,DELIVERED
ORD202401736,2024-05-16,2024-05-18,2024-05-18,P102,Black Tea,Tea,M,63.48,1,0.0,63.48,44.87,18.61,C0349,Preecha Yodkaew,ST005,Hatyai Center,EMP203,Dan,Credit Card,DELIVERED
ORD202401737,2025-02-01,2025-02-03,2025-02-07,P002,Americano,Coffee,S,59.54,1,0.0,59.54,30.84,28.7,C0159,Preecha Sriwong,ST006,Phuket Marina,EMP200,Ann,Cash,DELIVERED
ORD202401738,2024-11-12,2024-11-12,2024-11-16,P204,Bagel,Bakery,-,43.74,3,0.0,131.22,79.57,51.65,C0204,Kanya Boonmee,ST004,Khon Kaen Mall,EMP205,Finn,QR PromptPay,DELIVERED
ORD202401739,2024-05-04,,,P004,Cappuccino,Coffee,S,72.8,1,11.27,0.0,0.0,-52.14,C0290,Suda Boonmee,ST001,Central Plaza,EMP202,Cara,Mobile Wallet,CANCELLED
ORD202401740,2025-05-28,2025-05-28,2025-05-30,P001,Espresso,Coffee,S,60.58,1,0.0,60.58,33.63,26.95,C0247,Preecha Prasert,ST004,Khon Kaen Mall,EMP200,Ann,QR PromptPay,DELIVERED
ORD202401741,2024-12-26,2024-12-26,2024-12-26,P202,Cheesecake,Bakery,-,77.41,2,0.0,154.82,102.48,52.34,C0212,Preecha Yodkaew,ST004,Khon Kaen Mall,EMP204,Eve,Cash,DELIVERED
ORD202401742,2024-03-31,2024-04-02,2024-04-02,P004,Cappuccino,Coffee,M,82.0,1,15.08,66.92,43.46,23.46,C0368,Chanida Prasert,ST005,Hatyai Center,EMP200,Ann,Cash,DELIVERED
ORD202401743,2024-03-29,2024-03-31,2024-03-31,P001,Espresso,Coffee,L,81.29,1,0.0,81.29,53.76,27.53,C0431,Korn Bussaba,ST001,Central Plaza,EMP203,Dan,Cash,DELIVERED
ORD202401744,2025-02-26,,,P102,Black Tea,Tea,L,72.97,2,2.91,143.03,78.66,64.37,C0382,Korn Bussaba,ST006,Phuket Marina,EMP205,Finn,QR PromptPay,ORDERED
ORD202401745,2024-07-24,2024-07-25,2024-07-28,P101,Green Tea,Tea,S,54.15,3,0.0,162.45,112.44,50.01,C0243,Anan Srikul,ST003,Chiang Mai One,EMP200,Ann,QR PromptPay,DELIVERED
ORD202401746,2024-09-19,2024-09-19,2024-09-22,P201,Croissant,Bakery,-,43.27,2,5.37,81.17,49.62,31.55,C0461,Suda Yodkaew,ST003,Chiang Mai One,EMP204,Eve,Credit Card,DELIVERED
ORD202401747,2024-02-03,2024-02-04,2024-02-07,P102,Black Tea,Tea,S,53.1,1,0.0,53.1,27.27,25.83,C0474,Korn Boonmee,ST002,Silom Complex,EMP205,Finn,QR PromptPay,DELIVERED
ORD202401748,2024-08-27,,,P005,Mocha,Coffee,L,109.07,3,0.0,327.21,224.13,103.08,C0282,Anan Boonmee,ST004,Khon Kaen Mall,EMP205,Finn,Credit Card,ORDERED
ORD202401749,2024-02-12,2024-02-12,2024-02-14,P001,Espresso,Coffee,M,76.96,2,0.0,153.92,101.78,52.14,C0468,Kanya Bussaba,ST006,Phuket Marina,EMP204,Eve,Credit Card,DELIVERED
ORD202401750,2024-09-24,2024-09-24,2024-09-25,P002,Americano,Coffee,L,75.89,2,20.06,131.72,93.44,38.28,C0418,Suda Sriwong,ST001,Central Plaza,EMP205,Finn,Mobile Wallet,DELIVERED
ORD202401751,2024-09-15,2024-09-15,2024-09-16,P102,Black Tea,Tea,M,58.8,2,6.74,110.86,69.2,41.66,C0353,Wipa Yodkaew,ST005,Hatyai Center,EMP205,Finn,Credit Card,DELIVERED
ORD202401752,2025-04-24,,,P005,Mocha,Coffee,S,77.56,2,0.0,0.0,0.0,-88.68,C0345,Kanya Sriwong,ST006,Phuket Marina,EMP204,Eve,Mobile Wallet,CANCELLED
ORD202401753,2024-11-02,2024-11-02,,P204,Bagel,Bakery,-,38.82,3,0.0,116.46,59.68,56.78,C0163,Korn Srikul,ST005,Hatyai Center,EMP202,Cara,QR PromptPay,SHIPPED
ORD202401754,2024-07-08,2024-07-08,2024-07-11,P004,Cappuccino,Coffee,S,69.86,1,0.0,69.86,38.49,31.37,C0292,Wipa Sukjai,ST001,Central Plaza,EMP203,Dan,Credit Card,DELIVERED
ORD202401755,2025-02-16,2025-02-16,2025-02-18,P102,Black Tea,Tea,S,48.45,1,0.0,48.45,27.94,20.51,C0240,Nicha Boonmee,ST002,Silom Complex,EMP204,Eve,QR PromptPay,DELIVERED
ORD202401756,2024-07-10,2024-07-12,2024-07-16,P003,Latte,Coffee,L,94.23,1,0.0,94.23,53.82,40.41,C0453,Kanya Sriwong,ST003,Chiang Mai One,EMP201,Ben,QR PromptPay,DELIVERED
ORD202401757,2025-04-09,2025-04-09,2025-04-13,P003,Latte,Coffee,M,82.68,1,0.0,82.68,48.81,33.87,C0476,Wipa Thongchai,ST005,Hatyai Center,EMP205,Finn,Mobile Wallet,DELIVERED
ORD202401758,2025-06-18,2025-06-20,2025-06-21,P203,Brownie,Bakery,-,53.88,1,0.0,53.88,38.74,15.14,C0414,Nicha Chantarangsu,ST002,Silom Complex,EMP203,Dan,Mobile Wallet,DELIVERED
ORD202401759,2024-04-02,2024-04-04,2024-04-06,P003,Latte,Coffee,S,76.87,1,0.0,76.87,54.75,22.12,C0146,Thida Srikul,ST006,Phuket Marina,EMP204,Eve,Cash,DELIVERED
ORD202401760,2024-01-26,2024-01-27,2024-01-29,P004,Cappuccino,Coffee,S,75.69,1,4.3,71.39,45.48,25.91,C0273,Thida Sukjai,ST002,Silom Complex,EMP205,Finn,Mobile Wallet,DELIVERED
ORD202401761,2024-04-11,2024-04-13,,P101,Green Tea,Tea,L,67.6,1,5.89,61.71,34.04,27.67,C0352,Chanida Boonmee,ST001,Central Plaza,EMP200,Ann,QR PromptPay,SHIPPED
ORD202401762,2024-07-01,,,P003,Latte,Coffee,L,98.27,1,0.0,98.27,70.26,28.01,C0391,Suda Prasert,ST002,Silom Complex,EMP200,Ann,Mobile Wallet,ORDERED
ORD202401763,2025-01-12,2025-01-14,2025-01-18,P003,Latte,Coffee,L,98.11,1,20.36,77.75,72.65,5.1,C0170,Chanida Bussaba,ST001,Central Plaza,EMP200,Ann,Credit Card,DELIVERED
ORD202401764,2024-08-14,2024-08-15,2024-08-17,P001,Espresso,Coffee,L,85.0,3,2.26,252.74,143.09,109.65,C0422,Suda Sukjai,ST004,Khon Kaen Mall,EMP203,Dan,Mobile Wallet,DELIVERED
ORD202401765,2024-11-30,2024-12-02,2024-12-04,P005,Mocha,Coffee,L,103.18,1,8.41,94.77,56.64,38.13,C0073,Korn Chantarangsu,ST006,Phuket Marina,EMP200,Ann,Cash,DELIVERED
ORD202401766,2024-02-01,,,P202,Cheesecake,Bakery,-,84.83,1,0.0,0.0,0.0,-62.92,C0144,Chanida Yodkaew,ST001,Central Plaza,EMP200,Ann,Cash,CANCELLED
ORD202401767,2024-01-23,2024-01-24,2024-01-28,P101,Green Tea,Tea,S,50.64,2,11.71,89.57,54.63,34.94,C0264,Korn Boonmee,ST002,Silom Complex,EMP201,Ben,QR PromptPay,DELIVERED
ORD202401768,2024-02-28,2024-02-28,2024-02-29,P203,Brownie,Bakery,-,49.0,2,0.0,98.0,60.28,37.72,C0008,Preecha Sriwong,ST002,Silom Complex,EMP200,Ann,Cash,DELIVERED
ORD202401769,2025-05-19,2025-05-19,2025-05-19,P001,Espresso,Coffee,M,75.18,2,30.1,120.26,98.92,21.34,C0054,Thida Prasert,ST001,Central Plaza,EMP204,Eve,Cash,DELIVERED
ORD202401770,2024-03-11,,,P003,Latte,Coffee,S,71.06,2,0.0,0.0,0.0,-73.29,C0332,Somchai Srikul,ST005,Hatyai Center,EMP200,Ann,Cash,CANCELLED
ORD202401771,2024-06-13,2024-06-14,2024-06-14,P103,Thai Tea,Tea,S,59.66,1,0.0,59.66,34.12,25.54,C0370,Preecha Chantarangsu,ST006,Phuket Marina,EMP204,Eve,QR PromptPay,DELIVERED
ORD202401772,2024-10-18,2024-10-20,2024-10-20,P101,Green Tea,Tea,L,71.32,1,4.49,66.83,38.16,28.67,C0438,Preecha Yodkaew,ST003,Chiang Mai One,EMP200,Ann,Credit Card,DELIVERED
ORD202401773,2024-07-02,2024-07-04,2024-07-08,P103,Thai Tea,Tea,M,65.59,2,0.0,131.18,88.63,42.55,C0350,Somchai Sukjai,ST003,Chiang Mai One,EMP202,Cara,Cash,DELIVERED
ORD202401774,2025-04-02,2025-04-04,2025-04-07,P103,Thai Tea,Tea,M,69.43,3,0.0,208.29,111.88,96.41,C0309,Thanakorn Srikul,ST004,Khon Kaen Mall,EMP200,Ann,QR PromptPay,DELIVERED
ORD202401775,2024-03-31,2024-04-01,2024-04-02,P102,Black Tea,Tea,M,62.15,2,19.09,105.21,75.08,30.13,C0230,Thida Boonmee,ST003,Chiang Mai One,EMP201,Ben,Credit Card,DELIVERED
ORD202401776,2024-04-12,2024-04-12,2024-04-16,P202,Cheesecake,Bakery,-,82.15,1,1.55,80.6,57.91,22.69,C0339,Saran Sukjai,ST003,Chiang Mai One,EMP205,Finn,Mobile Wallet,DELIVERED
ORD202401777,2025-02-23,2025-02-25,2025-02-28,P204,Bagel,Bakery,-,42.5,2,0.0,85.0,59.83,25.17,C0098,Korn Sukjai,ST001,Central Plaza,EMP200,Ann,Credit Card,DELIVERED
ORD202401778,2024-12-21,2024-12-23,2024-12-23,P004,Cappuccino,Coffee,L,94.65,1,1.83,92.82,63.72,29.1,C0490,Napat Yodkaew,ST004,Khon Kaen Mall,EMP204,Eve,Mobile Wallet,DELIVERED
ORD202401779,2025-04-29,2025-04-29,2025-05-01,P202,Cheesecake,Bakery,-,76.89,2,1.35,152.43,104.61,47.82,C0209,Korn Boonmee,ST002,Silom Complex,EMP205,Finn,Mobile Wallet,DELIVERED
ORD202401780,2024-07-02,2024-07-02,2024-07-03,P002,Americano,Coffee,M,68.05,1,12.85,55.2,48.47,6.73,C0342,Korn Bussaba,ST003,Chiang Mai One,EMP205,Finn,QR PromptPay,DELIVERED
ORD202401781,2024-01-28,2024-01-29,2024-02-01,P003,Latte,Coffee,M,83.17,2,1.07,165.27,115.96,49.31,C0434,Thida Chantarangsu,ST005,Hatyai Center,EMP203,Dan,Cash,DELIVERED
ORD202401782,2025-04-02,,,P003,Latte,Coffee,L,101.08,1,0.0,101.08,59.82,41.26,C0207,Thanakorn Boonmee,ST004,Khon Kaen Mall,EMP200,Ann,Credit Card,ORDERED
ORD202401783,2024-01-12,,,P003,Latte,Coffee,M,89.25,1,1.19,0.0,0.0,-64.66,C0390,Thanakorn Chantarangsu,ST004,Khon Kaen Mall,EMP205,Finn,Cash,CANCELLED
ORD202401784,2024-08-19,2024-08-19,2024-08-22,P102,Black Tea,Tea,L,71.67,2,0.0,143.34,82.05,61.29,C0238,Nicha Sriwong,ST001,Central Plaza,EMP203,Dan,QR PromptPay,DELIVERED
ORD202401785,2024-07-14,2024-07-16,2024-07-17,P203,Brownie,Bakery,-,50.74,2,0.0,101.48,69.95,31.53,C0339,Saran Sukjai,ST001,Central Plaza,EMP203,Dan,Mobile Wallet,DELIVERED
ORD202401786,2024-02-14,2024-02-16,2024-02-19,P203,Brownie,Bakery,-,47.79,1,0.29,47.5,25.72,21.78,C0420,Somchai Bussaba,ST003,Chiang Mai One,EMP202,Cara,Cash,DELIVERED
ORD202401787,2024-12-06,2024-12-08,2024-12-09,P002,Americano,Coffee,M,71.07,1,0.0,71.07,37.74,33.33,C0075,Thida Sukjai,ST001,Central Plaza,EMP204,Eve,Cash,DELIVERED
ORD202401788,2025-06-05,2025-06-07,2025-06-07,P201,Croissant,Bakery,-,46.25,1,0.0,46.25,25.82,20.43,C0167,Napat Chantarangsu,ST003,Chiang Mai One,EMP205,Finn,QR PromptPay,DELIVERED
ORD202401789,2024-01-16,,,P004,Cappuccino,Coffee,S,66.78,2,23.2,0.0,0.0,-78.91,C0335,Suda Boonmee,ST006,Phuket Marina,EMP205,Finn,Cash,CANCELLED
ORD202401790,2024-10-18,2024-10-20,2024-10-22,P103,Thai Tea,Tea,M,72.48,1,0.0,72.48,45.64,26.84,C0382,Korn Bussaba,ST006,Phuket Marina,EMP201,Ben,Credit Card,DELIVERED
ORD202401791,2025-04-28,2025-04-29,2025-04-30,P102,Black Tea,Tea,L,72.94,2,17.76,128.12,73.07,55.05,C0027,Napat Suwan,ST001,Central Plaza,EMP202,Cara,Credit Card,DELIVERED
ORD202401792,2025-06-28,2025-06-30,2025-07-01,P203,Brownie,Bakery,-,49.53,1,0.0,49.53,26.29,23.24,C0252,Korn Chantarangsu,ST004,Khon Kaen Mall,EMP203,Dan,QR PromptPay,DELIVERED
ORD202401793,2024-08-23,,,P003,Latte,Coffee,M,92.22,2,26.27,0.0,0.0,-110.88,C0343,Chanida Chantarangsu,ST002,Silom Complex,EMP204,Eve,Mobile Wallet,CANCELLED
ORD202401794,2024-01-09,,,P103,Thai Tea,Tea,S,59.35,2,0.0,0.0,0.0,-82.85,C0254,Anan Srikul,ST002,Silom Complex,EMP202,Cara,Mobile Wallet,CANCELLED
ORD202401795,2025-02-24,,,P005,Mocha,Coffee,L,111.15,3,0.0,0.0,0.0,-214.88,C0256,Korn Sriwong,ST006,Phuket Marina,EMP203,Dan,Cash,CANCELLED
ORD202401796,2025-02-01,2025-02-02,,P101,Green Tea,Tea,L,67.12,2,8.12,126.12,83.86,42.26,C0247,Preecha Prasert,ST004,Khon Kaen Mall,EMP202,Cara,QR PromptPay,SHIPPED
ORD202401797,2024-07-01,2024-07-02,2024-07-05,P204,Bagel,Bakery,-,42.84,2,0.0,85.68,43.9,41.78,C0140,Somchai Sukjai,ST005,Hatyai Center,EMP200,Ann,QR PromptPay,DELIVERED
ORD202401798,2024-08-06,2024-08-06,2024-08-07,P001,Espresso,Coffee,L,88.57,1,0.0,88.57,51.97,36.6,C0255,Thanakorn Srikul,ST004,Khon Kaen Mall,EMP202,Cara,Cash,DELIVERED
ORD202401799,2025-05-26,2025-05-28,2025-05-31,P103,Thai Tea,Tea,S,59.35,1,0.0,59.35,31.33,28.02,C0439,Saran Sriwong,ST001,Central Plaza,EMP203,Dan,QR PromptPay,DELIVERED
ORD202401800,2024-06-11,2024-06-13,2024-06-13,P002,Americano,Coffee,S,60.18,1,0.0,60.18,39.01,21.17,C0002,Nicha Suwan,ST004,Khon Kaen Mall,EMP205,Finn,QR PromptPay,DELIVERED
ORD202401801,2025-01-24,2025-01-26,2025-01-29,P103,Thai Tea,Tea,S,53.81,1,5.81,48.0,33.04,14.96,C0220,Wipa Thongchai,ST004,Khon Kaen Mall,EMP204,Eve,Credit Card,DELIVERED
ORD202401802,2024-04-16,2024-04-18,2024-04-22,P203,Brownie,Bakery,-,53.74,2,0.0,107.48,62.41,45.07,C0447,Anan Bussaba,ST006,Phuket Marina,EMP203,Dan,QR PromptPay,DELIVERED
ORD202401803,2024-05-23,2024-05-24,2024-05-28,P204,Bagel,Bakery,-,40.0,1,6.64,33.36,25.55,7.81,C0020,Thanakorn Prasert,ST003,Chiang Mai One,EMP204,Eve,Credit Card,DELIVERED
ORD202401804,2024-11-27,2024-11-29,,P203,Brownie,Bakery,-,50.37,1,0.0,50.37,37.43,12.94,C0008,Preecha Sriwong,ST001,Central Plaza,EMP200,Ann,Cash,SHIPPED
ORD202401805,2024-04-24,2024-04-26,2024-04-29,P005,Mocha,Coffee,M,87.02,2,0.0,174.04,97.32,76.72,C0291,Wipa Chantarangsu,ST001,Central Plaza,EMP201,Ben,Credit Card,DELIVERED
ORD202401806,2024-05-29,2024-05-31,2024-05-31,P001,Espresso,Coffee,L,85.05,3,0.0,255.15,157.94,97.21,C0140,Somchai Sukjai,ST001,Central Plaza,EMP200,Ann,Mobile Wallet,DELIVERED
ORD202401807,2024-03-10,,,P201,Croissant,Bakery,-,48.48,3,36.13,109.31,79.64,29.67,C0428,Thanakorn Chantarangsu,ST006,Phuket Marina,EMP200,Ann,QR PromptPay,ORDERED
ORD202401808,2024-08-02,2024-08-02,2024-08-03,P201,Croissant,Bakery,-,47.06,1,0.04,47.02,24.46,22.56,C0194,Somchai Chantarangsu,ST002,Silom Complex,EMP201,Ben,QR PromptPay,DELIVERED
ORD202401809,2025-04-13,2025-04-14,2025-04-15,P102,Black Tea,Tea,L,74.66,1,6.29,68.37,40.07,28.3,C0173,Suda Srikul,ST002,Silom Complex,EMP205,Finn,Cash,DELIVERED
ORD202401810,2024-07-07,2024-07-07,2024-07-08,P201,Croissant,Bakery,-,48.06,1,0.0,48.06,32.13,15.93,C0285,Nicha Yodkaew,ST001,Central Plaza,EMP203,Dan,Cash,DELIVERED
ORD202401811,2025-06-18,2025-06-18,2025-06-19,P103,Thai Tea,Tea,L,75.57,3,38.03,188.68,151.77,36.91,C0414,Nicha Chantarangsu,ST003,Chiang Mai One,EMP205,Finn,QR PromptPay,DELIVERED
ORD202401812,2024-09-22,2024-09-22,2024-09-26,P005,Mocha,Coffee,S,72.84,1,0.0,72.84,50.5,22.34,C0416,Thanakorn Srikul,ST003,Chiang Mai One,EMP203,Dan,Mobile Wallet,DELIVERED
ORD202401813,2025-02-01,2025-02-01,2025-02-01,P102,Black Tea,Tea,M,65.74,1,6.66,59.08,42.88,16.2,C0329,Preecha Prasert,ST003,Chiang Mai One,EMP200,Ann,QR PromptPay,DELIVERED
ORD202401814,2024-07-09,2024-07-11,2024-07-13,P001,Espresso,Coffee,M,74.7,1,15.58,59.12,45.23,13.89,C0359,Anan Suwan,ST002,Silom Complex,EMP202,Cara,Mobile Wallet,DELIVERED
ORD202401815,2024-04-26,2024-04-27,2024-04-27,P001,Espresso,Coffee,S,62.07,2,0.0,124.14,72.46,51.68,C0192,Korn Srikul,ST002,Silom Complex,EMP200,Ann,Mobile Wallet,DELIVERED
ORD202401816,2025-02-25,2025-02-25,2025-02-28,P003,Latte,Coffee,L,107.71,3,0.0,323.13,185.91,137.22,C0388,Suda Bussaba,ST002,Silom Complex,EMP205,Finn,Cash,DELIVERED
ORD202401817,2025-01-18,2025-01-19,2025-01-21,P004,Cappuccino,Coffee,S,73.38,2,0.0,146.76,90.12,56.64,C0401,Somchai Thongchai,ST004,Khon Kaen Mall,EMP204,Eve,Mobile Wallet,DELIVERED
ORD202401818,2024-09-16,2024-09-17,,P204,Bagel,Bakery,-,41.83,1,0.0,41.83,20.97,20.86,C0305,Korn Chantarangsu,ST003,Chiang Mai One,EMP203,Dan,Credit Card,SHIPPED
ORD202401819,2025-05-26,2025-05-27,2025-05-27,P002,Americano,Coffee,S,60.05,1,0.0,60.05,35.49,24.56,C0213,Kanya Boonmee,ST003,Chiang Mai One,EMP201,Ben,Mobile Wallet,DELIVERED
ORD202401820,2025-06-10,2025-06-10,2025-06-11,P201,Croissant,Bakery,-,49.25,3,0.0,147.75,104.96,42.79,C0359,Anan Suwan,ST002,Silom Complex,EMP205,Finn,Mobile Wallet,DELIVERED
ORD202401821,2024-11-24,2024-11-24,2024-11-26,P001,Espresso,Coffee,S,62.91,2,23.47,102.35,69.2,33.15,C0251,Wipa Prasert,ST003,Chiang Mai One,EMP200,Ann,Credit Card,DELIVERED
ORD202401822,2024-06-14,2024-06-16,2024-06-19,P103,Thai Tea,Tea,S,58.29,2,0.0,116.58,82.18,34.4,C0219,Saran Bussaba,ST006,Phuket Marina,EMP200,Ann,Mobile Wallet,DELIVERED
ORD202401823,2025-02-01,2025-02-02,2025-02-04,P203,Brownie,Bakery,-,49.05,2,0.0,98.1,51.95,46.15,C0451,Somchai Sukjai,ST005,Hatyai Center,EMP202,Cara,Cash,DELIVERED
ORD202401824,2025-05-07,,,P004,Cappuccino,Coffee,L,99.9,1,0.0,99.9,65.29,34.61,C0042,Chanida Chantarangsu,ST001,Central Plaza,EMP205,Finn,Cash,ORDERED
ORD202401825,2025-03-21,2025-03-21,2025-03-21,P203,Brownie,Bakery,-,50.14,1,0.0,50.14,35.97,14.17,C0381,Chanida Yodkaew,ST001,Central Plaza,EMP205,Finn,Cash,DELIVERED
ORD202401826,2024-05-12,,,P004,Cappuccino,Coffee,S,76.83,2,21.05,0.0,0.0,-99.59,C0330,Somchai Srikul,ST003,Chiang Mai One,EMP202,Cara,Mobile Wallet,CANCELLED
ORD202401827,2024-09-16,2024-09-18,,P204,Bagel,Bakery,-,38.31,1,0.0,38.31,25.79,12.52,C0071,Korn Srikul,ST006,Phuket Marina,EMP202,Cara,QR PromptPay,SHIPPED
ORD202401828,2024-07-24,2024-07-26,2024-07-30,P101,Green Tea,Tea,L,75.51,2,0.0,151.02,79.97,71.05,C0315,Anan Thongchai,ST006,Phuket Marina,EMP204,Eve,Credit Card,DELIVERED
ORD202401829,2025-03-17,2025-03-17,2025-03-19,P203,Brownie,Bakery,-,53.67,1,0.0,53.67,36.41,17.26,C0479,Kanya Prasert,ST002,Silom Complex,EMP205,Finn,Cash,DELIVERED
ORD202401830,2024-06-07,2024-06-07,2024-06-07,P103,Thai Tea,Tea,L,84.62,1,0.0,84.62,61.41,23.21,C0005,Chanida Sukjai,ST005,Hatyai Center,EMP201,Ben,Mobile Wallet,DELIVERED
ORD202401831,2025-02-18,2025-02-20,2025-02-22,P101,Green Tea,Tea,S,49.82,2,0.0,99.64,52.67,46.97,C0348,Wipa Srikul,ST004,Khon Kaen Mall,EMP201,Ben,QR PromptPay,DELIVERED
ORD202401832,2025-01-01,2025-01-01,2025-01-03,P001,Espresso,Coffee,M,75.62,2,0.0,151.24,88.72,62.52,C0454,Kanya Boonmee,ST002,Silom Complex,EMP205,Finn,Mobile Wallet,DELIVERED
ORD202401833,2024-09-15,,,P201,Croissant,Bakery,-,45.65,3,5.08,0.0,0.0,-100.5,C0441,Wipa Chantarangsu,ST001,Central Plaza,EMP202,Cara,Credit Card,CANCELLED
ORD202401834,2025-02-15,2025-02-16,2025-02-17,P101,Green Tea,Tea,M,62.31,1,3.47,58.84,37.03,21.81,C0080,Anan Sriwong,ST001,Central Plaza,EMP200,Ann,Cash,DELIVERED
ORD202401835,2024-05-03,2024-05-03,2024-05-07,P101,Green Tea,Tea,S,52.37,1,0.02,52.35,30.71,21.64,C0188,Suda Sukjai,ST002,Silom Complex,EMP201,Ben,Cash,DELIVERED
ORD202401836,2024-10-16,2024-10-17,2024-10-17,P002,Americano,Coffee,S,52.62,1,0.0,52.62,35.51,17.11,C0344,Kanya Yodkaew,ST006,Phuket Marina,EMP201,Ben,QR PromptPay,DELIVERED
ORD202401837,2024-06-25,2024-06-27,2024-06-30,P203,Brownie,Bakery,-,52.24,2,0.0,104.48,57.16,47.32,C0029,Saran Boonmee,ST002,Silom Complex,EMP201,Ben,QR PromptPay,DELIVERED
ORD202401838,2024-04-06,2024-04-06,2024-04-07,P005,Mocha,Coffee,S,78.59,2,0.0,157.18,107.55,49.63,C0045,Preecha Chantarangsu,ST001,Central Plaza,EMP201,Ben,Cash,DELIVERED
ORD202401839,2024-06-07,2024-06-09,2024-06-12,P002,Americano,Coffee,L,75.07,1,0.0,75.07,45.22,29.85,C0023,Somchai Bussaba,ST006,Phuket Marina,EMP205,Finn,Cash,DELIVERED
ORD202401840,2025-01-02,2025-01-04,,P003,Latte,Coffee,S,73.58,1,0.0,73.58,46.33,27.25,C0244,Napat Yodkaew,ST004,Khon Kaen Mall,EMP205,Finn,QR PromptPay,SHIPPED
ORD202401841,2024-02-29,2024-03-02,2024-03-06,P203,Brownie,Bakery,-,54.73,2,0.0,109.46,80.27,29.19,C0079,Wipa Yodkaew,ST003,Chiang Mai One,EMP200,Ann,Cash,DELIVERED
ORD202401842,2024-02-05,2024-02-07,2024-02-08,P103,Thai Tea,Tea,S,57.56,2,1.36,113.76,70.61,43.15,C0207,Thanakorn Boonmee,ST005,Hatyai Center,EMP205,Finn,QR PromptPay,DELIVERED
ORD202401843,2025-04-26,2025-04-27,,P101,Green Tea,Tea,M,62.89,2,0.0,125.78,71.88,53.9,C0244,Napat Yodkaew,ST001,Central Plaza,EMP201,Ben,QR PromptPay,SHIPPED
ORD202401844,2024-02-19,2024-02-20,2024-02-21,P004,Cappuccino,Coffee,M,82.91,2,8.73,157.09,106.96,50.13,C0134,Kanya Thongchai,ST001,Central Plaza,EMP200,Ann,Mobile Wallet,DELIVERED
ORD202401845,2024-10-13,,,P103,Thai Tea,Tea,L,83.1,3,0.0,0.0,0.0,-164.22,C0459,Saran Sriwong,ST005,Hatyai Center,EMP200,Ann,Cash,CANCELLED
ORD202401846,2025-04-13,2025-04-14,2025-04-16,P203,Brownie,Bakery,-,54.35,1,0.0,54.35,34.44,19.91,C0472,Suda Suwan,ST006,Phuket Marina,EMP200,Ann,Credit Card,DELIVERED
ORD202401847,2024-10-07,2024-10-07,2024-10-08,P204,Bagel,Bakery,-,42.62,1,0.62,42.0,22.65,19.35,C0290,Suda Boonmee,ST002,Silom Complex,EMP202,Cara,Cash,DELIVERED
ORD202401848,2024-05-10,2024-05-12,2024-05-14,P005,Mocha,Coffee,M,97.55,1,5.44,92.11,62.08,30.03,C0472,Suda Suwan,ST004,Khon Kaen Mall,EMP205,Finn,Cash,DELIVERED
ORD202401849,2025-06-27,2025-06-29,2025-07-01,P003,Latte,Coffee,M,91.79,3,0.0,275.37,193.12,82.25,C0417,Kanya Boonmee,ST001,Central Plaza,EMP203,Dan,Mobile Wallet,DELIVERED
ORD202401850,2025-03-04,2025-03-05,2025-03-08,P001,Espresso,Coffee,L,84.23,2,9.13,159.33,85.86,73.47,C0225,Anan Srikul,ST001,Central Plaza,EMP204,Eve,Credit Card,DELIVERED
ORD202401851,2024-10-05,,,P204,Bagel,Bakery,-,38.02,2,0.0,0.0,0.0,-53.08,C0444,Somchai Boonmee,ST003,Chiang Mai One,EMP200,Ann,Mobile Wallet,CANCELLED
ORD202401852,2024-12-04,2024-12-05,2024-12-09,P001,Espresso,Coffee,L,80.41,2,0.0,160.82,113.82,47.0,C0014,Kanya Chantarangsu,ST006,Phuket Marina,EMP204,Eve,Cash,DELIVERED
ORD202401853,2024-08-05,2024-08-05,2024-08-05,P102,Black Tea,Tea,L,69.8,3,0.0,209.4,110.33,99.07,C0405,Kanya Bussaba,ST006,Phuket Marina,EMP204,Eve,Cash,DELIVERED
ORD202401854,2024-03-24,,,P101,Green Tea,Tea,S,51.15,1,0.0,0.0,0.0,-35.78,C0112,Preecha Srikul,ST006,Phuket Marina,EMP200,Ann,Mobile Wallet,CANCELLED
ORD202401855,2024-07-06,,,P204,Bagel,Bakery,-,38.98,1,3.73,35.25,28.77,6.48,C0490,Napat Yodkaew,ST003,Chiang Mai One,EMP203,Dan,Credit Card,ORDERED
ORD202401856,2024-09-06,2024-09-08,2024-09-12,P001,Espresso,Coffee,L,85.13,1,5.93,79.2,57.78,21.42,C0450,Somchai Prasert,ST006,Phuket Marina,EMP203,Dan,QR PromptPay,DELIVERED
ORD202401857,2024-11-27,2024-11-27,2024-11-28,P201,Croissant,Bakery,-,45.48,1,0.0,45.48,32.42,13.06,C0016,Kanya Srikul,ST003,Chiang Mai One,EMP202,Cara,QR PromptPay,DELIVERED
ORD202401858,2025-03-21,2025-03-22,2025-03-24,P101,Green Tea,Tea,S,54.89,2,0.0,109.78,73.21,36.57,C0382,Korn Bussaba,ST001,Central Plaza,EMP203,Dan,QR PromptPay,DELIVERED
ORD202401859,2025-01-16,2025-01-18,,P103,Thai Tea,Tea,M,70.04,3,0.0,210.12,144.53,65.59,C0231,Preecha Boonmee,ST001,Central Plaza,EMP203,Dan,Credit Card,SHIPPED
ORD202401860,2024-02-13,2024-02-15,2024-02-16,P204,Bagel,Bakery,-,40.35,1,0.0,40.35,27.4,12.95,C0146,Thida Srikul,ST003,Chiang Mai One,EMP202,Cara,Credit Card,DELIVERED
ORD202401861,2024-07-28,2024-07-29,2024-08-02,P002,Americano,Coffee,M,64.09,2,0.0,128.18,92.52,35.66,C0478,Thida Prasert,ST002,Silom Complex,EMP204,Eve,Cash,DELIVERED
ORD202401862,2024-12-17,2024-12-18,,P201,Croissant,Bakery,-,45.17,3,0.0,135.51,86.05,49.46,C0211,Korn Prasert,ST003,Chiang Mai One,EMP200,Ann,Credit Card,SHIPPED
ORD202401863,2024-04-10,2024-04-11,2024-04-13,P102,Black Tea,Tea,M,59.21,1,0.0,59.21,31.71,27.5,C0177,Thanakorn Suwan,ST005,Hatyai Center,EMP205,Finn,Mobile Wallet,DELIVERED
ORD202401864,2025-04-11,2025-04-11,2025-04-15,P101,Green Tea,Tea,L,71.1,2,0.0,142.2,74.04,68.16,C0286,Korn Suwan,ST006,Phuket Marina,EMP205,Finn,QR PromptPay,DELIVERED
ORD202401865,2025-02-16,2025-02-17,2025-02-17,P204,Bagel,Bakery,-,41.96,1,8.03,33.93,23.16,10.77,C0336,Korn Prasert,ST005,Hatyai Center,EMP202,Cara,Credit Card,DELIVERED
ORD202401866,2024-05-14,2024-05-16,2024-05-18,P004,Cappuccino,Coffee,M,89.3,2,4.88,173.72,121.48,52.24,C0376,Korn Boonmee,ST001,Central Plaza,EMP203,Dan,QR PromptPay,DELIVERED
ORD202401867,2025-02-26,,,P201,Croissant,Bakery,-,44.99,2,21.16,68.82,52.22,16.6,C0293,Kanya Bussaba,ST001,Central Plaza,EMP204,Eve,Cash,ORDERED
ORD202401868,2024-02-10,2024-02-12,2024-02-14,P003,Latte,Coffee,M,82.83,1,0.0,82.83,46.6,36.23,C0425,Thida Prasert,ST002,Silom Complex,EMP200,Ann,QR PromptPay,DELIVERED
ORD202401869,2024-09-03,,,P204,Bagel,Bakery,-,39.4,2,3.52,75.28,45.32,29.96,C0039,Napat Srikul,ST004,Khon Kaen Mall,EMP200,Ann,Cash,ORDERED
ORD202401870,2025-05-27,2025-05-28,2025-06-01,P005,Mocha,Coffee,L,102.72,2,0.0,205.44,150.03,55.41,C0120,Napat Prasert,ST006,Phuket Marina,EMP201,Ben,Credit Card,DELIVERED
ORD202401871,2024-03-19,2024-03-20,2024-03-24,P003,Latte,Coffee,S,70.3,1,0.0,70.3,36.2,34.1,C0401,Somchai Thongchai,ST006,Phuket Marina,EMP203,Dan,QR PromptPay,DELIVERED
ORD202401872,2024-10-09,2024-10-10,2024-10-10,P002,Americano,Coffee,L,80.28,3,0.0,240.84,124.94,115.9,C0306,Thida Suwan,ST003,Chiang Mai One,EMP204,Eve,Cash,DELIVERED
ORD202401873,2024-05-08,2024-05-10,2024-05-14,P002,Americano,Coffee,M,65.23,1,0.0,65.23,45.07,20.16,C0479,Kanya Prasert,ST002,Silom Complex,EMP203,Dan,Mobile Wallet,DELIVERED
ORD202401874,2025-05-02,2025-05-02,2025-05-06,P101,Green Tea,Tea,M,57.48,2,11.24,103.72,59.03,44.69,C0437,Wipa Boonmee,ST006,Phuket Marina,EMP200,Ann,Credit Card,DELIVERED
ORD202401875,2024-04-28,,,P103,Thai Tea,Tea,L,79.9,3,26.94,0.0,0.0,-139.19,C0269,Kanya Boonmee,ST002,Silom Complex,EMP202,Cara,Mobile Wallet,CANCELLED
ORD202401876,2024-11-30,2024-12-02,2024-12-04,P002,Americano,Coffee,L,80.73,1,0.0,80.73,49.99,30.74,C0296,Thida Bussaba,ST006,Phuket Marina,EMP205,Finn,QR PromptPay,DELIVERED
ORD202401877,2024-12-07,2024-12-09,2024-12-13,P005,Mocha,Coffee,S,73.44,1,0.0,73.44,39.54,33.9,C0332,Somchai Srikul,ST006,Phuket Marina,EMP202,Cara,QR PromptPay,DELIVERED
ORD202401878,2024-10-17,,,P002,Americano,Coffee,S,56.42,1,0.0,0.0,0.0,-36.36,C0022,Preecha Thongchai,ST002,Silom Complex,EMP202,Cara,Credit Card,CANCELLED
ORD202401879,2025-05-18,2025-05-20,2025-05-21,P203,Brownie,Bakery,-,53.53,1,1.62,51.91,36.16,15.75,C0025,Nicha Sriwong,ST006,Phuket Marina,EMP204,Eve,Mobile Wallet,DELIVERED
ORD202401880,2025-01-19,,,P101,Green Tea,Tea,S,51.54,2,0.0,103.08,55.15,47.93,C0423,Somchai Sukjai,ST004,Khon Kaen Mall,EMP201,Ben,Mobile Wallet,ORDERED
ORD202401881,2025-05-18,2025-05-20,2025-05-21,P101,Green Tea,Tea,M,60.95,3,0.0,182.85,107.8,75.05,C0076,Suda Srikul,ST005,Hatyai Center,EMP201,Ben,QR PromptPay,DELIVERED
ORD202401882,2024-03-04,2024-03-04,2024-03-05,P005,Mocha,Coffee,L,107.77,1,0.0,107.77,72.75,35.02,C0251,Wipa Prasert,ST002,Silom Complex,EMP205,Finn,Mobile Wallet,DELIVERED
ORD202401883,2024-04-01,2024-04-03,2024-04-06,P102,Black Tea,Tea,L,71.08,1,0.0,71.08,37.07,34.01,C0020,Thanakorn Prasert,ST004,Khon Kaen Mall,EMP204,Eve,Mobile Wallet,DELIVERED
ORD202401884,2024-07-18,2024-07-18,2024-07-22,P203,Brownie,Bakery,-,48.68,1,6.77,41.91,36.45,5.46,C0449,Anan Sukjai,ST002,Silom Complex,EMP200,Ann,Mobile Wallet,DELIVERED
ORD202401885,2024-08-02,2024-08-02,2024-08-05,P002,Americano,Coffee,L,74.61,1,0.0,74.61,53.66,20.95,C0158,Thanakorn Prasert,ST004,Khon Kaen Mall,EMP200,Ann,QR PromptPay,DELIVERED
ORD202401886,2025-02-22,,,P003,Latte,Coffee,M,90.97,1,0.0,0.0,0.0,-48.95,C0011,Anan Thongchai,ST004,Khon Kaen Mall,EMP201,Ben,Credit Card,CANCELLED
ORD202401887,2024-09-30,2024-09-30,2024-10-01,P201,Croissant,Bakery,-,46.9,1,3.43,43.47,28.05,15.42,C0220,Wipa Thongchai,ST003,Chiang Mai One,EMP205,Finn,QR PromptPay,DELIVERED
ORD202401888,2024-03-04,,,P102,Black Tea,Tea,L,70.57,2,0.0,141.14,92.06,49.08,C0426,Korn Chantarangsu,ST001,Central Plaza,EMP201,Ben,Cash,ORDERED
ORD202401889,2024-08-15,2024-08-15,2024-08-18,P002,Americano,Coffee,L,78.05,3,0.0,234.15,152.72,81.43,C0318,Chanida Prasert,ST003,Chiang Mai One,EMP201,Ben,Cash,DELIVERED
ORD202401890,2024-06-15,2024-06-15,2024-06-15,P204,Bagel,Bakery,-,38.62,1,4.39,34.23,23.46,10.77,C0237,Kanya Suwan,ST004,Khon Kaen Mall,EMP202,Cara,Credit Card,DELIVERED
ORD202401891,2024-06-16,,,P101,Green Tea,Tea,L,73.13,3,0.0,0.0,0.0,-149.15,C0193,Somchai Boonmee,ST001,Central Plaza,EMP204,Eve,Cash,CANCELLED
ORD202401892,2024-08-01,2024-08-02,2024-08-06,P004,Cappuccino,Coffee,S,70.1,2,0.0,140.2,77.08,63.12,C0489,Wipa Yodkaew,ST001,Central Plaza,EMP200,Ann,QR PromptPay,DELIVERED
ORD202401893,2024-06-12,2024-06-12,2024-06-14,P201,Croissant,Bakery,-,48.28,3,0.0,144.84,75.43,69.41,C0199,Somchai Boonmee,ST005,Hatyai Center,EMP205,Finn,Cash,DELIVERED
ORD202401894,2024-06-27,2024-06-29,2024-07-01,P101,Green Tea,Tea,S,48.82,1,0.0,48.82,35.03,13.79,C0454,Kanya Boonmee,ST002,Silom Complex,EMP202,Cara,Cash,DELIVERED
ORD202401895,2025-03-27,2025-03-29,2025-04-02,P005,Mocha,Coffee,M,95.63,1,0.0,95.63,57.01,38.62,C0355,Anan Suwan,ST004,Khon Kaen Mall,EMP203,Dan,Credit Card,DELIVERED
ORD202401896,2024-07-30,2024-07-30,,P203,Brownie,Bakery,-,48.64,3,14.92,131.0,101.13,29.87,C0414,Nicha Chantarangsu,ST003,Chiang Mai One,EMP203,Dan,QR PromptPay,SHIPPED
ORD202401897,2024-09-01,2024-09-02,2024-09-05,P001,Espresso,Coffee,S,57.33,1,0.0,57.33,40.42,16.91,C0235,Chanida Bussaba,ST004,Khon Kaen Mall,EMP200,Ann,QR PromptPay,DELIVERED
ORD202401898,2024-03-08,,,P101,Green Tea,Tea,S,53.84,1,0.0,0.0,0.0,-28.53,C0034,Suda Thongchai,ST004,Khon Kaen Mall,EMP202,Cara,Mobile Wallet,CANCELLED
ORD202401899,2024-09-23,2024-09-23,2024-09-27,P202,Cheesecake,Bakery,-,83.54,3,45.07,205.55,129.72,75.83,C0114,Thida Yodkaew,ST002,Silom Complex,EMP205,Finn,Mobile Wallet,DELIVERED
ORD202401900,2025-02-23,2025-02-25,2025-02-26,P005,Mocha,Coffee,L,104.11,3,0.0,312.33,196.66,115.67,C0347,Korn Bussaba,ST002,Silom Complex,EMP205,Finn,Mobile Wallet,DELIVERED
ORD202401901,2025-03-01,2025-03-01,2025-03-02,P102,Black Tea,Tea,M,65.56,1,7.2,58.36,47.35,11.01,C0160,Korn Sriwong,ST002,Silom Complex,EMP201,Ben,QR PromptPay,DELIVERED
ORD202401902,2024-11-01,2024-11-02,2024-11-02,P101,Green Tea,Tea,M,64.29,1,0.0,64.29,42.29,22.0,C0070,Napat Suwan,ST001,Central Plaza,EMP201,Ben,Cash,DELIVERED
ORD202401903,2024-06-06,,,P005,Mocha,Coffee,L,102.49,1,2.97,99.52,68.0,31.52,C0281,Anan Sukjai,ST003,Chiang Mai One,EMP202,Cara,Credit Card,ORDERED
ORD202401904,2025-01-06,2025-01-06,2025-01-09,P002,Americano,Coffee,L,77.57,1,2.83,74.74,41.62,33.12,C0228,Saran Yodkaew,ST005,Hatyai Center,EMP205,Finn,Mobile Wallet,DELIVERED
ORD202401905,2024-09-25,2024-09-27,2024-09-27,P005,Mocha,Coffee,S,80.84,2,0.0,161.68,106.23,55.45,C0168,Kanya Chantarangsu,ST002,Silom Complex,EMP200,Ann,Credit Card,DELIVERED
ORD202401906,2025-01-25,,,P004,Cappuccino,Coffee,M,84.99,2,14.1,0.0,0.0,-91.29,C0269,Kanya Boonmee,ST001,Central Plaza,EMP205,Finn,Credit Card,CANCELLED
ORD202401907,2024-03-30,2024-03-30,2024-04-01,P004,Cappuccino,Coffee,L,103.02,2,0.0,206.04,128.64,77.4,C0136,Thanakorn Sukjai,ST006,Phuket Marina,EMP202,Cara,QR PromptPay,DELIVERED
ORD202401908,2024-07-04,2024-07-05,2024-07-05,P201,Croissant,Bakery,-,49.4,1,0.0,49.4,33.61,15.79,C0038,Nicha Suwan,ST001,Central Plaza,EMP201,Ben,QR PromptPay,DELIVERED
ORD202401909,2024-07-16,2024-07-18,2024-07-18,P102,Black Tea,Tea,S,48.0,2,0.31,95.69,60.24,35.45,C0178,Korn Bussaba,ST005,Hatyai Center,EMP205,Finn,QR PromptPay,DELIVERED
ORD202401910,2025-03-13,2025-03-15,2025-03-18,P005,Mocha,Coffee,M,98.0,1,1.83,96.17,71.47,24.7,C0308,Nicha Prasert,ST003,Chiang Mai One,EMP203,Dan,Mobile Wallet,DELIVERED
ORD202401911,2024-10-29,2024-10-29,2024-11-02,P103,Thai Tea,Tea,L,84.35,1,0.0,84.35,56.39,27.96,C0296,Thida Bussaba,ST003,Chiang Mai One,EMP201,Ben,Cash,DELIVERED
ORD202401912,2024-10-16,2024-10-18,2024-10-21,P102,Black Tea,Tea,M,64.74,2,0.0,129.48,81.66,47.82,C0480,Korn Suwan,ST003,Chiang Mai One,EMP200,Ann,Cash,DELIVERED
ORD202401913,2024-04-28,2024-04-28,2024-05-01,P201,Croissant,Bakery,-,43.33,1,8.24,35.09,21.93,13.16,C0374,Anan Thongchai,ST004,Khon Kaen Mall,EMP205,Finn,Mobile Wallet,DELIVERED
ORD202401914,2024-11-29,2024-11-30,2024-12-01,P202,Cheesecake,Bakery,-,76.05,2,29.03,123.07,91.93,31.14,C0474,Korn Boonmee,ST002,Silom Complex,EMP201,Ben,Credit Card,DELIVERED
ORD202401915,2024-06-26,,,P001,Espresso,Coffee,M,76.19,1,9.66,66.53,41.33,25.2,C0268,Saran Boonmee,ST006,Phuket Marina,EMP201,Ben,Cash,ORDERED
ORD202401916,2024-07-11,2024-07-13,2024-07-14,P202,Cheesecake,Bakery,-,86.43,1,6.01,80.42,46.2,34.22,C0436,Kanya Srikul,ST004,Khon Kaen Mall,EMP204,Eve,Cash,DELIVERED
ORD202401917,2025-03-20,2025-03-20,2025-03-23,P101,Green Tea,Tea,M,62.98,3,0.0,188.94,125.49,63.45,C0066,Saran Yodkaew,ST003,Chiang Mai One,EMP203,Dan,Credit Card,DELIVERED
ORD202401918,2024-06-08,2024-06-09,2024-06-09,P003,Latte,Coffee,M,83.28,3,0.0,249.84,137.53,112.31,C0500,Korn Yodkaew,ST003,Chiang Mai One,EMP204,Eve,Cash,DELIVERED
ORD202401919,2024-10-28,2024-10-28,2024-10-28,P202,Cheesecake,Bakery,-,80.07,3,0.0,240.21,163.13,77.08,C0025,Nicha Sriwong,ST005,Hatyai Center,EMP202,Cara,QR PromptPay,DELIVERED
ORD202401920,2024-08-12,,,P201,Croissant,Bakery,-,47.91,2,0.0,95.82,48.87,46.95,C0355,Anan Suwan,ST004,Khon Kaen Mall,EMP203,Dan,Mobile Wallet,ORDERED
ORD202401921,2024-11-23,2024-11-24,2024-11-24,P204,Bagel,Bakery,-,38.93,1,0.0,38.93,28.02,10.91,C0477,Saran Suwan,ST005,Hatyai Center,EMP201,Ben,Mobile Wallet,DELIVERED
ORD202401922,2024-12-12,2024-12-13,2024-12-17,P202,Cheesecake,Bakery,-,79.84,1,0.0,79.84,53.0,26.84,C0014,Kanya Chantarangsu,ST002,Silom Complex,EMP201,Ben,QR PromptPay,DELIVERED
ORD202401923,2025-03-15,2025-03-16,2025-03-19,P102,Black Tea,Tea,S,48.91,1,0.0,48.91,32.7,16.21,C0227,Anan Sukjai,ST006,Phuket Marina,EMP204,Eve,QR PromptPay,DELIVERED
ORD202401924,2024-07-26,,,P001,Espresso,Coffee,S,61.21,1,0.0,61.21,37.69,23.52,C0408,Thida Chantarangsu,ST002,Silom Complex,EMP205,Finn,QR PromptPay,ORDERED
ORD202401925,2024-04-12,,,P204,Bagel,Bakery,-,40.17,1,0.0,40.17,21.9,18.27,C0159,Preecha Sriwong,ST001,Central Plaza,EMP202,Cara,QR PromptPay,ORDERED
ORD202401926,2024-06-06,2024-06-07,2024-06-07,P003,Latte,Coffee,M,82.62,2,0.0,165.24,93.73,71.51,C0392,Wipa Boonmee,ST005,Hatyai Center,EMP204,Eve,Cash,DELIVERED
ORD202401927,2025-04-23,2025-04-24,2025-04-24,P202,Cheesecake,Bakery,-,77.05,1,0.0,77.05,40.31,36.74,C0405,Kanya Bussaba,ST004,Khon Kaen Mall,EMP205,Finn,Credit Card,DELIVERED
ORD202401928,2024-12-03,2024-12-05,2024-12-07,P003,Latte,Coffee,S,71.21,2,0.0,142.42,74.83,67.59,C0207,Thanakorn Boonmee,ST002,Silom Complex,EMP202,Cara,Cash,DELIVERED
ORD202401929,2025-02-01,2025-02-03,2025-02-03,P101,Green Tea,Tea,S,48.65,1,11.21,37.44,27.17,10.27,C0496,Napat Yodkaew,ST003,Chiang Mai One,EMP200,Ann,QR PromptPay,DELIVERED
ORD202401930,2024-01-05,2024-01-05,2024-01-06,P204,Bagel,Bakery,-,41.72,1,4.47,37.25,30.65,6.6,C0351,Anan Prasert,ST001,Central Plaza,EMP201,Ben,QR PromptPay,DELIVERED
ORD202401931,2025-03-07,2025-03-08,2025-03-09,P103,Thai Tea,Tea,M,63.21,3,0.0,189.63,102.96,86.67,C0375,Napat Boonmee,ST005,Hatyai Center,EMP201,Ben,Credit Card,DELIVERED
ORD202401932,2024-05-22,2024-05-24,,P005,Mocha,Coffee,L,114.32,3,46.5,296.46,191.61,104.85,C0430,Nicha Chantarangsu,ST004,Khon Kaen Mall,EMP200,Ann,QR PromptPay,SHIPPED
ORD202401933,2024-01-07,2024-01-07,2024-01-10,P201,Croissant,Bakery,-,43.79,1,2.08,41.71,22.74,18.97,C0161,Napat Boonmee,ST002,Silom Complex,EMP202,Cara,Mobile Wallet,DELIVERED
ORD202401934,2025-03-03,2025-03-03,2025-03-05,P001,Espresso,Coffee,S,59.29,1,0.0,59.29,41.14,18.15,C0026,Preecha Boonmee,ST005,Hatyai Center,EMP200,Ann,Credit Card,DELIVERED
ORD202401935,2024-04-12,2024-04-13,2024-04-14,P201,Croissant,Bakery,-,45.33,1,0.0,45.33,31.17,14.16,C0022,Preecha Thongchai,ST005,Hatyai Center,EMP202,Cara,QR PromptPay,DELIVERED
ORD202401936,2025-02-21,2025-02-22,,P103,Thai Tea,Tea,M,67.84,1,1.22,66.62,40.3,26.32,C0415,Suda Sukjai,ST002,Silom Complex,EMP201,Ben,Mobile Wallet,SHIPPED
ORD202401937,2024-01-29,2024-01-31,2024-02-01,P003,Latte,Coffee,S,67.48,1,0.0,67.48,45.07,22.41,C0184,Anan Thongchai,ST002,Silom Complex,EMP205,Finn,Credit Card,DELIVERED
ORD202401938,2025-06-11,2025-06-11,2025-06-14,P004,Cappuccino,Coffee,L,106.84,1,0.0,106.84,67.51,39.33,C0367,Suda Sriwong,ST006,Phuket Marina,EMP201,Ben,QR PromptPay,DELIVERED
ORD202401939,2025-05-26,2025-05-28,2025-06-01,P102,Black Tea,Tea,L,73.67,2,0.0,147.34,107.38,39.96,C0077,Suda Srikul,ST006,Phuket Marina,EMP200,Ann,QR PromptPay,DELIVERED
ORD202401940,2025-05-16,2025-05-16,2025-05-20,P103,Thai Tea,Tea,L,83.68,3,40.02,211.02,136.72,74.3,C0428,Thanakorn Chantarangsu,ST006,Phuket Marina,EMP201,Ben,Credit Card,DELIVERED
ORD202401941,2024-05-02,2024-05-04,2024-05-06,P201,Croissant,Bakery,-,42.82,1,0.31,42.51,28.37,14.14,C0439,Saran Sriwong,ST001,Central Plaza,EMP201,Ben,Credit Card,DELIVERED
ORD202401942,2024-03-08,2024-03-10,2024-03-10,P204,Bagel,Bakery,-,39.56,1,0.0,39.56,20.9,18.66,C0237,Kanya Suwan,ST003,Chiang Mai One,EMP203,Dan,Cash,DELIVERED
ORD202401943,2025-03-04,2025-03-06,2025-03-08,P003,Latte,Coffee,L,94.52,1,12.87,81.65,57.04,24.61,C0232,Preecha Suwan,ST001,Central Plaza,EMP204,Eve,Cash,DELIVERED
ORD202401944,2024-07-04,2024-07-06,2024-07-08,P001,Espresso,Coffee,M,70.84,1,0.0,70.84,38.31,32.53,C0192,Korn Srikul,ST003,Chiang Mai One,EMP203,Dan,QR PromptPay,DELIVERED
ORD202401945,2024-08-16,2024-08-18,2024-08-22,P201,Croissant,Bakery,-,45.78,2,19.15,72.41,61.6,10.81,C0017,Wipa Yodkaew,ST004,Khon Kaen Mall,EMP205,Finn,Credit Card,DELIVERED
ORD202401946,2024-11-24,2024-11-24,2024-11-27,P101,Green Tea,Tea,M,59.05,3,0.0,177.15,123.84,53.31,C0079,Wipa Yodkaew,ST006,Phuket Marina,EMP203,Dan,Mobile Wallet,DELIVERED
ORD202401947,2024-07-06,,,P102,Black Tea,Tea,L,67.82,1,14.29,53.53,47.11,6.42,C0074,Somchai Srikul,ST003,Chiang Mai One,EMP205,Finn,Credit Card,ORDERED
ORD202401948,2025-01-20,,,P203,Brownie,Bakery,-,49.35,1,9.04,0.0,0.0,-27.33,C0182,Chanida Chantarangsu,ST003,Chiang Mai One,EMP202,Cara,Credit Card,CANCELLED
ORD202401949,2024-05-02,2024-05-03,2024-05-04,P101,Green Tea,Tea,L,72.77,1,0.0,72.77,48.27,24.5,C0195,Suda Boonmee,ST003,Chiang Mai One,EMP201,Ben,QR PromptPay,DELIVERED
ORD202401950,2025-02-18,2025-02-20,2025-02-24,P101,Green Tea,Tea,S,53.95,1,0.0,53.95,28.11,25.84,C0320,Thida Bussaba,ST006,Phuket Marina,EMP201,Ben,Credit Card,DELIVERED
ORD202401951,2025-04-05,,,P001,Espresso,Coffee,S,58.62,2,0.0,0.0,0.0,-84.43,C0418,Suda Sriwong,ST004,Khon Kaen Mall,EMP204,Eve,Mobile Wallet,CANCELLED
ORD202401952,2025-02-28,2025-03-01,2025-03-01,P204,Bagel,Bakery,-,39.55,1,0.0,39.55,27.9,11.65,C0141,Thanakorn Suwan,ST001,Central Plaza,EMP202,Cara,Mobile Wallet,DELIVERED
ORD202401953,2024-08-14,2024-08-14,,P005,Mocha,Coffee,M,90.78,1,4.95,85.83,62.1,23.73,C0083,Kanya Chantarangsu,ST002,Silom Complex,EMP201,Ben,QR PromptPay,SHIPPED
ORD202401954,2024-11-10,2024-11-10,2024-11-13,P004,Cappuccino,Coffee,M,90.96,1,16.01,74.95,57.0,17.95,C0468,Kanya Bussaba,ST004,Khon Kaen Mall,EMP201,Ben,QR PromptPay,DELIVERED
ORD202401955,2024-04-22,2024-04-24,2024-04-26,P004,Cappuccino,Coffee,S,66.55,3,35.05,164.6,125.25,39.35,C0399,Korn Suwan,ST003,Chiang Mai One,EMP202,Cara,Cash,DELIVERED
ORD202401956,2024-02-26,2024-02-28,2024-02-29,P102,Black Tea,Tea,M,59.95,1,6.01,53.94,38.24,15.7,C0038,Nicha Suwan,ST004,Khon Kaen Mall,EMP202,Cara,Cash,DELIVERED
ORD202401957,2024-03-24,2024-03-26,2024-03-26,P004,Cappuccino,Coffee,M,88.19,1,0.0,88.19,44.35,43.84,C0160,Korn Sriwong,ST002,Silom Complex,EMP201,Ben,Mobile Wallet,DELIVERED
ORD202401958,2024-11-01,2024-11-02,2024-11-06,P002,Americano,Coffee,S,53.74,1,0.0,53.74,33.2,20.54,C0067,Wipa Yodkaew,ST004,Khon Kaen Mall,EMP200,Ann,QR PromptPay,DELIVERED
ORD202401959,2024-10-22,2024-10-22,2024-10-24,P201,Croissant,Bakery,-,44.71,1,0.0,44.71,29.78,14.93,C0336,Korn Prasert,ST001,Central Plaza,EMP202,Cara,Credit Card,DELIVERED
ORD202401960,2024-10-24,2024-10-24,2024-10-24,P202,Cheesecake,Bakery,-,77.0,1,0.0,77.0,53.09,23.91,C0239,Suda Sukjai,ST004,Khon Kaen Mall,EMP203,Dan,Mobile Wallet,DELIVERED
ORD202401961,2024-08-01,2024-08-02,2024-08-04,P201,Croissant,Bakery,-,43.3,2,0.0,86.6,51.46,35.14,C0411,Somchai Prasert,ST003,Chiang Mai One,EMP202,Cara,QR PromptPay,DELIVERED
ORD202401962,2024-08-11,2024-08-12,2024-08-13,P102,Black Tea,Tea,S,54.52,3,12.35,151.21,106.56,44.65,C0330,Somchai Srikul,ST003,Chiang Mai One,EMP200,Ann,Credit Card,DELIVERED
ORD202401963,2025-02-11,2025-02-11,,P204,Bagel,Bakery,-,40.04,3,0.0,120.12,70.58,49.54,C0340,Anan Bussaba,ST002,Silom Complex,EMP205,Finn,Cash,SHIPPED
ORD202401964,2024-01-25,2024-01-27,2024-01-31,P003,Latte,Coffee,S,70.19,1,0.0,70.19,43.23,26.96,C0087,Thida Sriwong,ST004,Khon Kaen Mall,EMP204,Eve,Cash,DELIVERED
ORD202401965,2025-01-22,2025-01-23,2025-01-24,P001,Espresso,Coffee,L,82.94,2,0.0,165.88,99.61,66.27,C0403,Preecha Sriwong,ST001,Central Plaza,EMP202,Cara,Mobile Wallet,DELIVERED
ORD202401966,2024-06-11,2024-06-13,2024-06-13,P001,Espresso,Coffee,S,61.22,1,2.73,58.49,39.85,18.64,C0146,Thida Srikul,ST004,Khon Kaen Mall,EMP203,Dan,Mobile Wallet,DELIVERED
ORD202401967,2025-03-11,2025-03-13,2025-03-17,P003,Latte,Coffee,S,67.13,1,0.0,67.13,42.03,25.1,C0029,Saran Boonmee,ST001,Central Plaza,EMP204,Eve,QR PromptPay,DELIVERED
ORD202401968,2025-02-14,2025-02-16,2025-02-20,P103,Thai Tea,Tea,M,70.45,3,0.0,211.35,139.08,72.27,C0118,Anan Sriwong,ST003,Chiang Mai One,EMP201,Ben,QR PromptPay,DELIVERED
ORD202401969,2025-06-04,2025-06-06,2025-06-09,P101,Green Tea,Tea,L,73.31,1,0.0,73.31,50.18,23.13,C0348,Wipa Srikul,ST001,Central Plaza,EMP204,Eve,QR PromptPay,DELIVERED
ORD202401970,2024-08-13,2024-08-15,2024-08-16,P202,Cheesecake,Bakery,-,78.45,1,0.0,78.45,51.6,26.85,C0385,Wipa Thongchai,ST004,Khon Kaen Mall,EMP200,Ann,Cash,DELIVERED
ORD202401971,2025-03-26,2025-03-26,2025-03-26,P203,Brownie,Bakery,-,52.63,2,3.33,101.93,71.12,30.81,C0276,Thida Thongchai,ST002,Silom Complex,EMP201,Ben,Cash,DELIVERED
ORD202401972,2025-03-01,2025-03-03,2025-03-04,P204,Bagel,Bakery,-,40.86,1,10.05,30.81,27.81,3.0,C0407,Nicha Srikul,ST006,Phuket Marina,EMP201,Ben,Cash,DELIVERED
ORD202401973,2025-03-01,2025-03-01,2025-03-01,P102,Black Tea,Tea,M,65.46,2,0.0,130.92,82.48,48.44,C0009,Anan Boonmee,ST005,Hatyai Center,EMP205,Finn,Mobile Wallet,DELIVERED
ORD202401974,2025-04-11,,,P004,Cappuccino,Coffee,M,84.02,2,0.0,168.04,124.04,44.0,C0464,Saran Thongchai,ST004,Khon Kaen Mall,EMP201,Ben,QR PromptPay,ORDERED
ORD202401975,2024-01-09,2024-01-10,2024-01-12,P005,Mocha,Coffee,M,94.5,1,18.59,75.91,59.67,16.24,C0433,Thida Prasert,ST002,Silom Complex,EMP200,Ann,Credit Card,DELIVERED
ORD202401976,2024-12-11,2024-12-11,2024-12-11,P204,Bagel,Bakery,-,39.94,1,4.15,35.79,28.91,6.88,C0494,Nicha Thongchai,ST002,Silom Complex,EMP205,Finn,Mobile Wallet,DELIVERED
ORD202401977,2024-07-12,2024-07-13,2024-07-13,P103,Thai Tea,Tea,M,66.93,1,12.73,54.2,35.2,19.0,C0193,Somchai Boonmee,ST001,Central Plaza,EMP205,Finn,Cash,DELIVERED
ORD202401978,2024-08-03,2024-08-03,2024-08-05,P004,Cappuccino,Coffee,M,82.32,1,0.0,82.32,60.68,21.64,C0065,Saran Prasert,ST004,Khon Kaen Mall,EMP201,Ben,QR PromptPay,DELIVERED
ORD202401979,2025-01-24,,,P202,Cheesecake,Bakery,-,82.69,1,0.0,0.0,0.0,-45.46,C0138,Kanya Suwan,ST006,Phuket Marina,EMP204,Eve,Mobile Wallet,CANCELLED
ORD202401980,2025-03-07,2025-03-07,2025-03-08,P103,Thai Tea,Tea,L,81.2,1,0.0,81.2,58.7,22.5,C0002,Nicha Suwan,ST006,Phuket Marina,EMP203,Dan,QR PromptPay,DELIVERED
ORD202401981,2024-01-20,2024-01-21,,P002,Americano,Coffee,M,68.71,1,3.12,65.59,35.97,29.62,C0174,Korn Bussaba,ST003,Chiang Mai One,EMP202,Cara,Cash,SHIPPED
ORD202401982,2025-06-18,,,P101,Green Tea,Tea,M,62.16,2,1.09,123.23,66.6,56.63,C0439,Saran Sriwong,ST004,Khon Kaen Mall,EMP201,Ben,Credit Card,ORDERED
ORD202401983,2025-02-10,2025-02-12,2025-02-14,P103,Thai Tea,Tea,S,56.07,2,4.09,108.05,74.03,34.02,C0213,Kanya Boonmee,ST005,Hatyai Center,EMP200,Ann,Mobile Wallet,DELIVERED
ORD202401984,2024-06-08,2024-06-09,2024-06-12,P003,Latte,Coffee,S,76.3,1,0.0,76.3,53.54,22.76,C0267,Chanida Srikul,ST005,Hatyai Center,EMP201,Ben,QR PromptPay,DELIVERED
ORD202401985,2024-10-21,2024-10-22,2024-10-25,P003,Latte,Coffee,L,104.46,3,0.0,313.38,213.01,100.37,C0433,Thida Prasert,ST006,Phuket Marina,EMP201,Ben,Mobile Wallet,DELIVERED
ORD202401986,2025-03-28,2025-03-28,2025-03-31,P201,Croissant,Bakery,-,45.33,1,1.76,43.57,26.58,16.99,C0465,Kanya Yodkaew,ST004,Khon Kaen Mall,EMP204,Eve,Credit Card,DELIVERED
ORD202401987,2024-12-24,2024-12-24,2024-12-26,P103,Thai Tea,Tea,S,54.16,3,0.0,162.48,87.43,75.05,C0064,Wipa Sriwong,ST003,Chiang Mai One,EMP200,Ann,QR PromptPay,DELIVERED
ORD202401988,2024-08-05,,,P005,Mocha,Coffee,L,111.3,1,8.21,0.0,0.0,-58.3,C0399,Korn Suwan,ST002,Silom Complex,EMP200,Ann,Credit Card,CANCELLED
ORD202401989,2024-02-22,2024-02-24,2024-02-27,P201,Croissant,Bakery,-,49.32,1,10.74,38.58,32.84,5.74,C0406,Somchai Chantarangsu,ST005,Hatyai Center,EMP200,Ann,Cash,DELIVERED
ORD202401990,2024-02-24,2024-02-25,2024-02-26,P004,Cappuccino,Coffee,M,91.58,2,39.39,143.77,127.33,16.44,C0498,Anan Prasert,ST002,Silom Complex,EMP200,Ann,QR PromptPay,DELIVERED
ORD202401991,2024-07-06,2024-07-06,,P003,Latte,Coffee,M,91.71,1,0.0,91.71,66.09,25.62,C0232,Preecha Suwan,ST002,Silom Complex,EMP205,Finn,Mobile Wallet,SHIPPED
ORD202401992,2025-01-14,2025-01-16,2025-01-19,P005,Mocha,Coffee,S,77.79,1,0.0,77.79,40.43,37.36,C0154,Thanakorn Yodkaew,ST003,Chiang Mai One,EMP202,Cara,QR PromptPay,DELIVERED
ORD202401993,2024-11-12,,,P005,Mocha,Coffee,M,90.09,1,0.0,90.09,47.99,42.1,C0113,Preecha Thongchai,ST005,Hatyai Center,EMP204,Eve,Credit Card,ORDERED
ORD202401994,2025-05-05,2025-05-05,2025-05-08,P202,Cheesecake,Bakery,-,87.14,2,0.0,174.28,97.33,76.95,C0306,Thida Suwan,ST001,Central Plaza,EMP201,Ben,Cash,DELIVERED
ORD202401995,2025-03-25,2025-03-27,2025-03-29,P005,Mocha,Coffee,L,112.62,1,0.0,112.62,68.36,44.26,C0279,Preecha Chantarangsu,ST005,Hatyai Center,EMP204,Eve,Credit Card,DELIVERED
ORD202401996,2024-10-31,2024-11-01,2024-11-02,P002,Americano,Coffee,S,53.14,1,8.01,45.13,28.36,16.77,C0170,Chanida Bussaba,ST001,Central Plaza,EMP201,Ben,Cash,DELIVERED
ORD202401997,2025-04-26,,,P003,Latte,Coffee,M,80.16,2,0.0,0.0,0.0,-82.25,C0440,Saran Prasert,ST005,Hatyai Center,EMP205,Finn,Mobile Wallet,CANCELLED
ORD202401998,2024-08-01,2024-08-03,2024-08-05,P101,Green Tea,Tea,M,61.22,1,0.0,61.22,32.14,29.08,C0135,Saran Yodkaew,ST002,Silom Complex,EMP203,Dan,Mobile Wallet,DELIVERED
ORD202401999,2024-12-27,2024-12-29,2024-12-30,P001,Espresso,Coffee,L,87.35,1,15.51,71.84,60.7,11.14,C0039,Napat Srikul,ST001,Central Plaza,EMP204,Eve,Credit Card,DELIVERED
ORD202402000,2025-04-25,2025-04-25,2025-04-28,P005,Mocha,Coffee,L,102.08,2,0.0,204.16,102.21,101.95,C0267,Chanida Srikul,ST005,Hatyai Center,EMP205,Finn,QR PromptPay,DELIVERED
